v 0 -0.20000000000000001 0.02
v 0 -0.10000000000000001 0.02
v 0 0 0.02
v 0 0.10000000000000003 0.02
v 0 0.20000000000000001 0.02
v 0.125 -0.20000000000000001 0.02
v 0.125 -0.10000000000000001 0.02
v 0.125 0 0.02
v 0.125 0.10000000000000003 0.02
v 0.125 0.20000000000000001 0.02
v 0.25 -0.20000000000000001 0.02
v 0.25 -0.10000000000000001 0.02
v 0.25 0 0.02
v 0.25 0.10000000000000003 0.02
v 0.25 0.20000000000000001 0.02
v 0.375 -0.20000000000000001 0.02
v 0.375 -0.10000000000000001 0.02
v 0.375 0 0.02
v 0.375 0.10000000000000003 0.02
v 0.375 0.20000000000000001 0.02
v 0.5 -0.20000000000000001 0.02
v 0.5 -0.10000000000000001 0.02
v 0.5 0 0.02
v 0.5 0.10000000000000003 0.02
v 0.5 0.20000000000000001 0.02
v 0.625 -0.20000000000000001 0.02
v 0.625 -0.10000000000000001 0.02
v 0.625 0 0.02
v 0.625 0.10000000000000003 0.02
v 0.625 0.20000000000000001 0.02
v 0.75 -0.20000000000000001 0.02
v 0.75 -0.10000000000000001 0.02
v 0.75 0 0.02
v 0.75 0.10000000000000003 0.02
v 0.75 0.20000000000000001 0.02
v 0.875 -0.20000000000000001 0.02
v 0.875 -0.10000000000000001 0.02
v 0.875 0 0.02
v 0.875 0.10000000000000003 0.02
v 0.875 0.20000000000000001 0.02
v 1 -0.20000000000000001 0.02
v 1 -0.10000000000000001 0.02
v 1 0 0.02
v 1 0.10000000000000003 0.02
v 1 0.20000000000000001 0.02
v 1.0019134171618254 -0.20000000000000001 0.020380602337443567
v 1.0019134171618254 -0.10000000000000001 0.020380602337443567
v 1.0019134171618254 0 0.020380602337443567
v 1.0019134171618254 0.10000000000000003 0.020380602337443567
v 1.0019134171618254 0.20000000000000001 0.020380602337443567
v 1.0035355339059326 -0.20000000000000001 0.021464466094067262
v 1.0035355339059326 -0.10000000000000001 0.021464466094067262
v 1.0035355339059326 0 0.021464466094067262
v 1.0035355339059326 0.10000000000000003 0.021464466094067262
v 1.0035355339059326 0.20000000000000001 0.021464466094067262
v 1.0046193976625564 -0.20000000000000001 0.023086582838174552
v 1.0046193976625564 -0.10000000000000001 0.023086582838174552
v 1.0046193976625564 0 0.023086582838174552
v 1.0046193976625564 0.10000000000000003 0.023086582838174552
v 1.0046193976625564 0.20000000000000001 0.023086582838174552
v 1.0049999999999999 -0.20000000000000001 0.025000000000000001
v 1.0049999999999999 -0.10000000000000001 0.025000000000000001
v 1.0049999999999999 0 0.025000000000000001
v 1.0049999999999999 0.10000000000000003 0.025000000000000001
v 1.0049999999999999 0.20000000000000001 0.025000000000000001
v 1.0046193976625564 -0.20000000000000001 0.026913417161825451
v 1.0046193976625564 -0.10000000000000001 0.026913417161825451
v 1.0046193976625564 0 0.026913417161825451
v 1.0046193976625564 0.10000000000000003 0.026913417161825451
v 1.0046193976625564 0.20000000000000001 0.026913417161825451
v 1.0035355339059326 -0.20000000000000001 0.02853553390593274
v 1.0035355339059326 -0.10000000000000001 0.02853553390593274
v 1.0035355339059326 0 0.02853553390593274
v 1.0035355339059326 0.10000000000000003 0.02853553390593274
v 1.0035355339059326 0.20000000000000001 0.02853553390593274
v 1.0019134171618254 -0.20000000000000001 0.029619397662556432
v 1.0019134171618254 -0.10000000000000001 0.029619397662556432
v 1.0019134171618254 0 0.029619397662556432
v 1.0019134171618254 0.10000000000000003 0.029619397662556432
v 1.0019134171618254 0.20000000000000001 0.029619397662556432
v 1 -0.20000000000000001 0.030000000000000002
v 1 -0.10000000000000001 0.030000000000000002
v 1 0 0.030000000000000002
v 1 0.10000000000000003 0.030000000000000002
v 1 0.20000000000000001 0.030000000000000002
v 0.875 -0.20000000000000001 0.030000000000000002
v 0.875 -0.10000000000000001 0.030000000000000002
v 0.875 0 0.030000000000000002
v 0.875 0.10000000000000003 0.030000000000000002
v 0.875 0.20000000000000001 0.030000000000000002
v 0.75 -0.20000000000000001 0.030000000000000002
v 0.75 -0.10000000000000001 0.030000000000000002
v 0.75 0 0.030000000000000002
v 0.75 0.10000000000000003 0.030000000000000002
v 0.75 0.20000000000000001 0.030000000000000002
v 0.625 -0.20000000000000001 0.030000000000000002
v 0.625 -0.10000000000000001 0.030000000000000002
v 0.625 0 0.030000000000000002
v 0.625 0.10000000000000003 0.030000000000000002
v 0.625 0.20000000000000001 0.030000000000000002
v 0.5 -0.20000000000000001 0.030000000000000002
v 0.5 -0.10000000000000001 0.030000000000000002
v 0.5 0 0.030000000000000002
v 0.5 0.10000000000000003 0.030000000000000002
v 0.5 0.20000000000000001 0.030000000000000002
v 0.375 -0.20000000000000001 0.030000000000000002
v 0.375 -0.10000000000000001 0.030000000000000002
v 0.375 0 0.030000000000000002
v 0.375 0.10000000000000003 0.030000000000000002
v 0.375 0.20000000000000001 0.030000000000000002
v 0.25 -0.20000000000000001 0.030000000000000002
v 0.25 -0.10000000000000001 0.030000000000000002
v 0.25 0 0.030000000000000002
v 0.25 0.10000000000000003 0.030000000000000002
v 0.25 0.20000000000000001 0.030000000000000002
v 0.125 -0.20000000000000001 0.030000000000000002
v 0.125 -0.10000000000000001 0.030000000000000002
v 0.125 0 0.030000000000000002
v 0.125 0.10000000000000003 0.030000000000000002
v 0.125 0.20000000000000001 0.030000000000000002
v 0 -0.20000000000000001 0.030000000000000002
v 0 -0.10000000000000001 0.030000000000000002
v 0 0 0.030000000000000002
v 0 0.10000000000000003 0.030000000000000002
v 0 0.20000000000000001 0.030000000000000002
v -0.017220754456429045 -0.20000000000000001 0.033425421036992101
v -0.017220754456429045 -0.10000000000000001 0.033425421036992101
v -0.017220754456429045 0 0.033425421036992101
v -0.017220754456429045 0.10000000000000003 0.033425421036992101
v -0.017220754456429045 0.20000000000000001 0.033425421036992101
v -0.031819805153394644 -0.20000000000000001 0.043180194846605374
v -0.031819805153394644 -0.10000000000000001 0.043180194846605374
v -0.031819805153394644 0 0.043180194846605374
v -0.031819805153394644 0.10000000000000003 0.043180194846605374
v -0.031819805153394644 0.20000000000000001 0.043180194846605374
v -0.04157457896300791 -0.20000000000000001 0.057779245543570973
v -0.04157457896300791 -0.10000000000000001 0.057779245543570973
v -0.04157457896300791 0 0.057779245543570973
v -0.04157457896300791 0.10000000000000003 0.057779245543570973
v -0.04157457896300791 0.20000000000000001 0.057779245543570973
v -0.044999999999999998 -0.20000000000000001 0.075000000000000011
v -0.044999999999999998 -0.10000000000000001 0.075000000000000011
v -0.044999999999999998 0 0.075000000000000011
v -0.044999999999999998 0.10000000000000003 0.075000000000000011
v -0.044999999999999998 0.20000000000000001 0.075000000000000011
v -0.04157457896300791 -0.20000000000000001 0.092220754456429049
v -0.04157457896300791 -0.10000000000000001 0.092220754456429049
v -0.04157457896300791 0 0.092220754456429049
v -0.04157457896300791 0.10000000000000003 0.092220754456429049
v -0.04157457896300791 0.20000000000000001 0.092220754456429049
v -0.031819805153394644 -0.20000000000000001 0.10681980515339465
v -0.031819805153394644 -0.10000000000000001 0.10681980515339465
v -0.031819805153394644 0 0.10681980515339465
v -0.031819805153394644 0.10000000000000003 0.10681980515339465
v -0.031819805153394644 0.20000000000000001 0.10681980515339465
v -0.017220754456429045 -0.20000000000000001 0.11657457896300792
v -0.017220754456429045 -0.10000000000000001 0.11657457896300792
v -0.017220754456429045 0 0.11657457896300792
v -0.017220754456429045 0.10000000000000003 0.11657457896300792
v -0.017220754456429045 0.20000000000000001 0.11657457896300792
v -2.7554552980815448e-18 -0.20000000000000001 0.12000000000000001
v -2.7554552980815448e-18 -0.10000000000000001 0.12000000000000001
v -2.7554552980815448e-18 0 0.12000000000000001
v -2.7554552980815448e-18 0.10000000000000003 0.12000000000000001
v -2.7554552980815448e-18 0.20000000000000001 0.12000000000000001
v 0.125 -0.20000000000000001 0.12000000000000001
v 0.125 -0.10000000000000001 0.12000000000000001
v 0.125 0 0.12000000000000001
v 0.125 0.10000000000000003 0.12000000000000001
v 0.125 0.20000000000000001 0.12000000000000001
v 0.25 -0.20000000000000001 0.12000000000000001
v 0.25 -0.10000000000000001 0.12000000000000001
v 0.25 0 0.12000000000000001
v 0.25 0.10000000000000003 0.12000000000000001
v 0.25 0.20000000000000001 0.12000000000000001
v 0.375 -0.20000000000000001 0.12000000000000001
v 0.375 -0.10000000000000001 0.12000000000000001
v 0.375 0 0.12000000000000001
v 0.375 0.10000000000000003 0.12000000000000001
v 0.375 0.20000000000000001 0.12000000000000001
v 0.5 -0.20000000000000001 0.12000000000000001
v 0.5 -0.10000000000000001 0.12000000000000001
v 0.5 0 0.12000000000000001
v 0.5 0.10000000000000003 0.12000000000000001
v 0.5 0.20000000000000001 0.12000000000000001
v 0.625 -0.20000000000000001 0.12000000000000001
v 0.625 -0.10000000000000001 0.12000000000000001
v 0.625 0 0.12000000000000001
v 0.625 0.10000000000000003 0.12000000000000001
v 0.625 0.20000000000000001 0.12000000000000001
v 0.75 -0.20000000000000001 0.12000000000000001
v 0.75 -0.10000000000000001 0.12000000000000001
v 0.75 0 0.12000000000000001
v 0.75 0.10000000000000003 0.12000000000000001
v 0.75 0.20000000000000001 0.12000000000000001
v 0.875 -0.20000000000000001 0.12000000000000001
v 0.875 -0.10000000000000001 0.12000000000000001
v 0.875 0 0.12000000000000001
v 0.875 0.10000000000000003 0.12000000000000001
v 0.875 0.20000000000000001 0.12000000000000001
v 1 -0.20000000000000001 0.12000000000000001
v 1 -0.10000000000000001 0.12000000000000001
v 1 0 0.12000000000000001
v 1 0.10000000000000003 0.12000000000000001
v 1 0.20000000000000001 0.12000000000000001
v 1.0019134171618254 -0.20000000000000001 0.12038060233744356
v 1.0019134171618254 -0.10000000000000001 0.12038060233744356
v 1.0019134171618254 0 0.12038060233744356
v 1.0019134171618254 0.10000000000000003 0.12038060233744356
v 1.0019134171618254 0.20000000000000001 0.12038060233744356
v 1.0035355339059326 -0.20000000000000001 0.12146446609406727
v 1.0035355339059326 -0.10000000000000001 0.12146446609406727
v 1.0035355339059326 0 0.12146446609406727
v 1.0035355339059326 0.10000000000000003 0.12146446609406727
v 1.0035355339059326 0.20000000000000001 0.12146446609406727
v 1.0046193976625564 -0.20000000000000001 0.12308658283817456
v 1.0046193976625564 -0.10000000000000001 0.12308658283817456
v 1.0046193976625564 0 0.12308658283817456
v 1.0046193976625564 0.10000000000000003 0.12308658283817456
v 1.0046193976625564 0.20000000000000001 0.12308658283817456
v 1.0049999999999999 -0.20000000000000001 0.125
v 1.0049999999999999 -0.10000000000000001 0.125
v 1.0049999999999999 0 0.125
v 1.0049999999999999 0.10000000000000003 0.125
v 1.0049999999999999 0.20000000000000001 0.125
v 1.0046193976625564 -0.20000000000000001 0.12691341716182544
v 1.0046193976625564 -0.10000000000000001 0.12691341716182544
v 1.0046193976625564 0 0.12691341716182544
v 1.0046193976625564 0.10000000000000003 0.12691341716182544
v 1.0046193976625564 0.20000000000000001 0.12691341716182544
v 1.0035355339059326 -0.20000000000000001 0.12853553390593273
v 1.0035355339059326 -0.10000000000000001 0.12853553390593273
v 1.0035355339059326 0 0.12853553390593273
v 1.0035355339059326 0.10000000000000003 0.12853553390593273
v 1.0035355339059326 0.20000000000000001 0.12853553390593273
v 1.0019134171618254 -0.20000000000000001 0.12961939766255642
v 1.0019134171618254 -0.10000000000000001 0.12961939766255642
v 1.0019134171618254 0 0.12961939766255642
v 1.0019134171618254 0.10000000000000003 0.12961939766255642
v 1.0019134171618254 0.20000000000000001 0.12961939766255642
v 1 -0.20000000000000001 0.13
v 1 -0.10000000000000001 0.13
v 1 0 0.13
v 1 0.10000000000000003 0.13
v 1 0.20000000000000001 0.13
v 0.875 -0.20000000000000001 0.13000000000000003
v 0.875 -0.10000000000000001 0.13000000000000003
v 0.875 0 0.13000000000000003
v 0.875 0.10000000000000003 0.13000000000000003
v 0.875 0.20000000000000001 0.13000000000000003
v 0.75 -0.20000000000000001 0.13000000000000003
v 0.75 -0.10000000000000001 0.13000000000000003
v 0.75 0 0.13000000000000003
v 0.75 0.10000000000000003 0.13000000000000003
v 0.75 0.20000000000000001 0.13000000000000003
v 0.625 -0.20000000000000001 0.13000000000000003
v 0.625 -0.10000000000000001 0.13000000000000003
v 0.625 0 0.13000000000000003
v 0.625 0.10000000000000003 0.13000000000000003
v 0.625 0.20000000000000001 0.13000000000000003
v 0.5 -0.20000000000000001 0.13000000000000003
v 0.5 -0.10000000000000001 0.13000000000000003
v 0.5 0 0.13000000000000003
v 0.5 0.10000000000000003 0.13000000000000003
v 0.5 0.20000000000000001 0.13000000000000003
v 0.375 -0.20000000000000001 0.13000000000000003
v 0.375 -0.10000000000000001 0.13000000000000003
v 0.375 0 0.13000000000000003
v 0.375 0.10000000000000003 0.13000000000000003
v 0.375 0.20000000000000001 0.13000000000000003
v 0.25 -0.20000000000000001 0.13000000000000003
v 0.25 -0.10000000000000001 0.13000000000000003
v 0.25 0 0.13000000000000003
v 0.25 0.10000000000000003 0.13000000000000003
v 0.25 0.20000000000000001 0.13000000000000003
v 0.125 -0.20000000000000001 0.13000000000000003
v 0.125 -0.10000000000000001 0.13000000000000003
v 0.125 0 0.13000000000000003
v 0.125 0.10000000000000003 0.13000000000000003
v 0.125 0.20000000000000001 0.13000000000000003
v 0 -0.20000000000000001 0.13000000000000003
v 0 -0.10000000000000001 0.13000000000000003
v 0 0 0.13000000000000003
v 0 0.10000000000000003 0.13000000000000003
v 0 0.20000000000000001 0.13000000000000003
v -0.017220754456429045 -0.20000000000000001 0.13342542103699212
v -0.017220754456429045 -0.10000000000000001 0.13342542103699212
v -0.017220754456429045 0 0.13342542103699212
v -0.017220754456429045 0.10000000000000003 0.13342542103699212
v -0.017220754456429045 0.20000000000000001 0.13342542103699212
v -0.031819805153394644 -0.20000000000000001 0.14318019484660538
v -0.031819805153394644 -0.10000000000000001 0.14318019484660538
v -0.031819805153394644 0 0.14318019484660538
v -0.031819805153394644 0.10000000000000003 0.14318019484660538
v -0.031819805153394644 0.20000000000000001 0.14318019484660538
v -0.04157457896300791 -0.20000000000000001 0.15777924554357098
v -0.04157457896300791 -0.10000000000000001 0.15777924554357098
v -0.04157457896300791 0 0.15777924554357098
v -0.04157457896300791 0.10000000000000003 0.15777924554357098
v -0.04157457896300791 0.20000000000000001 0.15777924554357098
v -0.044999999999999998 -0.20000000000000001 0.17500000000000002
v -0.044999999999999998 -0.10000000000000001 0.17500000000000002
v -0.044999999999999998 0 0.17500000000000002
v -0.044999999999999998 0.10000000000000003 0.17500000000000002
v -0.044999999999999998 0.20000000000000001 0.17500000000000002
v -0.04157457896300791 -0.20000000000000001 0.19222075445642905
v -0.04157457896300791 -0.10000000000000001 0.19222075445642905
v -0.04157457896300791 0 0.19222075445642905
v -0.04157457896300791 0.10000000000000003 0.19222075445642905
v -0.04157457896300791 0.20000000000000001 0.19222075445642905
v -0.031819805153394644 -0.20000000000000001 0.20681980515339465
v -0.031819805153394644 -0.10000000000000001 0.20681980515339465
v -0.031819805153394644 0 0.20681980515339465
v -0.031819805153394644 0.10000000000000003 0.20681980515339465
v -0.031819805153394644 0.20000000000000001 0.20681980515339465
v -0.017220754456429045 -0.20000000000000001 0.21657457896300791
v -0.017220754456429045 -0.10000000000000001 0.21657457896300791
v -0.017220754456429045 0 0.21657457896300791
v -0.017220754456429045 0.10000000000000003 0.21657457896300791
v -0.017220754456429045 0.20000000000000001 0.21657457896300791
v -2.7554552980815448e-18 -0.20000000000000001 0.22
v -2.7554552980815448e-18 -0.10000000000000001 0.22
v -2.7554552980815448e-18 0 0.22
v -2.7554552980815448e-18 0.10000000000000003 0.22
v -2.7554552980815448e-18 0.20000000000000001 0.22
v 0.125 -0.20000000000000001 0.22
v 0.125 -0.10000000000000001 0.22
v 0.125 0 0.22
v 0.125 0.10000000000000003 0.22
v 0.125 0.20000000000000001 0.22
v 0.25 -0.20000000000000001 0.22
v 0.25 -0.10000000000000001 0.22
v 0.25 0 0.22
v 0.25 0.10000000000000003 0.22
v 0.25 0.20000000000000001 0.22
v 0.375 -0.20000000000000001 0.22
v 0.375 -0.10000000000000001 0.22
v 0.375 0 0.22
v 0.375 0.10000000000000003 0.22
v 0.375 0.20000000000000001 0.22
v 0.5 -0.20000000000000001 0.22
v 0.5 -0.10000000000000001 0.22
v 0.5 0 0.22
v 0.5 0.10000000000000003 0.22
v 0.5 0.20000000000000001 0.22
v 0.625 -0.20000000000000001 0.22
v 0.625 -0.10000000000000001 0.22
v 0.625 0 0.22
v 0.625 0.10000000000000003 0.22
v 0.625 0.20000000000000001 0.22
v 0.75 -0.20000000000000001 0.22
v 0.75 -0.10000000000000001 0.22
v 0.75 0 0.22
v 0.75 0.10000000000000003 0.22
v 0.75 0.20000000000000001 0.22
v 0.875 -0.20000000000000001 0.22
v 0.875 -0.10000000000000001 0.22
v 0.875 0 0.22
v 0.875 0.10000000000000003 0.22
v 0.875 0.20000000000000001 0.22
v 1 -0.20000000000000001 0.22
v 1 -0.10000000000000001 0.22
v 1 0 0.22
v 1 0.10000000000000003 0.22
v 1 0.20000000000000001 0.22
v 1.0019134171618254 -0.20000000000000001 0.22038060233744355
v 1.0019134171618254 -0.10000000000000001 0.22038060233744355
v 1.0019134171618254 0 0.22038060233744355
v 1.0019134171618254 0.10000000000000003 0.22038060233744355
v 1.0019134171618254 0.20000000000000001 0.22038060233744355
v 1.0035355339059326 -0.20000000000000001 0.22146446609406728
v 1.0035355339059326 -0.10000000000000001 0.22146446609406728
v 1.0035355339059326 0 0.22146446609406728
v 1.0035355339059326 0.10000000000000003 0.22146446609406728
v 1.0035355339059326 0.20000000000000001 0.22146446609406728
v 1.0046193976625564 -0.20000000000000001 0.22308658283817456
v 1.0046193976625564 -0.10000000000000001 0.22308658283817456
v 1.0046193976625564 0 0.22308658283817456
v 1.0046193976625564 0.10000000000000003 0.22308658283817456
v 1.0046193976625564 0.20000000000000001 0.22308658283817456
v 1.0049999999999999 -0.20000000000000001 0.22500000000000001
v 1.0049999999999999 -0.10000000000000001 0.22500000000000001
v 1.0049999999999999 0 0.22500000000000001
v 1.0049999999999999 0.10000000000000003 0.22500000000000001
v 1.0049999999999999 0.20000000000000001 0.22500000000000001
v 1.0046193976625564 -0.20000000000000001 0.22691341716182545
v 1.0046193976625564 -0.10000000000000001 0.22691341716182545
v 1.0046193976625564 0 0.22691341716182545
v 1.0046193976625564 0.10000000000000003 0.22691341716182545
v 1.0046193976625564 0.20000000000000001 0.22691341716182545
v 1.0035355339059326 -0.20000000000000001 0.22853553390593273
v 1.0035355339059326 -0.10000000000000001 0.22853553390593273
v 1.0035355339059326 0 0.22853553390593273
v 1.0035355339059326 0.10000000000000003 0.22853553390593273
v 1.0035355339059326 0.20000000000000001 0.22853553390593273
v 1.0019134171618254 -0.20000000000000001 0.22961939766255646
v 1.0019134171618254 -0.10000000000000001 0.22961939766255646
v 1.0019134171618254 0 0.22961939766255646
v 1.0019134171618254 0.10000000000000003 0.22961939766255646
v 1.0019134171618254 0.20000000000000001 0.22961939766255646
v 1 -0.20000000000000001 0.23000000000000001
v 1 -0.10000000000000001 0.23000000000000001
v 1 0 0.23000000000000001
v 1 0.10000000000000003 0.23000000000000001
v 1 0.20000000000000001 0.23000000000000001
v 0.875 -0.20000000000000001 0.23000000000000001
v 0.875 -0.10000000000000001 0.23000000000000001
v 0.875 0 0.23000000000000001
v 0.875 0.10000000000000003 0.23000000000000001
v 0.875 0.20000000000000001 0.23000000000000001
v 0.75 -0.20000000000000001 0.23000000000000001
v 0.75 -0.10000000000000001 0.23000000000000001
v 0.75 0 0.23000000000000001
v 0.75 0.10000000000000003 0.23000000000000001
v 0.75 0.20000000000000001 0.23000000000000001
v 0.625 -0.20000000000000001 0.23000000000000001
v 0.625 -0.10000000000000001 0.23000000000000001
v 0.625 0 0.23000000000000001
v 0.625 0.10000000000000003 0.23000000000000001
v 0.625 0.20000000000000001 0.23000000000000001
v 0.5 -0.20000000000000001 0.23000000000000001
v 0.5 -0.10000000000000001 0.23000000000000001
v 0.5 0 0.23000000000000001
v 0.5 0.10000000000000003 0.23000000000000001
v 0.5 0.20000000000000001 0.23000000000000001
v 0.375 -0.20000000000000001 0.23000000000000001
v 0.375 -0.10000000000000001 0.23000000000000001
v 0.375 0 0.23000000000000001
v 0.375 0.10000000000000003 0.23000000000000001
v 0.375 0.20000000000000001 0.23000000000000001
v 0.25 -0.20000000000000001 0.23000000000000001
v 0.25 -0.10000000000000001 0.23000000000000001
v 0.25 0 0.23000000000000001
v 0.25 0.10000000000000003 0.23000000000000001
v 0.25 0.20000000000000001 0.23000000000000001
v 0.125 -0.20000000000000001 0.23000000000000001
v 0.125 -0.10000000000000001 0.23000000000000001
v 0.125 0 0.23000000000000001
v 0.125 0.10000000000000003 0.23000000000000001
v 0.125 0.20000000000000001 0.23000000000000001
v 0 -0.20000000000000001 0.23000000000000001
v 0 -0.10000000000000001 0.23000000000000001
v 0 0 0.23000000000000001
v 0 0.10000000000000003 0.23000000000000001
v 0 0.20000000000000001 0.23000000000000001
v -0.017220754456429045 -0.20000000000000001 0.2334254210369921
v -0.017220754456429045 -0.10000000000000001 0.2334254210369921
v -0.017220754456429045 0 0.2334254210369921
v -0.017220754456429045 0.10000000000000003 0.2334254210369921
v -0.017220754456429045 0.20000000000000001 0.2334254210369921
v -0.031819805153394644 -0.20000000000000001 0.24318019484660536
v -0.031819805153394644 -0.10000000000000001 0.24318019484660536
v -0.031819805153394644 0 0.24318019484660536
v -0.031819805153394644 0.10000000000000003 0.24318019484660536
v -0.031819805153394644 0.20000000000000001 0.24318019484660536
v -0.04157457896300791 -0.20000000000000001 0.25777924554357101
v -0.04157457896300791 -0.10000000000000001 0.25777924554357101
v -0.04157457896300791 0 0.25777924554357101
v -0.04157457896300791 0.10000000000000003 0.25777924554357101
v -0.04157457896300791 0.20000000000000001 0.25777924554357101
v -0.044999999999999998 -0.20000000000000001 0.27500000000000002
v -0.044999999999999998 -0.10000000000000001 0.27500000000000002
v -0.044999999999999998 0 0.27500000000000002
v -0.044999999999999998 0.10000000000000003 0.27500000000000002
v -0.044999999999999998 0.20000000000000001 0.27500000000000002
v -0.04157457896300791 -0.20000000000000001 0.29222075445642903
v -0.04157457896300791 -0.10000000000000001 0.29222075445642903
v -0.04157457896300791 0 0.29222075445642903
v -0.04157457896300791 0.10000000000000003 0.29222075445642903
v -0.04157457896300791 0.20000000000000001 0.29222075445642903
v -0.031819805153394644 -0.20000000000000001 0.30681980515339469
v -0.031819805153394644 -0.10000000000000001 0.30681980515339469
v -0.031819805153394644 0 0.30681980515339469
v -0.031819805153394644 0.10000000000000003 0.30681980515339469
v -0.031819805153394644 0.20000000000000001 0.30681980515339469
v -0.017220754456429045 -0.20000000000000001 0.31657457896300795
v -0.017220754456429045 -0.10000000000000001 0.31657457896300795
v -0.017220754456429045 0 0.31657457896300795
v -0.017220754456429045 0.10000000000000003 0.31657457896300795
v -0.017220754456429045 0.20000000000000001 0.31657457896300795
v -2.7554552980815448e-18 -0.20000000000000001 0.32000000000000006
v -2.7554552980815448e-18 -0.10000000000000001 0.32000000000000006
v -2.7554552980815448e-18 0 0.32000000000000006
v -2.7554552980815448e-18 0.10000000000000003 0.32000000000000006
v -2.7554552980815448e-18 0.20000000000000001 0.32000000000000006
v 0.125 -0.20000000000000001 0.32000000000000006
v 0.125 -0.10000000000000001 0.32000000000000006
v 0.125 0 0.32000000000000006
v 0.125 0.10000000000000003 0.32000000000000006
v 0.125 0.20000000000000001 0.32000000000000006
v 0.25 -0.20000000000000001 0.32000000000000006
v 0.25 -0.10000000000000001 0.32000000000000006
v 0.25 0 0.32000000000000006
v 0.25 0.10000000000000003 0.32000000000000006
v 0.25 0.20000000000000001 0.32000000000000006
v 0.375 -0.20000000000000001 0.32000000000000006
v 0.375 -0.10000000000000001 0.32000000000000006
v 0.375 0 0.32000000000000006
v 0.375 0.10000000000000003 0.32000000000000006
v 0.375 0.20000000000000001 0.32000000000000006
v 0.5 -0.20000000000000001 0.32000000000000006
v 0.5 -0.10000000000000001 0.32000000000000006
v 0.5 0 0.32000000000000006
v 0.5 0.10000000000000003 0.32000000000000006
v 0.5 0.20000000000000001 0.32000000000000006
v 0.625 -0.20000000000000001 0.32000000000000006
v 0.625 -0.10000000000000001 0.32000000000000006
v 0.625 0 0.32000000000000006
v 0.625 0.10000000000000003 0.32000000000000006
v 0.625 0.20000000000000001 0.32000000000000006
v 0.75 -0.20000000000000001 0.32000000000000006
v 0.75 -0.10000000000000001 0.32000000000000006
v 0.75 0 0.32000000000000006
v 0.75 0.10000000000000003 0.32000000000000006
v 0.75 0.20000000000000001 0.32000000000000006
v 0.875 -0.20000000000000001 0.32000000000000006
v 0.875 -0.10000000000000001 0.32000000000000006
v 0.875 0 0.32000000000000006
v 0.875 0.10000000000000003 0.32000000000000006
v 0.875 0.20000000000000001 0.32000000000000006
v 1 -0.20000000000000001 0.32000000000000006
v 1 -0.10000000000000001 0.32000000000000006
v 1 0 0.32000000000000006
v 1 0.10000000000000003 0.32000000000000006
v 1 0.20000000000000001 0.32000000000000006
v 1.0019134171618254 -0.20000000000000001 0.32038060233744364
v 1.0019134171618254 -0.10000000000000001 0.32038060233744364
v 1.0019134171618254 0 0.32038060233744364
v 1.0019134171618254 0.10000000000000003 0.32038060233744364
v 1.0019134171618254 0.20000000000000001 0.32038060233744364
v 1.0035355339059326 -0.20000000000000001 0.32146446609406731
v 1.0035355339059326 -0.10000000000000001 0.32146446609406731
v 1.0035355339059326 0 0.32146446609406731
v 1.0035355339059326 0.10000000000000003 0.32146446609406731
v 1.0035355339059326 0.20000000000000001 0.32146446609406731
v 1.0046193976625564 -0.20000000000000001 0.3230865828381746
v 1.0046193976625564 -0.10000000000000001 0.3230865828381746
v 1.0046193976625564 0 0.3230865828381746
v 1.0046193976625564 0.10000000000000003 0.3230865828381746
v 1.0046193976625564 0.20000000000000001 0.3230865828381746
v 1.0049999999999999 -0.20000000000000001 0.32500000000000007
v 1.0049999999999999 -0.10000000000000001 0.32500000000000007
v 1.0049999999999999 0 0.32500000000000007
v 1.0049999999999999 0.10000000000000003 0.32500000000000007
v 1.0049999999999999 0.20000000000000001 0.32500000000000007
v 1.0046193976625564 -0.20000000000000001 0.32691341716182554
v 1.0046193976625564 -0.10000000000000001 0.32691341716182554
v 1.0046193976625564 0 0.32691341716182554
v 1.0046193976625564 0.10000000000000003 0.32691341716182554
v 1.0046193976625564 0.20000000000000001 0.32691341716182554
v 1.0035355339059326 -0.20000000000000001 0.32853553390593282
v 1.0035355339059326 -0.10000000000000001 0.32853553390593282
v 1.0035355339059326 0 0.32853553390593282
v 1.0035355339059326 0.10000000000000003 0.32853553390593282
v 1.0035355339059326 0.20000000000000001 0.32853553390593282
v 1.0019134171618254 -0.20000000000000001 0.32961939766255649
v 1.0019134171618254 -0.10000000000000001 0.32961939766255649
v 1.0019134171618254 0 0.32961939766255649
v 1.0019134171618254 0.10000000000000003 0.32961939766255649
v 1.0019134171618254 0.20000000000000001 0.32961939766255649
v 1 -0.20000000000000001 0.33000000000000007
v 1 -0.10000000000000001 0.33000000000000007
v 1 0 0.33000000000000007
v 1 0.10000000000000003 0.33000000000000007
v 1 0.20000000000000001 0.33000000000000007
v 0.875 -0.20000000000000001 0.33000000000000002
v 0.875 -0.10000000000000001 0.33000000000000002
v 0.875 0 0.33000000000000002
v 0.875 0.10000000000000003 0.33000000000000002
v 0.875 0.20000000000000001 0.33000000000000002
v 0.75 -0.20000000000000001 0.33000000000000002
v 0.75 -0.10000000000000001 0.33000000000000002
v 0.75 0 0.33000000000000002
v 0.75 0.10000000000000003 0.33000000000000002
v 0.75 0.20000000000000001 0.33000000000000002
v 0.625 -0.20000000000000001 0.33000000000000002
v 0.625 -0.10000000000000001 0.33000000000000002
v 0.625 0 0.33000000000000002
v 0.625 0.10000000000000003 0.33000000000000002
v 0.625 0.20000000000000001 0.33000000000000002
v 0.5 -0.20000000000000001 0.33000000000000002
v 0.5 -0.10000000000000001 0.33000000000000002
v 0.5 0 0.33000000000000002
v 0.5 0.10000000000000003 0.33000000000000002
v 0.5 0.20000000000000001 0.33000000000000002
v 0.375 -0.20000000000000001 0.33000000000000002
v 0.375 -0.10000000000000001 0.33000000000000002
v 0.375 0 0.33000000000000002
v 0.375 0.10000000000000003 0.33000000000000002
v 0.375 0.20000000000000001 0.33000000000000002
v 0.25 -0.20000000000000001 0.33000000000000002
v 0.25 -0.10000000000000001 0.33000000000000002
v 0.25 0 0.33000000000000002
v 0.25 0.10000000000000003 0.33000000000000002
v 0.25 0.20000000000000001 0.33000000000000002
v 0.125 -0.20000000000000001 0.33000000000000002
v 0.125 -0.10000000000000001 0.33000000000000002
v 0.125 0 0.33000000000000002
v 0.125 0.10000000000000003 0.33000000000000002
v 0.125 0.20000000000000001 0.33000000000000002
v 0 -0.20000000000000001 0.33000000000000002
v 0 -0.10000000000000001 0.33000000000000002
v 0 0 0.33000000000000002
v 0 0.10000000000000003 0.33000000000000002
v 0 0.20000000000000001 0.33000000000000002
v -0.017220754456429045 -0.20000000000000001 0.33342542103699213
v -0.017220754456429045 -0.10000000000000001 0.33342542103699213
v -0.017220754456429045 0 0.33342542103699213
v -0.017220754456429045 0.10000000000000003 0.33342542103699213
v -0.017220754456429045 0.20000000000000001 0.33342542103699213
v -0.031819805153394644 -0.20000000000000001 0.34318019484660539
v -0.031819805153394644 -0.10000000000000001 0.34318019484660539
v -0.031819805153394644 0 0.34318019484660539
v -0.031819805153394644 0.10000000000000003 0.34318019484660539
v -0.031819805153394644 0.20000000000000001 0.34318019484660539
v -0.04157457896300791 -0.20000000000000001 0.35777924554357105
v -0.04157457896300791 -0.10000000000000001 0.35777924554357105
v -0.04157457896300791 0 0.35777924554357105
v -0.04157457896300791 0.10000000000000003 0.35777924554357105
v -0.04157457896300791 0.20000000000000001 0.35777924554357105
v -0.044999999999999998 -0.20000000000000001 0.37500000000000006
v -0.044999999999999998 -0.10000000000000001 0.37500000000000006
v -0.044999999999999998 0 0.37500000000000006
v -0.044999999999999998 0.10000000000000003 0.37500000000000006
v -0.044999999999999998 0.20000000000000001 0.37500000000000006
v -0.04157457896300791 -0.20000000000000001 0.39222075445642907
v -0.04157457896300791 -0.10000000000000001 0.39222075445642907
v -0.04157457896300791 0 0.39222075445642907
v -0.04157457896300791 0.10000000000000003 0.39222075445642907
v -0.04157457896300791 0.20000000000000001 0.39222075445642907
v -0.031819805153394644 -0.20000000000000001 0.40681980515339472
v -0.031819805153394644 -0.10000000000000001 0.40681980515339472
v -0.031819805153394644 0 0.40681980515339472
v -0.031819805153394644 0.10000000000000003 0.40681980515339472
v -0.031819805153394644 0.20000000000000001 0.40681980515339472
v -0.017220754456429045 -0.20000000000000001 0.41657457896300798
v -0.017220754456429045 -0.10000000000000001 0.41657457896300798
v -0.017220754456429045 0 0.41657457896300798
v -0.017220754456429045 0.10000000000000003 0.41657457896300798
v -0.017220754456429045 0.20000000000000001 0.41657457896300798
v -2.7554552980815448e-18 -0.20000000000000001 0.4200000000000001
v -2.7554552980815448e-18 -0.10000000000000001 0.4200000000000001
v -2.7554552980815448e-18 0 0.4200000000000001
v -2.7554552980815448e-18 0.10000000000000003 0.4200000000000001
v -2.7554552980815448e-18 0.20000000000000001 0.4200000000000001
v 0.125 -0.20000000000000001 0.42000000000000004
v 0.125 -0.10000000000000001 0.42000000000000004
v 0.125 0 0.42000000000000004
v 0.125 0.10000000000000003 0.42000000000000004
v 0.125 0.20000000000000001 0.42000000000000004
v 0.25 -0.20000000000000001 0.42000000000000004
v 0.25 -0.10000000000000001 0.42000000000000004
v 0.25 0 0.42000000000000004
v 0.25 0.10000000000000003 0.42000000000000004
v 0.25 0.20000000000000001 0.42000000000000004
v 0.375 -0.20000000000000001 0.42000000000000004
v 0.375 -0.10000000000000001 0.42000000000000004
v 0.375 0 0.42000000000000004
v 0.375 0.10000000000000003 0.42000000000000004
v 0.375 0.20000000000000001 0.42000000000000004
v 0.5 -0.20000000000000001 0.42000000000000004
v 0.5 -0.10000000000000001 0.42000000000000004
v 0.5 0 0.42000000000000004
v 0.5 0.10000000000000003 0.42000000000000004
v 0.5 0.20000000000000001 0.42000000000000004
v 0.625 -0.20000000000000001 0.42000000000000004
v 0.625 -0.10000000000000001 0.42000000000000004
v 0.625 0 0.42000000000000004
v 0.625 0.10000000000000003 0.42000000000000004
v 0.625 0.20000000000000001 0.42000000000000004
v 0.75 -0.20000000000000001 0.42000000000000004
v 0.75 -0.10000000000000001 0.42000000000000004
v 0.75 0 0.42000000000000004
v 0.75 0.10000000000000003 0.42000000000000004
v 0.75 0.20000000000000001 0.42000000000000004
v 0.875 -0.20000000000000001 0.42000000000000004
v 0.875 -0.10000000000000001 0.42000000000000004
v 0.875 0 0.42000000000000004
v 0.875 0.10000000000000003 0.42000000000000004
v 0.875 0.20000000000000001 0.42000000000000004
v 1 -0.20000000000000001 0.42000000000000004
v 1 -0.10000000000000001 0.42000000000000004
v 1 0 0.42000000000000004
v 1 0.10000000000000003 0.42000000000000004
v 1 0.20000000000000001 0.42000000000000004
v 1.0019134171618254 -0.20000000000000001 0.42038060233744362
v 1.0019134171618254 -0.10000000000000001 0.42038060233744362
v 1.0019134171618254 0 0.42038060233744362
v 1.0019134171618254 0.10000000000000003 0.42038060233744362
v 1.0019134171618254 0.20000000000000001 0.42038060233744362
v 1.0035355339059326 -0.20000000000000001 0.42146446609406729
v 1.0035355339059326 -0.10000000000000001 0.42146446609406729
v 1.0035355339059326 0 0.42146446609406729
v 1.0035355339059326 0.10000000000000003 0.42146446609406729
v 1.0035355339059326 0.20000000000000001 0.42146446609406729
v 1.0046193976625564 -0.20000000000000001 0.42308658283817457
v 1.0046193976625564 -0.10000000000000001 0.42308658283817457
v 1.0046193976625564 0 0.42308658283817457
v 1.0046193976625564 0.10000000000000003 0.42308658283817457
v 1.0046193976625564 0.20000000000000001 0.42308658283817457
v 1.0049999999999999 -0.20000000000000001 0.42500000000000004
v 1.0049999999999999 -0.10000000000000001 0.42500000000000004
v 1.0049999999999999 0 0.42500000000000004
v 1.0049999999999999 0.10000000000000003 0.42500000000000004
v 1.0049999999999999 0.20000000000000001 0.42500000000000004
v 1.0046193976625564 -0.20000000000000001 0.42691341716182551
v 1.0046193976625564 -0.10000000000000001 0.42691341716182551
v 1.0046193976625564 0 0.42691341716182551
v 1.0046193976625564 0.10000000000000003 0.42691341716182551
v 1.0046193976625564 0.20000000000000001 0.42691341716182551
v 1.0035355339059326 -0.20000000000000001 0.4285355339059328
v 1.0035355339059326 -0.10000000000000001 0.4285355339059328
v 1.0035355339059326 0 0.4285355339059328
v 1.0035355339059326 0.10000000000000003 0.4285355339059328
v 1.0035355339059326 0.20000000000000001 0.4285355339059328
v 1.0019134171618254 -0.20000000000000001 0.42961939766255647
v 1.0019134171618254 -0.10000000000000001 0.42961939766255647
v 1.0019134171618254 0 0.42961939766255647
v 1.0019134171618254 0.10000000000000003 0.42961939766255647
v 1.0019134171618254 0.20000000000000001 0.42961939766255647
v 1 -0.20000000000000001 0.43000000000000005
v 1 -0.10000000000000001 0.43000000000000005
v 1 0 0.43000000000000005
v 1 0.10000000000000003 0.43000000000000005
v 1 0.20000000000000001 0.43000000000000005
v 0.875 -0.20000000000000001 0.42999999999999999
v 0.875 -0.10000000000000001 0.42999999999999999
v 0.875 0 0.42999999999999999
v 0.875 0.10000000000000003 0.42999999999999999
v 0.875 0.20000000000000001 0.42999999999999999
v 0.75 -0.20000000000000001 0.42999999999999999
v 0.75 -0.10000000000000001 0.42999999999999999
v 0.75 0 0.42999999999999999
v 0.75 0.10000000000000003 0.42999999999999999
v 0.75 0.20000000000000001 0.42999999999999999
v 0.625 -0.20000000000000001 0.42999999999999999
v 0.625 -0.10000000000000001 0.42999999999999999
v 0.625 0 0.42999999999999999
v 0.625 0.10000000000000003 0.42999999999999999
v 0.625 0.20000000000000001 0.42999999999999999
v 0.5 -0.20000000000000001 0.42999999999999999
v 0.5 -0.10000000000000001 0.42999999999999999
v 0.5 0 0.42999999999999999
v 0.5 0.10000000000000003 0.42999999999999999
v 0.5 0.20000000000000001 0.42999999999999999
v 0.375 -0.20000000000000001 0.42999999999999999
v 0.375 -0.10000000000000001 0.42999999999999999
v 0.375 0 0.42999999999999999
v 0.375 0.10000000000000003 0.42999999999999999
v 0.375 0.20000000000000001 0.42999999999999999
v 0.25 -0.20000000000000001 0.42999999999999999
v 0.25 -0.10000000000000001 0.42999999999999999
v 0.25 0 0.42999999999999999
v 0.25 0.10000000000000003 0.42999999999999999
v 0.25 0.20000000000000001 0.42999999999999999
v 0.125 -0.20000000000000001 0.42999999999999999
v 0.125 -0.10000000000000001 0.42999999999999999
v 0.125 0 0.42999999999999999
v 0.125 0.10000000000000003 0.42999999999999999
v 0.125 0.20000000000000001 0.42999999999999999
v 0 -0.20000000000000001 0.42999999999999999
v 0 -0.10000000000000001 0.42999999999999999
v 0 0 0.42999999999999999
v 0 0.10000000000000003 0.42999999999999999
v 0 0.20000000000000001 0.42999999999999999
v -0.017220754456429045 -0.20000000000000001 0.43342542103699211
v -0.017220754456429045 -0.10000000000000001 0.43342542103699211
v -0.017220754456429045 0 0.43342542103699211
v -0.017220754456429045 0.10000000000000003 0.43342542103699211
v -0.017220754456429045 0.20000000000000001 0.43342542103699211
v -0.031819805153394644 -0.20000000000000001 0.44318019484660537
v -0.031819805153394644 -0.10000000000000001 0.44318019484660537
v -0.031819805153394644 0 0.44318019484660537
v -0.031819805153394644 0.10000000000000003 0.44318019484660537
v -0.031819805153394644 0.20000000000000001 0.44318019484660537
v -0.04157457896300791 -0.20000000000000001 0.45777924554357102
v -0.04157457896300791 -0.10000000000000001 0.45777924554357102
v -0.04157457896300791 0 0.45777924554357102
v -0.04157457896300791 0.10000000000000003 0.45777924554357102
v -0.04157457896300791 0.20000000000000001 0.45777924554357102
v -0.044999999999999998 -0.20000000000000001 0.47500000000000003
v -0.044999999999999998 -0.10000000000000001 0.47500000000000003
v -0.044999999999999998 0 0.47500000000000003
v -0.044999999999999998 0.10000000000000003 0.47500000000000003
v -0.044999999999999998 0.20000000000000001 0.47500000000000003
v -0.04157457896300791 -0.20000000000000001 0.49222075445642904
v -0.04157457896300791 -0.10000000000000001 0.49222075445642904
v -0.04157457896300791 0 0.49222075445642904
v -0.04157457896300791 0.10000000000000003 0.49222075445642904
v -0.04157457896300791 0.20000000000000001 0.49222075445642904
v -0.031819805153394644 -0.20000000000000001 0.50681980515339464
v -0.031819805153394644 -0.10000000000000001 0.50681980515339464
v -0.031819805153394644 0 0.50681980515339464
v -0.031819805153394644 0.10000000000000003 0.50681980515339464
v -0.031819805153394644 0.20000000000000001 0.50681980515339464
v -0.017220754456429045 -0.20000000000000001 0.51657457896300796
v -0.017220754456429045 -0.10000000000000001 0.51657457896300796
v -0.017220754456429045 0 0.51657457896300796
v -0.017220754456429045 0.10000000000000003 0.51657457896300796
v -0.017220754456429045 0.20000000000000001 0.51657457896300796
v -2.7554552980815448e-18 -0.20000000000000001 0.52000000000000002
v -2.7554552980815448e-18 -0.10000000000000001 0.52000000000000002
v -2.7554552980815448e-18 0 0.52000000000000002
v -2.7554552980815448e-18 0.10000000000000003 0.52000000000000002
v -2.7554552980815448e-18 0.20000000000000001 0.52000000000000002
v 0.125 -0.20000000000000001 0.52000000000000002
v 0.125 -0.10000000000000001 0.52000000000000002
v 0.125 0 0.52000000000000002
v 0.125 0.10000000000000003 0.52000000000000002
v 0.125 0.20000000000000001 0.52000000000000002
v 0.25 -0.20000000000000001 0.52000000000000002
v 0.25 -0.10000000000000001 0.52000000000000002
v 0.25 0 0.52000000000000002
v 0.25 0.10000000000000003 0.52000000000000002
v 0.25 0.20000000000000001 0.52000000000000002
v 0.375 -0.20000000000000001 0.52000000000000002
v 0.375 -0.10000000000000001 0.52000000000000002
v 0.375 0 0.52000000000000002
v 0.375 0.10000000000000003 0.52000000000000002
v 0.375 0.20000000000000001 0.52000000000000002
v 0.5 -0.20000000000000001 0.52000000000000002
v 0.5 -0.10000000000000001 0.52000000000000002
v 0.5 0 0.52000000000000002
v 0.5 0.10000000000000003 0.52000000000000002
v 0.5 0.20000000000000001 0.52000000000000002
v 0.625 -0.20000000000000001 0.52000000000000002
v 0.625 -0.10000000000000001 0.52000000000000002
v 0.625 0 0.52000000000000002
v 0.625 0.10000000000000003 0.52000000000000002
v 0.625 0.20000000000000001 0.52000000000000002
v 0.75 -0.20000000000000001 0.52000000000000002
v 0.75 -0.10000000000000001 0.52000000000000002
v 0.75 0 0.52000000000000002
v 0.75 0.10000000000000003 0.52000000000000002
v 0.75 0.20000000000000001 0.52000000000000002
v 0.875 -0.20000000000000001 0.52000000000000002
v 0.875 -0.10000000000000001 0.52000000000000002
v 0.875 0 0.52000000000000002
v 0.875 0.10000000000000003 0.52000000000000002
v 0.875 0.20000000000000001 0.52000000000000002
v 1 -0.20000000000000001 0.52000000000000002
v 1 -0.10000000000000001 0.52000000000000002
v 1 0 0.52000000000000002
v 1 0.10000000000000003 0.52000000000000002
v 1 0.20000000000000001 0.52000000000000002
v 1.0019134171618254 -0.20000000000000001 0.52038060233744354
v 1.0019134171618254 -0.10000000000000001 0.52038060233744354
v 1.0019134171618254 0 0.52038060233744354
v 1.0019134171618254 0.10000000000000003 0.52038060233744354
v 1.0019134171618254 0.20000000000000001 0.52038060233744354
v 1.0035355339059326 -0.20000000000000001 0.52146446609406727
v 1.0035355339059326 -0.10000000000000001 0.52146446609406727
v 1.0035355339059326 0 0.52146446609406727
v 1.0035355339059326 0.10000000000000003 0.52146446609406727
v 1.0035355339059326 0.20000000000000001 0.52146446609406727
v 1.0046193976625564 -0.20000000000000001 0.52308658283817455
v 1.0046193976625564 -0.10000000000000001 0.52308658283817455
v 1.0046193976625564 0 0.52308658283817455
v 1.0046193976625564 0.10000000000000003 0.52308658283817455
v 1.0046193976625564 0.20000000000000001 0.52308658283817455
v 1.0049999999999999 -0.20000000000000001 0.52500000000000002
v 1.0049999999999999 -0.10000000000000001 0.52500000000000002
v 1.0049999999999999 0 0.52500000000000002
v 1.0049999999999999 0.10000000000000003 0.52500000000000002
v 1.0049999999999999 0.20000000000000001 0.52500000000000002
v 1.0046193976625564 -0.20000000000000001 0.52691341716182549
v 1.0046193976625564 -0.10000000000000001 0.52691341716182549
v 1.0046193976625564 0 0.52691341716182549
v 1.0046193976625564 0.10000000000000003 0.52691341716182549
v 1.0046193976625564 0.20000000000000001 0.52691341716182549
v 1.0035355339059326 -0.20000000000000001 0.52853553390593278
v 1.0035355339059326 -0.10000000000000001 0.52853553390593278
v 1.0035355339059326 0 0.52853553390593278
v 1.0035355339059326 0.10000000000000003 0.52853553390593278
v 1.0035355339059326 0.20000000000000001 0.52853553390593278
v 1.0019134171618254 -0.20000000000000001 0.5296193976625565
v 1.0019134171618254 -0.10000000000000001 0.5296193976625565
v 1.0019134171618254 0 0.5296193976625565
v 1.0019134171618254 0.10000000000000003 0.5296193976625565
v 1.0019134171618254 0.20000000000000001 0.5296193976625565
v 1 -0.20000000000000001 0.53000000000000003
v 1 -0.10000000000000001 0.53000000000000003
v 1 0 0.53000000000000003
v 1 0.10000000000000003 0.53000000000000003
v 1 0.20000000000000001 0.53000000000000003
v 0.875 -0.20000000000000001 0.53000000000000003
v 0.875 -0.10000000000000001 0.53000000000000003
v 0.875 0 0.53000000000000003
v 0.875 0.10000000000000003 0.53000000000000003
v 0.875 0.20000000000000001 0.53000000000000003
v 0.75 -0.20000000000000001 0.53000000000000003
v 0.75 -0.10000000000000001 0.53000000000000003
v 0.75 0 0.53000000000000003
v 0.75 0.10000000000000003 0.53000000000000003
v 0.75 0.20000000000000001 0.53000000000000003
v 0.625 -0.20000000000000001 0.53000000000000003
v 0.625 -0.10000000000000001 0.53000000000000003
v 0.625 0 0.53000000000000003
v 0.625 0.10000000000000003 0.53000000000000003
v 0.625 0.20000000000000001 0.53000000000000003
v 0.5 -0.20000000000000001 0.53000000000000003
v 0.5 -0.10000000000000001 0.53000000000000003
v 0.5 0 0.53000000000000003
v 0.5 0.10000000000000003 0.53000000000000003
v 0.5 0.20000000000000001 0.53000000000000003
v 0.375 -0.20000000000000001 0.53000000000000003
v 0.375 -0.10000000000000001 0.53000000000000003
v 0.375 0 0.53000000000000003
v 0.375 0.10000000000000003 0.53000000000000003
v 0.375 0.20000000000000001 0.53000000000000003
v 0.25 -0.20000000000000001 0.53000000000000003
v 0.25 -0.10000000000000001 0.53000000000000003
v 0.25 0 0.53000000000000003
v 0.25 0.10000000000000003 0.53000000000000003
v 0.25 0.20000000000000001 0.53000000000000003
v 0.125 -0.20000000000000001 0.53000000000000003
v 0.125 -0.10000000000000001 0.53000000000000003
v 0.125 0 0.53000000000000003
v 0.125 0.10000000000000003 0.53000000000000003
v 0.125 0.20000000000000001 0.53000000000000003
v 0 -0.20000000000000001 0.53000000000000003
v 0 -0.10000000000000001 0.53000000000000003
v 0 0 0.53000000000000003
v 0 0.10000000000000003 0.53000000000000003
v 0 0.20000000000000001 0.53000000000000003
v -0.017220754456429045 -0.20000000000000001 0.5334254210369922
v -0.017220754456429045 -0.10000000000000001 0.5334254210369922
v -0.017220754456429045 0 0.5334254210369922
v -0.017220754456429045 0.10000000000000003 0.5334254210369922
v -0.017220754456429045 0.20000000000000001 0.5334254210369922
v -0.031819805153394644 -0.20000000000000001 0.54318019484660551
v -0.031819805153394644 -0.10000000000000001 0.54318019484660551
v -0.031819805153394644 0 0.54318019484660551
v -0.031819805153394644 0.10000000000000003 0.54318019484660551
v -0.031819805153394644 0.20000000000000001 0.54318019484660551
v -0.04157457896300791 -0.20000000000000001 0.55777924554357106
v -0.04157457896300791 -0.10000000000000001 0.55777924554357106
v -0.04157457896300791 0 0.55777924554357106
v -0.04157457896300791 0.10000000000000003 0.55777924554357106
v -0.04157457896300791 0.20000000000000001 0.55777924554357106
v -0.044999999999999998 -0.20000000000000001 0.57500000000000007
v -0.044999999999999998 -0.10000000000000001 0.57500000000000007
v -0.044999999999999998 0 0.57500000000000007
v -0.044999999999999998 0.10000000000000003 0.57500000000000007
v -0.044999999999999998 0.20000000000000001 0.57500000000000007
v -0.04157457896300791 -0.20000000000000001 0.59222075445642908
v -0.04157457896300791 -0.10000000000000001 0.59222075445642908
v -0.04157457896300791 0 0.59222075445642908
v -0.04157457896300791 0.10000000000000003 0.59222075445642908
v -0.04157457896300791 0.20000000000000001 0.59222075445642908
v -0.031819805153394644 -0.20000000000000001 0.60681980515339462
v -0.031819805153394644 -0.10000000000000001 0.60681980515339462
v -0.031819805153394644 0 0.60681980515339462
v -0.031819805153394644 0.10000000000000003 0.60681980515339462
v -0.031819805153394644 0.20000000000000001 0.60681980515339462
v -0.017220754456429045 -0.20000000000000001 0.61657457896300794
v -0.017220754456429045 -0.10000000000000001 0.61657457896300794
v -0.017220754456429045 0 0.61657457896300794
v -0.017220754456429045 0.10000000000000003 0.61657457896300794
v -0.017220754456429045 0.20000000000000001 0.61657457896300794
v -2.7554552980815448e-18 -0.20000000000000001 0.62000000000000011
v -2.7554552980815448e-18 -0.10000000000000001 0.62000000000000011
v -2.7554552980815448e-18 0 0.62000000000000011
v -2.7554552980815448e-18 0.10000000000000003 0.62000000000000011
v -2.7554552980815448e-18 0.20000000000000001 0.62000000000000011
v 0.125 -0.20000000000000001 0.62000000000000011
v 0.125 -0.10000000000000001 0.62000000000000011
v 0.125 0 0.62000000000000011
v 0.125 0.10000000000000003 0.62000000000000011
v 0.125 0.20000000000000001 0.62000000000000011
v 0.25 -0.20000000000000001 0.62000000000000011
v 0.25 -0.10000000000000001 0.62000000000000011
v 0.25 0 0.62000000000000011
v 0.25 0.10000000000000003 0.62000000000000011
v 0.25 0.20000000000000001 0.62000000000000011
v 0.375 -0.20000000000000001 0.62000000000000011
v 0.375 -0.10000000000000001 0.62000000000000011
v 0.375 0 0.62000000000000011
v 0.375 0.10000000000000003 0.62000000000000011
v 0.375 0.20000000000000001 0.62000000000000011
v 0.5 -0.20000000000000001 0.62000000000000011
v 0.5 -0.10000000000000001 0.62000000000000011
v 0.5 0 0.62000000000000011
v 0.5 0.10000000000000003 0.62000000000000011
v 0.5 0.20000000000000001 0.62000000000000011
v 0.625 -0.20000000000000001 0.62000000000000011
v 0.625 -0.10000000000000001 0.62000000000000011
v 0.625 0 0.62000000000000011
v 0.625 0.10000000000000003 0.62000000000000011
v 0.625 0.20000000000000001 0.62000000000000011
v 0.75 -0.20000000000000001 0.62000000000000011
v 0.75 -0.10000000000000001 0.62000000000000011
v 0.75 0 0.62000000000000011
v 0.75 0.10000000000000003 0.62000000000000011
v 0.75 0.20000000000000001 0.62000000000000011
v 0.875 -0.20000000000000001 0.62000000000000011
v 0.875 -0.10000000000000001 0.62000000000000011
v 0.875 0 0.62000000000000011
v 0.875 0.10000000000000003 0.62000000000000011
v 0.875 0.20000000000000001 0.62000000000000011
v 1 -0.20000000000000001 0.62000000000000011
v 1 -0.10000000000000001 0.62000000000000011
v 1 0 0.62000000000000011
v 1 0.10000000000000003 0.62000000000000011
v 1 0.20000000000000001 0.62000000000000011
v 1.0019134171618254 -0.20000000000000001 0.62038060233744363
v 1.0019134171618254 -0.10000000000000001 0.62038060233744363
v 1.0019134171618254 0 0.62038060233744363
v 1.0019134171618254 0.10000000000000003 0.62038060233744363
v 1.0019134171618254 0.20000000000000001 0.62038060233744363
v 1.0035355339059326 -0.20000000000000001 0.62146446609406736
v 1.0035355339059326 -0.10000000000000001 0.62146446609406736
v 1.0035355339059326 0 0.62146446609406736
v 1.0035355339059326 0.10000000000000003 0.62146446609406736
v 1.0035355339059326 0.20000000000000001 0.62146446609406736
v 1.0046193976625564 -0.20000000000000001 0.62308658283817464
v 1.0046193976625564 -0.10000000000000001 0.62308658283817464
v 1.0046193976625564 0 0.62308658283817464
v 1.0046193976625564 0.10000000000000003 0.62308658283817464
v 1.0046193976625564 0.20000000000000001 0.62308658283817464
v 1.0049999999999999 -0.20000000000000001 0.62500000000000011
v 1.0049999999999999 -0.10000000000000001 0.62500000000000011
v 1.0049999999999999 0 0.62500000000000011
v 1.0049999999999999 0.10000000000000003 0.62500000000000011
v 1.0049999999999999 0.20000000000000001 0.62500000000000011
v 1.0046193976625564 -0.20000000000000001 0.62691341716182558
v 1.0046193976625564 -0.10000000000000001 0.62691341716182558
v 1.0046193976625564 0 0.62691341716182558
v 1.0046193976625564 0.10000000000000003 0.62691341716182558
v 1.0046193976625564 0.20000000000000001 0.62691341716182558
v 1.0035355339059326 -0.20000000000000001 0.62853553390593286
v 1.0035355339059326 -0.10000000000000001 0.62853553390593286
v 1.0035355339059326 0 0.62853553390593286
v 1.0035355339059326 0.10000000000000003 0.62853553390593286
v 1.0035355339059326 0.20000000000000001 0.62853553390593286
v 1.0019134171618254 -0.20000000000000001 0.62961939766255659
v 1.0019134171618254 -0.10000000000000001 0.62961939766255659
v 1.0019134171618254 0 0.62961939766255659
v 1.0019134171618254 0.10000000000000003 0.62961939766255659
v 1.0019134171618254 0.20000000000000001 0.62961939766255659
v 1 -0.20000000000000001 0.63000000000000012
v 1 -0.10000000000000001 0.63000000000000012
v 1 0 0.63000000000000012
v 1 0.10000000000000003 0.63000000000000012
v 1 0.20000000000000001 0.63000000000000012
v 0.875 -0.20000000000000001 0.63
v 0.875 -0.10000000000000001 0.63
v 0.875 0 0.63
v 0.875 0.10000000000000003 0.63
v 0.875 0.20000000000000001 0.63
v 0.75 -0.20000000000000001 0.63
v 0.75 -0.10000000000000001 0.63
v 0.75 0 0.63
v 0.75 0.10000000000000003 0.63
v 0.75 0.20000000000000001 0.63
v 0.625 -0.20000000000000001 0.63
v 0.625 -0.10000000000000001 0.63
v 0.625 0 0.63
v 0.625 0.10000000000000003 0.63
v 0.625 0.20000000000000001 0.63
v 0.5 -0.20000000000000001 0.63
v 0.5 -0.10000000000000001 0.63
v 0.5 0 0.63
v 0.5 0.10000000000000003 0.63
v 0.5 0.20000000000000001 0.63
v 0.375 -0.20000000000000001 0.63
v 0.375 -0.10000000000000001 0.63
v 0.375 0 0.63
v 0.375 0.10000000000000003 0.63
v 0.375 0.20000000000000001 0.63
v 0.25 -0.20000000000000001 0.63
v 0.25 -0.10000000000000001 0.63
v 0.25 0 0.63
v 0.25 0.10000000000000003 0.63
v 0.25 0.20000000000000001 0.63
v 0.125 -0.20000000000000001 0.63
v 0.125 -0.10000000000000001 0.63
v 0.125 0 0.63
v 0.125 0.10000000000000003 0.63
v 0.125 0.20000000000000001 0.63
v 0 -0.20000000000000001 0.63
v 0 -0.10000000000000001 0.63
v 0 0 0.63
v 0 0.10000000000000003 0.63
v 0 0.20000000000000001 0.63
v -0.017220754456429045 -0.20000000000000001 0.63342542103699218
v -0.017220754456429045 -0.10000000000000001 0.63342542103699218
v -0.017220754456429045 0 0.63342542103699218
v -0.017220754456429045 0.10000000000000003 0.63342542103699218
v -0.017220754456429045 0.20000000000000001 0.63342542103699218
v -0.031819805153394644 -0.20000000000000001 0.64318019484660549
v -0.031819805153394644 -0.10000000000000001 0.64318019484660549
v -0.031819805153394644 0 0.64318019484660549
v -0.031819805153394644 0.10000000000000003 0.64318019484660549
v -0.031819805153394644 0.20000000000000001 0.64318019484660549
v -0.04157457896300791 -0.20000000000000001 0.65777924554357103
v -0.04157457896300791 -0.10000000000000001 0.65777924554357103
v -0.04157457896300791 0 0.65777924554357103
v -0.04157457896300791 0.10000000000000003 0.65777924554357103
v -0.04157457896300791 0.20000000000000001 0.65777924554357103
v -0.044999999999999998 -0.20000000000000001 0.67500000000000004
v -0.044999999999999998 -0.10000000000000001 0.67500000000000004
v -0.044999999999999998 0 0.67500000000000004
v -0.044999999999999998 0.10000000000000003 0.67500000000000004
v -0.044999999999999998 0.20000000000000001 0.67500000000000004
v -0.04157457896300791 -0.20000000000000001 0.69222075445642905
v -0.04157457896300791 -0.10000000000000001 0.69222075445642905
v -0.04157457896300791 0 0.69222075445642905
v -0.04157457896300791 0.10000000000000003 0.69222075445642905
v -0.04157457896300791 0.20000000000000001 0.69222075445642905
v -0.031819805153394644 -0.20000000000000001 0.7068198051533946
v -0.031819805153394644 -0.10000000000000001 0.7068198051533946
v -0.031819805153394644 0 0.7068198051533946
v -0.031819805153394644 0.10000000000000003 0.7068198051533946
v -0.031819805153394644 0.20000000000000001 0.7068198051533946
v -0.017220754456429045 -0.20000000000000001 0.71657457896300791
v -0.017220754456429045 -0.10000000000000001 0.71657457896300791
v -0.017220754456429045 0 0.71657457896300791
v -0.017220754456429045 0.10000000000000003 0.71657457896300791
v -0.017220754456429045 0.20000000000000001 0.71657457896300791
v -2.7554552980815448e-18 -0.20000000000000001 0.72000000000000008
v -2.7554552980815448e-18 -0.10000000000000001 0.72000000000000008
v -2.7554552980815448e-18 0 0.72000000000000008
v -2.7554552980815448e-18 0.10000000000000003 0.72000000000000008
v -2.7554552980815448e-18 0.20000000000000001 0.72000000000000008
v 0.125 -0.20000000000000001 0.72000000000000008
v 0.125 -0.10000000000000001 0.72000000000000008
v 0.125 0 0.72000000000000008
v 0.125 0.10000000000000003 0.72000000000000008
v 0.125 0.20000000000000001 0.72000000000000008
v 0.25 -0.20000000000000001 0.72000000000000008
v 0.25 -0.10000000000000001 0.72000000000000008
v 0.25 0 0.72000000000000008
v 0.25 0.10000000000000003 0.72000000000000008
v 0.25 0.20000000000000001 0.72000000000000008
v 0.375 -0.20000000000000001 0.72000000000000008
v 0.375 -0.10000000000000001 0.72000000000000008
v 0.375 0 0.72000000000000008
v 0.375 0.10000000000000003 0.72000000000000008
v 0.375 0.20000000000000001 0.72000000000000008
v 0.5 -0.20000000000000001 0.72000000000000008
v 0.5 -0.10000000000000001 0.72000000000000008
v 0.5 0 0.72000000000000008
v 0.5 0.10000000000000003 0.72000000000000008
v 0.5 0.20000000000000001 0.72000000000000008
v 0.625 -0.20000000000000001 0.72000000000000008
v 0.625 -0.10000000000000001 0.72000000000000008
v 0.625 0 0.72000000000000008
v 0.625 0.10000000000000003 0.72000000000000008
v 0.625 0.20000000000000001 0.72000000000000008
v 0.75 -0.20000000000000001 0.72000000000000008
v 0.75 -0.10000000000000001 0.72000000000000008
v 0.75 0 0.72000000000000008
v 0.75 0.10000000000000003 0.72000000000000008
v 0.75 0.20000000000000001 0.72000000000000008
v 0.875 -0.20000000000000001 0.72000000000000008
v 0.875 -0.10000000000000001 0.72000000000000008
v 0.875 0 0.72000000000000008
v 0.875 0.10000000000000003 0.72000000000000008
v 0.875 0.20000000000000001 0.72000000000000008
v 1 -0.20000000000000001 0.72000000000000008
v 1 -0.10000000000000001 0.72000000000000008
v 1 0 0.72000000000000008
v 1 0.10000000000000003 0.72000000000000008
v 1 0.20000000000000001 0.72000000000000008
v 1.0019134171618254 -0.20000000000000001 0.72038060233744361
v 1.0019134171618254 -0.10000000000000001 0.72038060233744361
v 1.0019134171618254 0 0.72038060233744361
v 1.0019134171618254 0.10000000000000003 0.72038060233744361
v 1.0019134171618254 0.20000000000000001 0.72038060233744361
v 1.0035355339059326 -0.20000000000000001 0.72146446609406734
v 1.0035355339059326 -0.10000000000000001 0.72146446609406734
v 1.0035355339059326 0 0.72146446609406734
v 1.0035355339059326 0.10000000000000003 0.72146446609406734
v 1.0035355339059326 0.20000000000000001 0.72146446609406734
v 1.0046193976625564 -0.20000000000000001 0.72308658283817462
v 1.0046193976625564 -0.10000000000000001 0.72308658283817462
v 1.0046193976625564 0 0.72308658283817462
v 1.0046193976625564 0.10000000000000003 0.72308658283817462
v 1.0046193976625564 0.20000000000000001 0.72308658283817462
v 1.0049999999999999 -0.20000000000000001 0.72500000000000009
v 1.0049999999999999 -0.10000000000000001 0.72500000000000009
v 1.0049999999999999 0 0.72500000000000009
v 1.0049999999999999 0.10000000000000003 0.72500000000000009
v 1.0049999999999999 0.20000000000000001 0.72500000000000009
v 1.0046193976625564 -0.20000000000000001 0.72691341716182556
v 1.0046193976625564 -0.10000000000000001 0.72691341716182556
v 1.0046193976625564 0 0.72691341716182556
v 1.0046193976625564 0.10000000000000003 0.72691341716182556
v 1.0046193976625564 0.20000000000000001 0.72691341716182556
v 1.0035355339059326 -0.20000000000000001 0.72853553390593284
v 1.0035355339059326 -0.10000000000000001 0.72853553390593284
v 1.0035355339059326 0 0.72853553390593284
v 1.0035355339059326 0.10000000000000003 0.72853553390593284
v 1.0035355339059326 0.20000000000000001 0.72853553390593284
v 1.0019134171618254 -0.20000000000000001 0.72961939766255657
v 1.0019134171618254 -0.10000000000000001 0.72961939766255657
v 1.0019134171618254 0 0.72961939766255657
v 1.0019134171618254 0.10000000000000003 0.72961939766255657
v 1.0019134171618254 0.20000000000000001 0.72961939766255657
v 1 -0.20000000000000001 0.73000000000000009
v 1 -0.10000000000000001 0.73000000000000009
v 1 0 0.73000000000000009
v 1 0.10000000000000003 0.73000000000000009
v 1 0.20000000000000001 0.73000000000000009
v 0.875 -0.20000000000000001 0.72999999999999998
v 0.875 -0.10000000000000001 0.72999999999999998
v 0.875 0 0.72999999999999998
v 0.875 0.10000000000000003 0.72999999999999998
v 0.875 0.20000000000000001 0.72999999999999998
v 0.75 -0.20000000000000001 0.72999999999999998
v 0.75 -0.10000000000000001 0.72999999999999998
v 0.75 0 0.72999999999999998
v 0.75 0.10000000000000003 0.72999999999999998
v 0.75 0.20000000000000001 0.72999999999999998
v 0.625 -0.20000000000000001 0.72999999999999998
v 0.625 -0.10000000000000001 0.72999999999999998
v 0.625 0 0.72999999999999998
v 0.625 0.10000000000000003 0.72999999999999998
v 0.625 0.20000000000000001 0.72999999999999998
v 0.5 -0.20000000000000001 0.72999999999999998
v 0.5 -0.10000000000000001 0.72999999999999998
v 0.5 0 0.72999999999999998
v 0.5 0.10000000000000003 0.72999999999999998
v 0.5 0.20000000000000001 0.72999999999999998
v 0.375 -0.20000000000000001 0.72999999999999998
v 0.375 -0.10000000000000001 0.72999999999999998
v 0.375 0 0.72999999999999998
v 0.375 0.10000000000000003 0.72999999999999998
v 0.375 0.20000000000000001 0.72999999999999998
v 0.25 -0.20000000000000001 0.72999999999999998
v 0.25 -0.10000000000000001 0.72999999999999998
v 0.25 0 0.72999999999999998
v 0.25 0.10000000000000003 0.72999999999999998
v 0.25 0.20000000000000001 0.72999999999999998
v 0.125 -0.20000000000000001 0.72999999999999998
v 0.125 -0.10000000000000001 0.72999999999999998
v 0.125 0 0.72999999999999998
v 0.125 0.10000000000000003 0.72999999999999998
v 0.125 0.20000000000000001 0.72999999999999998
v 0 -0.20000000000000001 0.72999999999999998
v 0 -0.10000000000000001 0.72999999999999998
v 0 0 0.72999999999999998
v 0 0.10000000000000003 0.72999999999999998
v 0 0.20000000000000001 0.72999999999999998
v -0.017220754456429045 -0.20000000000000001 0.73342542103699215
v -0.017220754456429045 -0.10000000000000001 0.73342542103699215
v -0.017220754456429045 0 0.73342542103699215
v -0.017220754456429045 0.10000000000000003 0.73342542103699215
v -0.017220754456429045 0.20000000000000001 0.73342542103699215
v -0.031819805153394644 -0.20000000000000001 0.74318019484660547
v -0.031819805153394644 -0.10000000000000001 0.74318019484660547
v -0.031819805153394644 0 0.74318019484660547
v -0.031819805153394644 0.10000000000000003 0.74318019484660547
v -0.031819805153394644 0.20000000000000001 0.74318019484660547
v -0.04157457896300791 -0.20000000000000001 0.75777924554357101
v -0.04157457896300791 -0.10000000000000001 0.75777924554357101
v -0.04157457896300791 0 0.75777924554357101
v -0.04157457896300791 0.10000000000000003 0.75777924554357101
v -0.04157457896300791 0.20000000000000001 0.75777924554357101
v -0.044999999999999998 -0.20000000000000001 0.77500000000000002
v -0.044999999999999998 -0.10000000000000001 0.77500000000000002
v -0.044999999999999998 0 0.77500000000000002
v -0.044999999999999998 0.10000000000000003 0.77500000000000002
v -0.044999999999999998 0.20000000000000001 0.77500000000000002
v -0.04157457896300791 -0.20000000000000001 0.79222075445642903
v -0.04157457896300791 -0.10000000000000001 0.79222075445642903
v -0.04157457896300791 0 0.79222075445642903
v -0.04157457896300791 0.10000000000000003 0.79222075445642903
v -0.04157457896300791 0.20000000000000001 0.79222075445642903
v -0.031819805153394644 -0.20000000000000001 0.80681980515339458
v -0.031819805153394644 -0.10000000000000001 0.80681980515339458
v -0.031819805153394644 0 0.80681980515339458
v -0.031819805153394644 0.10000000000000003 0.80681980515339458
v -0.031819805153394644 0.20000000000000001 0.80681980515339458
v -0.017220754456429045 -0.20000000000000001 0.81657457896300789
v -0.017220754456429045 -0.10000000000000001 0.81657457896300789
v -0.017220754456429045 0 0.81657457896300789
v -0.017220754456429045 0.10000000000000003 0.81657457896300789
v -0.017220754456429045 0.20000000000000001 0.81657457896300789
v -2.7554552980815448e-18 -0.20000000000000001 0.82000000000000006
v -2.7554552980815448e-18 -0.10000000000000001 0.82000000000000006
v -2.7554552980815448e-18 0 0.82000000000000006
v -2.7554552980815448e-18 0.10000000000000003 0.82000000000000006
v -2.7554552980815448e-18 0.20000000000000001 0.82000000000000006
v 0.125 -0.20000000000000001 0.82000000000000006
v 0.125 -0.10000000000000001 0.82000000000000006
v 0.125 0 0.82000000000000006
v 0.125 0.10000000000000003 0.82000000000000006
v 0.125 0.20000000000000001 0.82000000000000006
v 0.25 -0.20000000000000001 0.82000000000000006
v 0.25 -0.10000000000000001 0.82000000000000006
v 0.25 0 0.82000000000000006
v 0.25 0.10000000000000003 0.82000000000000006
v 0.25 0.20000000000000001 0.82000000000000006
v 0.375 -0.20000000000000001 0.82000000000000006
v 0.375 -0.10000000000000001 0.82000000000000006
v 0.375 0 0.82000000000000006
v 0.375 0.10000000000000003 0.82000000000000006
v 0.375 0.20000000000000001 0.82000000000000006
v 0.5 -0.20000000000000001 0.82000000000000006
v 0.5 -0.10000000000000001 0.82000000000000006
v 0.5 0 0.82000000000000006
v 0.5 0.10000000000000003 0.82000000000000006
v 0.5 0.20000000000000001 0.82000000000000006
v 0.625 -0.20000000000000001 0.82000000000000006
v 0.625 -0.10000000000000001 0.82000000000000006
v 0.625 0 0.82000000000000006
v 0.625 0.10000000000000003 0.82000000000000006
v 0.625 0.20000000000000001 0.82000000000000006
v 0.75 -0.20000000000000001 0.82000000000000006
v 0.75 -0.10000000000000001 0.82000000000000006
v 0.75 0 0.82000000000000006
v 0.75 0.10000000000000003 0.82000000000000006
v 0.75 0.20000000000000001 0.82000000000000006
v 0.875 -0.20000000000000001 0.82000000000000006
v 0.875 -0.10000000000000001 0.82000000000000006
v 0.875 0 0.82000000000000006
v 0.875 0.10000000000000003 0.82000000000000006
v 0.875 0.20000000000000001 0.82000000000000006
v 1 -0.20000000000000001 0.82000000000000006
v 1 -0.10000000000000001 0.82000000000000006
v 1 0 0.82000000000000006
v 1 0.10000000000000003 0.82000000000000006
v 1 0.20000000000000001 0.82000000000000006
v 1.0019134171618254 -0.20000000000000001 0.82038060233744359
v 1.0019134171618254 -0.10000000000000001 0.82038060233744359
v 1.0019134171618254 0 0.82038060233744359
v 1.0019134171618254 0.10000000000000003 0.82038060233744359
v 1.0019134171618254 0.20000000000000001 0.82038060233744359
v 1.0035355339059326 -0.20000000000000001 0.82146446609406731
v 1.0035355339059326 -0.10000000000000001 0.82146446609406731
v 1.0035355339059326 0 0.82146446609406731
v 1.0035355339059326 0.10000000000000003 0.82146446609406731
v 1.0035355339059326 0.20000000000000001 0.82146446609406731
v 1.0046193976625564 -0.20000000000000001 0.8230865828381746
v 1.0046193976625564 -0.10000000000000001 0.8230865828381746
v 1.0046193976625564 0 0.8230865828381746
v 1.0046193976625564 0.10000000000000003 0.8230865828381746
v 1.0046193976625564 0.20000000000000001 0.8230865828381746
v 1.0049999999999999 -0.20000000000000001 0.82500000000000007
v 1.0049999999999999 -0.10000000000000001 0.82500000000000007
v 1.0049999999999999 0 0.82500000000000007
v 1.0049999999999999 0.10000000000000003 0.82500000000000007
v 1.0049999999999999 0.20000000000000001 0.82500000000000007
v 1.0046193976625564 -0.20000000000000001 0.82691341716182554
v 1.0046193976625564 -0.10000000000000001 0.82691341716182554
v 1.0046193976625564 0 0.82691341716182554
v 1.0046193976625564 0.10000000000000003 0.82691341716182554
v 1.0046193976625564 0.20000000000000001 0.82691341716182554
v 1.0035355339059326 -0.20000000000000001 0.82853553390593282
v 1.0035355339059326 -0.10000000000000001 0.82853553390593282
v 1.0035355339059326 0 0.82853553390593282
v 1.0035355339059326 0.10000000000000003 0.82853553390593282
v 1.0035355339059326 0.20000000000000001 0.82853553390593282
v 1.0019134171618254 -0.20000000000000001 0.82961939766255655
v 1.0019134171618254 -0.10000000000000001 0.82961939766255655
v 1.0019134171618254 0 0.82961939766255655
v 1.0019134171618254 0.10000000000000003 0.82961939766255655
v 1.0019134171618254 0.20000000000000001 0.82961939766255655
v 1 -0.20000000000000001 0.83000000000000007
v 1 -0.10000000000000001 0.83000000000000007
v 1 0 0.83000000000000007
v 1 0.10000000000000003 0.83000000000000007
v 1 0.20000000000000001 0.83000000000000007
v 0.875 -0.20000000000000001 0.83000000000000007
v 0.875 -0.10000000000000001 0.83000000000000007
v 0.875 0 0.83000000000000007
v 0.875 0.10000000000000003 0.83000000000000007
v 0.875 0.20000000000000001 0.83000000000000007
v 0.75 -0.20000000000000001 0.83000000000000007
v 0.75 -0.10000000000000001 0.83000000000000007
v 0.75 0 0.83000000000000007
v 0.75 0.10000000000000003 0.83000000000000007
v 0.75 0.20000000000000001 0.83000000000000007
v 0.625 -0.20000000000000001 0.83000000000000007
v 0.625 -0.10000000000000001 0.83000000000000007
v 0.625 0 0.83000000000000007
v 0.625 0.10000000000000003 0.83000000000000007
v 0.625 0.20000000000000001 0.83000000000000007
v 0.5 -0.20000000000000001 0.83000000000000007
v 0.5 -0.10000000000000001 0.83000000000000007
v 0.5 0 0.83000000000000007
v 0.5 0.10000000000000003 0.83000000000000007
v 0.5 0.20000000000000001 0.83000000000000007
v 0.375 -0.20000000000000001 0.83000000000000007
v 0.375 -0.10000000000000001 0.83000000000000007
v 0.375 0 0.83000000000000007
v 0.375 0.10000000000000003 0.83000000000000007
v 0.375 0.20000000000000001 0.83000000000000007
v 0.25 -0.20000000000000001 0.83000000000000007
v 0.25 -0.10000000000000001 0.83000000000000007
v 0.25 0 0.83000000000000007
v 0.25 0.10000000000000003 0.83000000000000007
v 0.25 0.20000000000000001 0.83000000000000007
v 0.125 -0.20000000000000001 0.83000000000000007
v 0.125 -0.10000000000000001 0.83000000000000007
v 0.125 0 0.83000000000000007
v 0.125 0.10000000000000003 0.83000000000000007
v 0.125 0.20000000000000001 0.83000000000000007
v 0 -0.20000000000000001 0.83000000000000007
v 0 -0.10000000000000001 0.83000000000000007
v 0 0 0.83000000000000007
v 0 0.10000000000000003 0.83000000000000007
v 0 0.20000000000000001 0.83000000000000007
v -0.017220754456429045 -0.20000000000000001 0.83342542103699224
v -0.017220754456429045 -0.10000000000000001 0.83342542103699224
v -0.017220754456429045 0 0.83342542103699224
v -0.017220754456429045 0.10000000000000003 0.83342542103699224
v -0.017220754456429045 0.20000000000000001 0.83342542103699224
v -0.031819805153394644 -0.20000000000000001 0.84318019484660556
v -0.031819805153394644 -0.10000000000000001 0.84318019484660556
v -0.031819805153394644 0 0.84318019484660556
v -0.031819805153394644 0.10000000000000003 0.84318019484660556
v -0.031819805153394644 0.20000000000000001 0.84318019484660556
v -0.04157457896300791 -0.20000000000000001 0.8577792455435711
v -0.04157457896300791 -0.10000000000000001 0.8577792455435711
v -0.04157457896300791 0 0.8577792455435711
v -0.04157457896300791 0.10000000000000003 0.8577792455435711
v -0.04157457896300791 0.20000000000000001 0.8577792455435711
v -0.044999999999999998 -0.20000000000000001 0.87500000000000011
v -0.044999999999999998 -0.10000000000000001 0.87500000000000011
v -0.044999999999999998 0 0.87500000000000011
v -0.044999999999999998 0.10000000000000003 0.87500000000000011
v -0.044999999999999998 0.20000000000000001 0.87500000000000011
v -0.04157457896300791 -0.20000000000000001 0.89222075445642912
v -0.04157457896300791 -0.10000000000000001 0.89222075445642912
v -0.04157457896300791 0 0.89222075445642912
v -0.04157457896300791 0.10000000000000003 0.89222075445642912
v -0.04157457896300791 0.20000000000000001 0.89222075445642912
v -0.031819805153394644 -0.20000000000000001 0.90681980515339466
v -0.031819805153394644 -0.10000000000000001 0.90681980515339466
v -0.031819805153394644 0 0.90681980515339466
v -0.031819805153394644 0.10000000000000003 0.90681980515339466
v -0.031819805153394644 0.20000000000000001 0.90681980515339466
v -0.017220754456429045 -0.20000000000000001 0.91657457896300798
v -0.017220754456429045 -0.10000000000000001 0.91657457896300798
v -0.017220754456429045 0 0.91657457896300798
v -0.017220754456429045 0.10000000000000003 0.91657457896300798
v -0.017220754456429045 0.20000000000000001 0.91657457896300798
v -2.7554552980815448e-18 -0.20000000000000001 0.92000000000000015
v -2.7554552980815448e-18 -0.10000000000000001 0.92000000000000015
v -2.7554552980815448e-18 0 0.92000000000000015
v -2.7554552980815448e-18 0.10000000000000003 0.92000000000000015
v -2.7554552980815448e-18 0.20000000000000001 0.92000000000000015
v 0.125 -0.20000000000000001 0.92000000000000004
v 0.125 -0.10000000000000001 0.92000000000000004
v 0.125 0 0.92000000000000004
v 0.125 0.10000000000000003 0.92000000000000004
v 0.125 0.20000000000000001 0.92000000000000004
v 0.25 -0.20000000000000001 0.92000000000000004
v 0.25 -0.10000000000000001 0.92000000000000004
v 0.25 0 0.92000000000000004
v 0.25 0.10000000000000003 0.92000000000000004
v 0.25 0.20000000000000001 0.92000000000000004
v 0.375 -0.20000000000000001 0.92000000000000004
v 0.375 -0.10000000000000001 0.92000000000000004
v 0.375 0 0.92000000000000004
v 0.375 0.10000000000000003 0.92000000000000004
v 0.375 0.20000000000000001 0.92000000000000004
v 0.5 -0.20000000000000001 0.92000000000000004
v 0.5 -0.10000000000000001 0.92000000000000004
v 0.5 0 0.92000000000000004
v 0.5 0.10000000000000003 0.92000000000000004
v 0.5 0.20000000000000001 0.92000000000000004
v 0.625 -0.20000000000000001 0.92000000000000004
v 0.625 -0.10000000000000001 0.92000000000000004
v 0.625 0 0.92000000000000004
v 0.625 0.10000000000000003 0.92000000000000004
v 0.625 0.20000000000000001 0.92000000000000004
v 0.75 -0.20000000000000001 0.92000000000000004
v 0.75 -0.10000000000000001 0.92000000000000004
v 0.75 0 0.92000000000000004
v 0.75 0.10000000000000003 0.92000000000000004
v 0.75 0.20000000000000001 0.92000000000000004
v 0.875 -0.20000000000000001 0.92000000000000004
v 0.875 -0.10000000000000001 0.92000000000000004
v 0.875 0 0.92000000000000004
v 0.875 0.10000000000000003 0.92000000000000004
v 0.875 0.20000000000000001 0.92000000000000004
v 1 -0.20000000000000001 0.92000000000000004
v 1 -0.10000000000000001 0.92000000000000004
v 1 0 0.92000000000000004
v 1 0.10000000000000003 0.92000000000000004
v 1 0.20000000000000001 0.92000000000000004
v 1.0019134171618254 -0.20000000000000001 0.92038060233744357
v 1.0019134171618254 -0.10000000000000001 0.92038060233744357
v 1.0019134171618254 0 0.92038060233744357
v 1.0019134171618254 0.10000000000000003 0.92038060233744357
v 1.0019134171618254 0.20000000000000001 0.92038060233744357
v 1.0035355339059326 -0.20000000000000001 0.92146446609406729
v 1.0035355339059326 -0.10000000000000001 0.92146446609406729
v 1.0035355339059326 0 0.92146446609406729
v 1.0035355339059326 0.10000000000000003 0.92146446609406729
v 1.0035355339059326 0.20000000000000001 0.92146446609406729
v 1.0046193976625564 -0.20000000000000001 0.92308658283817457
v 1.0046193976625564 -0.10000000000000001 0.92308658283817457
v 1.0046193976625564 0 0.92308658283817457
v 1.0046193976625564 0.10000000000000003 0.92308658283817457
v 1.0046193976625564 0.20000000000000001 0.92308658283817457
v 1.0049999999999999 -0.20000000000000001 0.92500000000000004
v 1.0049999999999999 -0.10000000000000001 0.92500000000000004
v 1.0049999999999999 0 0.92500000000000004
v 1.0049999999999999 0.10000000000000003 0.92500000000000004
v 1.0049999999999999 0.20000000000000001 0.92500000000000004
v 1.0046193976625564 -0.20000000000000001 0.92691341716182551
v 1.0046193976625564 -0.10000000000000001 0.92691341716182551
v 1.0046193976625564 0 0.92691341716182551
v 1.0046193976625564 0.10000000000000003 0.92691341716182551
v 1.0046193976625564 0.20000000000000001 0.92691341716182551
v 1.0035355339059326 -0.20000000000000001 0.9285355339059328
v 1.0035355339059326 -0.10000000000000001 0.9285355339059328
v 1.0035355339059326 0 0.9285355339059328
v 1.0035355339059326 0.10000000000000003 0.9285355339059328
v 1.0035355339059326 0.20000000000000001 0.9285355339059328
v 1.0019134171618254 -0.20000000000000001 0.92961939766255652
v 1.0019134171618254 -0.10000000000000001 0.92961939766255652
v 1.0019134171618254 0 0.92961939766255652
v 1.0019134171618254 0.10000000000000003 0.92961939766255652
v 1.0019134171618254 0.20000000000000001 0.92961939766255652
v 1 -0.20000000000000001 0.93000000000000005
v 1 -0.10000000000000001 0.93000000000000005
v 1 0 0.93000000000000005
v 1 0.10000000000000003 0.93000000000000005
v 1 0.20000000000000001 0.93000000000000005
v 0.875 -0.20000000000000001 0.93000000000000005
v 0.875 -0.10000000000000001 0.93000000000000005
v 0.875 0 0.93000000000000005
v 0.875 0.10000000000000003 0.93000000000000005
v 0.875 0.20000000000000001 0.93000000000000005
v 0.75 -0.20000000000000001 0.93000000000000005
v 0.75 -0.10000000000000001 0.93000000000000005
v 0.75 0 0.93000000000000005
v 0.75 0.10000000000000003 0.93000000000000005
v 0.75 0.20000000000000001 0.93000000000000005
v 0.625 -0.20000000000000001 0.93000000000000005
v 0.625 -0.10000000000000001 0.93000000000000005
v 0.625 0 0.93000000000000005
v 0.625 0.10000000000000003 0.93000000000000005
v 0.625 0.20000000000000001 0.93000000000000005
v 0.5 -0.20000000000000001 0.93000000000000005
v 0.5 -0.10000000000000001 0.93000000000000005
v 0.5 0 0.93000000000000005
v 0.5 0.10000000000000003 0.93000000000000005
v 0.5 0.20000000000000001 0.93000000000000005
v 0.375 -0.20000000000000001 0.93000000000000005
v 0.375 -0.10000000000000001 0.93000000000000005
v 0.375 0 0.93000000000000005
v 0.375 0.10000000000000003 0.93000000000000005
v 0.375 0.20000000000000001 0.93000000000000005
v 0.25 -0.20000000000000001 0.93000000000000005
v 0.25 -0.10000000000000001 0.93000000000000005
v 0.25 0 0.93000000000000005
v 0.25 0.10000000000000003 0.93000000000000005
v 0.25 0.20000000000000001 0.93000000000000005
v 0.125 -0.20000000000000001 0.93000000000000005
v 0.125 -0.10000000000000001 0.93000000000000005
v 0.125 0 0.93000000000000005
v 0.125 0.10000000000000003 0.93000000000000005
v 0.125 0.20000000000000001 0.93000000000000005
v 0 -0.20000000000000001 0.93000000000000005
v 0 -0.10000000000000001 0.93000000000000005
v 0 0 0.93000000000000005
v 0 0.10000000000000003 0.93000000000000005
v 0 0.20000000000000001 0.93000000000000005
v -0.017220754456429045 -0.20000000000000001 0.93342542103699222
v -0.017220754456429045 -0.10000000000000001 0.93342542103699222
v -0.017220754456429045 0 0.93342542103699222
v -0.017220754456429045 0.10000000000000003 0.93342542103699222
v -0.017220754456429045 0.20000000000000001 0.93342542103699222
v -0.031819805153394644 -0.20000000000000001 0.94318019484660554
v -0.031819805153394644 -0.10000000000000001 0.94318019484660554
v -0.031819805153394644 0 0.94318019484660554
v -0.031819805153394644 0.10000000000000003 0.94318019484660554
v -0.031819805153394644 0.20000000000000001 0.94318019484660554
v -0.04157457896300791 -0.20000000000000001 0.95777924554357108
v -0.04157457896300791 -0.10000000000000001 0.95777924554357108
v -0.04157457896300791 0 0.95777924554357108
v -0.04157457896300791 0.10000000000000003 0.95777924554357108
v -0.04157457896300791 0.20000000000000001 0.95777924554357108
v -0.044999999999999998 -0.20000000000000001 0.97500000000000009
v -0.044999999999999998 -0.10000000000000001 0.97500000000000009
v -0.044999999999999998 0 0.97500000000000009
v -0.044999999999999998 0.10000000000000003 0.97500000000000009
v -0.044999999999999998 0.20000000000000001 0.97500000000000009
v -0.04157457896300791 -0.20000000000000001 0.9922207544564291
v -0.04157457896300791 -0.10000000000000001 0.9922207544564291
v -0.04157457896300791 0 0.9922207544564291
v -0.04157457896300791 0.10000000000000003 0.9922207544564291
v -0.04157457896300791 0.20000000000000001 0.9922207544564291
v -0.031819805153394644 -0.20000000000000001 1.0068198051533948
v -0.031819805153394644 -0.10000000000000001 1.0068198051533948
v -0.031819805153394644 0 1.0068198051533948
v -0.031819805153394644 0.10000000000000003 1.0068198051533948
v -0.031819805153394644 0.20000000000000001 1.0068198051533948
v -0.017220754456429045 -0.20000000000000001 1.0165745789630081
v -0.017220754456429045 -0.10000000000000001 1.0165745789630081
v -0.017220754456429045 0 1.0165745789630081
v -0.017220754456429045 0.10000000000000003 1.0165745789630081
v -0.017220754456429045 0.20000000000000001 1.0165745789630081
v -2.7554552980815448e-18 -0.20000000000000001 1.02
v -2.7554552980815448e-18 -0.10000000000000001 1.02
v -2.7554552980815448e-18 0 1.02
v -2.7554552980815448e-18 0.10000000000000003 1.02
v -2.7554552980815448e-18 0.20000000000000001 1.02
v 0.125 -0.20000000000000001 1.02
v 0.125 -0.10000000000000001 1.02
v 0.125 0 1.02
v 0.125 0.10000000000000003 1.02
v 0.125 0.20000000000000001 1.02
v 0.25 -0.20000000000000001 1.02
v 0.25 -0.10000000000000001 1.02
v 0.25 0 1.02
v 0.25 0.10000000000000003 1.02
v 0.25 0.20000000000000001 1.02
v 0.375 -0.20000000000000001 1.02
v 0.375 -0.10000000000000001 1.02
v 0.375 0 1.02
v 0.375 0.10000000000000003 1.02
v 0.375 0.20000000000000001 1.02
v 0.5 -0.20000000000000001 1.02
v 0.5 -0.10000000000000001 1.02
v 0.5 0 1.02
v 0.5 0.10000000000000003 1.02
v 0.5 0.20000000000000001 1.02
v 0.625 -0.20000000000000001 1.02
v 0.625 -0.10000000000000001 1.02
v 0.625 0 1.02
v 0.625 0.10000000000000003 1.02
v 0.625 0.20000000000000001 1.02
v 0.75 -0.20000000000000001 1.02
v 0.75 -0.10000000000000001 1.02
v 0.75 0 1.02
v 0.75 0.10000000000000003 1.02
v 0.75 0.20000000000000001 1.02
v 0.875 -0.20000000000000001 1.02
v 0.875 -0.10000000000000001 1.02
v 0.875 0 1.02
v 0.875 0.10000000000000003 1.02
v 0.875 0.20000000000000001 1.02
v 1 -0.20000000000000001 1.02
v 1 -0.10000000000000001 1.02
v 1 0 1.02
v 1 0.10000000000000003 1.02
v 1 0.20000000000000001 1.02
v 1.0019134171618254 -0.20000000000000001 1.0203806023374435
v 1.0019134171618254 -0.10000000000000001 1.0203806023374435
v 1.0019134171618254 0 1.0203806023374435
v 1.0019134171618254 0.10000000000000003 1.0203806023374435
v 1.0019134171618254 0.20000000000000001 1.0203806023374435
v 1.0035355339059326 -0.20000000000000001 1.0214644660940673
v 1.0035355339059326 -0.10000000000000001 1.0214644660940673
v 1.0035355339059326 0 1.0214644660940673
v 1.0035355339059326 0.10000000000000003 1.0214644660940673
v 1.0035355339059326 0.20000000000000001 1.0214644660940673
v 1.0046193976625564 -0.20000000000000001 1.0230865828381746
v 1.0046193976625564 -0.10000000000000001 1.0230865828381746
v 1.0046193976625564 0 1.0230865828381746
v 1.0046193976625564 0.10000000000000003 1.0230865828381746
v 1.0046193976625564 0.20000000000000001 1.0230865828381746
v 1.0049999999999999 -0.20000000000000001 1.0249999999999999
v 1.0049999999999999 -0.10000000000000001 1.0249999999999999
v 1.0049999999999999 0 1.0249999999999999
v 1.0049999999999999 0.10000000000000003 1.0249999999999999
v 1.0049999999999999 0.20000000000000001 1.0249999999999999
v 1.0046193976625564 -0.20000000000000001 1.0269134171618253
v 1.0046193976625564 -0.10000000000000001 1.0269134171618253
v 1.0046193976625564 0 1.0269134171618253
v 1.0046193976625564 0.10000000000000003 1.0269134171618253
v 1.0046193976625564 0.20000000000000001 1.0269134171618253
v 1.0035355339059326 -0.20000000000000001 1.0285355339059326
v 1.0035355339059326 -0.10000000000000001 1.0285355339059326
v 1.0035355339059326 0 1.0285355339059326
v 1.0035355339059326 0.10000000000000003 1.0285355339059326
v 1.0035355339059326 0.20000000000000001 1.0285355339059326
v 1.0019134171618254 -0.20000000000000001 1.0296193976625563
v 1.0019134171618254 -0.10000000000000001 1.0296193976625563
v 1.0019134171618254 0 1.0296193976625563
v 1.0019134171618254 0.10000000000000003 1.0296193976625563
v 1.0019134171618254 0.20000000000000001 1.0296193976625563
v 1 -0.20000000000000001 1.0299999999999998
v 1 -0.10000000000000001 1.0299999999999998
v 1 0 1.0299999999999998
v 1 0.10000000000000003 1.0299999999999998
v 1 0.20000000000000001 1.0299999999999998
v 0.875 -0.20000000000000001 1.03
v 0.875 -0.10000000000000001 1.03
v 0.875 0 1.03
v 0.875 0.10000000000000003 1.03
v 0.875 0.20000000000000001 1.03
v 0.75 -0.20000000000000001 1.03
v 0.75 -0.10000000000000001 1.03
v 0.75 0 1.03
v 0.75 0.10000000000000003 1.03
v 0.75 0.20000000000000001 1.03
v 0.625 -0.20000000000000001 1.03
v 0.625 -0.10000000000000001 1.03
v 0.625 0 1.03
v 0.625 0.10000000000000003 1.03
v 0.625 0.20000000000000001 1.03
v 0.5 -0.20000000000000001 1.03
v 0.5 -0.10000000000000001 1.03
v 0.5 0 1.03
v 0.5 0.10000000000000003 1.03
v 0.5 0.20000000000000001 1.03
v 0.375 -0.20000000000000001 1.03
v 0.375 -0.10000000000000001 1.03
v 0.375 0 1.03
v 0.375 0.10000000000000003 1.03
v 0.375 0.20000000000000001 1.03
v 0.25 -0.20000000000000001 1.03
v 0.25 -0.10000000000000001 1.03
v 0.25 0 1.03
v 0.25 0.10000000000000003 1.03
v 0.25 0.20000000000000001 1.03
v 0.125 -0.20000000000000001 1.03
v 0.125 -0.10000000000000001 1.03
v 0.125 0 1.03
v 0.125 0.10000000000000003 1.03
v 0.125 0.20000000000000001 1.03
v 0 -0.20000000000000001 1.03
v 0 -0.10000000000000001 1.03
v 0 0 1.03
v 0 0.10000000000000003 1.03
v 0 0.20000000000000001 1.03
v -0.017220754456429045 -0.20000000000000001 1.0334254210369922
v -0.017220754456429045 -0.10000000000000001 1.0334254210369922
v -0.017220754456429045 0 1.0334254210369922
v -0.017220754456429045 0.10000000000000003 1.0334254210369922
v -0.017220754456429045 0.20000000000000001 1.0334254210369922
v -0.031819805153394644 -0.20000000000000001 1.0431801948466053
v -0.031819805153394644 -0.10000000000000001 1.0431801948466053
v -0.031819805153394644 0 1.0431801948466053
v -0.031819805153394644 0.10000000000000003 1.0431801948466053
v -0.031819805153394644 0.20000000000000001 1.0431801948466053
v -0.04157457896300791 -0.20000000000000001 1.0577792455435708
v -0.04157457896300791 -0.10000000000000001 1.0577792455435708
v -0.04157457896300791 0 1.0577792455435708
v -0.04157457896300791 0.10000000000000003 1.0577792455435708
v -0.04157457896300791 0.20000000000000001 1.0577792455435708
v -0.044999999999999998 -0.20000000000000001 1.075
v -0.044999999999999998 -0.10000000000000001 1.075
v -0.044999999999999998 0 1.075
v -0.044999999999999998 0.10000000000000003 1.075
v -0.044999999999999998 0.20000000000000001 1.075
v -0.04157457896300791 -0.20000000000000001 1.0922207544564291
v -0.04157457896300791 -0.10000000000000001 1.0922207544564291
v -0.04157457896300791 0 1.0922207544564291
v -0.04157457896300791 0.10000000000000003 1.0922207544564291
v -0.04157457896300791 0.20000000000000001 1.0922207544564291
v -0.031819805153394644 -0.20000000000000001 1.1068198051533946
v -0.031819805153394644 -0.10000000000000001 1.1068198051533946
v -0.031819805153394644 0 1.1068198051533946
v -0.031819805153394644 0.10000000000000003 1.1068198051533946
v -0.031819805153394644 0.20000000000000001 1.1068198051533946
v -0.017220754456429045 -0.20000000000000001 1.1165745789630077
v -0.017220754456429045 -0.10000000000000001 1.1165745789630077
v -0.017220754456429045 0 1.1165745789630077
v -0.017220754456429045 0.10000000000000003 1.1165745789630077
v -0.017220754456429045 0.20000000000000001 1.1165745789630077
v -2.7554552980815448e-18 -0.20000000000000001 1.1199999999999999
v -2.7554552980815448e-18 -0.10000000000000001 1.1199999999999999
v -2.7554552980815448e-18 0 1.1199999999999999
v -2.7554552980815448e-18 0.10000000000000003 1.1199999999999999
v -2.7554552980815448e-18 0.20000000000000001 1.1199999999999999
v 0.125 -0.20000000000000001 1.1200000000000001
v 0.125 -0.10000000000000001 1.1200000000000001
v 0.125 0 1.1200000000000001
v 0.125 0.10000000000000003 1.1200000000000001
v 0.125 0.20000000000000001 1.1200000000000001
v 0.25 -0.20000000000000001 1.1200000000000001
v 0.25 -0.10000000000000001 1.1200000000000001
v 0.25 0 1.1200000000000001
v 0.25 0.10000000000000003 1.1200000000000001
v 0.25 0.20000000000000001 1.1200000000000001
v 0.375 -0.20000000000000001 1.1200000000000001
v 0.375 -0.10000000000000001 1.1200000000000001
v 0.375 0 1.1200000000000001
v 0.375 0.10000000000000003 1.1200000000000001
v 0.375 0.20000000000000001 1.1200000000000001
v 0.5 -0.20000000000000001 1.1200000000000001
v 0.5 -0.10000000000000001 1.1200000000000001
v 0.5 0 1.1200000000000001
v 0.5 0.10000000000000003 1.1200000000000001
v 0.5 0.20000000000000001 1.1200000000000001
v 0.625 -0.20000000000000001 1.1200000000000001
v 0.625 -0.10000000000000001 1.1200000000000001
v 0.625 0 1.1200000000000001
v 0.625 0.10000000000000003 1.1200000000000001
v 0.625 0.20000000000000001 1.1200000000000001
v 0.75 -0.20000000000000001 1.1200000000000001
v 0.75 -0.10000000000000001 1.1200000000000001
v 0.75 0 1.1200000000000001
v 0.75 0.10000000000000003 1.1200000000000001
v 0.75 0.20000000000000001 1.1200000000000001
v 0.875 -0.20000000000000001 1.1200000000000001
v 0.875 -0.10000000000000001 1.1200000000000001
v 0.875 0 1.1200000000000001
v 0.875 0.10000000000000003 1.1200000000000001
v 0.875 0.20000000000000001 1.1200000000000001
v 1 -0.20000000000000001 1.1200000000000001
v 1 -0.10000000000000001 1.1200000000000001
v 1 0 1.1200000000000001
v 1 0.10000000000000003 1.1200000000000001
v 1 0.20000000000000001 1.1200000000000001
v 1.0019134171618254 -0.20000000000000001 1.1203806023374436
v 1.0019134171618254 -0.10000000000000001 1.1203806023374436
v 1.0019134171618254 0 1.1203806023374436
v 1.0019134171618254 0.10000000000000003 1.1203806023374436
v 1.0019134171618254 0.20000000000000001 1.1203806023374436
v 1.0035355339059326 -0.20000000000000001 1.1214644660940674
v 1.0035355339059326 -0.10000000000000001 1.1214644660940674
v 1.0035355339059326 0 1.1214644660940674
v 1.0035355339059326 0.10000000000000003 1.1214644660940674
v 1.0035355339059326 0.20000000000000001 1.1214644660940674
v 1.0046193976625564 -0.20000000000000001 1.1230865828381746
v 1.0046193976625564 -0.10000000000000001 1.1230865828381746
v 1.0046193976625564 0 1.1230865828381746
v 1.0046193976625564 0.10000000000000003 1.1230865828381746
v 1.0046193976625564 0.20000000000000001 1.1230865828381746
v 1.0049999999999999 -0.20000000000000001 1.125
v 1.0049999999999999 -0.10000000000000001 1.125
v 1.0049999999999999 0 1.125
v 1.0049999999999999 0.10000000000000003 1.125
v 1.0049999999999999 0.20000000000000001 1.125
v 1.0046193976625564 -0.20000000000000001 1.1269134171618254
v 1.0046193976625564 -0.10000000000000001 1.1269134171618254
v 1.0046193976625564 0 1.1269134171618254
v 1.0046193976625564 0.10000000000000003 1.1269134171618254
v 1.0046193976625564 0.20000000000000001 1.1269134171618254
v 1.0035355339059326 -0.20000000000000001 1.1285355339059326
v 1.0035355339059326 -0.10000000000000001 1.1285355339059326
v 1.0035355339059326 0 1.1285355339059326
v 1.0035355339059326 0.10000000000000003 1.1285355339059326
v 1.0035355339059326 0.20000000000000001 1.1285355339059326
v 1.0019134171618254 -0.20000000000000001 1.1296193976625564
v 1.0019134171618254 -0.10000000000000001 1.1296193976625564
v 1.0019134171618254 0 1.1296193976625564
v 1.0019134171618254 0.10000000000000003 1.1296193976625564
v 1.0019134171618254 0.20000000000000001 1.1296193976625564
v 1 -0.20000000000000001 1.1299999999999999
v 1 -0.10000000000000001 1.1299999999999999
v 1 0 1.1299999999999999
v 1 0.10000000000000003 1.1299999999999999
v 1 0.20000000000000001 1.1299999999999999
v 0.875 -0.20000000000000001 1.1300000000000001
v 0.875 -0.10000000000000001 1.1300000000000001
v 0.875 0 1.1300000000000001
v 0.875 0.10000000000000003 1.1300000000000001
v 0.875 0.20000000000000001 1.1300000000000001
v 0.75 -0.20000000000000001 1.1300000000000001
v 0.75 -0.10000000000000001 1.1300000000000001
v 0.75 0 1.1300000000000001
v 0.75 0.10000000000000003 1.1300000000000001
v 0.75 0.20000000000000001 1.1300000000000001
v 0.625 -0.20000000000000001 1.1300000000000001
v 0.625 -0.10000000000000001 1.1300000000000001
v 0.625 0 1.1300000000000001
v 0.625 0.10000000000000003 1.1300000000000001
v 0.625 0.20000000000000001 1.1300000000000001
v 0.5 -0.20000000000000001 1.1300000000000001
v 0.5 -0.10000000000000001 1.1300000000000001
v 0.5 0 1.1300000000000001
v 0.5 0.10000000000000003 1.1300000000000001
v 0.5 0.20000000000000001 1.1300000000000001
v 0.375 -0.20000000000000001 1.1300000000000001
v 0.375 -0.10000000000000001 1.1300000000000001
v 0.375 0 1.1300000000000001
v 0.375 0.10000000000000003 1.1300000000000001
v 0.375 0.20000000000000001 1.1300000000000001
v 0.25 -0.20000000000000001 1.1300000000000001
v 0.25 -0.10000000000000001 1.1300000000000001
v 0.25 0 1.1300000000000001
v 0.25 0.10000000000000003 1.1300000000000001
v 0.25 0.20000000000000001 1.1300000000000001
v 0.125 -0.20000000000000001 1.1300000000000001
v 0.125 -0.10000000000000001 1.1300000000000001
v 0.125 0 1.1300000000000001
v 0.125 0.10000000000000003 1.1300000000000001
v 0.125 0.20000000000000001 1.1300000000000001
v 0 -0.20000000000000001 1.1300000000000001
v 0 -0.10000000000000001 1.1300000000000001
v 0 0 1.1300000000000001
v 0 0.10000000000000003 1.1300000000000001
v 0 0.20000000000000001 1.1300000000000001
v 0 -0.20000000000000001 -0.02
v 0 -0.10000000000000001 -0.02
v 0 0 -0.02
v 0 0.10000000000000003 -0.02
v 0 0.20000000000000001 -0.02
v 0.125 -0.20000000000000001 -0.02
v 0.125 -0.10000000000000001 -0.02
v 0.125 0 -0.02
v 0.125 0.10000000000000003 -0.02
v 0.125 0.20000000000000001 -0.02
v 0.25 -0.20000000000000001 -0.02
v 0.25 -0.10000000000000001 -0.02
v 0.25 0 -0.02
v 0.25 0.10000000000000003 -0.02
v 0.25 0.20000000000000001 -0.02
v 0.375 -0.20000000000000001 -0.02
v 0.375 -0.10000000000000001 -0.02
v 0.375 0 -0.02
v 0.375 0.10000000000000003 -0.02
v 0.375 0.20000000000000001 -0.02
v 0.5 -0.20000000000000001 -0.02
v 0.5 -0.10000000000000001 -0.02
v 0.5 0 -0.02
v 0.5 0.10000000000000003 -0.02
v 0.5 0.20000000000000001 -0.02
v 0.625 -0.20000000000000001 -0.02
v 0.625 -0.10000000000000001 -0.02
v 0.625 0 -0.02
v 0.625 0.10000000000000003 -0.02
v 0.625 0.20000000000000001 -0.02
v 0.75 -0.20000000000000001 -0.02
v 0.75 -0.10000000000000001 -0.02
v 0.75 0 -0.02
v 0.75 0.10000000000000003 -0.02
v 0.75 0.20000000000000001 -0.02
v 0.875 -0.20000000000000001 -0.02
v 0.875 -0.10000000000000001 -0.02
v 0.875 0 -0.02
v 0.875 0.10000000000000003 -0.02
v 0.875 0.20000000000000001 -0.02
v 1 -0.20000000000000001 -0.02
v 1 -0.10000000000000001 -0.02
v 1 0 -0.02
v 1 0.10000000000000003 -0.02
v 1 0.20000000000000001 -0.02
v 1.0172207544564291 -0.20000000000000001 -0.016574578963007906
v 1.0172207544564291 -0.10000000000000001 -0.016574578963007906
v 1.0172207544564291 0 -0.016574578963007906
v 1.0172207544564291 0.10000000000000003 -0.016574578963007906
v 1.0172207544564291 0.20000000000000001 -0.016574578963007906
v 1.0318198051533947 -0.20000000000000001 -0.0068198051533946355
v 1.0318198051533947 -0.10000000000000001 -0.0068198051533946355
v 1.0318198051533947 0 -0.0068198051533946355
v 1.0318198051533947 0.10000000000000003 -0.0068198051533946355
v 1.0318198051533947 0.20000000000000001 -0.0068198051533946355
v 1.0415745789630078 -0.20000000000000001 0.0077792455435709597
v 1.0415745789630078 -0.10000000000000001 0.0077792455435709597
v 1.0415745789630078 0 0.0077792455435709597
v 1.0415745789630078 0.10000000000000003 0.0077792455435709597
v 1.0415745789630078 0.20000000000000001 0.0077792455435709597
v 1.0449999999999999 -0.20000000000000001 0.025000000000000001
v 1.0449999999999999 -0.10000000000000001 0.025000000000000001
v 1.0449999999999999 0 0.025000000000000001
v 1.0449999999999999 0.10000000000000003 0.025000000000000001
v 1.0449999999999999 0.20000000000000001 0.025000000000000001
v 1.0415745789630078 -0.20000000000000001 0.042220754456429047
v 1.0415745789630078 -0.10000000000000001 0.042220754456429047
v 1.0415745789630078 0 0.042220754456429047
v 1.0415745789630078 0.10000000000000003 0.042220754456429047
v 1.0415745789630078 0.20000000000000001 0.042220754456429047
v 1.0318198051533947 -0.20000000000000001 0.056819805153394638
v 1.0318198051533947 -0.10000000000000001 0.056819805153394638
v 1.0318198051533947 0 0.056819805153394638
v 1.0318198051533947 0.10000000000000003 0.056819805153394638
v 1.0318198051533947 0.20000000000000001 0.056819805153394638
v 1.0172207544564291 -0.20000000000000001 0.066574578963007905
v 1.0172207544564291 -0.10000000000000001 0.066574578963007905
v 1.0172207544564291 0 0.066574578963007905
v 1.0172207544564291 0.10000000000000003 0.066574578963007905
v 1.0172207544564291 0.20000000000000001 0.066574578963007905
v 1 -0.20000000000000001 0.070000000000000007
v 1 -0.10000000000000001 0.070000000000000007
v 1 0 0.070000000000000007
v 1 0.10000000000000003 0.070000000000000007
v 1 0.20000000000000001 0.070000000000000007
v 0.875 -0.20000000000000001 0.070000000000000007
v 0.875 -0.10000000000000001 0.070000000000000007
v 0.875 0 0.070000000000000007
v 0.875 0.10000000000000003 0.070000000000000007
v 0.875 0.20000000000000001 0.070000000000000007
v 0.75 -0.20000000000000001 0.070000000000000007
v 0.75 -0.10000000000000001 0.070000000000000007
v 0.75 0 0.070000000000000007
v 0.75 0.10000000000000003 0.070000000000000007
v 0.75 0.20000000000000001 0.070000000000000007
v 0.625 -0.20000000000000001 0.070000000000000007
v 0.625 -0.10000000000000001 0.070000000000000007
v 0.625 0 0.070000000000000007
v 0.625 0.10000000000000003 0.070000000000000007
v 0.625 0.20000000000000001 0.070000000000000007
v 0.5 -0.20000000000000001 0.070000000000000007
v 0.5 -0.10000000000000001 0.070000000000000007
v 0.5 0 0.070000000000000007
v 0.5 0.10000000000000003 0.070000000000000007
v 0.5 0.20000000000000001 0.070000000000000007
v 0.375 -0.20000000000000001 0.070000000000000007
v 0.375 -0.10000000000000001 0.070000000000000007
v 0.375 0 0.070000000000000007
v 0.375 0.10000000000000003 0.070000000000000007
v 0.375 0.20000000000000001 0.070000000000000007
v 0.25 -0.20000000000000001 0.070000000000000007
v 0.25 -0.10000000000000001 0.070000000000000007
v 0.25 0 0.070000000000000007
v 0.25 0.10000000000000003 0.070000000000000007
v 0.25 0.20000000000000001 0.070000000000000007
v 0.125 -0.20000000000000001 0.070000000000000007
v 0.125 -0.10000000000000001 0.070000000000000007
v 0.125 0 0.070000000000000007
v 0.125 0.10000000000000003 0.070000000000000007
v 0.125 0.20000000000000001 0.070000000000000007
v 0 -0.20000000000000001 0.070000000000000007
v 0 -0.10000000000000001 0.070000000000000007
v 0 0 0.070000000000000007
v 0 0.10000000000000003 0.070000000000000007
v 0 0.20000000000000001 0.070000000000000007
v -0.0019134171618254503 -0.20000000000000001 0.070380602337443574
v -0.0019134171618254503 -0.10000000000000001 0.070380602337443574
v -0.0019134171618254503 0 0.070380602337443574
v -0.0019134171618254503 0.10000000000000003 0.070380602337443574
v -0.0019134171618254503 0.20000000000000001 0.070380602337443574
v -0.003535533905932739 -0.20000000000000001 0.071464466094067272
v -0.003535533905932739 -0.10000000000000001 0.071464466094067272
v -0.003535533905932739 0 0.071464466094067272
v -0.003535533905932739 0.10000000000000003 0.071464466094067272
v -0.003535533905932739 0.20000000000000001 0.071464466094067272
v -0.0046193976625564341 -0.20000000000000001 0.073086582838174569
v -0.0046193976625564341 -0.10000000000000001 0.073086582838174569
v -0.0046193976625564341 0 0.073086582838174569
v -0.0046193976625564341 0.10000000000000003 0.073086582838174569
v -0.0046193976625564341 0.20000000000000001 0.073086582838174569
v -0.005000000000000001 -0.20000000000000001 0.075000000000000011
v -0.005000000000000001 -0.10000000000000001 0.075000000000000011
v -0.005000000000000001 0 0.075000000000000011
v -0.005000000000000001 0.10000000000000003 0.075000000000000011
v -0.005000000000000001 0.20000000000000001 0.075000000000000011
v -0.0046193976625564341 -0.20000000000000001 0.076913417161825454
v -0.0046193976625564341 -0.10000000000000001 0.076913417161825454
v -0.0046193976625564341 0 0.076913417161825454
v -0.0046193976625564341 0.10000000000000003 0.076913417161825454
v -0.0046193976625564341 0.20000000000000001 0.076913417161825454
v -0.003535533905932739 -0.20000000000000001 0.078535533905932736
v -0.003535533905932739 -0.10000000000000001 0.078535533905932736
v -0.003535533905932739 0 0.078535533905932736
v -0.003535533905932739 0.10000000000000003 0.078535533905932736
v -0.003535533905932739 0.20000000000000001 0.078535533905932736
v -0.0019134171618254503 -0.20000000000000001 0.079619397662556449
v -0.0019134171618254503 -0.10000000000000001 0.079619397662556449
v -0.0019134171618254503 0 0.079619397662556449
v -0.0019134171618254503 0.10000000000000003 0.079619397662556449
v -0.0019134171618254503 0.20000000000000001 0.079619397662556449
v -3.0616169978683839e-19 -0.20000000000000001 0.080000000000000002
v -3.0616169978683839e-19 -0.10000000000000001 0.080000000000000002
v -3.0616169978683839e-19 0 0.080000000000000002
v -3.0616169978683839e-19 0.10000000000000003 0.080000000000000002
v -3.0616169978683839e-19 0.20000000000000001 0.080000000000000002
v 0.125 -0.20000000000000001 0.080000000000000002
v 0.125 -0.10000000000000001 0.080000000000000002
v 0.125 0 0.080000000000000002
v 0.125 0.10000000000000003 0.080000000000000002
v 0.125 0.20000000000000001 0.080000000000000002
v 0.25 -0.20000000000000001 0.080000000000000002
v 0.25 -0.10000000000000001 0.080000000000000002
v 0.25 0 0.080000000000000002
v 0.25 0.10000000000000003 0.080000000000000002
v 0.25 0.20000000000000001 0.080000000000000002
v 0.375 -0.20000000000000001 0.080000000000000002
v 0.375 -0.10000000000000001 0.080000000000000002
v 0.375 0 0.080000000000000002
v 0.375 0.10000000000000003 0.080000000000000002
v 0.375 0.20000000000000001 0.080000000000000002
v 0.5 -0.20000000000000001 0.080000000000000002
v 0.5 -0.10000000000000001 0.080000000000000002
v 0.5 0 0.080000000000000002
v 0.5 0.10000000000000003 0.080000000000000002
v 0.5 0.20000000000000001 0.080000000000000002
v 0.625 -0.20000000000000001 0.080000000000000002
v 0.625 -0.10000000000000001 0.080000000000000002
v 0.625 0 0.080000000000000002
v 0.625 0.10000000000000003 0.080000000000000002
v 0.625 0.20000000000000001 0.080000000000000002
v 0.75 -0.20000000000000001 0.080000000000000002
v 0.75 -0.10000000000000001 0.080000000000000002
v 0.75 0 0.080000000000000002
v 0.75 0.10000000000000003 0.080000000000000002
v 0.75 0.20000000000000001 0.080000000000000002
v 0.875 -0.20000000000000001 0.080000000000000002
v 0.875 -0.10000000000000001 0.080000000000000002
v 0.875 0 0.080000000000000002
v 0.875 0.10000000000000003 0.080000000000000002
v 0.875 0.20000000000000001 0.080000000000000002
v 1 -0.20000000000000001 0.080000000000000002
v 1 -0.10000000000000001 0.080000000000000002
v 1 0 0.080000000000000002
v 1 0.10000000000000003 0.080000000000000002
v 1 0.20000000000000001 0.080000000000000002
v 1.0172207544564291 -0.20000000000000001 0.08342542103699209
v 1.0172207544564291 -0.10000000000000001 0.08342542103699209
v 1.0172207544564291 0 0.08342542103699209
v 1.0172207544564291 0.10000000000000003 0.08342542103699209
v 1.0172207544564291 0.20000000000000001 0.08342542103699209
v 1.0318198051533947 -0.20000000000000001 0.093180194846605363
v 1.0318198051533947 -0.10000000000000001 0.093180194846605363
v 1.0318198051533947 0 0.093180194846605363
v 1.0318198051533947 0.10000000000000003 0.093180194846605363
v 1.0318198051533947 0.20000000000000001 0.093180194846605363
v 1.0415745789630078 -0.20000000000000001 0.10777924554357096
v 1.0415745789630078 -0.10000000000000001 0.10777924554357096
v 1.0415745789630078 0 0.10777924554357096
v 1.0415745789630078 0.10000000000000003 0.10777924554357096
v 1.0415745789630078 0.20000000000000001 0.10777924554357096
v 1.0449999999999999 -0.20000000000000001 0.125
v 1.0449999999999999 -0.10000000000000001 0.125
v 1.0449999999999999 0 0.125
v 1.0449999999999999 0.10000000000000003 0.125
v 1.0449999999999999 0.20000000000000001 0.125
v 1.0415745789630078 -0.20000000000000001 0.14222075445642904
v 1.0415745789630078 -0.10000000000000001 0.14222075445642904
v 1.0415745789630078 0 0.14222075445642904
v 1.0415745789630078 0.10000000000000003 0.14222075445642904
v 1.0415745789630078 0.20000000000000001 0.14222075445642904
v 1.0318198051533947 -0.20000000000000001 0.15681980515339464
v 1.0318198051533947 -0.10000000000000001 0.15681980515339464
v 1.0318198051533947 0 0.15681980515339464
v 1.0318198051533947 0.10000000000000003 0.15681980515339464
v 1.0318198051533947 0.20000000000000001 0.15681980515339464
v 1.0172207544564291 -0.20000000000000001 0.16657457896300792
v 1.0172207544564291 -0.10000000000000001 0.16657457896300792
v 1.0172207544564291 0 0.16657457896300792
v 1.0172207544564291 0.10000000000000003 0.16657457896300792
v 1.0172207544564291 0.20000000000000001 0.16657457896300792
v 1 -0.20000000000000001 0.16999999999999998
v 1 -0.10000000000000001 0.16999999999999998
v 1 0 0.16999999999999998
v 1 0.10000000000000003 0.16999999999999998
v 1 0.20000000000000001 0.16999999999999998
v 0.875 -0.20000000000000001 0.17000000000000001
v 0.875 -0.10000000000000001 0.17000000000000001
v 0.875 0 0.17000000000000001
v 0.875 0.10000000000000003 0.17000000000000001
v 0.875 0.20000000000000001 0.17000000000000001
v 0.75 -0.20000000000000001 0.17000000000000001
v 0.75 -0.10000000000000001 0.17000000000000001
v 0.75 0 0.17000000000000001
v 0.75 0.10000000000000003 0.17000000000000001
v 0.75 0.20000000000000001 0.17000000000000001
v 0.625 -0.20000000000000001 0.17000000000000001
v 0.625 -0.10000000000000001 0.17000000000000001
v 0.625 0 0.17000000000000001
v 0.625 0.10000000000000003 0.17000000000000001
v 0.625 0.20000000000000001 0.17000000000000001
v 0.5 -0.20000000000000001 0.17000000000000001
v 0.5 -0.10000000000000001 0.17000000000000001
v 0.5 0 0.17000000000000001
v 0.5 0.10000000000000003 0.17000000000000001
v 0.5 0.20000000000000001 0.17000000000000001
v 0.375 -0.20000000000000001 0.17000000000000001
v 0.375 -0.10000000000000001 0.17000000000000001
v 0.375 0 0.17000000000000001
v 0.375 0.10000000000000003 0.17000000000000001
v 0.375 0.20000000000000001 0.17000000000000001
v 0.25 -0.20000000000000001 0.17000000000000001
v 0.25 -0.10000000000000001 0.17000000000000001
v 0.25 0 0.17000000000000001
v 0.25 0.10000000000000003 0.17000000000000001
v 0.25 0.20000000000000001 0.17000000000000001
v 0.125 -0.20000000000000001 0.17000000000000001
v 0.125 -0.10000000000000001 0.17000000000000001
v 0.125 0 0.17000000000000001
v 0.125 0.10000000000000003 0.17000000000000001
v 0.125 0.20000000000000001 0.17000000000000001
v 0 -0.20000000000000001 0.17000000000000001
v 0 -0.10000000000000001 0.17000000000000001
v 0 0 0.17000000000000001
v 0 0.10000000000000003 0.17000000000000001
v 0 0.20000000000000001 0.17000000000000001
v -0.0019134171618254503 -0.20000000000000001 0.17038060233744357
v -0.0019134171618254503 -0.10000000000000001 0.17038060233744357
v -0.0019134171618254503 0 0.17038060233744357
v -0.0019134171618254503 0.10000000000000003 0.17038060233744357
v -0.0019134171618254503 0.20000000000000001 0.17038060233744357
v -0.003535533905932739 -0.20000000000000001 0.17146446609406729
v -0.003535533905932739 -0.10000000000000001 0.17146446609406729
v -0.003535533905932739 0 0.17146446609406729
v -0.003535533905932739 0.10000000000000003 0.17146446609406729
v -0.003535533905932739 0.20000000000000001 0.17146446609406729
v -0.0046193976625564341 -0.20000000000000001 0.17308658283817457
v -0.0046193976625564341 -0.10000000000000001 0.17308658283817457
v -0.0046193976625564341 0 0.17308658283817457
v -0.0046193976625564341 0.10000000000000003 0.17308658283817457
v -0.0046193976625564341 0.20000000000000001 0.17308658283817457
v -0.005000000000000001 -0.20000000000000001 0.17500000000000002
v -0.005000000000000001 -0.10000000000000001 0.17500000000000002
v -0.005000000000000001 0 0.17500000000000002
v -0.005000000000000001 0.10000000000000003 0.17500000000000002
v -0.005000000000000001 0.20000000000000001 0.17500000000000002
v -0.0046193976625564341 -0.20000000000000001 0.17691341716182546
v -0.0046193976625564341 -0.10000000000000001 0.17691341716182546
v -0.0046193976625564341 0 0.17691341716182546
v -0.0046193976625564341 0.10000000000000003 0.17691341716182546
v -0.0046193976625564341 0.20000000000000001 0.17691341716182546
v -0.003535533905932739 -0.20000000000000001 0.17853553390593274
v -0.003535533905932739 -0.10000000000000001 0.17853553390593274
v -0.003535533905932739 0 0.17853553390593274
v -0.003535533905932739 0.10000000000000003 0.17853553390593274
v -0.003535533905932739 0.20000000000000001 0.17853553390593274
v -0.0019134171618254503 -0.20000000000000001 0.17961939766255647
v -0.0019134171618254503 -0.10000000000000001 0.17961939766255647
v -0.0019134171618254503 0 0.17961939766255647
v -0.0019134171618254503 0.10000000000000003 0.17961939766255647
v -0.0019134171618254503 0.20000000000000001 0.17961939766255647
v -3.0616169978683839e-19 -0.20000000000000001 0.18000000000000002
v -3.0616169978683839e-19 -0.10000000000000001 0.18000000000000002
v -3.0616169978683839e-19 0 0.18000000000000002
v -3.0616169978683839e-19 0.10000000000000003 0.18000000000000002
v -3.0616169978683839e-19 0.20000000000000001 0.18000000000000002
v 0.125 -0.20000000000000001 0.18000000000000002
v 0.125 -0.10000000000000001 0.18000000000000002
v 0.125 0 0.18000000000000002
v 0.125 0.10000000000000003 0.18000000000000002
v 0.125 0.20000000000000001 0.18000000000000002
v 0.25 -0.20000000000000001 0.18000000000000002
v 0.25 -0.10000000000000001 0.18000000000000002
v 0.25 0 0.18000000000000002
v 0.25 0.10000000000000003 0.18000000000000002
v 0.25 0.20000000000000001 0.18000000000000002
v 0.375 -0.20000000000000001 0.18000000000000002
v 0.375 -0.10000000000000001 0.18000000000000002
v 0.375 0 0.18000000000000002
v 0.375 0.10000000000000003 0.18000000000000002
v 0.375 0.20000000000000001 0.18000000000000002
v 0.5 -0.20000000000000001 0.18000000000000002
v 0.5 -0.10000000000000001 0.18000000000000002
v 0.5 0 0.18000000000000002
v 0.5 0.10000000000000003 0.18000000000000002
v 0.5 0.20000000000000001 0.18000000000000002
v 0.625 -0.20000000000000001 0.18000000000000002
v 0.625 -0.10000000000000001 0.18000000000000002
v 0.625 0 0.18000000000000002
v 0.625 0.10000000000000003 0.18000000000000002
v 0.625 0.20000000000000001 0.18000000000000002
v 0.75 -0.20000000000000001 0.18000000000000002
v 0.75 -0.10000000000000001 0.18000000000000002
v 0.75 0 0.18000000000000002
v 0.75 0.10000000000000003 0.18000000000000002
v 0.75 0.20000000000000001 0.18000000000000002
v 0.875 -0.20000000000000001 0.18000000000000002
v 0.875 -0.10000000000000001 0.18000000000000002
v 0.875 0 0.18000000000000002
v 0.875 0.10000000000000003 0.18000000000000002
v 0.875 0.20000000000000001 0.18000000000000002
v 1 -0.20000000000000001 0.18000000000000002
v 1 -0.10000000000000001 0.18000000000000002
v 1 0 0.18000000000000002
v 1 0.10000000000000003 0.18000000000000002
v 1 0.20000000000000001 0.18000000000000002
v 1.0172207544564291 -0.20000000000000001 0.18342542103699211
v 1.0172207544564291 -0.10000000000000001 0.18342542103699211
v 1.0172207544564291 0 0.18342542103699211
v 1.0172207544564291 0.10000000000000003 0.18342542103699211
v 1.0172207544564291 0.20000000000000001 0.18342542103699211
v 1.0318198051533947 -0.20000000000000001 0.19318019484660537
v 1.0318198051533947 -0.10000000000000001 0.19318019484660537
v 1.0318198051533947 0 0.19318019484660537
v 1.0318198051533947 0.10000000000000003 0.19318019484660537
v 1.0318198051533947 0.20000000000000001 0.19318019484660537
v 1.0415745789630078 -0.20000000000000001 0.20777924554357097
v 1.0415745789630078 -0.10000000000000001 0.20777924554357097
v 1.0415745789630078 0 0.20777924554357097
v 1.0415745789630078 0.10000000000000003 0.20777924554357097
v 1.0415745789630078 0.20000000000000001 0.20777924554357097
v 1.0449999999999999 -0.20000000000000001 0.22500000000000001
v 1.0449999999999999 -0.10000000000000001 0.22500000000000001
v 1.0449999999999999 0 0.22500000000000001
v 1.0449999999999999 0.10000000000000003 0.22500000000000001
v 1.0449999999999999 0.20000000000000001 0.22500000000000001
v 1.0415745789630078 -0.20000000000000001 0.24222075445642904
v 1.0415745789630078 -0.10000000000000001 0.24222075445642904
v 1.0415745789630078 0 0.24222075445642904
v 1.0415745789630078 0.10000000000000003 0.24222075445642904
v 1.0415745789630078 0.20000000000000001 0.24222075445642904
v 1.0318198051533947 -0.20000000000000001 0.25681980515339464
v 1.0318198051533947 -0.10000000000000001 0.25681980515339464
v 1.0318198051533947 0 0.25681980515339464
v 1.0318198051533947 0.10000000000000003 0.25681980515339464
v 1.0318198051533947 0.20000000000000001 0.25681980515339464
v 1.0172207544564291 -0.20000000000000001 0.2665745789630079
v 1.0172207544564291 -0.10000000000000001 0.2665745789630079
v 1.0172207544564291 0 0.2665745789630079
v 1.0172207544564291 0.10000000000000003 0.2665745789630079
v 1.0172207544564291 0.20000000000000001 0.2665745789630079
v 1 -0.20000000000000001 0.27000000000000002
v 1 -0.10000000000000001 0.27000000000000002
v 1 0 0.27000000000000002
v 1 0.10000000000000003 0.27000000000000002
v 1 0.20000000000000001 0.27000000000000002
v 0.875 -0.20000000000000001 0.27000000000000002
v 0.875 -0.10000000000000001 0.27000000000000002
v 0.875 0 0.27000000000000002
v 0.875 0.10000000000000003 0.27000000000000002
v 0.875 0.20000000000000001 0.27000000000000002
v 0.75 -0.20000000000000001 0.27000000000000002
v 0.75 -0.10000000000000001 0.27000000000000002
v 0.75 0 0.27000000000000002
v 0.75 0.10000000000000003 0.27000000000000002
v 0.75 0.20000000000000001 0.27000000000000002
v 0.625 -0.20000000000000001 0.27000000000000002
v 0.625 -0.10000000000000001 0.27000000000000002
v 0.625 0 0.27000000000000002
v 0.625 0.10000000000000003 0.27000000000000002
v 0.625 0.20000000000000001 0.27000000000000002
v 0.5 -0.20000000000000001 0.27000000000000002
v 0.5 -0.10000000000000001 0.27000000000000002
v 0.5 0 0.27000000000000002
v 0.5 0.10000000000000003 0.27000000000000002
v 0.5 0.20000000000000001 0.27000000000000002
v 0.375 -0.20000000000000001 0.27000000000000002
v 0.375 -0.10000000000000001 0.27000000000000002
v 0.375 0 0.27000000000000002
v 0.375 0.10000000000000003 0.27000000000000002
v 0.375 0.20000000000000001 0.27000000000000002
v 0.25 -0.20000000000000001 0.27000000000000002
v 0.25 -0.10000000000000001 0.27000000000000002
v 0.25 0 0.27000000000000002
v 0.25 0.10000000000000003 0.27000000000000002
v 0.25 0.20000000000000001 0.27000000000000002
v 0.125 -0.20000000000000001 0.27000000000000002
v 0.125 -0.10000000000000001 0.27000000000000002
v 0.125 0 0.27000000000000002
v 0.125 0.10000000000000003 0.27000000000000002
v 0.125 0.20000000000000001 0.27000000000000002
v 0 -0.20000000000000001 0.27000000000000002
v 0 -0.10000000000000001 0.27000000000000002
v 0 0 0.27000000000000002
v 0 0.10000000000000003 0.27000000000000002
v 0 0.20000000000000001 0.27000000000000002
v -0.0019134171618254503 -0.20000000000000001 0.2703806023374436
v -0.0019134171618254503 -0.10000000000000001 0.2703806023374436
v -0.0019134171618254503 0 0.2703806023374436
v -0.0019134171618254503 0.10000000000000003 0.2703806023374436
v -0.0019134171618254503 0.20000000000000001 0.2703806023374436
v -0.003535533905932739 -0.20000000000000001 0.27146446609406727
v -0.003535533905932739 -0.10000000000000001 0.27146446609406727
v -0.003535533905932739 0 0.27146446609406727
v -0.003535533905932739 0.10000000000000003 0.27146446609406727
v -0.003535533905932739 0.20000000000000001 0.27146446609406727
v -0.0046193976625564341 -0.20000000000000001 0.27308658283817455
v -0.0046193976625564341 -0.10000000000000001 0.27308658283817455
v -0.0046193976625564341 0 0.27308658283817455
v -0.0046193976625564341 0.10000000000000003 0.27308658283817455
v -0.0046193976625564341 0.20000000000000001 0.27308658283817455
v -0.005000000000000001 -0.20000000000000001 0.27500000000000002
v -0.005000000000000001 -0.10000000000000001 0.27500000000000002
v -0.005000000000000001 0 0.27500000000000002
v -0.005000000000000001 0.10000000000000003 0.27500000000000002
v -0.005000000000000001 0.20000000000000001 0.27500000000000002
v -0.0046193976625564341 -0.20000000000000001 0.27691341716182549
v -0.0046193976625564341 -0.10000000000000001 0.27691341716182549
v -0.0046193976625564341 0 0.27691341716182549
v -0.0046193976625564341 0.10000000000000003 0.27691341716182549
v -0.0046193976625564341 0.20000000000000001 0.27691341716182549
v -0.003535533905932739 -0.20000000000000001 0.27853553390593278
v -0.003535533905932739 -0.10000000000000001 0.27853553390593278
v -0.003535533905932739 0 0.27853553390593278
v -0.003535533905932739 0.10000000000000003 0.27853553390593278
v -0.003535533905932739 0.20000000000000001 0.27853553390593278
v -0.0019134171618254503 -0.20000000000000001 0.27961939766255645
v -0.0019134171618254503 -0.10000000000000001 0.27961939766255645
v -0.0019134171618254503 0 0.27961939766255645
v -0.0019134171618254503 0.10000000000000003 0.27961939766255645
v -0.0019134171618254503 0.20000000000000001 0.27961939766255645
v -3.0616169978683839e-19 -0.20000000000000001 0.28000000000000003
v -3.0616169978683839e-19 -0.10000000000000001 0.28000000000000003
v -3.0616169978683839e-19 0 0.28000000000000003
v -3.0616169978683839e-19 0.10000000000000003 0.28000000000000003
v -3.0616169978683839e-19 0.20000000000000001 0.28000000000000003
v 0.125 -0.20000000000000001 0.28000000000000003
v 0.125 -0.10000000000000001 0.28000000000000003
v 0.125 0 0.28000000000000003
v 0.125 0.10000000000000003 0.28000000000000003
v 0.125 0.20000000000000001 0.28000000000000003
v 0.25 -0.20000000000000001 0.28000000000000003
v 0.25 -0.10000000000000001 0.28000000000000003
v 0.25 0 0.28000000000000003
v 0.25 0.10000000000000003 0.28000000000000003
v 0.25 0.20000000000000001 0.28000000000000003
v 0.375 -0.20000000000000001 0.28000000000000003
v 0.375 -0.10000000000000001 0.28000000000000003
v 0.375 0 0.28000000000000003
v 0.375 0.10000000000000003 0.28000000000000003
v 0.375 0.20000000000000001 0.28000000000000003
v 0.5 -0.20000000000000001 0.28000000000000003
v 0.5 -0.10000000000000001 0.28000000000000003
v 0.5 0 0.28000000000000003
v 0.5 0.10000000000000003 0.28000000000000003
v 0.5 0.20000000000000001 0.28000000000000003
v 0.625 -0.20000000000000001 0.28000000000000003
v 0.625 -0.10000000000000001 0.28000000000000003
v 0.625 0 0.28000000000000003
v 0.625 0.10000000000000003 0.28000000000000003
v 0.625 0.20000000000000001 0.28000000000000003
v 0.75 -0.20000000000000001 0.28000000000000003
v 0.75 -0.10000000000000001 0.28000000000000003
v 0.75 0 0.28000000000000003
v 0.75 0.10000000000000003 0.28000000000000003
v 0.75 0.20000000000000001 0.28000000000000003
v 0.875 -0.20000000000000001 0.28000000000000003
v 0.875 -0.10000000000000001 0.28000000000000003
v 0.875 0 0.28000000000000003
v 0.875 0.10000000000000003 0.28000000000000003
v 0.875 0.20000000000000001 0.28000000000000003
v 1 -0.20000000000000001 0.28000000000000003
v 1 -0.10000000000000001 0.28000000000000003
v 1 0 0.28000000000000003
v 1 0.10000000000000003 0.28000000000000003
v 1 0.20000000000000001 0.28000000000000003
v 1.0172207544564291 -0.20000000000000001 0.28342542103699214
v 1.0172207544564291 -0.10000000000000001 0.28342542103699214
v 1.0172207544564291 0 0.28342542103699214
v 1.0172207544564291 0.10000000000000003 0.28342542103699214
v 1.0172207544564291 0.20000000000000001 0.28342542103699214
v 1.0318198051533947 -0.20000000000000001 0.2931801948466054
v 1.0318198051533947 -0.10000000000000001 0.2931801948466054
v 1.0318198051533947 0 0.2931801948466054
v 1.0318198051533947 0.10000000000000003 0.2931801948466054
v 1.0318198051533947 0.20000000000000001 0.2931801948466054
v 1.0415745789630078 -0.20000000000000001 0.30777924554357106
v 1.0415745789630078 -0.10000000000000001 0.30777924554357106
v 1.0415745789630078 0 0.30777924554357106
v 1.0415745789630078 0.10000000000000003 0.30777924554357106
v 1.0415745789630078 0.20000000000000001 0.30777924554357106
v 1.0449999999999999 -0.20000000000000001 0.32500000000000007
v 1.0449999999999999 -0.10000000000000001 0.32500000000000007
v 1.0449999999999999 0 0.32500000000000007
v 1.0449999999999999 0.10000000000000003 0.32500000000000007
v 1.0449999999999999 0.20000000000000001 0.32500000000000007
v 1.0415745789630078 -0.20000000000000001 0.34222075445642908
v 1.0415745789630078 -0.10000000000000001 0.34222075445642908
v 1.0415745789630078 0 0.34222075445642908
v 1.0415745789630078 0.10000000000000003 0.34222075445642908
v 1.0415745789630078 0.20000000000000001 0.34222075445642908
v 1.0318198051533947 -0.20000000000000001 0.35681980515339473
v 1.0318198051533947 -0.10000000000000001 0.35681980515339473
v 1.0318198051533947 0 0.35681980515339473
v 1.0318198051533947 0.10000000000000003 0.35681980515339473
v 1.0318198051533947 0.20000000000000001 0.35681980515339473
v 1.0172207544564291 -0.20000000000000001 0.36657457896300799
v 1.0172207544564291 -0.10000000000000001 0.36657457896300799
v 1.0172207544564291 0 0.36657457896300799
v 1.0172207544564291 0.10000000000000003 0.36657457896300799
v 1.0172207544564291 0.20000000000000001 0.36657457896300799
v 1 -0.20000000000000001 0.37000000000000011
v 1 -0.10000000000000001 0.37000000000000011
v 1 0 0.37000000000000011
v 1 0.10000000000000003 0.37000000000000011
v 1 0.20000000000000001 0.37000000000000011
v 0.875 -0.20000000000000001 0.37000000000000005
v 0.875 -0.10000000000000001 0.37000000000000005
v 0.875 0 0.37000000000000005
v 0.875 0.10000000000000003 0.37000000000000005
v 0.875 0.20000000000000001 0.37000000000000005
v 0.75 -0.20000000000000001 0.37000000000000005
v 0.75 -0.10000000000000001 0.37000000000000005
v 0.75 0 0.37000000000000005
v 0.75 0.10000000000000003 0.37000000000000005
v 0.75 0.20000000000000001 0.37000000000000005
v 0.625 -0.20000000000000001 0.37000000000000005
v 0.625 -0.10000000000000001 0.37000000000000005
v 0.625 0 0.37000000000000005
v 0.625 0.10000000000000003 0.37000000000000005
v 0.625 0.20000000000000001 0.37000000000000005
v 0.5 -0.20000000000000001 0.37000000000000005
v 0.5 -0.10000000000000001 0.37000000000000005
v 0.5 0 0.37000000000000005
v 0.5 0.10000000000000003 0.37000000000000005
v 0.5 0.20000000000000001 0.37000000000000005
v 0.375 -0.20000000000000001 0.37000000000000005
v 0.375 -0.10000000000000001 0.37000000000000005
v 0.375 0 0.37000000000000005
v 0.375 0.10000000000000003 0.37000000000000005
v 0.375 0.20000000000000001 0.37000000000000005
v 0.25 -0.20000000000000001 0.37000000000000005
v 0.25 -0.10000000000000001 0.37000000000000005
v 0.25 0 0.37000000000000005
v 0.25 0.10000000000000003 0.37000000000000005
v 0.25 0.20000000000000001 0.37000000000000005
v 0.125 -0.20000000000000001 0.37000000000000005
v 0.125 -0.10000000000000001 0.37000000000000005
v 0.125 0 0.37000000000000005
v 0.125 0.10000000000000003 0.37000000000000005
v 0.125 0.20000000000000001 0.37000000000000005
v 0 -0.20000000000000001 0.37000000000000005
v 0 -0.10000000000000001 0.37000000000000005
v 0 0 0.37000000000000005
v 0 0.10000000000000003 0.37000000000000005
v 0 0.20000000000000001 0.37000000000000005
v -0.0019134171618254503 -0.20000000000000001 0.37038060233744363
v -0.0019134171618254503 -0.10000000000000001 0.37038060233744363
v -0.0019134171618254503 0 0.37038060233744363
v -0.0019134171618254503 0.10000000000000003 0.37038060233744363
v -0.0019134171618254503 0.20000000000000001 0.37038060233744363
v -0.003535533905932739 -0.20000000000000001 0.3714644660940673
v -0.003535533905932739 -0.10000000000000001 0.3714644660940673
v -0.003535533905932739 0 0.3714644660940673
v -0.003535533905932739 0.10000000000000003 0.3714644660940673
v -0.003535533905932739 0.20000000000000001 0.3714644660940673
v -0.0046193976625564341 -0.20000000000000001 0.37308658283817459
v -0.0046193976625564341 -0.10000000000000001 0.37308658283817459
v -0.0046193976625564341 0 0.37308658283817459
v -0.0046193976625564341 0.10000000000000003 0.37308658283817459
v -0.0046193976625564341 0.20000000000000001 0.37308658283817459
v -0.005000000000000001 -0.20000000000000001 0.37500000000000006
v -0.005000000000000001 -0.10000000000000001 0.37500000000000006
v -0.005000000000000001 0 0.37500000000000006
v -0.005000000000000001 0.10000000000000003 0.37500000000000006
v -0.005000000000000001 0.20000000000000001 0.37500000000000006
v -0.0046193976625564341 -0.20000000000000001 0.37691341716182553
v -0.0046193976625564341 -0.10000000000000001 0.37691341716182553
v -0.0046193976625564341 0 0.37691341716182553
v -0.0046193976625564341 0.10000000000000003 0.37691341716182553
v -0.0046193976625564341 0.20000000000000001 0.37691341716182553
v -0.003535533905932739 -0.20000000000000001 0.37853553390593281
v -0.003535533905932739 -0.10000000000000001 0.37853553390593281
v -0.003535533905932739 0 0.37853553390593281
v -0.003535533905932739 0.10000000000000003 0.37853553390593281
v -0.003535533905932739 0.20000000000000001 0.37853553390593281
v -0.0019134171618254503 -0.20000000000000001 0.37961939766255648
v -0.0019134171618254503 -0.10000000000000001 0.37961939766255648
v -0.0019134171618254503 0 0.37961939766255648
v -0.0019134171618254503 0.10000000000000003 0.37961939766255648
v -0.0019134171618254503 0.20000000000000001 0.37961939766255648
v -3.0616169978683839e-19 -0.20000000000000001 0.38000000000000006
v -3.0616169978683839e-19 -0.10000000000000001 0.38000000000000006
v -3.0616169978683839e-19 0 0.38000000000000006
v -3.0616169978683839e-19 0.10000000000000003 0.38000000000000006
v -3.0616169978683839e-19 0.20000000000000001 0.38000000000000006
v 0.125 -0.20000000000000001 0.38
v 0.125 -0.10000000000000001 0.38
v 0.125 0 0.38
v 0.125 0.10000000000000003 0.38
v 0.125 0.20000000000000001 0.38
v 0.25 -0.20000000000000001 0.38
v 0.25 -0.10000000000000001 0.38
v 0.25 0 0.38
v 0.25 0.10000000000000003 0.38
v 0.25 0.20000000000000001 0.38
v 0.375 -0.20000000000000001 0.38
v 0.375 -0.10000000000000001 0.38
v 0.375 0 0.38
v 0.375 0.10000000000000003 0.38
v 0.375 0.20000000000000001 0.38
v 0.5 -0.20000000000000001 0.38
v 0.5 -0.10000000000000001 0.38
v 0.5 0 0.38
v 0.5 0.10000000000000003 0.38
v 0.5 0.20000000000000001 0.38
v 0.625 -0.20000000000000001 0.38
v 0.625 -0.10000000000000001 0.38
v 0.625 0 0.38
v 0.625 0.10000000000000003 0.38
v 0.625 0.20000000000000001 0.38
v 0.75 -0.20000000000000001 0.38
v 0.75 -0.10000000000000001 0.38
v 0.75 0 0.38
v 0.75 0.10000000000000003 0.38
v 0.75 0.20000000000000001 0.38
v 0.875 -0.20000000000000001 0.38
v 0.875 -0.10000000000000001 0.38
v 0.875 0 0.38
v 0.875 0.10000000000000003 0.38
v 0.875 0.20000000000000001 0.38
v 1 -0.20000000000000001 0.38
v 1 -0.10000000000000001 0.38
v 1 0 0.38
v 1 0.10000000000000003 0.38
v 1 0.20000000000000001 0.38
v 1.0172207544564291 -0.20000000000000001 0.38342542103699212
v 1.0172207544564291 -0.10000000000000001 0.38342542103699212
v 1.0172207544564291 0 0.38342542103699212
v 1.0172207544564291 0.10000000000000003 0.38342542103699212
v 1.0172207544564291 0.20000000000000001 0.38342542103699212
v 1.0318198051533947 -0.20000000000000001 0.39318019484660538
v 1.0318198051533947 -0.10000000000000001 0.39318019484660538
v 1.0318198051533947 0 0.39318019484660538
v 1.0318198051533947 0.10000000000000003 0.39318019484660538
v 1.0318198051533947 0.20000000000000001 0.39318019484660538
v 1.0415745789630078 -0.20000000000000001 0.40777924554357103
v 1.0415745789630078 -0.10000000000000001 0.40777924554357103
v 1.0415745789630078 0 0.40777924554357103
v 1.0415745789630078 0.10000000000000003 0.40777924554357103
v 1.0415745789630078 0.20000000000000001 0.40777924554357103
v 1.0449999999999999 -0.20000000000000001 0.42500000000000004
v 1.0449999999999999 -0.10000000000000001 0.42500000000000004
v 1.0449999999999999 0 0.42500000000000004
v 1.0449999999999999 0.10000000000000003 0.42500000000000004
v 1.0449999999999999 0.20000000000000001 0.42500000000000004
v 1.0415745789630078 -0.20000000000000001 0.44222075445642905
v 1.0415745789630078 -0.10000000000000001 0.44222075445642905
v 1.0415745789630078 0 0.44222075445642905
v 1.0415745789630078 0.10000000000000003 0.44222075445642905
v 1.0415745789630078 0.20000000000000001 0.44222075445642905
v 1.0318198051533947 -0.20000000000000001 0.45681980515339471
v 1.0318198051533947 -0.10000000000000001 0.45681980515339471
v 1.0318198051533947 0 0.45681980515339471
v 1.0318198051533947 0.10000000000000003 0.45681980515339471
v 1.0318198051533947 0.20000000000000001 0.45681980515339471
v 1.0172207544564291 -0.20000000000000001 0.46657457896300797
v 1.0172207544564291 -0.10000000000000001 0.46657457896300797
v 1.0172207544564291 0 0.46657457896300797
v 1.0172207544564291 0.10000000000000003 0.46657457896300797
v 1.0172207544564291 0.20000000000000001 0.46657457896300797
v 1 -0.20000000000000001 0.47000000000000008
v 1 -0.10000000000000001 0.47000000000000008
v 1 0 0.47000000000000008
v 1 0.10000000000000003 0.47000000000000008
v 1 0.20000000000000001 0.47000000000000008
v 0.875 -0.20000000000000001 0.47000000000000003
v 0.875 -0.10000000000000001 0.47000000000000003
v 0.875 0 0.47000000000000003
v 0.875 0.10000000000000003 0.47000000000000003
v 0.875 0.20000000000000001 0.47000000000000003
v 0.75 -0.20000000000000001 0.47000000000000003
v 0.75 -0.10000000000000001 0.47000000000000003
v 0.75 0 0.47000000000000003
v 0.75 0.10000000000000003 0.47000000000000003
v 0.75 0.20000000000000001 0.47000000000000003
v 0.625 -0.20000000000000001 0.47000000000000003
v 0.625 -0.10000000000000001 0.47000000000000003
v 0.625 0 0.47000000000000003
v 0.625 0.10000000000000003 0.47000000000000003
v 0.625 0.20000000000000001 0.47000000000000003
v 0.5 -0.20000000000000001 0.47000000000000003
v 0.5 -0.10000000000000001 0.47000000000000003
v 0.5 0 0.47000000000000003
v 0.5 0.10000000000000003 0.47000000000000003
v 0.5 0.20000000000000001 0.47000000000000003
v 0.375 -0.20000000000000001 0.47000000000000003
v 0.375 -0.10000000000000001 0.47000000000000003
v 0.375 0 0.47000000000000003
v 0.375 0.10000000000000003 0.47000000000000003
v 0.375 0.20000000000000001 0.47000000000000003
v 0.25 -0.20000000000000001 0.47000000000000003
v 0.25 -0.10000000000000001 0.47000000000000003
v 0.25 0 0.47000000000000003
v 0.25 0.10000000000000003 0.47000000000000003
v 0.25 0.20000000000000001 0.47000000000000003
v 0.125 -0.20000000000000001 0.47000000000000003
v 0.125 -0.10000000000000001 0.47000000000000003
v 0.125 0 0.47000000000000003
v 0.125 0.10000000000000003 0.47000000000000003
v 0.125 0.20000000000000001 0.47000000000000003
v 0 -0.20000000000000001 0.47000000000000003
v 0 -0.10000000000000001 0.47000000000000003
v 0 0 0.47000000000000003
v 0 0.10000000000000003 0.47000000000000003
v 0 0.20000000000000001 0.47000000000000003
v -0.0019134171618254503 -0.20000000000000001 0.47038060233744361
v -0.0019134171618254503 -0.10000000000000001 0.47038060233744361
v -0.0019134171618254503 0 0.47038060233744361
v -0.0019134171618254503 0.10000000000000003 0.47038060233744361
v -0.0019134171618254503 0.20000000000000001 0.47038060233744361
v -0.003535533905932739 -0.20000000000000001 0.47146446609406728
v -0.003535533905932739 -0.10000000000000001 0.47146446609406728
v -0.003535533905932739 0 0.47146446609406728
v -0.003535533905932739 0.10000000000000003 0.47146446609406728
v -0.003535533905932739 0.20000000000000001 0.47146446609406728
v -0.0046193976625564341 -0.20000000000000001 0.47308658283817456
v -0.0046193976625564341 -0.10000000000000001 0.47308658283817456
v -0.0046193976625564341 0 0.47308658283817456
v -0.0046193976625564341 0.10000000000000003 0.47308658283817456
v -0.0046193976625564341 0.20000000000000001 0.47308658283817456
v -0.005000000000000001 -0.20000000000000001 0.47500000000000003
v -0.005000000000000001 -0.10000000000000001 0.47500000000000003
v -0.005000000000000001 0 0.47500000000000003
v -0.005000000000000001 0.10000000000000003 0.47500000000000003
v -0.005000000000000001 0.20000000000000001 0.47500000000000003
v -0.0046193976625564341 -0.20000000000000001 0.4769134171618255
v -0.0046193976625564341 -0.10000000000000001 0.4769134171618255
v -0.0046193976625564341 0 0.4769134171618255
v -0.0046193976625564341 0.10000000000000003 0.4769134171618255
v -0.0046193976625564341 0.20000000000000001 0.4769134171618255
v -0.003535533905932739 -0.20000000000000001 0.47853553390593279
v -0.003535533905932739 -0.10000000000000001 0.47853553390593279
v -0.003535533905932739 0 0.47853553390593279
v -0.003535533905932739 0.10000000000000003 0.47853553390593279
v -0.003535533905932739 0.20000000000000001 0.47853553390593279
v -0.0019134171618254503 -0.20000000000000001 0.47961939766255646
v -0.0019134171618254503 -0.10000000000000001 0.47961939766255646
v -0.0019134171618254503 0 0.47961939766255646
v -0.0019134171618254503 0.10000000000000003 0.47961939766255646
v -0.0019134171618254503 0.20000000000000001 0.47961939766255646
v -3.0616169978683839e-19 -0.20000000000000001 0.47999999999999998
v -3.0616169978683839e-19 -0.10000000000000001 0.47999999999999998
v -3.0616169978683839e-19 0 0.47999999999999998
v -3.0616169978683839e-19 0.10000000000000003 0.47999999999999998
v -3.0616169978683839e-19 0.20000000000000001 0.47999999999999998
v 0.125 -0.20000000000000001 0.47999999999999998
v 0.125 -0.10000000000000001 0.47999999999999998
v 0.125 0 0.47999999999999998
v 0.125 0.10000000000000003 0.47999999999999998
v 0.125 0.20000000000000001 0.47999999999999998
v 0.25 -0.20000000000000001 0.47999999999999998
v 0.25 -0.10000000000000001 0.47999999999999998
v 0.25 0 0.47999999999999998
v 0.25 0.10000000000000003 0.47999999999999998
v 0.25 0.20000000000000001 0.47999999999999998
v 0.375 -0.20000000000000001 0.47999999999999998
v 0.375 -0.10000000000000001 0.47999999999999998
v 0.375 0 0.47999999999999998
v 0.375 0.10000000000000003 0.47999999999999998
v 0.375 0.20000000000000001 0.47999999999999998
v 0.5 -0.20000000000000001 0.47999999999999998
v 0.5 -0.10000000000000001 0.47999999999999998
v 0.5 0 0.47999999999999998
v 0.5 0.10000000000000003 0.47999999999999998
v 0.5 0.20000000000000001 0.47999999999999998
v 0.625 -0.20000000000000001 0.47999999999999998
v 0.625 -0.10000000000000001 0.47999999999999998
v 0.625 0 0.47999999999999998
v 0.625 0.10000000000000003 0.47999999999999998
v 0.625 0.20000000000000001 0.47999999999999998
v 0.75 -0.20000000000000001 0.47999999999999998
v 0.75 -0.10000000000000001 0.47999999999999998
v 0.75 0 0.47999999999999998
v 0.75 0.10000000000000003 0.47999999999999998
v 0.75 0.20000000000000001 0.47999999999999998
v 0.875 -0.20000000000000001 0.47999999999999998
v 0.875 -0.10000000000000001 0.47999999999999998
v 0.875 0 0.47999999999999998
v 0.875 0.10000000000000003 0.47999999999999998
v 0.875 0.20000000000000001 0.47999999999999998
v 1 -0.20000000000000001 0.47999999999999998
v 1 -0.10000000000000001 0.47999999999999998
v 1 0 0.47999999999999998
v 1 0.10000000000000003 0.47999999999999998
v 1 0.20000000000000001 0.47999999999999998
v 1.0172207544564291 -0.20000000000000001 0.4834254210369921
v 1.0172207544564291 -0.10000000000000001 0.4834254210369921
v 1.0172207544564291 0 0.4834254210369921
v 1.0172207544564291 0.10000000000000003 0.4834254210369921
v 1.0172207544564291 0.20000000000000001 0.4834254210369921
v 1.0318198051533947 -0.20000000000000001 0.49318019484660541
v 1.0318198051533947 -0.10000000000000001 0.49318019484660541
v 1.0318198051533947 0 0.49318019484660541
v 1.0318198051533947 0.10000000000000003 0.49318019484660541
v 1.0318198051533947 0.20000000000000001 0.49318019484660541
v 1.0415745789630078 -0.20000000000000001 0.50777924554357101
v 1.0415745789630078 -0.10000000000000001 0.50777924554357101
v 1.0415745789630078 0 0.50777924554357101
v 1.0415745789630078 0.10000000000000003 0.50777924554357101
v 1.0415745789630078 0.20000000000000001 0.50777924554357101
v 1.0449999999999999 -0.20000000000000001 0.52500000000000002
v 1.0449999999999999 -0.10000000000000001 0.52500000000000002
v 1.0449999999999999 0 0.52500000000000002
v 1.0449999999999999 0.10000000000000003 0.52500000000000002
v 1.0449999999999999 0.20000000000000001 0.52500000000000002
v 1.0415745789630078 -0.20000000000000001 0.54222075445642903
v 1.0415745789630078 -0.10000000000000001 0.54222075445642903
v 1.0415745789630078 0 0.54222075445642903
v 1.0415745789630078 0.10000000000000003 0.54222075445642903
v 1.0415745789630078 0.20000000000000001 0.54222075445642903
v 1.0318198051533947 -0.20000000000000001 0.55681980515339458
v 1.0318198051533947 -0.10000000000000001 0.55681980515339458
v 1.0318198051533947 0 0.55681980515339458
v 1.0318198051533947 0.10000000000000003 0.55681980515339458
v 1.0318198051533947 0.20000000000000001 0.55681980515339458
v 1.0172207544564291 -0.20000000000000001 0.56657457896300789
v 1.0172207544564291 -0.10000000000000001 0.56657457896300789
v 1.0172207544564291 0 0.56657457896300789
v 1.0172207544564291 0.10000000000000003 0.56657457896300789
v 1.0172207544564291 0.20000000000000001 0.56657457896300789
v 1 -0.20000000000000001 0.57000000000000006
v 1 -0.10000000000000001 0.57000000000000006
v 1 0 0.57000000000000006
v 1 0.10000000000000003 0.57000000000000006
v 1 0.20000000000000001 0.57000000000000006
v 0.875 -0.20000000000000001 0.57000000000000006
v 0.875 -0.10000000000000001 0.57000000000000006
v 0.875 0 0.57000000000000006
v 0.875 0.10000000000000003 0.57000000000000006
v 0.875 0.20000000000000001 0.57000000000000006
v 0.75 -0.20000000000000001 0.57000000000000006
v 0.75 -0.10000000000000001 0.57000000000000006
v 0.75 0 0.57000000000000006
v 0.75 0.10000000000000003 0.57000000000000006
v 0.75 0.20000000000000001 0.57000000000000006
v 0.625 -0.20000000000000001 0.57000000000000006
v 0.625 -0.10000000000000001 0.57000000000000006
v 0.625 0 0.57000000000000006
v 0.625 0.10000000000000003 0.57000000000000006
v 0.625 0.20000000000000001 0.57000000000000006
v 0.5 -0.20000000000000001 0.57000000000000006
v 0.5 -0.10000000000000001 0.57000000000000006
v 0.5 0 0.57000000000000006
v 0.5 0.10000000000000003 0.57000000000000006
v 0.5 0.20000000000000001 0.57000000000000006
v 0.375 -0.20000000000000001 0.57000000000000006
v 0.375 -0.10000000000000001 0.57000000000000006
v 0.375 0 0.57000000000000006
v 0.375 0.10000000000000003 0.57000000000000006
v 0.375 0.20000000000000001 0.57000000000000006
v 0.25 -0.20000000000000001 0.57000000000000006
v 0.25 -0.10000000000000001 0.57000000000000006
v 0.25 0 0.57000000000000006
v 0.25 0.10000000000000003 0.57000000000000006
v 0.25 0.20000000000000001 0.57000000000000006
v 0.125 -0.20000000000000001 0.57000000000000006
v 0.125 -0.10000000000000001 0.57000000000000006
v 0.125 0 0.57000000000000006
v 0.125 0.10000000000000003 0.57000000000000006
v 0.125 0.20000000000000001 0.57000000000000006
v 0 -0.20000000000000001 0.57000000000000006
v 0 -0.10000000000000001 0.57000000000000006
v 0 0 0.57000000000000006
v 0 0.10000000000000003 0.57000000000000006
v 0 0.20000000000000001 0.57000000000000006
v -0.0019134171618254503 -0.20000000000000001 0.57038060233744359
v -0.0019134171618254503 -0.10000000000000001 0.57038060233744359
v -0.0019134171618254503 0 0.57038060233744359
v -0.0019134171618254503 0.10000000000000003 0.57038060233744359
v -0.0019134171618254503 0.20000000000000001 0.57038060233744359
v -0.003535533905932739 -0.20000000000000001 0.57146446609406731
v -0.003535533905932739 -0.10000000000000001 0.57146446609406731
v -0.003535533905932739 0 0.57146446609406731
v -0.003535533905932739 0.10000000000000003 0.57146446609406731
v -0.003535533905932739 0.20000000000000001 0.57146446609406731
v -0.0046193976625564341 -0.20000000000000001 0.5730865828381746
v -0.0046193976625564341 -0.10000000000000001 0.5730865828381746
v -0.0046193976625564341 0 0.5730865828381746
v -0.0046193976625564341 0.10000000000000003 0.5730865828381746
v -0.0046193976625564341 0.20000000000000001 0.5730865828381746
v -0.005000000000000001 -0.20000000000000001 0.57500000000000007
v -0.005000000000000001 -0.10000000000000001 0.57500000000000007
v -0.005000000000000001 0 0.57500000000000007
v -0.005000000000000001 0.10000000000000003 0.57500000000000007
v -0.005000000000000001 0.20000000000000001 0.57500000000000007
v -0.0046193976625564341 -0.20000000000000001 0.57691341716182554
v -0.0046193976625564341 -0.10000000000000001 0.57691341716182554
v -0.0046193976625564341 0 0.57691341716182554
v -0.0046193976625564341 0.10000000000000003 0.57691341716182554
v -0.0046193976625564341 0.20000000000000001 0.57691341716182554
v -0.003535533905932739 -0.20000000000000001 0.57853553390593282
v -0.003535533905932739 -0.10000000000000001 0.57853553390593282
v -0.003535533905932739 0 0.57853553390593282
v -0.003535533905932739 0.10000000000000003 0.57853553390593282
v -0.003535533905932739 0.20000000000000001 0.57853553390593282
v -0.0019134171618254503 -0.20000000000000001 0.57961939766255655
v -0.0019134171618254503 -0.10000000000000001 0.57961939766255655
v -0.0019134171618254503 0 0.57961939766255655
v -0.0019134171618254503 0.10000000000000003 0.57961939766255655
v -0.0019134171618254503 0.20000000000000001 0.57961939766255655
v -3.0616169978683839e-19 -0.20000000000000001 0.58000000000000007
v -3.0616169978683839e-19 -0.10000000000000001 0.58000000000000007
v -3.0616169978683839e-19 0 0.58000000000000007
v -3.0616169978683839e-19 0.10000000000000003 0.58000000000000007
v -3.0616169978683839e-19 0.20000000000000001 0.58000000000000007
v 0.125 -0.20000000000000001 0.58000000000000007
v 0.125 -0.10000000000000001 0.58000000000000007
v 0.125 0 0.58000000000000007
v 0.125 0.10000000000000003 0.58000000000000007
v 0.125 0.20000000000000001 0.58000000000000007
v 0.25 -0.20000000000000001 0.58000000000000007
v 0.25 -0.10000000000000001 0.58000000000000007
v 0.25 0 0.58000000000000007
v 0.25 0.10000000000000003 0.58000000000000007
v 0.25 0.20000000000000001 0.58000000000000007
v 0.375 -0.20000000000000001 0.58000000000000007
v 0.375 -0.10000000000000001 0.58000000000000007
v 0.375 0 0.58000000000000007
v 0.375 0.10000000000000003 0.58000000000000007
v 0.375 0.20000000000000001 0.58000000000000007
v 0.5 -0.20000000000000001 0.58000000000000007
v 0.5 -0.10000000000000001 0.58000000000000007
v 0.5 0 0.58000000000000007
v 0.5 0.10000000000000003 0.58000000000000007
v 0.5 0.20000000000000001 0.58000000000000007
v 0.625 -0.20000000000000001 0.58000000000000007
v 0.625 -0.10000000000000001 0.58000000000000007
v 0.625 0 0.58000000000000007
v 0.625 0.10000000000000003 0.58000000000000007
v 0.625 0.20000000000000001 0.58000000000000007
v 0.75 -0.20000000000000001 0.58000000000000007
v 0.75 -0.10000000000000001 0.58000000000000007
v 0.75 0 0.58000000000000007
v 0.75 0.10000000000000003 0.58000000000000007
v 0.75 0.20000000000000001 0.58000000000000007
v 0.875 -0.20000000000000001 0.58000000000000007
v 0.875 -0.10000000000000001 0.58000000000000007
v 0.875 0 0.58000000000000007
v 0.875 0.10000000000000003 0.58000000000000007
v 0.875 0.20000000000000001 0.58000000000000007
v 1 -0.20000000000000001 0.58000000000000007
v 1 -0.10000000000000001 0.58000000000000007
v 1 0 0.58000000000000007
v 1 0.10000000000000003 0.58000000000000007
v 1 0.20000000000000001 0.58000000000000007
v 1.0172207544564291 -0.20000000000000001 0.58342542103699224
v 1.0172207544564291 -0.10000000000000001 0.58342542103699224
v 1.0172207544564291 0 0.58342542103699224
v 1.0172207544564291 0.10000000000000003 0.58342542103699224
v 1.0172207544564291 0.20000000000000001 0.58342542103699224
v 1.0318198051533947 -0.20000000000000001 0.59318019484660556
v 1.0318198051533947 -0.10000000000000001 0.59318019484660556
v 1.0318198051533947 0 0.59318019484660556
v 1.0318198051533947 0.10000000000000003 0.59318019484660556
v 1.0318198051533947 0.20000000000000001 0.59318019484660556
v 1.0415745789630078 -0.20000000000000001 0.6077792455435711
v 1.0415745789630078 -0.10000000000000001 0.6077792455435711
v 1.0415745789630078 0 0.6077792455435711
v 1.0415745789630078 0.10000000000000003 0.6077792455435711
v 1.0415745789630078 0.20000000000000001 0.6077792455435711
v 1.0449999999999999 -0.20000000000000001 0.62500000000000011
v 1.0449999999999999 -0.10000000000000001 0.62500000000000011
v 1.0449999999999999 0 0.62500000000000011
v 1.0449999999999999 0.10000000000000003 0.62500000000000011
v 1.0449999999999999 0.20000000000000001 0.62500000000000011
v 1.0415745789630078 -0.20000000000000001 0.64222075445642912
v 1.0415745789630078 -0.10000000000000001 0.64222075445642912
v 1.0415745789630078 0 0.64222075445642912
v 1.0415745789630078 0.10000000000000003 0.64222075445642912
v 1.0415745789630078 0.20000000000000001 0.64222075445642912
v 1.0318198051533947 -0.20000000000000001 0.65681980515339466
v 1.0318198051533947 -0.10000000000000001 0.65681980515339466
v 1.0318198051533947 0 0.65681980515339466
v 1.0318198051533947 0.10000000000000003 0.65681980515339466
v 1.0318198051533947 0.20000000000000001 0.65681980515339466
v 1.0172207544564291 -0.20000000000000001 0.66657457896300798
v 1.0172207544564291 -0.10000000000000001 0.66657457896300798
v 1.0172207544564291 0 0.66657457896300798
v 1.0172207544564291 0.10000000000000003 0.66657457896300798
v 1.0172207544564291 0.20000000000000001 0.66657457896300798
v 1 -0.20000000000000001 0.67000000000000015
v 1 -0.10000000000000001 0.67000000000000015
v 1 0 0.67000000000000015
v 1 0.10000000000000003 0.67000000000000015
v 1 0.20000000000000001 0.67000000000000015
v 0.875 -0.20000000000000001 0.67000000000000004
v 0.875 -0.10000000000000001 0.67000000000000004
v 0.875 0 0.67000000000000004
v 0.875 0.10000000000000003 0.67000000000000004
v 0.875 0.20000000000000001 0.67000000000000004
v 0.75 -0.20000000000000001 0.67000000000000004
v 0.75 -0.10000000000000001 0.67000000000000004
v 0.75 0 0.67000000000000004
v 0.75 0.10000000000000003 0.67000000000000004
v 0.75 0.20000000000000001 0.67000000000000004
v 0.625 -0.20000000000000001 0.67000000000000004
v 0.625 -0.10000000000000001 0.67000000000000004
v 0.625 0 0.67000000000000004
v 0.625 0.10000000000000003 0.67000000000000004
v 0.625 0.20000000000000001 0.67000000000000004
v 0.5 -0.20000000000000001 0.67000000000000004
v 0.5 -0.10000000000000001 0.67000000000000004
v 0.5 0 0.67000000000000004
v 0.5 0.10000000000000003 0.67000000000000004
v 0.5 0.20000000000000001 0.67000000000000004
v 0.375 -0.20000000000000001 0.67000000000000004
v 0.375 -0.10000000000000001 0.67000000000000004
v 0.375 0 0.67000000000000004
v 0.375 0.10000000000000003 0.67000000000000004
v 0.375 0.20000000000000001 0.67000000000000004
v 0.25 -0.20000000000000001 0.67000000000000004
v 0.25 -0.10000000000000001 0.67000000000000004
v 0.25 0 0.67000000000000004
v 0.25 0.10000000000000003 0.67000000000000004
v 0.25 0.20000000000000001 0.67000000000000004
v 0.125 -0.20000000000000001 0.67000000000000004
v 0.125 -0.10000000000000001 0.67000000000000004
v 0.125 0 0.67000000000000004
v 0.125 0.10000000000000003 0.67000000000000004
v 0.125 0.20000000000000001 0.67000000000000004
v 0 -0.20000000000000001 0.67000000000000004
v 0 -0.10000000000000001 0.67000000000000004
v 0 0 0.67000000000000004
v 0 0.10000000000000003 0.67000000000000004
v 0 0.20000000000000001 0.67000000000000004
v -0.0019134171618254503 -0.20000000000000001 0.67038060233744357
v -0.0019134171618254503 -0.10000000000000001 0.67038060233744357
v -0.0019134171618254503 0 0.67038060233744357
v -0.0019134171618254503 0.10000000000000003 0.67038060233744357
v -0.0019134171618254503 0.20000000000000001 0.67038060233744357
v -0.003535533905932739 -0.20000000000000001 0.67146446609406729
v -0.003535533905932739 -0.10000000000000001 0.67146446609406729
v -0.003535533905932739 0 0.67146446609406729
v -0.003535533905932739 0.10000000000000003 0.67146446609406729
v -0.003535533905932739 0.20000000000000001 0.67146446609406729
v -0.0046193976625564341 -0.20000000000000001 0.67308658283817457
v -0.0046193976625564341 -0.10000000000000001 0.67308658283817457
v -0.0046193976625564341 0 0.67308658283817457
v -0.0046193976625564341 0.10000000000000003 0.67308658283817457
v -0.0046193976625564341 0.20000000000000001 0.67308658283817457
v -0.005000000000000001 -0.20000000000000001 0.67500000000000004
v -0.005000000000000001 -0.10000000000000001 0.67500000000000004
v -0.005000000000000001 0 0.67500000000000004
v -0.005000000000000001 0.10000000000000003 0.67500000000000004
v -0.005000000000000001 0.20000000000000001 0.67500000000000004
v -0.0046193976625564341 -0.20000000000000001 0.67691341716182551
v -0.0046193976625564341 -0.10000000000000001 0.67691341716182551
v -0.0046193976625564341 0 0.67691341716182551
v -0.0046193976625564341 0.10000000000000003 0.67691341716182551
v -0.0046193976625564341 0.20000000000000001 0.67691341716182551
v -0.003535533905932739 -0.20000000000000001 0.6785355339059328
v -0.003535533905932739 -0.10000000000000001 0.6785355339059328
v -0.003535533905932739 0 0.6785355339059328
v -0.003535533905932739 0.10000000000000003 0.6785355339059328
v -0.003535533905932739 0.20000000000000001 0.6785355339059328
v -0.0019134171618254503 -0.20000000000000001 0.67961939766255652
v -0.0019134171618254503 -0.10000000000000001 0.67961939766255652
v -0.0019134171618254503 0 0.67961939766255652
v -0.0019134171618254503 0.10000000000000003 0.67961939766255652
v -0.0019134171618254503 0.20000000000000001 0.67961939766255652
v -3.0616169978683839e-19 -0.20000000000000001 0.68000000000000005
v -3.0616169978683839e-19 -0.10000000000000001 0.68000000000000005
v -3.0616169978683839e-19 0 0.68000000000000005
v -3.0616169978683839e-19 0.10000000000000003 0.68000000000000005
v -3.0616169978683839e-19 0.20000000000000001 0.68000000000000005
v 0.125 -0.20000000000000001 0.68000000000000005
v 0.125 -0.10000000000000001 0.68000000000000005
v 0.125 0 0.68000000000000005
v 0.125 0.10000000000000003 0.68000000000000005
v 0.125 0.20000000000000001 0.68000000000000005
v 0.25 -0.20000000000000001 0.68000000000000005
v 0.25 -0.10000000000000001 0.68000000000000005
v 0.25 0 0.68000000000000005
v 0.25 0.10000000000000003 0.68000000000000005
v 0.25 0.20000000000000001 0.68000000000000005
v 0.375 -0.20000000000000001 0.68000000000000005
v 0.375 -0.10000000000000001 0.68000000000000005
v 0.375 0 0.68000000000000005
v 0.375 0.10000000000000003 0.68000000000000005
v 0.375 0.20000000000000001 0.68000000000000005
v 0.5 -0.20000000000000001 0.68000000000000005
v 0.5 -0.10000000000000001 0.68000000000000005
v 0.5 0 0.68000000000000005
v 0.5 0.10000000000000003 0.68000000000000005
v 0.5 0.20000000000000001 0.68000000000000005
v 0.625 -0.20000000000000001 0.68000000000000005
v 0.625 -0.10000000000000001 0.68000000000000005
v 0.625 0 0.68000000000000005
v 0.625 0.10000000000000003 0.68000000000000005
v 0.625 0.20000000000000001 0.68000000000000005
v 0.75 -0.20000000000000001 0.68000000000000005
v 0.75 -0.10000000000000001 0.68000000000000005
v 0.75 0 0.68000000000000005
v 0.75 0.10000000000000003 0.68000000000000005
v 0.75 0.20000000000000001 0.68000000000000005
v 0.875 -0.20000000000000001 0.68000000000000005
v 0.875 -0.10000000000000001 0.68000000000000005
v 0.875 0 0.68000000000000005
v 0.875 0.10000000000000003 0.68000000000000005
v 0.875 0.20000000000000001 0.68000000000000005
v 1 -0.20000000000000001 0.68000000000000005
v 1 -0.10000000000000001 0.68000000000000005
v 1 0 0.68000000000000005
v 1 0.10000000000000003 0.68000000000000005
v 1 0.20000000000000001 0.68000000000000005
v 1.0172207544564291 -0.20000000000000001 0.68342542103699222
v 1.0172207544564291 -0.10000000000000001 0.68342542103699222
v 1.0172207544564291 0 0.68342542103699222
v 1.0172207544564291 0.10000000000000003 0.68342542103699222
v 1.0172207544564291 0.20000000000000001 0.68342542103699222
v 1.0318198051533947 -0.20000000000000001 0.69318019484660554
v 1.0318198051533947 -0.10000000000000001 0.69318019484660554
v 1.0318198051533947 0 0.69318019484660554
v 1.0318198051533947 0.10000000000000003 0.69318019484660554
v 1.0318198051533947 0.20000000000000001 0.69318019484660554
v 1.0415745789630078 -0.20000000000000001 0.70777924554357108
v 1.0415745789630078 -0.10000000000000001 0.70777924554357108
v 1.0415745789630078 0 0.70777924554357108
v 1.0415745789630078 0.10000000000000003 0.70777924554357108
v 1.0415745789630078 0.20000000000000001 0.70777924554357108
v 1.0449999999999999 -0.20000000000000001 0.72500000000000009
v 1.0449999999999999 -0.10000000000000001 0.72500000000000009
v 1.0449999999999999 0 0.72500000000000009
v 1.0449999999999999 0.10000000000000003 0.72500000000000009
v 1.0449999999999999 0.20000000000000001 0.72500000000000009
v 1.0415745789630078 -0.20000000000000001 0.7422207544564291
v 1.0415745789630078 -0.10000000000000001 0.7422207544564291
v 1.0415745789630078 0 0.7422207544564291
v 1.0415745789630078 0.10000000000000003 0.7422207544564291
v 1.0415745789630078 0.20000000000000001 0.7422207544564291
v 1.0318198051533947 -0.20000000000000001 0.75681980515339464
v 1.0318198051533947 -0.10000000000000001 0.75681980515339464
v 1.0318198051533947 0 0.75681980515339464
v 1.0318198051533947 0.10000000000000003 0.75681980515339464
v 1.0318198051533947 0.20000000000000001 0.75681980515339464
v 1.0172207544564291 -0.20000000000000001 0.76657457896300796
v 1.0172207544564291 -0.10000000000000001 0.76657457896300796
v 1.0172207544564291 0 0.76657457896300796
v 1.0172207544564291 0.10000000000000003 0.76657457896300796
v 1.0172207544564291 0.20000000000000001 0.76657457896300796
v 1 -0.20000000000000001 0.77000000000000013
v 1 -0.10000000000000001 0.77000000000000013
v 1 0 0.77000000000000013
v 1 0.10000000000000003 0.77000000000000013
v 1 0.20000000000000001 0.77000000000000013
v 0.875 -0.20000000000000001 0.77000000000000002
v 0.875 -0.10000000000000001 0.77000000000000002
v 0.875 0 0.77000000000000002
v 0.875 0.10000000000000003 0.77000000000000002
v 0.875 0.20000000000000001 0.77000000000000002
v 0.75 -0.20000000000000001 0.77000000000000002
v 0.75 -0.10000000000000001 0.77000000000000002
v 0.75 0 0.77000000000000002
v 0.75 0.10000000000000003 0.77000000000000002
v 0.75 0.20000000000000001 0.77000000000000002
v 0.625 -0.20000000000000001 0.77000000000000002
v 0.625 -0.10000000000000001 0.77000000000000002
v 0.625 0 0.77000000000000002
v 0.625 0.10000000000000003 0.77000000000000002
v 0.625 0.20000000000000001 0.77000000000000002
v 0.5 -0.20000000000000001 0.77000000000000002
v 0.5 -0.10000000000000001 0.77000000000000002
v 0.5 0 0.77000000000000002
v 0.5 0.10000000000000003 0.77000000000000002
v 0.5 0.20000000000000001 0.77000000000000002
v 0.375 -0.20000000000000001 0.77000000000000002
v 0.375 -0.10000000000000001 0.77000000000000002
v 0.375 0 0.77000000000000002
v 0.375 0.10000000000000003 0.77000000000000002
v 0.375 0.20000000000000001 0.77000000000000002
v 0.25 -0.20000000000000001 0.77000000000000002
v 0.25 -0.10000000000000001 0.77000000000000002
v 0.25 0 0.77000000000000002
v 0.25 0.10000000000000003 0.77000000000000002
v 0.25 0.20000000000000001 0.77000000000000002
v 0.125 -0.20000000000000001 0.77000000000000002
v 0.125 -0.10000000000000001 0.77000000000000002
v 0.125 0 0.77000000000000002
v 0.125 0.10000000000000003 0.77000000000000002
v 0.125 0.20000000000000001 0.77000000000000002
v 0 -0.20000000000000001 0.77000000000000002
v 0 -0.10000000000000001 0.77000000000000002
v 0 0 0.77000000000000002
v 0 0.10000000000000003 0.77000000000000002
v 0 0.20000000000000001 0.77000000000000002
v -0.0019134171618254503 -0.20000000000000001 0.77038060233744354
v -0.0019134171618254503 -0.10000000000000001 0.77038060233744354
v -0.0019134171618254503 0 0.77038060233744354
v -0.0019134171618254503 0.10000000000000003 0.77038060233744354
v -0.0019134171618254503 0.20000000000000001 0.77038060233744354
v -0.003535533905932739 -0.20000000000000001 0.77146446609406727
v -0.003535533905932739 -0.10000000000000001 0.77146446609406727
v -0.003535533905932739 0 0.77146446609406727
v -0.003535533905932739 0.10000000000000003 0.77146446609406727
v -0.003535533905932739 0.20000000000000001 0.77146446609406727
v -0.0046193976625564341 -0.20000000000000001 0.77308658283817455
v -0.0046193976625564341 -0.10000000000000001 0.77308658283817455
v -0.0046193976625564341 0 0.77308658283817455
v -0.0046193976625564341 0.10000000000000003 0.77308658283817455
v -0.0046193976625564341 0.20000000000000001 0.77308658283817455
v -0.005000000000000001 -0.20000000000000001 0.77500000000000002
v -0.005000000000000001 -0.10000000000000001 0.77500000000000002
v -0.005000000000000001 0 0.77500000000000002
v -0.005000000000000001 0.10000000000000003 0.77500000000000002
v -0.005000000000000001 0.20000000000000001 0.77500000000000002
v -0.0046193976625564341 -0.20000000000000001 0.77691341716182549
v -0.0046193976625564341 -0.10000000000000001 0.77691341716182549
v -0.0046193976625564341 0 0.77691341716182549
v -0.0046193976625564341 0.10000000000000003 0.77691341716182549
v -0.0046193976625564341 0.20000000000000001 0.77691341716182549
v -0.003535533905932739 -0.20000000000000001 0.77853553390593278
v -0.003535533905932739 -0.10000000000000001 0.77853553390593278
v -0.003535533905932739 0 0.77853553390593278
v -0.003535533905932739 0.10000000000000003 0.77853553390593278
v -0.003535533905932739 0.20000000000000001 0.77853553390593278
v -0.0019134171618254503 -0.20000000000000001 0.7796193976625565
v -0.0019134171618254503 -0.10000000000000001 0.7796193976625565
v -0.0019134171618254503 0 0.7796193976625565
v -0.0019134171618254503 0.10000000000000003 0.7796193976625565
v -0.0019134171618254503 0.20000000000000001 0.7796193976625565
v -3.0616169978683839e-19 -0.20000000000000001 0.78000000000000003
v -3.0616169978683839e-19 -0.10000000000000001 0.78000000000000003
v -3.0616169978683839e-19 0 0.78000000000000003
v -3.0616169978683839e-19 0.10000000000000003 0.78000000000000003
v -3.0616169978683839e-19 0.20000000000000001 0.78000000000000003
v 0.125 -0.20000000000000001 0.78000000000000003
v 0.125 -0.10000000000000001 0.78000000000000003
v 0.125 0 0.78000000000000003
v 0.125 0.10000000000000003 0.78000000000000003
v 0.125 0.20000000000000001 0.78000000000000003
v 0.25 -0.20000000000000001 0.78000000000000003
v 0.25 -0.10000000000000001 0.78000000000000003
v 0.25 0 0.78000000000000003
v 0.25 0.10000000000000003 0.78000000000000003
v 0.25 0.20000000000000001 0.78000000000000003
v 0.375 -0.20000000000000001 0.78000000000000003
v 0.375 -0.10000000000000001 0.78000000000000003
v 0.375 0 0.78000000000000003
v 0.375 0.10000000000000003 0.78000000000000003
v 0.375 0.20000000000000001 0.78000000000000003
v 0.5 -0.20000000000000001 0.78000000000000003
v 0.5 -0.10000000000000001 0.78000000000000003
v 0.5 0 0.78000000000000003
v 0.5 0.10000000000000003 0.78000000000000003
v 0.5 0.20000000000000001 0.78000000000000003
v 0.625 -0.20000000000000001 0.78000000000000003
v 0.625 -0.10000000000000001 0.78000000000000003
v 0.625 0 0.78000000000000003
v 0.625 0.10000000000000003 0.78000000000000003
v 0.625 0.20000000000000001 0.78000000000000003
v 0.75 -0.20000000000000001 0.78000000000000003
v 0.75 -0.10000000000000001 0.78000000000000003
v 0.75 0 0.78000000000000003
v 0.75 0.10000000000000003 0.78000000000000003
v 0.75 0.20000000000000001 0.78000000000000003
v 0.875 -0.20000000000000001 0.78000000000000003
v 0.875 -0.10000000000000001 0.78000000000000003
v 0.875 0 0.78000000000000003
v 0.875 0.10000000000000003 0.78000000000000003
v 0.875 0.20000000000000001 0.78000000000000003
v 1 -0.20000000000000001 0.78000000000000003
v 1 -0.10000000000000001 0.78000000000000003
v 1 0 0.78000000000000003
v 1 0.10000000000000003 0.78000000000000003
v 1 0.20000000000000001 0.78000000000000003
v 1.0172207544564291 -0.20000000000000001 0.7834254210369922
v 1.0172207544564291 -0.10000000000000001 0.7834254210369922
v 1.0172207544564291 0 0.7834254210369922
v 1.0172207544564291 0.10000000000000003 0.7834254210369922
v 1.0172207544564291 0.20000000000000001 0.7834254210369922
v 1.0318198051533947 -0.20000000000000001 0.79318019484660551
v 1.0318198051533947 -0.10000000000000001 0.79318019484660551
v 1.0318198051533947 0 0.79318019484660551
v 1.0318198051533947 0.10000000000000003 0.79318019484660551
v 1.0318198051533947 0.20000000000000001 0.79318019484660551
v 1.0415745789630078 -0.20000000000000001 0.80777924554357106
v 1.0415745789630078 -0.10000000000000001 0.80777924554357106
v 1.0415745789630078 0 0.80777924554357106
v 1.0415745789630078 0.10000000000000003 0.80777924554357106
v 1.0415745789630078 0.20000000000000001 0.80777924554357106
v 1.0449999999999999 -0.20000000000000001 0.82500000000000007
v 1.0449999999999999 -0.10000000000000001 0.82500000000000007
v 1.0449999999999999 0 0.82500000000000007
v 1.0449999999999999 0.10000000000000003 0.82500000000000007
v 1.0449999999999999 0.20000000000000001 0.82500000000000007
v 1.0415745789630078 -0.20000000000000001 0.84222075445642908
v 1.0415745789630078 -0.10000000000000001 0.84222075445642908
v 1.0415745789630078 0 0.84222075445642908
v 1.0415745789630078 0.10000000000000003 0.84222075445642908
v 1.0415745789630078 0.20000000000000001 0.84222075445642908
v 1.0318198051533947 -0.20000000000000001 0.85681980515339462
v 1.0318198051533947 -0.10000000000000001 0.85681980515339462
v 1.0318198051533947 0 0.85681980515339462
v 1.0318198051533947 0.10000000000000003 0.85681980515339462
v 1.0318198051533947 0.20000000000000001 0.85681980515339462
v 1.0172207544564291 -0.20000000000000001 0.86657457896300794
v 1.0172207544564291 -0.10000000000000001 0.86657457896300794
v 1.0172207544564291 0 0.86657457896300794
v 1.0172207544564291 0.10000000000000003 0.86657457896300794
v 1.0172207544564291 0.20000000000000001 0.86657457896300794
v 1 -0.20000000000000001 0.87000000000000011
v 1 -0.10000000000000001 0.87000000000000011
v 1 0 0.87000000000000011
v 1 0.10000000000000003 0.87000000000000011
v 1 0.20000000000000001 0.87000000000000011
v 0.875 -0.20000000000000001 0.87000000000000011
v 0.875 -0.10000000000000001 0.87000000000000011
v 0.875 0 0.87000000000000011
v 0.875 0.10000000000000003 0.87000000000000011
v 0.875 0.20000000000000001 0.87000000000000011
v 0.75 -0.20000000000000001 0.87000000000000011
v 0.75 -0.10000000000000001 0.87000000000000011
v 0.75 0 0.87000000000000011
v 0.75 0.10000000000000003 0.87000000000000011
v 0.75 0.20000000000000001 0.87000000000000011
v 0.625 -0.20000000000000001 0.87000000000000011
v 0.625 -0.10000000000000001 0.87000000000000011
v 0.625 0 0.87000000000000011
v 0.625 0.10000000000000003 0.87000000000000011
v 0.625 0.20000000000000001 0.87000000000000011
v 0.5 -0.20000000000000001 0.87000000000000011
v 0.5 -0.10000000000000001 0.87000000000000011
v 0.5 0 0.87000000000000011
v 0.5 0.10000000000000003 0.87000000000000011
v 0.5 0.20000000000000001 0.87000000000000011
v 0.375 -0.20000000000000001 0.87000000000000011
v 0.375 -0.10000000000000001 0.87000000000000011
v 0.375 0 0.87000000000000011
v 0.375 0.10000000000000003 0.87000000000000011
v 0.375 0.20000000000000001 0.87000000000000011
v 0.25 -0.20000000000000001 0.87000000000000011
v 0.25 -0.10000000000000001 0.87000000000000011
v 0.25 0 0.87000000000000011
v 0.25 0.10000000000000003 0.87000000000000011
v 0.25 0.20000000000000001 0.87000000000000011
v 0.125 -0.20000000000000001 0.87000000000000011
v 0.125 -0.10000000000000001 0.87000000000000011
v 0.125 0 0.87000000000000011
v 0.125 0.10000000000000003 0.87000000000000011
v 0.125 0.20000000000000001 0.87000000000000011
v 0 -0.20000000000000001 0.87000000000000011
v 0 -0.10000000000000001 0.87000000000000011
v 0 0 0.87000000000000011
v 0 0.10000000000000003 0.87000000000000011
v 0 0.20000000000000001 0.87000000000000011
v -0.0019134171618254503 -0.20000000000000001 0.87038060233744363
v -0.0019134171618254503 -0.10000000000000001 0.87038060233744363
v -0.0019134171618254503 0 0.87038060233744363
v -0.0019134171618254503 0.10000000000000003 0.87038060233744363
v -0.0019134171618254503 0.20000000000000001 0.87038060233744363
v -0.003535533905932739 -0.20000000000000001 0.87146446609406736
v -0.003535533905932739 -0.10000000000000001 0.87146446609406736
v -0.003535533905932739 0 0.87146446609406736
v -0.003535533905932739 0.10000000000000003 0.87146446609406736
v -0.003535533905932739 0.20000000000000001 0.87146446609406736
v -0.0046193976625564341 -0.20000000000000001 0.87308658283817464
v -0.0046193976625564341 -0.10000000000000001 0.87308658283817464
v -0.0046193976625564341 0 0.87308658283817464
v -0.0046193976625564341 0.10000000000000003 0.87308658283817464
v -0.0046193976625564341 0.20000000000000001 0.87308658283817464
v -0.005000000000000001 -0.20000000000000001 0.87500000000000011
v -0.005000000000000001 -0.10000000000000001 0.87500000000000011
v -0.005000000000000001 0 0.87500000000000011
v -0.005000000000000001 0.10000000000000003 0.87500000000000011
v -0.005000000000000001 0.20000000000000001 0.87500000000000011
v -0.0046193976625564341 -0.20000000000000001 0.87691341716182558
v -0.0046193976625564341 -0.10000000000000001 0.87691341716182558
v -0.0046193976625564341 0 0.87691341716182558
v -0.0046193976625564341 0.10000000000000003 0.87691341716182558
v -0.0046193976625564341 0.20000000000000001 0.87691341716182558
v -0.003535533905932739 -0.20000000000000001 0.87853553390593286
v -0.003535533905932739 -0.10000000000000001 0.87853553390593286
v -0.003535533905932739 0 0.87853553390593286
v -0.003535533905932739 0.10000000000000003 0.87853553390593286
v -0.003535533905932739 0.20000000000000001 0.87853553390593286
v -0.0019134171618254503 -0.20000000000000001 0.87961939766255659
v -0.0019134171618254503 -0.10000000000000001 0.87961939766255659
v -0.0019134171618254503 0 0.87961939766255659
v -0.0019134171618254503 0.10000000000000003 0.87961939766255659
v -0.0019134171618254503 0.20000000000000001 0.87961939766255659
v -3.0616169978683839e-19 -0.20000000000000001 0.88000000000000012
v -3.0616169978683839e-19 -0.10000000000000001 0.88000000000000012
v -3.0616169978683839e-19 0 0.88000000000000012
v -3.0616169978683839e-19 0.10000000000000003 0.88000000000000012
v -3.0616169978683839e-19 0.20000000000000001 0.88000000000000012
v 0.125 -0.20000000000000001 0.88
v 0.125 -0.10000000000000001 0.88
v 0.125 0 0.88
v 0.125 0.10000000000000003 0.88
v 0.125 0.20000000000000001 0.88
v 0.25 -0.20000000000000001 0.88
v 0.25 -0.10000000000000001 0.88
v 0.25 0 0.88
v 0.25 0.10000000000000003 0.88
v 0.25 0.20000000000000001 0.88
v 0.375 -0.20000000000000001 0.88
v 0.375 -0.10000000000000001 0.88
v 0.375 0 0.88
v 0.375 0.10000000000000003 0.88
v 0.375 0.20000000000000001 0.88
v 0.5 -0.20000000000000001 0.88
v 0.5 -0.10000000000000001 0.88
v 0.5 0 0.88
v 0.5 0.10000000000000003 0.88
v 0.5 0.20000000000000001 0.88
v 0.625 -0.20000000000000001 0.88
v 0.625 -0.10000000000000001 0.88
v 0.625 0 0.88
v 0.625 0.10000000000000003 0.88
v 0.625 0.20000000000000001 0.88
v 0.75 -0.20000000000000001 0.88
v 0.75 -0.10000000000000001 0.88
v 0.75 0 0.88
v 0.75 0.10000000000000003 0.88
v 0.75 0.20000000000000001 0.88
v 0.875 -0.20000000000000001 0.88
v 0.875 -0.10000000000000001 0.88
v 0.875 0 0.88
v 0.875 0.10000000000000003 0.88
v 0.875 0.20000000000000001 0.88
v 1 -0.20000000000000001 0.88
v 1 -0.10000000000000001 0.88
v 1 0 0.88
v 1 0.10000000000000003 0.88
v 1 0.20000000000000001 0.88
v 1.0172207544564291 -0.20000000000000001 0.88342542103699218
v 1.0172207544564291 -0.10000000000000001 0.88342542103699218
v 1.0172207544564291 0 0.88342542103699218
v 1.0172207544564291 0.10000000000000003 0.88342542103699218
v 1.0172207544564291 0.20000000000000001 0.88342542103699218
v 1.0318198051533947 -0.20000000000000001 0.89318019484660549
v 1.0318198051533947 -0.10000000000000001 0.89318019484660549
v 1.0318198051533947 0 0.89318019484660549
v 1.0318198051533947 0.10000000000000003 0.89318019484660549
v 1.0318198051533947 0.20000000000000001 0.89318019484660549
v 1.0415745789630078 -0.20000000000000001 0.90777924554357103
v 1.0415745789630078 -0.10000000000000001 0.90777924554357103
v 1.0415745789630078 0 0.90777924554357103
v 1.0415745789630078 0.10000000000000003 0.90777924554357103
v 1.0415745789630078 0.20000000000000001 0.90777924554357103
v 1.0449999999999999 -0.20000000000000001 0.92500000000000004
v 1.0449999999999999 -0.10000000000000001 0.92500000000000004
v 1.0449999999999999 0 0.92500000000000004
v 1.0449999999999999 0.10000000000000003 0.92500000000000004
v 1.0449999999999999 0.20000000000000001 0.92500000000000004
v 1.0415745789630078 -0.20000000000000001 0.94222075445642905
v 1.0415745789630078 -0.10000000000000001 0.94222075445642905
v 1.0415745789630078 0 0.94222075445642905
v 1.0415745789630078 0.10000000000000003 0.94222075445642905
v 1.0415745789630078 0.20000000000000001 0.94222075445642905
v 1.0318198051533947 -0.20000000000000001 0.9568198051533946
v 1.0318198051533947 -0.10000000000000001 0.9568198051533946
v 1.0318198051533947 0 0.9568198051533946
v 1.0318198051533947 0.10000000000000003 0.9568198051533946
v 1.0318198051533947 0.20000000000000001 0.9568198051533946
v 1.0172207544564291 -0.20000000000000001 0.96657457896300791
v 1.0172207544564291 -0.10000000000000001 0.96657457896300791
v 1.0172207544564291 0 0.96657457896300791
v 1.0172207544564291 0.10000000000000003 0.96657457896300791
v 1.0172207544564291 0.20000000000000001 0.96657457896300791
v 1 -0.20000000000000001 0.97000000000000008
v 1 -0.10000000000000001 0.97000000000000008
v 1 0 0.97000000000000008
v 1 0.10000000000000003 0.97000000000000008
v 1 0.20000000000000001 0.97000000000000008
v 0.875 -0.20000000000000001 0.97000000000000008
v 0.875 -0.10000000000000001 0.97000000000000008
v 0.875 0 0.97000000000000008
v 0.875 0.10000000000000003 0.97000000000000008
v 0.875 0.20000000000000001 0.97000000000000008
v 0.75 -0.20000000000000001 0.97000000000000008
v 0.75 -0.10000000000000001 0.97000000000000008
v 0.75 0 0.97000000000000008
v 0.75 0.10000000000000003 0.97000000000000008
v 0.75 0.20000000000000001 0.97000000000000008
v 0.625 -0.20000000000000001 0.97000000000000008
v 0.625 -0.10000000000000001 0.97000000000000008
v 0.625 0 0.97000000000000008
v 0.625 0.10000000000000003 0.97000000000000008
v 0.625 0.20000000000000001 0.97000000000000008
v 0.5 -0.20000000000000001 0.97000000000000008
v 0.5 -0.10000000000000001 0.97000000000000008
v 0.5 0 0.97000000000000008
v 0.5 0.10000000000000003 0.97000000000000008
v 0.5 0.20000000000000001 0.97000000000000008
v 0.375 -0.20000000000000001 0.97000000000000008
v 0.375 -0.10000000000000001 0.97000000000000008
v 0.375 0 0.97000000000000008
v 0.375 0.10000000000000003 0.97000000000000008
v 0.375 0.20000000000000001 0.97000000000000008
v 0.25 -0.20000000000000001 0.97000000000000008
v 0.25 -0.10000000000000001 0.97000000000000008
v 0.25 0 0.97000000000000008
v 0.25 0.10000000000000003 0.97000000000000008
v 0.25 0.20000000000000001 0.97000000000000008
v 0.125 -0.20000000000000001 0.97000000000000008
v 0.125 -0.10000000000000001 0.97000000000000008
v 0.125 0 0.97000000000000008
v 0.125 0.10000000000000003 0.97000000000000008
v 0.125 0.20000000000000001 0.97000000000000008
v 0 -0.20000000000000001 0.97000000000000008
v 0 -0.10000000000000001 0.97000000000000008
v 0 0 0.97000000000000008
v 0 0.10000000000000003 0.97000000000000008
v 0 0.20000000000000001 0.97000000000000008
v -0.0019134171618254503 -0.20000000000000001 0.97038060233744361
v -0.0019134171618254503 -0.10000000000000001 0.97038060233744361
v -0.0019134171618254503 0 0.97038060233744361
v -0.0019134171618254503 0.10000000000000003 0.97038060233744361
v -0.0019134171618254503 0.20000000000000001 0.97038060233744361
v -0.003535533905932739 -0.20000000000000001 0.97146446609406734
v -0.003535533905932739 -0.10000000000000001 0.97146446609406734
v -0.003535533905932739 0 0.97146446609406734
v -0.003535533905932739 0.10000000000000003 0.97146446609406734
v -0.003535533905932739 0.20000000000000001 0.97146446609406734
v -0.0046193976625564341 -0.20000000000000001 0.97308658283817462
v -0.0046193976625564341 -0.10000000000000001 0.97308658283817462
v -0.0046193976625564341 0 0.97308658283817462
v -0.0046193976625564341 0.10000000000000003 0.97308658283817462
v -0.0046193976625564341 0.20000000000000001 0.97308658283817462
v -0.005000000000000001 -0.20000000000000001 0.97500000000000009
v -0.005000000000000001 -0.10000000000000001 0.97500000000000009
v -0.005000000000000001 0 0.97500000000000009
v -0.005000000000000001 0.10000000000000003 0.97500000000000009
v -0.005000000000000001 0.20000000000000001 0.97500000000000009
v -0.0046193976625564341 -0.20000000000000001 0.97691341716182556
v -0.0046193976625564341 -0.10000000000000001 0.97691341716182556
v -0.0046193976625564341 0 0.97691341716182556
v -0.0046193976625564341 0.10000000000000003 0.97691341716182556
v -0.0046193976625564341 0.20000000000000001 0.97691341716182556
v -0.003535533905932739 -0.20000000000000001 0.97853553390593284
v -0.003535533905932739 -0.10000000000000001 0.97853553390593284
v -0.003535533905932739 0 0.97853553390593284
v -0.003535533905932739 0.10000000000000003 0.97853553390593284
v -0.003535533905932739 0.20000000000000001 0.97853553390593284
v -0.0019134171618254503 -0.20000000000000001 0.97961939766255657
v -0.0019134171618254503 -0.10000000000000001 0.97961939766255657
v -0.0019134171618254503 0 0.97961939766255657
v -0.0019134171618254503 0.10000000000000003 0.97961939766255657
v -0.0019134171618254503 0.20000000000000001 0.97961939766255657
v -3.0616169978683839e-19 -0.20000000000000001 0.97999999999999998
v -3.0616169978683839e-19 -0.10000000000000001 0.97999999999999998
v -3.0616169978683839e-19 0 0.97999999999999998
v -3.0616169978683839e-19 0.10000000000000003 0.97999999999999998
v -3.0616169978683839e-19 0.20000000000000001 0.97999999999999998
v 0.125 -0.20000000000000001 0.97999999999999998
v 0.125 -0.10000000000000001 0.97999999999999998
v 0.125 0 0.97999999999999998
v 0.125 0.10000000000000003 0.97999999999999998
v 0.125 0.20000000000000001 0.97999999999999998
v 0.25 -0.20000000000000001 0.97999999999999998
v 0.25 -0.10000000000000001 0.97999999999999998
v 0.25 0 0.97999999999999998
v 0.25 0.10000000000000003 0.97999999999999998
v 0.25 0.20000000000000001 0.97999999999999998
v 0.375 -0.20000000000000001 0.97999999999999998
v 0.375 -0.10000000000000001 0.97999999999999998
v 0.375 0 0.97999999999999998
v 0.375 0.10000000000000003 0.97999999999999998
v 0.375 0.20000000000000001 0.97999999999999998
v 0.5 -0.20000000000000001 0.97999999999999998
v 0.5 -0.10000000000000001 0.97999999999999998
v 0.5 0 0.97999999999999998
v 0.5 0.10000000000000003 0.97999999999999998
v 0.5 0.20000000000000001 0.97999999999999998
v 0.625 -0.20000000000000001 0.97999999999999998
v 0.625 -0.10000000000000001 0.97999999999999998
v 0.625 0 0.97999999999999998
v 0.625 0.10000000000000003 0.97999999999999998
v 0.625 0.20000000000000001 0.97999999999999998
v 0.75 -0.20000000000000001 0.97999999999999998
v 0.75 -0.10000000000000001 0.97999999999999998
v 0.75 0 0.97999999999999998
v 0.75 0.10000000000000003 0.97999999999999998
v 0.75 0.20000000000000001 0.97999999999999998
v 0.875 -0.20000000000000001 0.97999999999999998
v 0.875 -0.10000000000000001 0.97999999999999998
v 0.875 0 0.97999999999999998
v 0.875 0.10000000000000003 0.97999999999999998
v 0.875 0.20000000000000001 0.97999999999999998
v 1 -0.20000000000000001 0.97999999999999998
v 1 -0.10000000000000001 0.97999999999999998
v 1 0 0.97999999999999998
v 1 0.10000000000000003 0.97999999999999998
v 1 0.20000000000000001 0.97999999999999998
v 1.0172207544564291 -0.20000000000000001 0.98342542103699215
v 1.0172207544564291 -0.10000000000000001 0.98342542103699215
v 1.0172207544564291 0 0.98342542103699215
v 1.0172207544564291 0.10000000000000003 0.98342542103699215
v 1.0172207544564291 0.20000000000000001 0.98342542103699215
v 1.0318198051533947 -0.20000000000000001 0.99318019484660536
v 1.0318198051533947 -0.10000000000000001 0.99318019484660536
v 1.0318198051533947 0 0.99318019484660536
v 1.0318198051533947 0.10000000000000003 0.99318019484660536
v 1.0318198051533947 0.20000000000000001 0.99318019484660536
v 1.0415745789630078 -0.20000000000000001 1.0077792455435708
v 1.0415745789630078 -0.10000000000000001 1.0077792455435708
v 1.0415745789630078 0 1.0077792455435708
v 1.0415745789630078 0.10000000000000003 1.0077792455435708
v 1.0415745789630078 0.20000000000000001 1.0077792455435708
v 1.0449999999999999 -0.20000000000000001 1.0249999999999999
v 1.0449999999999999 -0.10000000000000001 1.0249999999999999
v 1.0449999999999999 0 1.0249999999999999
v 1.0449999999999999 0.10000000000000003 1.0249999999999999
v 1.0449999999999999 0.20000000000000001 1.0249999999999999
v 1.0415745789630078 -0.20000000000000001 1.042220754456429
v 1.0415745789630078 -0.10000000000000001 1.042220754456429
v 1.0415745789630078 0 1.042220754456429
v 1.0415745789630078 0.10000000000000003 1.042220754456429
v 1.0415745789630078 0.20000000000000001 1.042220754456429
v 1.0318198051533947 -0.20000000000000001 1.0568198051533946
v 1.0318198051533947 -0.10000000000000001 1.0568198051533946
v 1.0318198051533947 0 1.0568198051533946
v 1.0318198051533947 0.10000000000000003 1.0568198051533946
v 1.0318198051533947 0.20000000000000001 1.0568198051533946
v 1.0172207544564291 -0.20000000000000001 1.0665745789630077
v 1.0172207544564291 -0.10000000000000001 1.0665745789630077
v 1.0172207544564291 0 1.0665745789630077
v 1.0172207544564291 0.10000000000000003 1.0665745789630077
v 1.0172207544564291 0.20000000000000001 1.0665745789630077
v 1 -0.20000000000000001 1.0699999999999998
v 1 -0.10000000000000001 1.0699999999999998
v 1 0 1.0699999999999998
v 1 0.10000000000000003 1.0699999999999998
v 1 0.20000000000000001 1.0699999999999998
v 0.875 -0.20000000000000001 1.0700000000000001
v 0.875 -0.10000000000000001 1.0700000000000001
v 0.875 0 1.0700000000000001
v 0.875 0.10000000000000003 1.0700000000000001
v 0.875 0.20000000000000001 1.0700000000000001
v 0.75 -0.20000000000000001 1.0700000000000001
v 0.75 -0.10000000000000001 1.0700000000000001
v 0.75 0 1.0700000000000001
v 0.75 0.10000000000000003 1.0700000000000001
v 0.75 0.20000000000000001 1.0700000000000001
v 0.625 -0.20000000000000001 1.0700000000000001
v 0.625 -0.10000000000000001 1.0700000000000001
v 0.625 0 1.0700000000000001
v 0.625 0.10000000000000003 1.0700000000000001
v 0.625 0.20000000000000001 1.0700000000000001
v 0.5 -0.20000000000000001 1.0700000000000001
v 0.5 -0.10000000000000001 1.0700000000000001
v 0.5 0 1.0700000000000001
v 0.5 0.10000000000000003 1.0700000000000001
v 0.5 0.20000000000000001 1.0700000000000001
v 0.375 -0.20000000000000001 1.0700000000000001
v 0.375 -0.10000000000000001 1.0700000000000001
v 0.375 0 1.0700000000000001
v 0.375 0.10000000000000003 1.0700000000000001
v 0.375 0.20000000000000001 1.0700000000000001
v 0.25 -0.20000000000000001 1.0700000000000001
v 0.25 -0.10000000000000001 1.0700000000000001
v 0.25 0 1.0700000000000001
v 0.25 0.10000000000000003 1.0700000000000001
v 0.25 0.20000000000000001 1.0700000000000001
v 0.125 -0.20000000000000001 1.0700000000000001
v 0.125 -0.10000000000000001 1.0700000000000001
v 0.125 0 1.0700000000000001
v 0.125 0.10000000000000003 1.0700000000000001
v 0.125 0.20000000000000001 1.0700000000000001
v 0 -0.20000000000000001 1.0700000000000001
v 0 -0.10000000000000001 1.0700000000000001
v 0 0 1.0700000000000001
v 0 0.10000000000000003 1.0700000000000001
v 0 0.20000000000000001 1.0700000000000001
v -0.0019134171618254503 -0.20000000000000001 1.0703806023374436
v -0.0019134171618254503 -0.10000000000000001 1.0703806023374436
v -0.0019134171618254503 0 1.0703806023374436
v -0.0019134171618254503 0.10000000000000003 1.0703806023374436
v -0.0019134171618254503 0.20000000000000001 1.0703806023374436
v -0.003535533905932739 -0.20000000000000001 1.0714644660940673
v -0.003535533905932739 -0.10000000000000001 1.0714644660940673
v -0.003535533905932739 0 1.0714644660940673
v -0.003535533905932739 0.10000000000000003 1.0714644660940673
v -0.003535533905932739 0.20000000000000001 1.0714644660940673
v -0.0046193976625564341 -0.20000000000000001 1.0730865828381746
v -0.0046193976625564341 -0.10000000000000001 1.0730865828381746
v -0.0046193976625564341 0 1.0730865828381746
v -0.0046193976625564341 0.10000000000000003 1.0730865828381746
v -0.0046193976625564341 0.20000000000000001 1.0730865828381746
v -0.005000000000000001 -0.20000000000000001 1.075
v -0.005000000000000001 -0.10000000000000001 1.075
v -0.005000000000000001 0 1.075
v -0.005000000000000001 0.10000000000000003 1.075
v -0.005000000000000001 0.20000000000000001 1.075
v -0.0046193976625564341 -0.20000000000000001 1.0769134171618253
v -0.0046193976625564341 -0.10000000000000001 1.0769134171618253
v -0.0046193976625564341 0 1.0769134171618253
v -0.0046193976625564341 0.10000000000000003 1.0769134171618253
v -0.0046193976625564341 0.20000000000000001 1.0769134171618253
v -0.003535533905932739 -0.20000000000000001 1.0785355339059326
v -0.003535533905932739 -0.10000000000000001 1.0785355339059326
v -0.003535533905932739 0 1.0785355339059326
v -0.003535533905932739 0.10000000000000003 1.0785355339059326
v -0.003535533905932739 0.20000000000000001 1.0785355339059326
v -0.0019134171618254503 -0.20000000000000001 1.0796193976625563
v -0.0019134171618254503 -0.10000000000000001 1.0796193976625563
v -0.0019134171618254503 0 1.0796193976625563
v -0.0019134171618254503 0.10000000000000003 1.0796193976625563
v -0.0019134171618254503 0.20000000000000001 1.0796193976625563
v -3.0616169978683839e-19 -0.20000000000000001 1.0799999999999998
v -3.0616169978683839e-19 -0.10000000000000001 1.0799999999999998
v -3.0616169978683839e-19 0 1.0799999999999998
v -3.0616169978683839e-19 0.10000000000000003 1.0799999999999998
v -3.0616169978683839e-19 0.20000000000000001 1.0799999999999998
v 0.125 -0.20000000000000001 1.0800000000000001
v 0.125 -0.10000000000000001 1.0800000000000001
v 0.125 0 1.0800000000000001
v 0.125 0.10000000000000003 1.0800000000000001
v 0.125 0.20000000000000001 1.0800000000000001
v 0.25 -0.20000000000000001 1.0800000000000001
v 0.25 -0.10000000000000001 1.0800000000000001
v 0.25 0 1.0800000000000001
v 0.25 0.10000000000000003 1.0800000000000001
v 0.25 0.20000000000000001 1.0800000000000001
v 0.375 -0.20000000000000001 1.0800000000000001
v 0.375 -0.10000000000000001 1.0800000000000001
v 0.375 0 1.0800000000000001
v 0.375 0.10000000000000003 1.0800000000000001
v 0.375 0.20000000000000001 1.0800000000000001
v 0.5 -0.20000000000000001 1.0800000000000001
v 0.5 -0.10000000000000001 1.0800000000000001
v 0.5 0 1.0800000000000001
v 0.5 0.10000000000000003 1.0800000000000001
v 0.5 0.20000000000000001 1.0800000000000001
v 0.625 -0.20000000000000001 1.0800000000000001
v 0.625 -0.10000000000000001 1.0800000000000001
v 0.625 0 1.0800000000000001
v 0.625 0.10000000000000003 1.0800000000000001
v 0.625 0.20000000000000001 1.0800000000000001
v 0.75 -0.20000000000000001 1.0800000000000001
v 0.75 -0.10000000000000001 1.0800000000000001
v 0.75 0 1.0800000000000001
v 0.75 0.10000000000000003 1.0800000000000001
v 0.75 0.20000000000000001 1.0800000000000001
v 0.875 -0.20000000000000001 1.0800000000000001
v 0.875 -0.10000000000000001 1.0800000000000001
v 0.875 0 1.0800000000000001
v 0.875 0.10000000000000003 1.0800000000000001
v 0.875 0.20000000000000001 1.0800000000000001
v 1 -0.20000000000000001 1.0800000000000001
v 1 -0.10000000000000001 1.0800000000000001
v 1 0 1.0800000000000001
v 1 0.10000000000000003 1.0800000000000001
v 1 0.20000000000000001 1.0800000000000001
v 1.0172207544564291 -0.20000000000000001 1.0834254210369922
v 1.0172207544564291 -0.10000000000000001 1.0834254210369922
v 1.0172207544564291 0 1.0834254210369922
v 1.0172207544564291 0.10000000000000003 1.0834254210369922
v 1.0172207544564291 0.20000000000000001 1.0834254210369922
v 1.0318198051533947 -0.20000000000000001 1.0931801948466053
v 1.0318198051533947 -0.10000000000000001 1.0931801948466053
v 1.0318198051533947 0 1.0931801948466053
v 1.0318198051533947 0.10000000000000003 1.0931801948466053
v 1.0318198051533947 0.20000000000000001 1.0931801948466053
v 1.0415745789630078 -0.20000000000000001 1.1077792455435709
v 1.0415745789630078 -0.10000000000000001 1.1077792455435709
v 1.0415745789630078 0 1.1077792455435709
v 1.0415745789630078 0.10000000000000003 1.1077792455435709
v 1.0415745789630078 0.20000000000000001 1.1077792455435709
v 1.0449999999999999 -0.20000000000000001 1.125
v 1.0449999999999999 -0.10000000000000001 1.125
v 1.0449999999999999 0 1.125
v 1.0449999999999999 0.10000000000000003 1.125
v 1.0449999999999999 0.20000000000000001 1.125
v 1.0415745789630078 -0.20000000000000001 1.1422207544564291
v 1.0415745789630078 -0.10000000000000001 1.1422207544564291
v 1.0415745789630078 0 1.1422207544564291
v 1.0415745789630078 0.10000000000000003 1.1422207544564291
v 1.0415745789630078 0.20000000000000001 1.1422207544564291
v 1.0318198051533947 -0.20000000000000001 1.1568198051533947
v 1.0318198051533947 -0.10000000000000001 1.1568198051533947
v 1.0318198051533947 0 1.1568198051533947
v 1.0318198051533947 0.10000000000000003 1.1568198051533947
v 1.0318198051533947 0.20000000000000001 1.1568198051533947
v 1.0172207544564291 -0.20000000000000001 1.1665745789630078
v 1.0172207544564291 -0.10000000000000001 1.1665745789630078
v 1.0172207544564291 0 1.1665745789630078
v 1.0172207544564291 0.10000000000000003 1.1665745789630078
v 1.0172207544564291 0.20000000000000001 1.1665745789630078
v 1 -0.20000000000000001 1.1699999999999999
v 1 -0.10000000000000001 1.1699999999999999
v 1 0 1.1699999999999999
v 1 0.10000000000000003 1.1699999999999999
v 1 0.20000000000000001 1.1699999999999999
v 0.875 -0.20000000000000001 1.1700000000000002
v 0.875 -0.10000000000000001 1.1700000000000002
v 0.875 0 1.1700000000000002
v 0.875 0.10000000000000003 1.1700000000000002
v 0.875 0.20000000000000001 1.1700000000000002
v 0.75 -0.20000000000000001 1.1700000000000002
v 0.75 -0.10000000000000001 1.1700000000000002
v 0.75 0 1.1700000000000002
v 0.75 0.10000000000000003 1.1700000000000002
v 0.75 0.20000000000000001 1.1700000000000002
v 0.625 -0.20000000000000001 1.1700000000000002
v 0.625 -0.10000000000000001 1.1700000000000002
v 0.625 0 1.1700000000000002
v 0.625 0.10000000000000003 1.1700000000000002
v 0.625 0.20000000000000001 1.1700000000000002
v 0.5 -0.20000000000000001 1.1700000000000002
v 0.5 -0.10000000000000001 1.1700000000000002
v 0.5 0 1.1700000000000002
v 0.5 0.10000000000000003 1.1700000000000002
v 0.5 0.20000000000000001 1.1700000000000002
v 0.375 -0.20000000000000001 1.1700000000000002
v 0.375 -0.10000000000000001 1.1700000000000002
v 0.375 0 1.1700000000000002
v 0.375 0.10000000000000003 1.1700000000000002
v 0.375 0.20000000000000001 1.1700000000000002
v 0.25 -0.20000000000000001 1.1700000000000002
v 0.25 -0.10000000000000001 1.1700000000000002
v 0.25 0 1.1700000000000002
v 0.25 0.10000000000000003 1.1700000000000002
v 0.25 0.20000000000000001 1.1700000000000002
v 0.125 -0.20000000000000001 1.1700000000000002
v 0.125 -0.10000000000000001 1.1700000000000002
v 0.125 0 1.1700000000000002
v 0.125 0.10000000000000003 1.1700000000000002
v 0.125 0.20000000000000001 1.1700000000000002
v 0 -0.20000000000000001 1.1700000000000002
v 0 -0.10000000000000001 1.1700000000000002
v 0 0 1.1700000000000002
v 0 0.10000000000000003 1.1700000000000002
v 0 0.20000000000000001 1.1700000000000002
vt 0 0
vt 0 0.10000000000000001
vt 0 0.20000000000000001
vt 0 0.30000000000000004
vt 0 0.40000000000000002
vt 0.125 0
vt 0.125 0.10000000000000001
vt 0.125 0.20000000000000001
vt 0.125 0.30000000000000004
vt 0.125 0.40000000000000002
vt 0.25 0
vt 0.25 0.10000000000000001
vt 0.25 0.20000000000000001
vt 0.25 0.30000000000000004
vt 0.25 0.40000000000000002
vt 0.375 0
vt 0.375 0.10000000000000001
vt 0.375 0.20000000000000001
vt 0.375 0.30000000000000004
vt 0.375 0.40000000000000002
vt 0.5 0
vt 0.5 0.10000000000000001
vt 0.5 0.20000000000000001
vt 0.5 0.30000000000000004
vt 0.5 0.40000000000000002
vt 0.625 0
vt 0.625 0.10000000000000001
vt 0.625 0.20000000000000001
vt 0.625 0.30000000000000004
vt 0.625 0.40000000000000002
vt 0.75 0
vt 0.75 0.10000000000000001
vt 0.75 0.20000000000000001
vt 0.75 0.30000000000000004
vt 0.75 0.40000000000000002
vt 0.875 0
vt 0.875 0.10000000000000001
vt 0.875 0.20000000000000001
vt 0.875 0.30000000000000004
vt 0.875 0.40000000000000002
vt 1 0
vt 1 0.10000000000000001
vt 1 0.20000000000000001
vt 1 0.30000000000000004
vt 1 0.40000000000000002
vt 1.0097545161008064 0
vt 1.0097545161008064 0.10000000000000001
vt 1.0097545161008064 0.20000000000000001
vt 1.0097545161008064 0.30000000000000004
vt 1.0097545161008064 0.40000000000000002
vt 1.0195090322016127 0
vt 1.0195090322016127 0.10000000000000001
vt 1.0195090322016127 0.20000000000000001
vt 1.0195090322016127 0.30000000000000004
vt 1.0195090322016127 0.40000000000000002
vt 1.0292635483024191 0
vt 1.0292635483024191 0.10000000000000001
vt 1.0292635483024191 0.20000000000000001
vt 1.0292635483024191 0.30000000000000004
vt 1.0292635483024191 0.40000000000000002
vt 1.0390180644032254 0
vt 1.0390180644032254 0.10000000000000001
vt 1.0390180644032254 0.20000000000000001
vt 1.0390180644032254 0.30000000000000004
vt 1.0390180644032254 0.40000000000000002
vt 1.0487725805040318 0
vt 1.0487725805040318 0.10000000000000001
vt 1.0487725805040318 0.20000000000000001
vt 1.0487725805040318 0.30000000000000004
vt 1.0487725805040318 0.40000000000000002
vt 1.0585270966048381 0
vt 1.0585270966048381 0.10000000000000001
vt 1.0585270966048381 0.20000000000000001
vt 1.0585270966048381 0.30000000000000004
vt 1.0585270966048381 0.40000000000000002
vt 1.0682816127056445 0
vt 1.0682816127056445 0.10000000000000001
vt 1.0682816127056445 0.20000000000000001
vt 1.0682816127056445 0.30000000000000004
vt 1.0682816127056445 0.40000000000000002
vt 1.0780361288064508 0
vt 1.0780361288064508 0.10000000000000001
vt 1.0780361288064508 0.20000000000000001
vt 1.0780361288064508 0.30000000000000004
vt 1.0780361288064508 0.40000000000000002
vt 1.2030361288064508 0
vt 1.2030361288064508 0.10000000000000001
vt 1.2030361288064508 0.20000000000000001
vt 1.2030361288064508 0.30000000000000004
vt 1.2030361288064508 0.40000000000000002
vt 1.3280361288064508 0
vt 1.3280361288064508 0.10000000000000001
vt 1.3280361288064508 0.20000000000000001
vt 1.3280361288064508 0.30000000000000004
vt 1.3280361288064508 0.40000000000000002
vt 1.4530361288064508 0
vt 1.4530361288064508 0.10000000000000001
vt 1.4530361288064508 0.20000000000000001
vt 1.4530361288064508 0.30000000000000004
vt 1.4530361288064508 0.40000000000000002
vt 1.5780361288064508 0
vt 1.5780361288064508 0.10000000000000001
vt 1.5780361288064508 0.20000000000000001
vt 1.5780361288064508 0.30000000000000004
vt 1.5780361288064508 0.40000000000000002
vt 1.7030361288064508 0
vt 1.7030361288064508 0.10000000000000001
vt 1.7030361288064508 0.20000000000000001
vt 1.7030361288064508 0.30000000000000004
vt 1.7030361288064508 0.40000000000000002
vt 1.8280361288064508 0
vt 1.8280361288064508 0.10000000000000001
vt 1.8280361288064508 0.20000000000000001
vt 1.8280361288064508 0.30000000000000004
vt 1.8280361288064508 0.40000000000000002
vt 1.9530361288064508 0
vt 1.9530361288064508 0.10000000000000001
vt 1.9530361288064508 0.20000000000000001
vt 1.9530361288064508 0.30000000000000004
vt 1.9530361288064508 0.40000000000000002
vt 2.0780361288064508 0
vt 2.0780361288064508 0.10000000000000001
vt 2.0780361288064508 0.20000000000000001
vt 2.0780361288064508 0.30000000000000004
vt 2.0780361288064508 0.40000000000000002
vt 2.0877906449072574 0
vt 2.0877906449072574 0.10000000000000001
vt 2.0877906449072574 0.20000000000000001
vt 2.0877906449072574 0.30000000000000004
vt 2.0877906449072574 0.40000000000000002
vt 2.097545161008064 0
vt 2.097545161008064 0.10000000000000001
vt 2.097545161008064 0.20000000000000001
vt 2.097545161008064 0.30000000000000004
vt 2.097545161008064 0.40000000000000002
vt 2.1072996771088706 0
vt 2.1072996771088706 0.10000000000000001
vt 2.1072996771088706 0.20000000000000001
vt 2.1072996771088706 0.30000000000000004
vt 2.1072996771088706 0.40000000000000002
vt 2.1170541932096771 0
vt 2.1170541932096771 0.10000000000000001
vt 2.1170541932096771 0.20000000000000001
vt 2.1170541932096771 0.30000000000000004
vt 2.1170541932096771 0.40000000000000002
vt 2.1268087093104837 0
vt 2.1268087093104837 0.10000000000000001
vt 2.1268087093104837 0.20000000000000001
vt 2.1268087093104837 0.30000000000000004
vt 2.1268087093104837 0.40000000000000002
vt 2.1365632254112903 0
vt 2.1365632254112903 0.10000000000000001
vt 2.1365632254112903 0.20000000000000001
vt 2.1365632254112903 0.30000000000000004
vt 2.1365632254112903 0.40000000000000002
vt 2.1463177415120969 0
vt 2.1463177415120969 0.10000000000000001
vt 2.1463177415120969 0.20000000000000001
vt 2.1463177415120969 0.30000000000000004
vt 2.1463177415120969 0.40000000000000002
vt 2.1560722576129034 0
vt 2.1560722576129034 0.10000000000000001
vt 2.1560722576129034 0.20000000000000001
vt 2.1560722576129034 0.30000000000000004
vt 2.1560722576129034 0.40000000000000002
vt 2.2810722576129034 0
vt 2.2810722576129034 0.10000000000000001
vt 2.2810722576129034 0.20000000000000001
vt 2.2810722576129034 0.30000000000000004
vt 2.2810722576129034 0.40000000000000002
vt 2.4060722576129034 0
vt 2.4060722576129034 0.10000000000000001
vt 2.4060722576129034 0.20000000000000001
vt 2.4060722576129034 0.30000000000000004
vt 2.4060722576129034 0.40000000000000002
vt 2.5310722576129034 0
vt 2.5310722576129034 0.10000000000000001
vt 2.5310722576129034 0.20000000000000001
vt 2.5310722576129034 0.30000000000000004
vt 2.5310722576129034 0.40000000000000002
vt 2.6560722576129034 0
vt 2.6560722576129034 0.10000000000000001
vt 2.6560722576129034 0.20000000000000001
vt 2.6560722576129034 0.30000000000000004
vt 2.6560722576129034 0.40000000000000002
vt 2.7810722576129034 0
vt 2.7810722576129034 0.10000000000000001
vt 2.7810722576129034 0.20000000000000001
vt 2.7810722576129034 0.30000000000000004
vt 2.7810722576129034 0.40000000000000002
vt 2.9060722576129034 0
vt 2.9060722576129034 0.10000000000000001
vt 2.9060722576129034 0.20000000000000001
vt 2.9060722576129034 0.30000000000000004
vt 2.9060722576129034 0.40000000000000002
vt 3.0310722576129034 0
vt 3.0310722576129034 0.10000000000000001
vt 3.0310722576129034 0.20000000000000001
vt 3.0310722576129034 0.30000000000000004
vt 3.0310722576129034 0.40000000000000002
vt 3.1560722576129034 0
vt 3.1560722576129034 0.10000000000000001
vt 3.1560722576129034 0.20000000000000001
vt 3.1560722576129034 0.30000000000000004
vt 3.1560722576129034 0.40000000000000002
vt 3.16582677371371 0
vt 3.16582677371371 0.10000000000000001
vt 3.16582677371371 0.20000000000000001
vt 3.16582677371371 0.30000000000000004
vt 3.16582677371371 0.40000000000000002
vt 3.1755812898145166 0
vt 3.1755812898145166 0.10000000000000001
vt 3.1755812898145166 0.20000000000000001
vt 3.1755812898145166 0.30000000000000004
vt 3.1755812898145166 0.40000000000000002
vt 3.1853358059153232 0
vt 3.1853358059153232 0.10000000000000001
vt 3.1853358059153232 0.20000000000000001
vt 3.1853358059153232 0.30000000000000004
vt 3.1853358059153232 0.40000000000000002
vt 3.1950903220161297 0
vt 3.1950903220161297 0.10000000000000001
vt 3.1950903220161297 0.20000000000000001
vt 3.1950903220161297 0.30000000000000004
vt 3.1950903220161297 0.40000000000000002
vt 3.2048448381169363 0
vt 3.2048448381169363 0.10000000000000001
vt 3.2048448381169363 0.20000000000000001
vt 3.2048448381169363 0.30000000000000004
vt 3.2048448381169363 0.40000000000000002
vt 3.2145993542177429 0
vt 3.2145993542177429 0.10000000000000001
vt 3.2145993542177429 0.20000000000000001
vt 3.2145993542177429 0.30000000000000004
vt 3.2145993542177429 0.40000000000000002
vt 3.2243538703185495 0
vt 3.2243538703185495 0.10000000000000001
vt 3.2243538703185495 0.20000000000000001
vt 3.2243538703185495 0.30000000000000004
vt 3.2243538703185495 0.40000000000000002
vt 3.2341083864193561 0
vt 3.2341083864193561 0.10000000000000001
vt 3.2341083864193561 0.20000000000000001
vt 3.2341083864193561 0.30000000000000004
vt 3.2341083864193561 0.40000000000000002
vt 3.3591083864193561 0
vt 3.3591083864193561 0.10000000000000001
vt 3.3591083864193561 0.20000000000000001
vt 3.3591083864193561 0.30000000000000004
vt 3.3591083864193561 0.40000000000000002
vt 3.4841083864193561 0
vt 3.4841083864193561 0.10000000000000001
vt 3.4841083864193561 0.20000000000000001
vt 3.4841083864193561 0.30000000000000004
vt 3.4841083864193561 0.40000000000000002
vt 3.6091083864193561 0
vt 3.6091083864193561 0.10000000000000001
vt 3.6091083864193561 0.20000000000000001
vt 3.6091083864193561 0.30000000000000004
vt 3.6091083864193561 0.40000000000000002
vt 3.7341083864193561 0
vt 3.7341083864193561 0.10000000000000001
vt 3.7341083864193561 0.20000000000000001
vt 3.7341083864193561 0.30000000000000004
vt 3.7341083864193561 0.40000000000000002
vt 3.8591083864193561 0
vt 3.8591083864193561 0.10000000000000001
vt 3.8591083864193561 0.20000000000000001
vt 3.8591083864193561 0.30000000000000004
vt 3.8591083864193561 0.40000000000000002
vt 3.9841083864193561 0
vt 3.9841083864193561 0.10000000000000001
vt 3.9841083864193561 0.20000000000000001
vt 3.9841083864193561 0.30000000000000004
vt 3.9841083864193561 0.40000000000000002
vt 4.1091083864193561 0
vt 4.1091083864193561 0.10000000000000001
vt 4.1091083864193561 0.20000000000000001
vt 4.1091083864193561 0.30000000000000004
vt 4.1091083864193561 0.40000000000000002
vt 4.2341083864193561 0
vt 4.2341083864193561 0.10000000000000001
vt 4.2341083864193561 0.20000000000000001
vt 4.2341083864193561 0.30000000000000004
vt 4.2341083864193561 0.40000000000000002
vt 4.2438629025201626 0
vt 4.2438629025201626 0.10000000000000001
vt 4.2438629025201626 0.20000000000000001
vt 4.2438629025201626 0.30000000000000004
vt 4.2438629025201626 0.40000000000000002
vt 4.2536174186209692 0
vt 4.2536174186209692 0.10000000000000001
vt 4.2536174186209692 0.20000000000000001
vt 4.2536174186209692 0.30000000000000004
vt 4.2536174186209692 0.40000000000000002
vt 4.2633719347217758 0
vt 4.2633719347217758 0.10000000000000001
vt 4.2633719347217758 0.20000000000000001
vt 4.2633719347217758 0.30000000000000004
vt 4.2633719347217758 0.40000000000000002
vt 4.2731264508225824 0
vt 4.2731264508225824 0.10000000000000001
vt 4.2731264508225824 0.20000000000000001
vt 4.2731264508225824 0.30000000000000004
vt 4.2731264508225824 0.40000000000000002
vt 4.2828809669233889 0
vt 4.2828809669233889 0.10000000000000001
vt 4.2828809669233889 0.20000000000000001
vt 4.2828809669233889 0.30000000000000004
vt 4.2828809669233889 0.40000000000000002
vt 4.2926354830241955 0
vt 4.2926354830241955 0.10000000000000001
vt 4.2926354830241955 0.20000000000000001
vt 4.2926354830241955 0.30000000000000004
vt 4.2926354830241955 0.40000000000000002
vt 4.3023899991250021 0
vt 4.3023899991250021 0.10000000000000001
vt 4.3023899991250021 0.20000000000000001
vt 4.3023899991250021 0.30000000000000004
vt 4.3023899991250021 0.40000000000000002
vt 4.3121445152258087 0
vt 4.3121445152258087 0.10000000000000001
vt 4.3121445152258087 0.20000000000000001
vt 4.3121445152258087 0.30000000000000004
vt 4.3121445152258087 0.40000000000000002
vt 4.4371445152258087 0
vt 4.4371445152258087 0.10000000000000001
vt 4.4371445152258087 0.20000000000000001
vt 4.4371445152258087 0.30000000000000004
vt 4.4371445152258087 0.40000000000000002
vt 4.5621445152258087 0
vt 4.5621445152258087 0.10000000000000001
vt 4.5621445152258087 0.20000000000000001
vt 4.5621445152258087 0.30000000000000004
vt 4.5621445152258087 0.40000000000000002
vt 4.6871445152258087 0
vt 4.6871445152258087 0.10000000000000001
vt 4.6871445152258087 0.20000000000000001
vt 4.6871445152258087 0.30000000000000004
vt 4.6871445152258087 0.40000000000000002
vt 4.8121445152258087 0
vt 4.8121445152258087 0.10000000000000001
vt 4.8121445152258087 0.20000000000000001
vt 4.8121445152258087 0.30000000000000004
vt 4.8121445152258087 0.40000000000000002
vt 4.9371445152258087 0
vt 4.9371445152258087 0.10000000000000001
vt 4.9371445152258087 0.20000000000000001
vt 4.9371445152258087 0.30000000000000004
vt 4.9371445152258087 0.40000000000000002
vt 5.0621445152258087 0
vt 5.0621445152258087 0.10000000000000001
vt 5.0621445152258087 0.20000000000000001
vt 5.0621445152258087 0.30000000000000004
vt 5.0621445152258087 0.40000000000000002
vt 5.1871445152258087 0
vt 5.1871445152258087 0.10000000000000001
vt 5.1871445152258087 0.20000000000000001
vt 5.1871445152258087 0.30000000000000004
vt 5.1871445152258087 0.40000000000000002
vt 5.3121445152258087 0
vt 5.3121445152258087 0.10000000000000001
vt 5.3121445152258087 0.20000000000000001
vt 5.3121445152258087 0.30000000000000004
vt 5.3121445152258087 0.40000000000000002
vt 5.3218990313266152 0
vt 5.3218990313266152 0.10000000000000001
vt 5.3218990313266152 0.20000000000000001
vt 5.3218990313266152 0.30000000000000004
vt 5.3218990313266152 0.40000000000000002
vt 5.3316535474274218 0
vt 5.3316535474274218 0.10000000000000001
vt 5.3316535474274218 0.20000000000000001
vt 5.3316535474274218 0.30000000000000004
vt 5.3316535474274218 0.40000000000000002
vt 5.3414080635282284 0
vt 5.3414080635282284 0.10000000000000001
vt 5.3414080635282284 0.20000000000000001
vt 5.3414080635282284 0.30000000000000004
vt 5.3414080635282284 0.40000000000000002
vt 5.351162579629035 0
vt 5.351162579629035 0.10000000000000001
vt 5.351162579629035 0.20000000000000001
vt 5.351162579629035 0.30000000000000004
vt 5.351162579629035 0.40000000000000002
vt 5.3609170957298415 0
vt 5.3609170957298415 0.10000000000000001
vt 5.3609170957298415 0.20000000000000001
vt 5.3609170957298415 0.30000000000000004
vt 5.3609170957298415 0.40000000000000002
vt 5.3706716118306481 0
vt 5.3706716118306481 0.10000000000000001
vt 5.3706716118306481 0.20000000000000001
vt 5.3706716118306481 0.30000000000000004
vt 5.3706716118306481 0.40000000000000002
vt 5.3804261279314547 0
vt 5.3804261279314547 0.10000000000000001
vt 5.3804261279314547 0.20000000000000001
vt 5.3804261279314547 0.30000000000000004
vt 5.3804261279314547 0.40000000000000002
vt 5.3901806440322613 0
vt 5.3901806440322613 0.10000000000000001
vt 5.3901806440322613 0.20000000000000001
vt 5.3901806440322613 0.30000000000000004
vt 5.3901806440322613 0.40000000000000002
vt 5.5151806440322613 0
vt 5.5151806440322613 0.10000000000000001
vt 5.5151806440322613 0.20000000000000001
vt 5.5151806440322613 0.30000000000000004
vt 5.5151806440322613 0.40000000000000002
vt 5.6401806440322613 0
vt 5.6401806440322613 0.10000000000000001
vt 5.6401806440322613 0.20000000000000001
vt 5.6401806440322613 0.30000000000000004
vt 5.6401806440322613 0.40000000000000002
vt 5.7651806440322613 0
vt 5.7651806440322613 0.10000000000000001
vt 5.7651806440322613 0.20000000000000001
vt 5.7651806440322613 0.30000000000000004
vt 5.7651806440322613 0.40000000000000002
vt 5.8901806440322613 0
vt 5.8901806440322613 0.10000000000000001
vt 5.8901806440322613 0.20000000000000001
vt 5.8901806440322613 0.30000000000000004
vt 5.8901806440322613 0.40000000000000002
vt 6.0151806440322613 0
vt 6.0151806440322613 0.10000000000000001
vt 6.0151806440322613 0.20000000000000001
vt 6.0151806440322613 0.30000000000000004
vt 6.0151806440322613 0.40000000000000002
vt 6.1401806440322613 0
vt 6.1401806440322613 0.10000000000000001
vt 6.1401806440322613 0.20000000000000001
vt 6.1401806440322613 0.30000000000000004
vt 6.1401806440322613 0.40000000000000002
vt 6.2651806440322613 0
vt 6.2651806440322613 0.10000000000000001
vt 6.2651806440322613 0.20000000000000001
vt 6.2651806440322613 0.30000000000000004
vt 6.2651806440322613 0.40000000000000002
vt 6.3901806440322613 0
vt 6.3901806440322613 0.10000000000000001
vt 6.3901806440322613 0.20000000000000001
vt 6.3901806440322613 0.30000000000000004
vt 6.3901806440322613 0.40000000000000002
vt 6.3999351601330678 0
vt 6.3999351601330678 0.10000000000000001
vt 6.3999351601330678 0.20000000000000001
vt 6.3999351601330678 0.30000000000000004
vt 6.3999351601330678 0.40000000000000002
vt 6.4096896762338744 0
vt 6.4096896762338744 0.10000000000000001
vt 6.4096896762338744 0.20000000000000001
vt 6.4096896762338744 0.30000000000000004
vt 6.4096896762338744 0.40000000000000002
vt 6.419444192334681 0
vt 6.419444192334681 0.10000000000000001
vt 6.419444192334681 0.20000000000000001
vt 6.419444192334681 0.30000000000000004
vt 6.419444192334681 0.40000000000000002
vt 6.4291987084354876 0
vt 6.4291987084354876 0.10000000000000001
vt 6.4291987084354876 0.20000000000000001
vt 6.4291987084354876 0.30000000000000004
vt 6.4291987084354876 0.40000000000000002
vt 6.4389532245362942 0
vt 6.4389532245362942 0.10000000000000001
vt 6.4389532245362942 0.20000000000000001
vt 6.4389532245362942 0.30000000000000004
vt 6.4389532245362942 0.40000000000000002
vt 6.4487077406371007 0
vt 6.4487077406371007 0.10000000000000001
vt 6.4487077406371007 0.20000000000000001
vt 6.4487077406371007 0.30000000000000004
vt 6.4487077406371007 0.40000000000000002
vt 6.4584622567379073 0
vt 6.4584622567379073 0.10000000000000001
vt 6.4584622567379073 0.20000000000000001
vt 6.4584622567379073 0.30000000000000004
vt 6.4584622567379073 0.40000000000000002
vt 6.4682167728387139 0
vt 6.4682167728387139 0.10000000000000001
vt 6.4682167728387139 0.20000000000000001
vt 6.4682167728387139 0.30000000000000004
vt 6.4682167728387139 0.40000000000000002
vt 6.5932167728387139 0
vt 6.5932167728387139 0.10000000000000001
vt 6.5932167728387139 0.20000000000000001
vt 6.5932167728387139 0.30000000000000004
vt 6.5932167728387139 0.40000000000000002
vt 6.7182167728387139 0
vt 6.7182167728387139 0.10000000000000001
vt 6.7182167728387139 0.20000000000000001
vt 6.7182167728387139 0.30000000000000004
vt 6.7182167728387139 0.40000000000000002
vt 6.8432167728387139 0
vt 6.8432167728387139 0.10000000000000001
vt 6.8432167728387139 0.20000000000000001
vt 6.8432167728387139 0.30000000000000004
vt 6.8432167728387139 0.40000000000000002
vt 6.9682167728387139 0
vt 6.9682167728387139 0.10000000000000001
vt 6.9682167728387139 0.20000000000000001
vt 6.9682167728387139 0.30000000000000004
vt 6.9682167728387139 0.40000000000000002
vt 7.0932167728387139 0
vt 7.0932167728387139 0.10000000000000001
vt 7.0932167728387139 0.20000000000000001
vt 7.0932167728387139 0.30000000000000004
vt 7.0932167728387139 0.40000000000000002
vt 7.2182167728387139 0
vt 7.2182167728387139 0.10000000000000001
vt 7.2182167728387139 0.20000000000000001
vt 7.2182167728387139 0.30000000000000004
vt 7.2182167728387139 0.40000000000000002
vt 7.3432167728387139 0
vt 7.3432167728387139 0.10000000000000001
vt 7.3432167728387139 0.20000000000000001
vt 7.3432167728387139 0.30000000000000004
vt 7.3432167728387139 0.40000000000000002
vt 7.4682167728387139 0
vt 7.4682167728387139 0.10000000000000001
vt 7.4682167728387139 0.20000000000000001
vt 7.4682167728387139 0.30000000000000004
vt 7.4682167728387139 0.40000000000000002
vt 7.4779712889395205 0
vt 7.4779712889395205 0.10000000000000001
vt 7.4779712889395205 0.20000000000000001
vt 7.4779712889395205 0.30000000000000004
vt 7.4779712889395205 0.40000000000000002
vt 7.487725805040327 0
vt 7.487725805040327 0.10000000000000001
vt 7.487725805040327 0.20000000000000001
vt 7.487725805040327 0.30000000000000004
vt 7.487725805040327 0.40000000000000002
vt 7.4974803211411336 0
vt 7.4974803211411336 0.10000000000000001
vt 7.4974803211411336 0.20000000000000001
vt 7.4974803211411336 0.30000000000000004
vt 7.4974803211411336 0.40000000000000002
vt 7.5072348372419402 0
vt 7.5072348372419402 0.10000000000000001
vt 7.5072348372419402 0.20000000000000001
vt 7.5072348372419402 0.30000000000000004
vt 7.5072348372419402 0.40000000000000002
vt 7.5169893533427468 0
vt 7.5169893533427468 0.10000000000000001
vt 7.5169893533427468 0.20000000000000001
vt 7.5169893533427468 0.30000000000000004
vt 7.5169893533427468 0.40000000000000002
vt 7.5267438694435533 0
vt 7.5267438694435533 0.10000000000000001
vt 7.5267438694435533 0.20000000000000001
vt 7.5267438694435533 0.30000000000000004
vt 7.5267438694435533 0.40000000000000002
vt 7.5364983855443599 0
vt 7.5364983855443599 0.10000000000000001
vt 7.5364983855443599 0.20000000000000001
vt 7.5364983855443599 0.30000000000000004
vt 7.5364983855443599 0.40000000000000002
vt 7.5462529016451665 0
vt 7.5462529016451665 0.10000000000000001
vt 7.5462529016451665 0.20000000000000001
vt 7.5462529016451665 0.30000000000000004
vt 7.5462529016451665 0.40000000000000002
vt 7.6712529016451665 0
vt 7.6712529016451665 0.10000000000000001
vt 7.6712529016451665 0.20000000000000001
vt 7.6712529016451665 0.30000000000000004
vt 7.6712529016451665 0.40000000000000002
vt 7.7962529016451665 0
vt 7.7962529016451665 0.10000000000000001
vt 7.7962529016451665 0.20000000000000001
vt 7.7962529016451665 0.30000000000000004
vt 7.7962529016451665 0.40000000000000002
vt 7.9212529016451665 0
vt 7.9212529016451665 0.10000000000000001
vt 7.9212529016451665 0.20000000000000001
vt 7.9212529016451665 0.30000000000000004
vt 7.9212529016451665 0.40000000000000002
vt 8.0462529016451665 0
vt 8.0462529016451665 0.10000000000000001
vt 8.0462529016451665 0.20000000000000001
vt 8.0462529016451665 0.30000000000000004
vt 8.0462529016451665 0.40000000000000002
vt 8.1712529016451665 0
vt 8.1712529016451665 0.10000000000000001
vt 8.1712529016451665 0.20000000000000001
vt 8.1712529016451665 0.30000000000000004
vt 8.1712529016451665 0.40000000000000002
vt 8.2962529016451665 0
vt 8.2962529016451665 0.10000000000000001
vt 8.2962529016451665 0.20000000000000001
vt 8.2962529016451665 0.30000000000000004
vt 8.2962529016451665 0.40000000000000002
vt 8.4212529016451665 0
vt 8.4212529016451665 0.10000000000000001
vt 8.4212529016451665 0.20000000000000001
vt 8.4212529016451665 0.30000000000000004
vt 8.4212529016451665 0.40000000000000002
vt 8.5462529016451665 0
vt 8.5462529016451665 0.10000000000000001
vt 8.5462529016451665 0.20000000000000001
vt 8.5462529016451665 0.30000000000000004
vt 8.5462529016451665 0.40000000000000002
vt 8.5560074177459722 0
vt 8.5560074177459722 0.10000000000000001
vt 8.5560074177459722 0.20000000000000001
vt 8.5560074177459722 0.30000000000000004
vt 8.5560074177459722 0.40000000000000002
vt 8.5657619338467779 0
vt 8.5657619338467779 0.10000000000000001
vt 8.5657619338467779 0.20000000000000001
vt 8.5657619338467779 0.30000000000000004
vt 8.5657619338467779 0.40000000000000002
vt 8.5755164499475836 0
vt 8.5755164499475836 0.10000000000000001
vt 8.5755164499475836 0.20000000000000001
vt 8.5755164499475836 0.30000000000000004
vt 8.5755164499475836 0.40000000000000002
vt 8.5852709660483892 0
vt 8.5852709660483892 0.10000000000000001
vt 8.5852709660483892 0.20000000000000001
vt 8.5852709660483892 0.30000000000000004
vt 8.5852709660483892 0.40000000000000002
vt 8.5950254821491949 0
vt 8.5950254821491949 0.10000000000000001
vt 8.5950254821491949 0.20000000000000001
vt 8.5950254821491949 0.30000000000000004
vt 8.5950254821491949 0.40000000000000002
vt 8.6047799982500006 0
vt 8.6047799982500006 0.10000000000000001
vt 8.6047799982500006 0.20000000000000001
vt 8.6047799982500006 0.30000000000000004
vt 8.6047799982500006 0.40000000000000002
vt 8.6145345143508063 0
vt 8.6145345143508063 0.10000000000000001
vt 8.6145345143508063 0.20000000000000001
vt 8.6145345143508063 0.30000000000000004
vt 8.6145345143508063 0.40000000000000002
vt 8.624289030451612 0
vt 8.624289030451612 0.10000000000000001
vt 8.624289030451612 0.20000000000000001
vt 8.624289030451612 0.30000000000000004
vt 8.624289030451612 0.40000000000000002
vt 8.749289030451612 0
vt 8.749289030451612 0.10000000000000001
vt 8.749289030451612 0.20000000000000001
vt 8.749289030451612 0.30000000000000004
vt 8.749289030451612 0.40000000000000002
vt 8.874289030451612 0
vt 8.874289030451612 0.10000000000000001
vt 8.874289030451612 0.20000000000000001
vt 8.874289030451612 0.30000000000000004
vt 8.874289030451612 0.40000000000000002
vt 8.999289030451612 0
vt 8.999289030451612 0.10000000000000001
vt 8.999289030451612 0.20000000000000001
vt 8.999289030451612 0.30000000000000004
vt 8.999289030451612 0.40000000000000002
vt 9.124289030451612 0
vt 9.124289030451612 0.10000000000000001
vt 9.124289030451612 0.20000000000000001
vt 9.124289030451612 0.30000000000000004
vt 9.124289030451612 0.40000000000000002
vt 9.249289030451612 0
vt 9.249289030451612 0.10000000000000001
vt 9.249289030451612 0.20000000000000001
vt 9.249289030451612 0.30000000000000004
vt 9.249289030451612 0.40000000000000002
vt 9.374289030451612 0
vt 9.374289030451612 0.10000000000000001
vt 9.374289030451612 0.20000000000000001
vt 9.374289030451612 0.30000000000000004
vt 9.374289030451612 0.40000000000000002
vt 9.499289030451612 0
vt 9.499289030451612 0.10000000000000001
vt 9.499289030451612 0.20000000000000001
vt 9.499289030451612 0.30000000000000004
vt 9.499289030451612 0.40000000000000002
vt 9.624289030451612 0
vt 9.624289030451612 0.10000000000000001
vt 9.624289030451612 0.20000000000000001
vt 9.624289030451612 0.30000000000000004
vt 9.624289030451612 0.40000000000000002
vt 9.6340435465524177 0
vt 9.6340435465524177 0.10000000000000001
vt 9.6340435465524177 0.20000000000000001
vt 9.6340435465524177 0.30000000000000004
vt 9.6340435465524177 0.40000000000000002
vt 9.6437980626532234 0
vt 9.6437980626532234 0.10000000000000001
vt 9.6437980626532234 0.20000000000000001
vt 9.6437980626532234 0.30000000000000004
vt 9.6437980626532234 0.40000000000000002
vt 9.6535525787540291 0
vt 9.6535525787540291 0.10000000000000001
vt 9.6535525787540291 0.20000000000000001
vt 9.6535525787540291 0.30000000000000004
vt 9.6535525787540291 0.40000000000000002
vt 9.6633070948548347 0
vt 9.6633070948548347 0.10000000000000001
vt 9.6633070948548347 0.20000000000000001
vt 9.6633070948548347 0.30000000000000004
vt 9.6633070948548347 0.40000000000000002
vt 9.6730616109556404 0
vt 9.6730616109556404 0.10000000000000001
vt 9.6730616109556404 0.20000000000000001
vt 9.6730616109556404 0.30000000000000004
vt 9.6730616109556404 0.40000000000000002
vt 9.6828161270564461 0
vt 9.6828161270564461 0.10000000000000001
vt 9.6828161270564461 0.20000000000000001
vt 9.6828161270564461 0.30000000000000004
vt 9.6828161270564461 0.40000000000000002
vt 9.6925706431572518 0
vt 9.6925706431572518 0.10000000000000001
vt 9.6925706431572518 0.20000000000000001
vt 9.6925706431572518 0.30000000000000004
vt 9.6925706431572518 0.40000000000000002
vt 9.7023251592580575 0
vt 9.7023251592580575 0.10000000000000001
vt 9.7023251592580575 0.20000000000000001
vt 9.7023251592580575 0.30000000000000004
vt 9.7023251592580575 0.40000000000000002
vt 9.8273251592580575 0
vt 9.8273251592580575 0.10000000000000001
vt 9.8273251592580575 0.20000000000000001
vt 9.8273251592580575 0.30000000000000004
vt 9.8273251592580575 0.40000000000000002
vt 9.9523251592580575 0
vt 9.9523251592580575 0.10000000000000001
vt 9.9523251592580575 0.20000000000000001
vt 9.9523251592580575 0.30000000000000004
vt 9.9523251592580575 0.40000000000000002
vt 10.077325159258057 0
vt 10.077325159258057 0.10000000000000001
vt 10.077325159258057 0.20000000000000001
vt 10.077325159258057 0.30000000000000004
vt 10.077325159258057 0.40000000000000002
vt 10.202325159258057 0
vt 10.202325159258057 0.10000000000000001
vt 10.202325159258057 0.20000000000000001
vt 10.202325159258057 0.30000000000000004
vt 10.202325159258057 0.40000000000000002
vt 10.327325159258057 0
vt 10.327325159258057 0.10000000000000001
vt 10.327325159258057 0.20000000000000001
vt 10.327325159258057 0.30000000000000004
vt 10.327325159258057 0.40000000000000002
vt 10.452325159258057 0
vt 10.452325159258057 0.10000000000000001
vt 10.452325159258057 0.20000000000000001
vt 10.452325159258057 0.30000000000000004
vt 10.452325159258057 0.40000000000000002
vt 10.577325159258057 0
vt 10.577325159258057 0.10000000000000001
vt 10.577325159258057 0.20000000000000001
vt 10.577325159258057 0.30000000000000004
vt 10.577325159258057 0.40000000000000002
vt 10.702325159258057 0
vt 10.702325159258057 0.10000000000000001
vt 10.702325159258057 0.20000000000000001
vt 10.702325159258057 0.30000000000000004
vt 10.702325159258057 0.40000000000000002
vt 10.712079675358863 0
vt 10.712079675358863 0.10000000000000001
vt 10.712079675358863 0.20000000000000001
vt 10.712079675358863 0.30000000000000004
vt 10.712079675358863 0.40000000000000002
vt 10.721834191459669 0
vt 10.721834191459669 0.10000000000000001
vt 10.721834191459669 0.20000000000000001
vt 10.721834191459669 0.30000000000000004
vt 10.721834191459669 0.40000000000000002
vt 10.731588707560475 0
vt 10.731588707560475 0.10000000000000001
vt 10.731588707560475 0.20000000000000001
vt 10.731588707560475 0.30000000000000004
vt 10.731588707560475 0.40000000000000002
vt 10.74134322366128 0
vt 10.74134322366128 0.10000000000000001
vt 10.74134322366128 0.20000000000000001
vt 10.74134322366128 0.30000000000000004
vt 10.74134322366128 0.40000000000000002
vt 10.751097739762086 0
vt 10.751097739762086 0.10000000000000001
vt 10.751097739762086 0.20000000000000001
vt 10.751097739762086 0.30000000000000004
vt 10.751097739762086 0.40000000000000002
vt 10.760852255862892 0
vt 10.760852255862892 0.10000000000000001
vt 10.760852255862892 0.20000000000000001
vt 10.760852255862892 0.30000000000000004
vt 10.760852255862892 0.40000000000000002
vt 10.770606771963697 0
vt 10.770606771963697 0.10000000000000001
vt 10.770606771963697 0.20000000000000001
vt 10.770606771963697 0.30000000000000004
vt 10.770606771963697 0.40000000000000002
vt 10.780361288064503 0
vt 10.780361288064503 0.10000000000000001
vt 10.780361288064503 0.20000000000000001
vt 10.780361288064503 0.30000000000000004
vt 10.780361288064503 0.40000000000000002
vt 10.905361288064503 0
vt 10.905361288064503 0.10000000000000001
vt 10.905361288064503 0.20000000000000001
vt 10.905361288064503 0.30000000000000004
vt 10.905361288064503 0.40000000000000002
vt 11.030361288064503 0
vt 11.030361288064503 0.10000000000000001
vt 11.030361288064503 0.20000000000000001
vt 11.030361288064503 0.30000000000000004
vt 11.030361288064503 0.40000000000000002
vt 11.155361288064503 0
vt 11.155361288064503 0.10000000000000001
vt 11.155361288064503 0.20000000000000001
vt 11.155361288064503 0.30000000000000004
vt 11.155361288064503 0.40000000000000002
vt 11.280361288064503 0
vt 11.280361288064503 0.10000000000000001
vt 11.280361288064503 0.20000000000000001
vt 11.280361288064503 0.30000000000000004
vt 11.280361288064503 0.40000000000000002
vt 11.405361288064503 0
vt 11.405361288064503 0.10000000000000001
vt 11.405361288064503 0.20000000000000001
vt 11.405361288064503 0.30000000000000004
vt 11.405361288064503 0.40000000000000002
vt 11.530361288064503 0
vt 11.530361288064503 0.10000000000000001
vt 11.530361288064503 0.20000000000000001
vt 11.530361288064503 0.30000000000000004
vt 11.530361288064503 0.40000000000000002
vt 11.655361288064503 0
vt 11.655361288064503 0.10000000000000001
vt 11.655361288064503 0.20000000000000001
vt 11.655361288064503 0.30000000000000004
vt 11.655361288064503 0.40000000000000002
vt 11.780361288064503 0
vt 11.780361288064503 0.10000000000000001
vt 11.780361288064503 0.20000000000000001
vt 11.780361288064503 0.30000000000000004
vt 11.780361288064503 0.40000000000000002
vt 11.790115804165309 0
vt 11.790115804165309 0.10000000000000001
vt 11.790115804165309 0.20000000000000001
vt 11.790115804165309 0.30000000000000004
vt 11.790115804165309 0.40000000000000002
vt 11.799870320266114 0
vt 11.799870320266114 0.10000000000000001
vt 11.799870320266114 0.20000000000000001
vt 11.799870320266114 0.30000000000000004
vt 11.799870320266114 0.40000000000000002
vt 11.80962483636692 0
vt 11.80962483636692 0.10000000000000001
vt 11.80962483636692 0.20000000000000001
vt 11.80962483636692 0.30000000000000004
vt 11.80962483636692 0.40000000000000002
vt 11.819379352467726 0
vt 11.819379352467726 0.10000000000000001
vt 11.819379352467726 0.20000000000000001
vt 11.819379352467726 0.30000000000000004
vt 11.819379352467726 0.40000000000000002
vt 11.829133868568531 0
vt 11.829133868568531 0.10000000000000001
vt 11.829133868568531 0.20000000000000001
vt 11.829133868568531 0.30000000000000004
vt 11.829133868568531 0.40000000000000002
vt 11.838888384669337 0
vt 11.838888384669337 0.10000000000000001
vt 11.838888384669337 0.20000000000000001
vt 11.838888384669337 0.30000000000000004
vt 11.838888384669337 0.40000000000000002
vt 11.848642900770143 0
vt 11.848642900770143 0.10000000000000001
vt 11.848642900770143 0.20000000000000001
vt 11.848642900770143 0.30000000000000004
vt 11.848642900770143 0.40000000000000002
vt 11.858397416870949 0
vt 11.858397416870949 0.10000000000000001
vt 11.858397416870949 0.20000000000000001
vt 11.858397416870949 0.30000000000000004
vt 11.858397416870949 0.40000000000000002
vt 11.983397416870949 0
vt 11.983397416870949 0.10000000000000001
vt 11.983397416870949 0.20000000000000001
vt 11.983397416870949 0.30000000000000004
vt 11.983397416870949 0.40000000000000002
vt 12.108397416870949 0
vt 12.108397416870949 0.10000000000000001
vt 12.108397416870949 0.20000000000000001
vt 12.108397416870949 0.30000000000000004
vt 12.108397416870949 0.40000000000000002
vt 12.233397416870949 0
vt 12.233397416870949 0.10000000000000001
vt 12.233397416870949 0.20000000000000001
vt 12.233397416870949 0.30000000000000004
vt 12.233397416870949 0.40000000000000002
vt 12.358397416870949 0
vt 12.358397416870949 0.10000000000000001
vt 12.358397416870949 0.20000000000000001
vt 12.358397416870949 0.30000000000000004
vt 12.358397416870949 0.40000000000000002
vt 12.483397416870949 0
vt 12.483397416870949 0.10000000000000001
vt 12.483397416870949 0.20000000000000001
vt 12.483397416870949 0.30000000000000004
vt 12.483397416870949 0.40000000000000002
vt 12.608397416870949 0
vt 12.608397416870949 0.10000000000000001
vt 12.608397416870949 0.20000000000000001
vt 12.608397416870949 0.30000000000000004
vt 12.608397416870949 0.40000000000000002
vt 12.733397416870949 0
vt 12.733397416870949 0.10000000000000001
vt 12.733397416870949 0.20000000000000001
vt 12.733397416870949 0.30000000000000004
vt 12.733397416870949 0.40000000000000002
vt 12.858397416870949 0
vt 12.858397416870949 0.10000000000000001
vt 12.858397416870949 0.20000000000000001
vt 12.858397416870949 0.30000000000000004
vt 12.858397416870949 0.40000000000000002
vt 12.868151932971754 0
vt 12.868151932971754 0.10000000000000001
vt 12.868151932971754 0.20000000000000001
vt 12.868151932971754 0.30000000000000004
vt 12.868151932971754 0.40000000000000002
vt 12.87790644907256 0
vt 12.87790644907256 0.10000000000000001
vt 12.87790644907256 0.20000000000000001
vt 12.87790644907256 0.30000000000000004
vt 12.87790644907256 0.40000000000000002
vt 12.887660965173366 0
vt 12.887660965173366 0.10000000000000001
vt 12.887660965173366 0.20000000000000001
vt 12.887660965173366 0.30000000000000004
vt 12.887660965173366 0.40000000000000002
vt 12.897415481274171 0
vt 12.897415481274171 0.10000000000000001
vt 12.897415481274171 0.20000000000000001
vt 12.897415481274171 0.30000000000000004
vt 12.897415481274171 0.40000000000000002
vt 12.907169997374977 0
vt 12.907169997374977 0.10000000000000001
vt 12.907169997374977 0.20000000000000001
vt 12.907169997374977 0.30000000000000004
vt 12.907169997374977 0.40000000000000002
vt 12.916924513475783 0
vt 12.916924513475783 0.10000000000000001
vt 12.916924513475783 0.20000000000000001
vt 12.916924513475783 0.30000000000000004
vt 12.916924513475783 0.40000000000000002
vt 12.926679029576588 0
vt 12.926679029576588 0.10000000000000001
vt 12.926679029576588 0.20000000000000001
vt 12.926679029576588 0.30000000000000004
vt 12.926679029576588 0.40000000000000002
vt 12.936433545677394 0
vt 12.936433545677394 0.10000000000000001
vt 12.936433545677394 0.20000000000000001
vt 12.936433545677394 0.30000000000000004
vt 12.936433545677394 0.40000000000000002
vt 13.061433545677394 0
vt 13.061433545677394 0.10000000000000001
vt 13.061433545677394 0.20000000000000001
vt 13.061433545677394 0.30000000000000004
vt 13.061433545677394 0.40000000000000002
vt 13.186433545677394 0
vt 13.186433545677394 0.10000000000000001
vt 13.186433545677394 0.20000000000000001
vt 13.186433545677394 0.30000000000000004
vt 13.186433545677394 0.40000000000000002
vt 13.311433545677394 0
vt 13.311433545677394 0.10000000000000001
vt 13.311433545677394 0.20000000000000001
vt 13.311433545677394 0.30000000000000004
vt 13.311433545677394 0.40000000000000002
vt 13.436433545677394 0
vt 13.436433545677394 0.10000000000000001
vt 13.436433545677394 0.20000000000000001
vt 13.436433545677394 0.30000000000000004
vt 13.436433545677394 0.40000000000000002
vt 13.561433545677394 0
vt 13.561433545677394 0.10000000000000001
vt 13.561433545677394 0.20000000000000001
vt 13.561433545677394 0.30000000000000004
vt 13.561433545677394 0.40000000000000002
vt 13.686433545677394 0
vt 13.686433545677394 0.10000000000000001
vt 13.686433545677394 0.20000000000000001
vt 13.686433545677394 0.30000000000000004
vt 13.686433545677394 0.40000000000000002
vt 13.811433545677394 0
vt 13.811433545677394 0.10000000000000001
vt 13.811433545677394 0.20000000000000001
vt 13.811433545677394 0.30000000000000004
vt 13.811433545677394 0.40000000000000002
vt 13.936433545677394 0
vt 13.936433545677394 0.10000000000000001
vt 13.936433545677394 0.20000000000000001
vt 13.936433545677394 0.30000000000000004
vt 13.936433545677394 0.40000000000000002
vt 13.9461880617782 0
vt 13.9461880617782 0.10000000000000001
vt 13.9461880617782 0.20000000000000001
vt 13.9461880617782 0.30000000000000004
vt 13.9461880617782 0.40000000000000002
vt 13.955942577879005 0
vt 13.955942577879005 0.10000000000000001
vt 13.955942577879005 0.20000000000000001
vt 13.955942577879005 0.30000000000000004
vt 13.955942577879005 0.40000000000000002
vt 13.965697093979811 0
vt 13.965697093979811 0.10000000000000001
vt 13.965697093979811 0.20000000000000001
vt 13.965697093979811 0.30000000000000004
vt 13.965697093979811 0.40000000000000002
vt 13.975451610080617 0
vt 13.975451610080617 0.10000000000000001
vt 13.975451610080617 0.20000000000000001
vt 13.975451610080617 0.30000000000000004
vt 13.975451610080617 0.40000000000000002
vt 13.985206126181422 0
vt 13.985206126181422 0.10000000000000001
vt 13.985206126181422 0.20000000000000001
vt 13.985206126181422 0.30000000000000004
vt 13.985206126181422 0.40000000000000002
vt 13.994960642282228 0
vt 13.994960642282228 0.10000000000000001
vt 13.994960642282228 0.20000000000000001
vt 13.994960642282228 0.30000000000000004
vt 13.994960642282228 0.40000000000000002
vt 14.004715158383034 0
vt 14.004715158383034 0.10000000000000001
vt 14.004715158383034 0.20000000000000001
vt 14.004715158383034 0.30000000000000004
vt 14.004715158383034 0.40000000000000002
vt 14.01446967448384 0
vt 14.01446967448384 0.10000000000000001
vt 14.01446967448384 0.20000000000000001
vt 14.01446967448384 0.30000000000000004
vt 14.01446967448384 0.40000000000000002
vt 14.13946967448384 0
vt 14.13946967448384 0.10000000000000001
vt 14.13946967448384 0.20000000000000001
vt 14.13946967448384 0.30000000000000004
vt 14.13946967448384 0.40000000000000002
vt 14.26446967448384 0
vt 14.26446967448384 0.10000000000000001
vt 14.26446967448384 0.20000000000000001
vt 14.26446967448384 0.30000000000000004
vt 14.26446967448384 0.40000000000000002
vt 14.38946967448384 0
vt 14.38946967448384 0.10000000000000001
vt 14.38946967448384 0.20000000000000001
vt 14.38946967448384 0.30000000000000004
vt 14.38946967448384 0.40000000000000002
vt 14.51446967448384 0
vt 14.51446967448384 0.10000000000000001
vt 14.51446967448384 0.20000000000000001
vt 14.51446967448384 0.30000000000000004
vt 14.51446967448384 0.40000000000000002
vt 14.63946967448384 0
vt 14.63946967448384 0.10000000000000001
vt 14.63946967448384 0.20000000000000001
vt 14.63946967448384 0.30000000000000004
vt 14.63946967448384 0.40000000000000002
vt 14.76446967448384 0
vt 14.76446967448384 0.10000000000000001
vt 14.76446967448384 0.20000000000000001
vt 14.76446967448384 0.30000000000000004
vt 14.76446967448384 0.40000000000000002
vt 14.88946967448384 0
vt 14.88946967448384 0.10000000000000001
vt 14.88946967448384 0.20000000000000001
vt 14.88946967448384 0.30000000000000004
vt 14.88946967448384 0.40000000000000002
vt 15.01446967448384 0
vt 15.01446967448384 0.10000000000000001
vt 15.01446967448384 0.20000000000000001
vt 15.01446967448384 0.30000000000000004
vt 15.01446967448384 0.40000000000000002
vt 15.024224190584645 0
vt 15.024224190584645 0.10000000000000001
vt 15.024224190584645 0.20000000000000001
vt 15.024224190584645 0.30000000000000004
vt 15.024224190584645 0.40000000000000002
vt 15.033978706685451 0
vt 15.033978706685451 0.10000000000000001
vt 15.033978706685451 0.20000000000000001
vt 15.033978706685451 0.30000000000000004
vt 15.033978706685451 0.40000000000000002
vt 15.043733222786257 0
vt 15.043733222786257 0.10000000000000001
vt 15.043733222786257 0.20000000000000001
vt 15.043733222786257 0.30000000000000004
vt 15.043733222786257 0.40000000000000002
vt 15.053487738887062 0
vt 15.053487738887062 0.10000000000000001
vt 15.053487738887062 0.20000000000000001
vt 15.053487738887062 0.30000000000000004
vt 15.053487738887062 0.40000000000000002
vt 15.063242254987868 0
vt 15.063242254987868 0.10000000000000001
vt 15.063242254987868 0.20000000000000001
vt 15.063242254987868 0.30000000000000004
vt 15.063242254987868 0.40000000000000002
vt 15.072996771088674 0
vt 15.072996771088674 0.10000000000000001
vt 15.072996771088674 0.20000000000000001
vt 15.072996771088674 0.30000000000000004
vt 15.072996771088674 0.40000000000000002
vt 15.082751287189479 0
vt 15.082751287189479 0.10000000000000001
vt 15.082751287189479 0.20000000000000001
vt 15.082751287189479 0.30000000000000004
vt 15.082751287189479 0.40000000000000002
vt 15.092505803290285 0
vt 15.092505803290285 0.10000000000000001
vt 15.092505803290285 0.20000000000000001
vt 15.092505803290285 0.30000000000000004
vt 15.092505803290285 0.40000000000000002
vt 15.217505803290285 0
vt 15.217505803290285 0.10000000000000001
vt 15.217505803290285 0.20000000000000001
vt 15.217505803290285 0.30000000000000004
vt 15.217505803290285 0.40000000000000002
vt 15.342505803290285 0
vt 15.342505803290285 0.10000000000000001
vt 15.342505803290285 0.20000000000000001
vt 15.342505803290285 0.30000000000000004
vt 15.342505803290285 0.40000000000000002
vt 15.467505803290285 0
vt 15.467505803290285 0.10000000000000001
vt 15.467505803290285 0.20000000000000001
vt 15.467505803290285 0.30000000000000004
vt 15.467505803290285 0.40000000000000002
vt 15.592505803290285 0
vt 15.592505803290285 0.10000000000000001
vt 15.592505803290285 0.20000000000000001
vt 15.592505803290285 0.30000000000000004
vt 15.592505803290285 0.40000000000000002
vt 15.717505803290285 0
vt 15.717505803290285 0.10000000000000001
vt 15.717505803290285 0.20000000000000001
vt 15.717505803290285 0.30000000000000004
vt 15.717505803290285 0.40000000000000002
vt 15.842505803290285 0
vt 15.842505803290285 0.10000000000000001
vt 15.842505803290285 0.20000000000000001
vt 15.842505803290285 0.30000000000000004
vt 15.842505803290285 0.40000000000000002
vt 15.967505803290285 0
vt 15.967505803290285 0.10000000000000001
vt 15.967505803290285 0.20000000000000001
vt 15.967505803290285 0.30000000000000004
vt 15.967505803290285 0.40000000000000002
vt 16.092505803290287 0
vt 16.092505803290287 0.10000000000000001
vt 16.092505803290287 0.20000000000000001
vt 16.092505803290287 0.30000000000000004
vt 16.092505803290287 0.40000000000000002
vt 16.102260319391092 0
vt 16.102260319391092 0.10000000000000001
vt 16.102260319391092 0.20000000000000001
vt 16.102260319391092 0.30000000000000004
vt 16.102260319391092 0.40000000000000002
vt 16.112014835491898 0
vt 16.112014835491898 0.10000000000000001
vt 16.112014835491898 0.20000000000000001
vt 16.112014835491898 0.30000000000000004
vt 16.112014835491898 0.40000000000000002
vt 16.121769351592704 0
vt 16.121769351592704 0.10000000000000001
vt 16.121769351592704 0.20000000000000001
vt 16.121769351592704 0.30000000000000004
vt 16.121769351592704 0.40000000000000002
vt 16.13152386769351 0
vt 16.13152386769351 0.10000000000000001
vt 16.13152386769351 0.20000000000000001
vt 16.13152386769351 0.30000000000000004
vt 16.13152386769351 0.40000000000000002
vt 16.141278383794315 0
vt 16.141278383794315 0.10000000000000001
vt 16.141278383794315 0.20000000000000001
vt 16.141278383794315 0.30000000000000004
vt 16.141278383794315 0.40000000000000002
vt 16.151032899895121 0
vt 16.151032899895121 0.10000000000000001
vt 16.151032899895121 0.20000000000000001
vt 16.151032899895121 0.30000000000000004
vt 16.151032899895121 0.40000000000000002
vt 16.160787415995927 0
vt 16.160787415995927 0.10000000000000001
vt 16.160787415995927 0.20000000000000001
vt 16.160787415995927 0.30000000000000004
vt 16.160787415995927 0.40000000000000002
vt 16.170541932096732 0
vt 16.170541932096732 0.10000000000000001
vt 16.170541932096732 0.20000000000000001
vt 16.170541932096732 0.30000000000000004
vt 16.170541932096732 0.40000000000000002
vt 16.295541932096732 0
vt 16.295541932096732 0.10000000000000001
vt 16.295541932096732 0.20000000000000001
vt 16.295541932096732 0.30000000000000004
vt 16.295541932096732 0.40000000000000002
vt 16.420541932096732 0
vt 16.420541932096732 0.10000000000000001
vt 16.420541932096732 0.20000000000000001
vt 16.420541932096732 0.30000000000000004
vt 16.420541932096732 0.40000000000000002
vt 16.545541932096732 0
vt 16.545541932096732 0.10000000000000001
vt 16.545541932096732 0.20000000000000001
vt 16.545541932096732 0.30000000000000004
vt 16.545541932096732 0.40000000000000002
vt 16.670541932096732 0
vt 16.670541932096732 0.10000000000000001
vt 16.670541932096732 0.20000000000000001
vt 16.670541932096732 0.30000000000000004
vt 16.670541932096732 0.40000000000000002
vt 16.795541932096732 0
vt 16.795541932096732 0.10000000000000001
vt 16.795541932096732 0.20000000000000001
vt 16.795541932096732 0.30000000000000004
vt 16.795541932096732 0.40000000000000002
vt 16.920541932096732 0
vt 16.920541932096732 0.10000000000000001
vt 16.920541932096732 0.20000000000000001
vt 16.920541932096732 0.30000000000000004
vt 16.920541932096732 0.40000000000000002
vt 17.045541932096732 0
vt 17.045541932096732 0.10000000000000001
vt 17.045541932096732 0.20000000000000001
vt 17.045541932096732 0.30000000000000004
vt 17.045541932096732 0.40000000000000002
vt 17.170541932096732 0
vt 17.170541932096732 0.10000000000000001
vt 17.170541932096732 0.20000000000000001
vt 17.170541932096732 0.30000000000000004
vt 17.170541932096732 0.40000000000000002
vt 17.180296448197538 0
vt 17.180296448197538 0.10000000000000001
vt 17.180296448197538 0.20000000000000001
vt 17.180296448197538 0.30000000000000004
vt 17.180296448197538 0.40000000000000002
vt 17.190050964298344 0
vt 17.190050964298344 0.10000000000000001
vt 17.190050964298344 0.20000000000000001
vt 17.190050964298344 0.30000000000000004
vt 17.190050964298344 0.40000000000000002
vt 17.199805480399149 0
vt 17.199805480399149 0.10000000000000001
vt 17.199805480399149 0.20000000000000001
vt 17.199805480399149 0.30000000000000004
vt 17.199805480399149 0.40000000000000002
vt 17.209559996499955 0
vt 17.209559996499955 0.10000000000000001
vt 17.209559996499955 0.20000000000000001
vt 17.209559996499955 0.30000000000000004
vt 17.209559996499955 0.40000000000000002
vt 17.219314512600761 0
vt 17.219314512600761 0.10000000000000001
vt 17.219314512600761 0.20000000000000001
vt 17.219314512600761 0.30000000000000004
vt 17.219314512600761 0.40000000000000002
vt 17.229069028701566 0
vt 17.229069028701566 0.10000000000000001
vt 17.229069028701566 0.20000000000000001
vt 17.229069028701566 0.30000000000000004
vt 17.229069028701566 0.40000000000000002
vt 17.238823544802372 0
vt 17.238823544802372 0.10000000000000001
vt 17.238823544802372 0.20000000000000001
vt 17.238823544802372 0.30000000000000004
vt 17.238823544802372 0.40000000000000002
vt 17.248578060903178 0
vt 17.248578060903178 0.10000000000000001
vt 17.248578060903178 0.20000000000000001
vt 17.248578060903178 0.30000000000000004
vt 17.248578060903178 0.40000000000000002
vt 17.373578060903178 0
vt 17.373578060903178 0.10000000000000001
vt 17.373578060903178 0.20000000000000001
vt 17.373578060903178 0.30000000000000004
vt 17.373578060903178 0.40000000000000002
vt 17.498578060903178 0
vt 17.498578060903178 0.10000000000000001
vt 17.498578060903178 0.20000000000000001
vt 17.498578060903178 0.30000000000000004
vt 17.498578060903178 0.40000000000000002
vt 17.623578060903178 0
vt 17.623578060903178 0.10000000000000001
vt 17.623578060903178 0.20000000000000001
vt 17.623578060903178 0.30000000000000004
vt 17.623578060903178 0.40000000000000002
vt 17.748578060903178 0
vt 17.748578060903178 0.10000000000000001
vt 17.748578060903178 0.20000000000000001
vt 17.748578060903178 0.30000000000000004
vt 17.748578060903178 0.40000000000000002
vt 17.873578060903178 0
vt 17.873578060903178 0.10000000000000001
vt 17.873578060903178 0.20000000000000001
vt 17.873578060903178 0.30000000000000004
vt 17.873578060903178 0.40000000000000002
vt 17.998578060903178 0
vt 17.998578060903178 0.10000000000000001
vt 17.998578060903178 0.20000000000000001
vt 17.998578060903178 0.30000000000000004
vt 17.998578060903178 0.40000000000000002
vt 18.123578060903178 0
vt 18.123578060903178 0.10000000000000001
vt 18.123578060903178 0.20000000000000001
vt 18.123578060903178 0.30000000000000004
vt 18.123578060903178 0.40000000000000002
vt 18.248578060903178 0
vt 18.248578060903178 0.10000000000000001
vt 18.248578060903178 0.20000000000000001
vt 18.248578060903178 0.30000000000000004
vt 18.248578060903178 0.40000000000000002
vt 18.258332577003983 0
vt 18.258332577003983 0.10000000000000001
vt 18.258332577003983 0.20000000000000001
vt 18.258332577003983 0.30000000000000004
vt 18.258332577003983 0.40000000000000002
vt 18.268087093104789 0
vt 18.268087093104789 0.10000000000000001
vt 18.268087093104789 0.20000000000000001
vt 18.268087093104789 0.30000000000000004
vt 18.268087093104789 0.40000000000000002
vt 18.277841609205595 0
vt 18.277841609205595 0.10000000000000001
vt 18.277841609205595 0.20000000000000001
vt 18.277841609205595 0.30000000000000004
vt 18.277841609205595 0.40000000000000002
vt 18.287596125306401 0
vt 18.287596125306401 0.10000000000000001
vt 18.287596125306401 0.20000000000000001
vt 18.287596125306401 0.30000000000000004
vt 18.287596125306401 0.40000000000000002
vt 18.297350641407206 0
vt 18.297350641407206 0.10000000000000001
vt 18.297350641407206 0.20000000000000001
vt 18.297350641407206 0.30000000000000004
vt 18.297350641407206 0.40000000000000002
vt 18.307105157508012 0
vt 18.307105157508012 0.10000000000000001
vt 18.307105157508012 0.20000000000000001
vt 18.307105157508012 0.30000000000000004
vt 18.307105157508012 0.40000000000000002
vt 18.316859673608818 0
vt 18.316859673608818 0.10000000000000001
vt 18.316859673608818 0.20000000000000001
vt 18.316859673608818 0.30000000000000004
vt 18.316859673608818 0.40000000000000002
vt 18.326614189709623 0
vt 18.326614189709623 0.10000000000000001
vt 18.326614189709623 0.20000000000000001
vt 18.326614189709623 0.30000000000000004
vt 18.326614189709623 0.40000000000000002
vt 18.451614189709623 0
vt 18.451614189709623 0.10000000000000001
vt 18.451614189709623 0.20000000000000001
vt 18.451614189709623 0.30000000000000004
vt 18.451614189709623 0.40000000000000002
vt 18.576614189709623 0
vt 18.576614189709623 0.10000000000000001
vt 18.576614189709623 0.20000000000000001
vt 18.576614189709623 0.30000000000000004
vt 18.576614189709623 0.40000000000000002
vt 18.701614189709623 0
vt 18.701614189709623 0.10000000000000001
vt 18.701614189709623 0.20000000000000001
vt 18.701614189709623 0.30000000000000004
vt 18.701614189709623 0.40000000000000002
vt 18.826614189709623 0
vt 18.826614189709623 0.10000000000000001
vt 18.826614189709623 0.20000000000000001
vt 18.826614189709623 0.30000000000000004
vt 18.826614189709623 0.40000000000000002
vt 18.951614189709623 0
vt 18.951614189709623 0.10000000000000001
vt 18.951614189709623 0.20000000000000001
vt 18.951614189709623 0.30000000000000004
vt 18.951614189709623 0.40000000000000002
vt 19.076614189709623 0
vt 19.076614189709623 0.10000000000000001
vt 19.076614189709623 0.20000000000000001
vt 19.076614189709623 0.30000000000000004
vt 19.076614189709623 0.40000000000000002
vt 19.201614189709623 0
vt 19.201614189709623 0.10000000000000001
vt 19.201614189709623 0.20000000000000001
vt 19.201614189709623 0.30000000000000004
vt 19.201614189709623 0.40000000000000002
vt 19.326614189709623 0
vt 19.326614189709623 0.10000000000000001
vt 19.326614189709623 0.20000000000000001
vt 19.326614189709623 0.30000000000000004
vt 19.326614189709623 0.40000000000000002
vt 19.336368705810429 0
vt 19.336368705810429 0.10000000000000001
vt 19.336368705810429 0.20000000000000001
vt 19.336368705810429 0.30000000000000004
vt 19.336368705810429 0.40000000000000002
vt 19.346123221911235 0
vt 19.346123221911235 0.10000000000000001
vt 19.346123221911235 0.20000000000000001
vt 19.346123221911235 0.30000000000000004
vt 19.346123221911235 0.40000000000000002
vt 19.35587773801204 0
vt 19.35587773801204 0.10000000000000001
vt 19.35587773801204 0.20000000000000001
vt 19.35587773801204 0.30000000000000004
vt 19.35587773801204 0.40000000000000002
vt 19.365632254112846 0
vt 19.365632254112846 0.10000000000000001
vt 19.365632254112846 0.20000000000000001
vt 19.365632254112846 0.30000000000000004
vt 19.365632254112846 0.40000000000000002
vt 19.375386770213652 0
vt 19.375386770213652 0.10000000000000001
vt 19.375386770213652 0.20000000000000001
vt 19.375386770213652 0.30000000000000004
vt 19.375386770213652 0.40000000000000002
vt 19.385141286314457 0
vt 19.385141286314457 0.10000000000000001
vt 19.385141286314457 0.20000000000000001
vt 19.385141286314457 0.30000000000000004
vt 19.385141286314457 0.40000000000000002
vt 19.394895802415263 0
vt 19.394895802415263 0.10000000000000001
vt 19.394895802415263 0.20000000000000001
vt 19.394895802415263 0.30000000000000004
vt 19.394895802415263 0.40000000000000002
vt 19.404650318516069 0
vt 19.404650318516069 0.10000000000000001
vt 19.404650318516069 0.20000000000000001
vt 19.404650318516069 0.30000000000000004
vt 19.404650318516069 0.40000000000000002
vt 19.529650318516069 0
vt 19.529650318516069 0.10000000000000001
vt 19.529650318516069 0.20000000000000001
vt 19.529650318516069 0.30000000000000004
vt 19.529650318516069 0.40000000000000002
vt 19.654650318516069 0
vt 19.654650318516069 0.10000000000000001
vt 19.654650318516069 0.20000000000000001
vt 19.654650318516069 0.30000000000000004
vt 19.654650318516069 0.40000000000000002
vt 19.779650318516069 0
vt 19.779650318516069 0.10000000000000001
vt 19.779650318516069 0.20000000000000001
vt 19.779650318516069 0.30000000000000004
vt 19.779650318516069 0.40000000000000002
vt 19.904650318516069 0
vt 19.904650318516069 0.10000000000000001
vt 19.904650318516069 0.20000000000000001
vt 19.904650318516069 0.30000000000000004
vt 19.904650318516069 0.40000000000000002
vt 20.029650318516069 0
vt 20.029650318516069 0.10000000000000001
vt 20.029650318516069 0.20000000000000001
vt 20.029650318516069 0.30000000000000004
vt 20.029650318516069 0.40000000000000002
vt 20.154650318516069 0
vt 20.154650318516069 0.10000000000000001
vt 20.154650318516069 0.20000000000000001
vt 20.154650318516069 0.30000000000000004
vt 20.154650318516069 0.40000000000000002
vt 20.279650318516069 0
vt 20.279650318516069 0.10000000000000001
vt 20.279650318516069 0.20000000000000001
vt 20.279650318516069 0.30000000000000004
vt 20.279650318516069 0.40000000000000002
vt 20.404650318516069 0
vt 20.404650318516069 0.10000000000000001
vt 20.404650318516069 0.20000000000000001
vt 20.404650318516069 0.30000000000000004
vt 20.404650318516069 0.40000000000000002
vt 20.414404834616874 0
vt 20.414404834616874 0.10000000000000001
vt 20.414404834616874 0.20000000000000001
vt 20.414404834616874 0.30000000000000004
vt 20.414404834616874 0.40000000000000002
vt 20.42415935071768 0
vt 20.42415935071768 0.10000000000000001
vt 20.42415935071768 0.20000000000000001
vt 20.42415935071768 0.30000000000000004
vt 20.42415935071768 0.40000000000000002
vt 20.433913866818486 0
vt 20.433913866818486 0.10000000000000001
vt 20.433913866818486 0.20000000000000001
vt 20.433913866818486 0.30000000000000004
vt 20.433913866818486 0.40000000000000002
vt 20.443668382919292 0
vt 20.443668382919292 0.10000000000000001
vt 20.443668382919292 0.20000000000000001
vt 20.443668382919292 0.30000000000000004
vt 20.443668382919292 0.40000000000000002
vt 20.453422899020097 0
vt 20.453422899020097 0.10000000000000001
vt 20.453422899020097 0.20000000000000001
vt 20.453422899020097 0.30000000000000004
vt 20.453422899020097 0.40000000000000002
vt 20.463177415120903 0
vt 20.463177415120903 0.10000000000000001
vt 20.463177415120903 0.20000000000000001
vt 20.463177415120903 0.30000000000000004
vt 20.463177415120903 0.40000000000000002
vt 20.472931931221709 0
vt 20.472931931221709 0.10000000000000001
vt 20.472931931221709 0.20000000000000001
vt 20.472931931221709 0.30000000000000004
vt 20.472931931221709 0.40000000000000002
vt 20.482686447322514 0
vt 20.482686447322514 0.10000000000000001
vt 20.482686447322514 0.20000000000000001
vt 20.482686447322514 0.30000000000000004
vt 20.482686447322514 0.40000000000000002
vt 20.607686447322514 0
vt 20.607686447322514 0.10000000000000001
vt 20.607686447322514 0.20000000000000001
vt 20.607686447322514 0.30000000000000004
vt 20.607686447322514 0.40000000000000002
vt 20.732686447322514 0
vt 20.732686447322514 0.10000000000000001
vt 20.732686447322514 0.20000000000000001
vt 20.732686447322514 0.30000000000000004
vt 20.732686447322514 0.40000000000000002
vt 20.857686447322514 0
vt 20.857686447322514 0.10000000000000001
vt 20.857686447322514 0.20000000000000001
vt 20.857686447322514 0.30000000000000004
vt 20.857686447322514 0.40000000000000002
vt 20.982686447322514 0
vt 20.982686447322514 0.10000000000000001
vt 20.982686447322514 0.20000000000000001
vt 20.982686447322514 0.30000000000000004
vt 20.982686447322514 0.40000000000000002
vt 21.107686447322514 0
vt 21.107686447322514 0.10000000000000001
vt 21.107686447322514 0.20000000000000001
vt 21.107686447322514 0.30000000000000004
vt 21.107686447322514 0.40000000000000002
vt 21.232686447322514 0
vt 21.232686447322514 0.10000000000000001
vt 21.232686447322514 0.20000000000000001
vt 21.232686447322514 0.30000000000000004
vt 21.232686447322514 0.40000000000000002
vt 21.357686447322514 0
vt 21.357686447322514 0.10000000000000001
vt 21.357686447322514 0.20000000000000001
vt 21.357686447322514 0.30000000000000004
vt 21.357686447322514 0.40000000000000002
vt 21.482686447322514 0
vt 21.482686447322514 0.10000000000000001
vt 21.482686447322514 0.20000000000000001
vt 21.482686447322514 0.30000000000000004
vt 21.482686447322514 0.40000000000000002
vt 21.49244096342332 0
vt 21.49244096342332 0.10000000000000001
vt 21.49244096342332 0.20000000000000001
vt 21.49244096342332 0.30000000000000004
vt 21.49244096342332 0.40000000000000002
vt 21.502195479524126 0
vt 21.502195479524126 0.10000000000000001
vt 21.502195479524126 0.20000000000000001
vt 21.502195479524126 0.30000000000000004
vt 21.502195479524126 0.40000000000000002
vt 21.511949995624931 0
vt 21.511949995624931 0.10000000000000001
vt 21.511949995624931 0.20000000000000001
vt 21.511949995624931 0.30000000000000004
vt 21.511949995624931 0.40000000000000002
vt 21.521704511725737 0
vt 21.521704511725737 0.10000000000000001
vt 21.521704511725737 0.20000000000000001
vt 21.521704511725737 0.30000000000000004
vt 21.521704511725737 0.40000000000000002
vt 21.531459027826543 0
vt 21.531459027826543 0.10000000000000001
vt 21.531459027826543 0.20000000000000001
vt 21.531459027826543 0.30000000000000004
vt 21.531459027826543 0.40000000000000002
vt 21.541213543927348 0
vt 21.541213543927348 0.10000000000000001
vt 21.541213543927348 0.20000000000000001
vt 21.541213543927348 0.30000000000000004
vt 21.541213543927348 0.40000000000000002
vt 21.550968060028154 0
vt 21.550968060028154 0.10000000000000001
vt 21.550968060028154 0.20000000000000001
vt 21.550968060028154 0.30000000000000004
vt 21.550968060028154 0.40000000000000002
vt 21.56072257612896 0
vt 21.56072257612896 0.10000000000000001
vt 21.56072257612896 0.20000000000000001
vt 21.56072257612896 0.30000000000000004
vt 21.56072257612896 0.40000000000000002
vt 21.68572257612896 0
vt 21.68572257612896 0.10000000000000001
vt 21.68572257612896 0.20000000000000001
vt 21.68572257612896 0.30000000000000004
vt 21.68572257612896 0.40000000000000002
vt 21.81072257612896 0
vt 21.81072257612896 0.10000000000000001
vt 21.81072257612896 0.20000000000000001
vt 21.81072257612896 0.30000000000000004
vt 21.81072257612896 0.40000000000000002
vt 21.93572257612896 0
vt 21.93572257612896 0.10000000000000001
vt 21.93572257612896 0.20000000000000001
vt 21.93572257612896 0.30000000000000004
vt 21.93572257612896 0.40000000000000002
vt 22.06072257612896 0
vt 22.06072257612896 0.10000000000000001
vt 22.06072257612896 0.20000000000000001
vt 22.06072257612896 0.30000000000000004
vt 22.06072257612896 0.40000000000000002
vt 22.18572257612896 0
vt 22.18572257612896 0.10000000000000001
vt 22.18572257612896 0.20000000000000001
vt 22.18572257612896 0.30000000000000004
vt 22.18572257612896 0.40000000000000002
vt 22.31072257612896 0
vt 22.31072257612896 0.10000000000000001
vt 22.31072257612896 0.20000000000000001
vt 22.31072257612896 0.30000000000000004
vt 22.31072257612896 0.40000000000000002
vt 22.43572257612896 0
vt 22.43572257612896 0.10000000000000001
vt 22.43572257612896 0.20000000000000001
vt 22.43572257612896 0.30000000000000004
vt 22.43572257612896 0.40000000000000002
vt 22.56072257612896 0
vt 22.56072257612896 0.10000000000000001
vt 22.56072257612896 0.20000000000000001
vt 22.56072257612896 0.30000000000000004
vt 22.56072257612896 0.40000000000000002
vt 22.570477092229766 0
vt 22.570477092229766 0.10000000000000001
vt 22.570477092229766 0.20000000000000001
vt 22.570477092229766 0.30000000000000004
vt 22.570477092229766 0.40000000000000002
vt 22.580231608330571 0
vt 22.580231608330571 0.10000000000000001
vt 22.580231608330571 0.20000000000000001
vt 22.580231608330571 0.30000000000000004
vt 22.580231608330571 0.40000000000000002
vt 22.589986124431377 0
vt 22.589986124431377 0.10000000000000001
vt 22.589986124431377 0.20000000000000001
vt 22.589986124431377 0.30000000000000004
vt 22.589986124431377 0.40000000000000002
vt 22.599740640532183 0
vt 22.599740640532183 0.10000000000000001
vt 22.599740640532183 0.20000000000000001
vt 22.599740640532183 0.30000000000000004
vt 22.599740640532183 0.40000000000000002
vt 22.609495156632988 0
vt 22.609495156632988 0.10000000000000001
vt 22.609495156632988 0.20000000000000001
vt 22.609495156632988 0.30000000000000004
vt 22.609495156632988 0.40000000000000002
vt 22.619249672733794 0
vt 22.619249672733794 0.10000000000000001
vt 22.619249672733794 0.20000000000000001
vt 22.619249672733794 0.30000000000000004
vt 22.619249672733794 0.40000000000000002
vt 22.6290041888346 0
vt 22.6290041888346 0.10000000000000001
vt 22.6290041888346 0.20000000000000001
vt 22.6290041888346 0.30000000000000004
vt 22.6290041888346 0.40000000000000002
vt 22.638758704935405 0
vt 22.638758704935405 0.10000000000000001
vt 22.638758704935405 0.20000000000000001
vt 22.638758704935405 0.30000000000000004
vt 22.638758704935405 0.40000000000000002
vt 22.763758704935405 0
vt 22.763758704935405 0.10000000000000001
vt 22.763758704935405 0.20000000000000001
vt 22.763758704935405 0.30000000000000004
vt 22.763758704935405 0.40000000000000002
vt 22.888758704935405 0
vt 22.888758704935405 0.10000000000000001
vt 22.888758704935405 0.20000000000000001
vt 22.888758704935405 0.30000000000000004
vt 22.888758704935405 0.40000000000000002
vt 23.013758704935405 0
vt 23.013758704935405 0.10000000000000001
vt 23.013758704935405 0.20000000000000001
vt 23.013758704935405 0.30000000000000004
vt 23.013758704935405 0.40000000000000002
vt 23.138758704935405 0
vt 23.138758704935405 0.10000000000000001
vt 23.138758704935405 0.20000000000000001
vt 23.138758704935405 0.30000000000000004
vt 23.138758704935405 0.40000000000000002
vt 23.263758704935405 0
vt 23.263758704935405 0.10000000000000001
vt 23.263758704935405 0.20000000000000001
vt 23.263758704935405 0.30000000000000004
vt 23.263758704935405 0.40000000000000002
vt 23.388758704935405 0
vt 23.388758704935405 0.10000000000000001
vt 23.388758704935405 0.20000000000000001
vt 23.388758704935405 0.30000000000000004
vt 23.388758704935405 0.40000000000000002
vt 23.513758704935405 0
vt 23.513758704935405 0.10000000000000001
vt 23.513758704935405 0.20000000000000001
vt 23.513758704935405 0.30000000000000004
vt 23.513758704935405 0.40000000000000002
vt 23.638758704935405 0
vt 23.638758704935405 0.10000000000000001
vt 23.638758704935405 0.20000000000000001
vt 23.638758704935405 0.30000000000000004
vt 23.638758704935405 0.40000000000000002
vt 23.648513221036211 0
vt 23.648513221036211 0.10000000000000001
vt 23.648513221036211 0.20000000000000001
vt 23.648513221036211 0.30000000000000004
vt 23.648513221036211 0.40000000000000002
vt 23.658267737137017 0
vt 23.658267737137017 0.10000000000000001
vt 23.658267737137017 0.20000000000000001
vt 23.658267737137017 0.30000000000000004
vt 23.658267737137017 0.40000000000000002
vt 23.668022253237822 0
vt 23.668022253237822 0.10000000000000001
vt 23.668022253237822 0.20000000000000001
vt 23.668022253237822 0.30000000000000004
vt 23.668022253237822 0.40000000000000002
vt 23.677776769338628 0
vt 23.677776769338628 0.10000000000000001
vt 23.677776769338628 0.20000000000000001
vt 23.677776769338628 0.30000000000000004
vt 23.677776769338628 0.40000000000000002
vt 23.687531285439434 0
vt 23.687531285439434 0.10000000000000001
vt 23.687531285439434 0.20000000000000001
vt 23.687531285439434 0.30000000000000004
vt 23.687531285439434 0.40000000000000002
vt 23.697285801540239 0
vt 23.697285801540239 0.10000000000000001
vt 23.697285801540239 0.20000000000000001
vt 23.697285801540239 0.30000000000000004
vt 23.697285801540239 0.40000000000000002
vt 23.707040317641045 0
vt 23.707040317641045 0.10000000000000001
vt 23.707040317641045 0.20000000000000001
vt 23.707040317641045 0.30000000000000004
vt 23.707040317641045 0.40000000000000002
vt 23.716794833741851 0
vt 23.716794833741851 0.10000000000000001
vt 23.716794833741851 0.20000000000000001
vt 23.716794833741851 0.30000000000000004
vt 23.716794833741851 0.40000000000000002
vt 23.841794833741851 0
vt 23.841794833741851 0.10000000000000001
vt 23.841794833741851 0.20000000000000001
vt 23.841794833741851 0.30000000000000004
vt 23.841794833741851 0.40000000000000002
vt 23.966794833741851 0
vt 23.966794833741851 0.10000000000000001
vt 23.966794833741851 0.20000000000000001
vt 23.966794833741851 0.30000000000000004
vt 23.966794833741851 0.40000000000000002
vt 24.091794833741851 0
vt 24.091794833741851 0.10000000000000001
vt 24.091794833741851 0.20000000000000001
vt 24.091794833741851 0.30000000000000004
vt 24.091794833741851 0.40000000000000002
vt 24.216794833741851 0
vt 24.216794833741851 0.10000000000000001
vt 24.216794833741851 0.20000000000000001
vt 24.216794833741851 0.30000000000000004
vt 24.216794833741851 0.40000000000000002
vt 24.341794833741851 0
vt 24.341794833741851 0.10000000000000001
vt 24.341794833741851 0.20000000000000001
vt 24.341794833741851 0.30000000000000004
vt 24.341794833741851 0.40000000000000002
vt 24.466794833741851 0
vt 24.466794833741851 0.10000000000000001
vt 24.466794833741851 0.20000000000000001
vt 24.466794833741851 0.30000000000000004
vt 24.466794833741851 0.40000000000000002
vt 24.591794833741851 0
vt 24.591794833741851 0.10000000000000001
vt 24.591794833741851 0.20000000000000001
vt 24.591794833741851 0.30000000000000004
vt 24.591794833741851 0.40000000000000002
vt 24.716794833741851 0
vt 24.716794833741851 0.10000000000000001
vt 24.716794833741851 0.20000000000000001
vt 24.716794833741851 0.30000000000000004
vt 24.716794833741851 0.40000000000000002
vt 24.726549349842657 0
vt 24.726549349842657 0.10000000000000001
vt 24.726549349842657 0.20000000000000001
vt 24.726549349842657 0.30000000000000004
vt 24.726549349842657 0.40000000000000002
vt 24.736303865943462 0
vt 24.736303865943462 0.10000000000000001
vt 24.736303865943462 0.20000000000000001
vt 24.736303865943462 0.30000000000000004
vt 24.736303865943462 0.40000000000000002
vt 24.746058382044268 0
vt 24.746058382044268 0.10000000000000001
vt 24.746058382044268 0.20000000000000001
vt 24.746058382044268 0.30000000000000004
vt 24.746058382044268 0.40000000000000002
vt 24.755812898145074 0
vt 24.755812898145074 0.10000000000000001
vt 24.755812898145074 0.20000000000000001
vt 24.755812898145074 0.30000000000000004
vt 24.755812898145074 0.40000000000000002
vt 24.765567414245879 0
vt 24.765567414245879 0.10000000000000001
vt 24.765567414245879 0.20000000000000001
vt 24.765567414245879 0.30000000000000004
vt 24.765567414245879 0.40000000000000002
vt 24.775321930346685 0
vt 24.775321930346685 0.10000000000000001
vt 24.775321930346685 0.20000000000000001
vt 24.775321930346685 0.30000000000000004
vt 24.775321930346685 0.40000000000000002
vt 24.785076446447491 0
vt 24.785076446447491 0.10000000000000001
vt 24.785076446447491 0.20000000000000001
vt 24.785076446447491 0.30000000000000004
vt 24.785076446447491 0.40000000000000002
vt 24.794830962548296 0
vt 24.794830962548296 0.10000000000000001
vt 24.794830962548296 0.20000000000000001
vt 24.794830962548296 0.30000000000000004
vt 24.794830962548296 0.40000000000000002
vt 24.919830962548296 0
vt 24.919830962548296 0.10000000000000001
vt 24.919830962548296 0.20000000000000001
vt 24.919830962548296 0.30000000000000004
vt 24.919830962548296 0.40000000000000002
vt 25.044830962548296 0
vt 25.044830962548296 0.10000000000000001
vt 25.044830962548296 0.20000000000000001
vt 25.044830962548296 0.30000000000000004
vt 25.044830962548296 0.40000000000000002
vt 25.169830962548296 0
vt 25.169830962548296 0.10000000000000001
vt 25.169830962548296 0.20000000000000001
vt 25.169830962548296 0.30000000000000004
vt 25.169830962548296 0.40000000000000002
vt 25.294830962548296 0
vt 25.294830962548296 0.10000000000000001
vt 25.294830962548296 0.20000000000000001
vt 25.294830962548296 0.30000000000000004
vt 25.294830962548296 0.40000000000000002
vt 25.419830962548296 0
vt 25.419830962548296 0.10000000000000001
vt 25.419830962548296 0.20000000000000001
vt 25.419830962548296 0.30000000000000004
vt 25.419830962548296 0.40000000000000002
vt 25.544830962548296 0
vt 25.544830962548296 0.10000000000000001
vt 25.544830962548296 0.20000000000000001
vt 25.544830962548296 0.30000000000000004
vt 25.544830962548296 0.40000000000000002
vt 25.669830962548296 0
vt 25.669830962548296 0.10000000000000001
vt 25.669830962548296 0.20000000000000001
vt 25.669830962548296 0.30000000000000004
vt 25.669830962548296 0.40000000000000002
vt 25.794830962548296 0
vt 25.794830962548296 0.10000000000000001
vt 25.794830962548296 0.20000000000000001
vt 25.794830962548296 0.30000000000000004
vt 25.794830962548296 0.40000000000000002
vt 0 0
vt 0 0.10000000000000001
vt 0 0.20000000000000001
vt 0 0.30000000000000004
vt 0 0.40000000000000002
vt 0.125 0
vt 0.125 0.10000000000000001
vt 0.125 0.20000000000000001
vt 0.125 0.30000000000000004
vt 0.125 0.40000000000000002
vt 0.25 0
vt 0.25 0.10000000000000001
vt 0.25 0.20000000000000001
vt 0.25 0.30000000000000004
vt 0.25 0.40000000000000002
vt 0.375 0
vt 0.375 0.10000000000000001
vt 0.375 0.20000000000000001
vt 0.375 0.30000000000000004
vt 0.375 0.40000000000000002
vt 0.5 0
vt 0.5 0.10000000000000001
vt 0.5 0.20000000000000001
vt 0.5 0.30000000000000004
vt 0.5 0.40000000000000002
vt 0.625 0
vt 0.625 0.10000000000000001
vt 0.625 0.20000000000000001
vt 0.625 0.30000000000000004
vt 0.625 0.40000000000000002
vt 0.75 0
vt 0.75 0.10000000000000001
vt 0.75 0.20000000000000001
vt 0.75 0.30000000000000004
vt 0.75 0.40000000000000002
vt 0.875 0
vt 0.875 0.10000000000000001
vt 0.875 0.20000000000000001
vt 0.875 0.30000000000000004
vt 0.875 0.40000000000000002
vt 1 0
vt 1 0.10000000000000001
vt 1 0.20000000000000001
vt 1 0.30000000000000004
vt 1 0.40000000000000002
vt 1.0097545161008064 0
vt 1.0097545161008064 0.10000000000000001
vt 1.0097545161008064 0.20000000000000001
vt 1.0097545161008064 0.30000000000000004
vt 1.0097545161008064 0.40000000000000002
vt 1.0195090322016127 0
vt 1.0195090322016127 0.10000000000000001
vt 1.0195090322016127 0.20000000000000001
vt 1.0195090322016127 0.30000000000000004
vt 1.0195090322016127 0.40000000000000002
vt 1.0292635483024191 0
vt 1.0292635483024191 0.10000000000000001
vt 1.0292635483024191 0.20000000000000001
vt 1.0292635483024191 0.30000000000000004
vt 1.0292635483024191 0.40000000000000002
vt 1.0390180644032254 0
vt 1.0390180644032254 0.10000000000000001
vt 1.0390180644032254 0.20000000000000001
vt 1.0390180644032254 0.30000000000000004
vt 1.0390180644032254 0.40000000000000002
vt 1.0487725805040318 0
vt 1.0487725805040318 0.10000000000000001
vt 1.0487725805040318 0.20000000000000001
vt 1.0487725805040318 0.30000000000000004
vt 1.0487725805040318 0.40000000000000002
vt 1.0585270966048381 0
vt 1.0585270966048381 0.10000000000000001
vt 1.0585270966048381 0.20000000000000001
vt 1.0585270966048381 0.30000000000000004
vt 1.0585270966048381 0.40000000000000002
vt 1.0682816127056445 0
vt 1.0682816127056445 0.10000000000000001
vt 1.0682816127056445 0.20000000000000001
vt 1.0682816127056445 0.30000000000000004
vt 1.0682816127056445 0.40000000000000002
vt 1.0780361288064508 0
vt 1.0780361288064508 0.10000000000000001
vt 1.0780361288064508 0.20000000000000001
vt 1.0780361288064508 0.30000000000000004
vt 1.0780361288064508 0.40000000000000002
vt 1.2030361288064508 0
vt 1.2030361288064508 0.10000000000000001
vt 1.2030361288064508 0.20000000000000001
vt 1.2030361288064508 0.30000000000000004
vt 1.2030361288064508 0.40000000000000002
vt 1.3280361288064508 0
vt 1.3280361288064508 0.10000000000000001
vt 1.3280361288064508 0.20000000000000001
vt 1.3280361288064508 0.30000000000000004
vt 1.3280361288064508 0.40000000000000002
vt 1.4530361288064508 0
vt 1.4530361288064508 0.10000000000000001
vt 1.4530361288064508 0.20000000000000001
vt 1.4530361288064508 0.30000000000000004
vt 1.4530361288064508 0.40000000000000002
vt 1.5780361288064508 0
vt 1.5780361288064508 0.10000000000000001
vt 1.5780361288064508 0.20000000000000001
vt 1.5780361288064508 0.30000000000000004
vt 1.5780361288064508 0.40000000000000002
vt 1.7030361288064508 0
vt 1.7030361288064508 0.10000000000000001
vt 1.7030361288064508 0.20000000000000001
vt 1.7030361288064508 0.30000000000000004
vt 1.7030361288064508 0.40000000000000002
vt 1.8280361288064508 0
vt 1.8280361288064508 0.10000000000000001
vt 1.8280361288064508 0.20000000000000001
vt 1.8280361288064508 0.30000000000000004
vt 1.8280361288064508 0.40000000000000002
vt 1.9530361288064508 0
vt 1.9530361288064508 0.10000000000000001
vt 1.9530361288064508 0.20000000000000001
vt 1.9530361288064508 0.30000000000000004
vt 1.9530361288064508 0.40000000000000002
vt 2.0780361288064508 0
vt 2.0780361288064508 0.10000000000000001
vt 2.0780361288064508 0.20000000000000001
vt 2.0780361288064508 0.30000000000000004
vt 2.0780361288064508 0.40000000000000002
vt 2.0877906449072574 0
vt 2.0877906449072574 0.10000000000000001
vt 2.0877906449072574 0.20000000000000001
vt 2.0877906449072574 0.30000000000000004
vt 2.0877906449072574 0.40000000000000002
vt 2.097545161008064 0
vt 2.097545161008064 0.10000000000000001
vt 2.097545161008064 0.20000000000000001
vt 2.097545161008064 0.30000000000000004
vt 2.097545161008064 0.40000000000000002
vt 2.1072996771088706 0
vt 2.1072996771088706 0.10000000000000001
vt 2.1072996771088706 0.20000000000000001
vt 2.1072996771088706 0.30000000000000004
vt 2.1072996771088706 0.40000000000000002
vt 2.1170541932096771 0
vt 2.1170541932096771 0.10000000000000001
vt 2.1170541932096771 0.20000000000000001
vt 2.1170541932096771 0.30000000000000004
vt 2.1170541932096771 0.40000000000000002
vt 2.1268087093104837 0
vt 2.1268087093104837 0.10000000000000001
vt 2.1268087093104837 0.20000000000000001
vt 2.1268087093104837 0.30000000000000004
vt 2.1268087093104837 0.40000000000000002
vt 2.1365632254112903 0
vt 2.1365632254112903 0.10000000000000001
vt 2.1365632254112903 0.20000000000000001
vt 2.1365632254112903 0.30000000000000004
vt 2.1365632254112903 0.40000000000000002
vt 2.1463177415120969 0
vt 2.1463177415120969 0.10000000000000001
vt 2.1463177415120969 0.20000000000000001
vt 2.1463177415120969 0.30000000000000004
vt 2.1463177415120969 0.40000000000000002
vt 2.1560722576129034 0
vt 2.1560722576129034 0.10000000000000001
vt 2.1560722576129034 0.20000000000000001
vt 2.1560722576129034 0.30000000000000004
vt 2.1560722576129034 0.40000000000000002
vt 2.2810722576129034 0
vt 2.2810722576129034 0.10000000000000001
vt 2.2810722576129034 0.20000000000000001
vt 2.2810722576129034 0.30000000000000004
vt 2.2810722576129034 0.40000000000000002
vt 2.4060722576129034 0
vt 2.4060722576129034 0.10000000000000001
vt 2.4060722576129034 0.20000000000000001
vt 2.4060722576129034 0.30000000000000004
vt 2.4060722576129034 0.40000000000000002
vt 2.5310722576129034 0
vt 2.5310722576129034 0.10000000000000001
vt 2.5310722576129034 0.20000000000000001
vt 2.5310722576129034 0.30000000000000004
vt 2.5310722576129034 0.40000000000000002
vt 2.6560722576129034 0
vt 2.6560722576129034 0.10000000000000001
vt 2.6560722576129034 0.20000000000000001
vt 2.6560722576129034 0.30000000000000004
vt 2.6560722576129034 0.40000000000000002
vt 2.7810722576129034 0
vt 2.7810722576129034 0.10000000000000001
vt 2.7810722576129034 0.20000000000000001
vt 2.7810722576129034 0.30000000000000004
vt 2.7810722576129034 0.40000000000000002
vt 2.9060722576129034 0
vt 2.9060722576129034 0.10000000000000001
vt 2.9060722576129034 0.20000000000000001
vt 2.9060722576129034 0.30000000000000004
vt 2.9060722576129034 0.40000000000000002
vt 3.0310722576129034 0
vt 3.0310722576129034 0.10000000000000001
vt 3.0310722576129034 0.20000000000000001
vt 3.0310722576129034 0.30000000000000004
vt 3.0310722576129034 0.40000000000000002
vt 3.1560722576129034 0
vt 3.1560722576129034 0.10000000000000001
vt 3.1560722576129034 0.20000000000000001
vt 3.1560722576129034 0.30000000000000004
vt 3.1560722576129034 0.40000000000000002
vt 3.16582677371371 0
vt 3.16582677371371 0.10000000000000001
vt 3.16582677371371 0.20000000000000001
vt 3.16582677371371 0.30000000000000004
vt 3.16582677371371 0.40000000000000002
vt 3.1755812898145166 0
vt 3.1755812898145166 0.10000000000000001
vt 3.1755812898145166 0.20000000000000001
vt 3.1755812898145166 0.30000000000000004
vt 3.1755812898145166 0.40000000000000002
vt 3.1853358059153232 0
vt 3.1853358059153232 0.10000000000000001
vt 3.1853358059153232 0.20000000000000001
vt 3.1853358059153232 0.30000000000000004
vt 3.1853358059153232 0.40000000000000002
vt 3.1950903220161297 0
vt 3.1950903220161297 0.10000000000000001
vt 3.1950903220161297 0.20000000000000001
vt 3.1950903220161297 0.30000000000000004
vt 3.1950903220161297 0.40000000000000002
vt 3.2048448381169363 0
vt 3.2048448381169363 0.10000000000000001
vt 3.2048448381169363 0.20000000000000001
vt 3.2048448381169363 0.30000000000000004
vt 3.2048448381169363 0.40000000000000002
vt 3.2145993542177429 0
vt 3.2145993542177429 0.10000000000000001
vt 3.2145993542177429 0.20000000000000001
vt 3.2145993542177429 0.30000000000000004
vt 3.2145993542177429 0.40000000000000002
vt 3.2243538703185495 0
vt 3.2243538703185495 0.10000000000000001
vt 3.2243538703185495 0.20000000000000001
vt 3.2243538703185495 0.30000000000000004
vt 3.2243538703185495 0.40000000000000002
vt 3.2341083864193561 0
vt 3.2341083864193561 0.10000000000000001
vt 3.2341083864193561 0.20000000000000001
vt 3.2341083864193561 0.30000000000000004
vt 3.2341083864193561 0.40000000000000002
vt 3.3591083864193561 0
vt 3.3591083864193561 0.10000000000000001
vt 3.3591083864193561 0.20000000000000001
vt 3.3591083864193561 0.30000000000000004
vt 3.3591083864193561 0.40000000000000002
vt 3.4841083864193561 0
vt 3.4841083864193561 0.10000000000000001
vt 3.4841083864193561 0.20000000000000001
vt 3.4841083864193561 0.30000000000000004
vt 3.4841083864193561 0.40000000000000002
vt 3.6091083864193561 0
vt 3.6091083864193561 0.10000000000000001
vt 3.6091083864193561 0.20000000000000001
vt 3.6091083864193561 0.30000000000000004
vt 3.6091083864193561 0.40000000000000002
vt 3.7341083864193561 0
vt 3.7341083864193561 0.10000000000000001
vt 3.7341083864193561 0.20000000000000001
vt 3.7341083864193561 0.30000000000000004
vt 3.7341083864193561 0.40000000000000002
vt 3.8591083864193561 0
vt 3.8591083864193561 0.10000000000000001
vt 3.8591083864193561 0.20000000000000001
vt 3.8591083864193561 0.30000000000000004
vt 3.8591083864193561 0.40000000000000002
vt 3.9841083864193561 0
vt 3.9841083864193561 0.10000000000000001
vt 3.9841083864193561 0.20000000000000001
vt 3.9841083864193561 0.30000000000000004
vt 3.9841083864193561 0.40000000000000002
vt 4.1091083864193561 0
vt 4.1091083864193561 0.10000000000000001
vt 4.1091083864193561 0.20000000000000001
vt 4.1091083864193561 0.30000000000000004
vt 4.1091083864193561 0.40000000000000002
vt 4.2341083864193561 0
vt 4.2341083864193561 0.10000000000000001
vt 4.2341083864193561 0.20000000000000001
vt 4.2341083864193561 0.30000000000000004
vt 4.2341083864193561 0.40000000000000002
vt 4.2438629025201626 0
vt 4.2438629025201626 0.10000000000000001
vt 4.2438629025201626 0.20000000000000001
vt 4.2438629025201626 0.30000000000000004
vt 4.2438629025201626 0.40000000000000002
vt 4.2536174186209692 0
vt 4.2536174186209692 0.10000000000000001
vt 4.2536174186209692 0.20000000000000001
vt 4.2536174186209692 0.30000000000000004
vt 4.2536174186209692 0.40000000000000002
vt 4.2633719347217758 0
vt 4.2633719347217758 0.10000000000000001
vt 4.2633719347217758 0.20000000000000001
vt 4.2633719347217758 0.30000000000000004
vt 4.2633719347217758 0.40000000000000002
vt 4.2731264508225824 0
vt 4.2731264508225824 0.10000000000000001
vt 4.2731264508225824 0.20000000000000001
vt 4.2731264508225824 0.30000000000000004
vt 4.2731264508225824 0.40000000000000002
vt 4.2828809669233889 0
vt 4.2828809669233889 0.10000000000000001
vt 4.2828809669233889 0.20000000000000001
vt 4.2828809669233889 0.30000000000000004
vt 4.2828809669233889 0.40000000000000002
vt 4.2926354830241955 0
vt 4.2926354830241955 0.10000000000000001
vt 4.2926354830241955 0.20000000000000001
vt 4.2926354830241955 0.30000000000000004
vt 4.2926354830241955 0.40000000000000002
vt 4.3023899991250021 0
vt 4.3023899991250021 0.10000000000000001
vt 4.3023899991250021 0.20000000000000001
vt 4.3023899991250021 0.30000000000000004
vt 4.3023899991250021 0.40000000000000002
vt 4.3121445152258087 0
vt 4.3121445152258087 0.10000000000000001
vt 4.3121445152258087 0.20000000000000001
vt 4.3121445152258087 0.30000000000000004
vt 4.3121445152258087 0.40000000000000002
vt 4.4371445152258087 0
vt 4.4371445152258087 0.10000000000000001
vt 4.4371445152258087 0.20000000000000001
vt 4.4371445152258087 0.30000000000000004
vt 4.4371445152258087 0.40000000000000002
vt 4.5621445152258087 0
vt 4.5621445152258087 0.10000000000000001
vt 4.5621445152258087 0.20000000000000001
vt 4.5621445152258087 0.30000000000000004
vt 4.5621445152258087 0.40000000000000002
vt 4.6871445152258087 0
vt 4.6871445152258087 0.10000000000000001
vt 4.6871445152258087 0.20000000000000001
vt 4.6871445152258087 0.30000000000000004
vt 4.6871445152258087 0.40000000000000002
vt 4.8121445152258087 0
vt 4.8121445152258087 0.10000000000000001
vt 4.8121445152258087 0.20000000000000001
vt 4.8121445152258087 0.30000000000000004
vt 4.8121445152258087 0.40000000000000002
vt 4.9371445152258087 0
vt 4.9371445152258087 0.10000000000000001
vt 4.9371445152258087 0.20000000000000001
vt 4.9371445152258087 0.30000000000000004
vt 4.9371445152258087 0.40000000000000002
vt 5.0621445152258087 0
vt 5.0621445152258087 0.10000000000000001
vt 5.0621445152258087 0.20000000000000001
vt 5.0621445152258087 0.30000000000000004
vt 5.0621445152258087 0.40000000000000002
vt 5.1871445152258087 0
vt 5.1871445152258087 0.10000000000000001
vt 5.1871445152258087 0.20000000000000001
vt 5.1871445152258087 0.30000000000000004
vt 5.1871445152258087 0.40000000000000002
vt 5.3121445152258087 0
vt 5.3121445152258087 0.10000000000000001
vt 5.3121445152258087 0.20000000000000001
vt 5.3121445152258087 0.30000000000000004
vt 5.3121445152258087 0.40000000000000002
vt 5.3218990313266152 0
vt 5.3218990313266152 0.10000000000000001
vt 5.3218990313266152 0.20000000000000001
vt 5.3218990313266152 0.30000000000000004
vt 5.3218990313266152 0.40000000000000002
vt 5.3316535474274218 0
vt 5.3316535474274218 0.10000000000000001
vt 5.3316535474274218 0.20000000000000001
vt 5.3316535474274218 0.30000000000000004
vt 5.3316535474274218 0.40000000000000002
vt 5.3414080635282284 0
vt 5.3414080635282284 0.10000000000000001
vt 5.3414080635282284 0.20000000000000001
vt 5.3414080635282284 0.30000000000000004
vt 5.3414080635282284 0.40000000000000002
vt 5.351162579629035 0
vt 5.351162579629035 0.10000000000000001
vt 5.351162579629035 0.20000000000000001
vt 5.351162579629035 0.30000000000000004
vt 5.351162579629035 0.40000000000000002
vt 5.3609170957298415 0
vt 5.3609170957298415 0.10000000000000001
vt 5.3609170957298415 0.20000000000000001
vt 5.3609170957298415 0.30000000000000004
vt 5.3609170957298415 0.40000000000000002
vt 5.3706716118306481 0
vt 5.3706716118306481 0.10000000000000001
vt 5.3706716118306481 0.20000000000000001
vt 5.3706716118306481 0.30000000000000004
vt 5.3706716118306481 0.40000000000000002
vt 5.3804261279314547 0
vt 5.3804261279314547 0.10000000000000001
vt 5.3804261279314547 0.20000000000000001
vt 5.3804261279314547 0.30000000000000004
vt 5.3804261279314547 0.40000000000000002
vt 5.3901806440322613 0
vt 5.3901806440322613 0.10000000000000001
vt 5.3901806440322613 0.20000000000000001
vt 5.3901806440322613 0.30000000000000004
vt 5.3901806440322613 0.40000000000000002
vt 5.5151806440322613 0
vt 5.5151806440322613 0.10000000000000001
vt 5.5151806440322613 0.20000000000000001
vt 5.5151806440322613 0.30000000000000004
vt 5.5151806440322613 0.40000000000000002
vt 5.6401806440322613 0
vt 5.6401806440322613 0.10000000000000001
vt 5.6401806440322613 0.20000000000000001
vt 5.6401806440322613 0.30000000000000004
vt 5.6401806440322613 0.40000000000000002
vt 5.7651806440322613 0
vt 5.7651806440322613 0.10000000000000001
vt 5.7651806440322613 0.20000000000000001
vt 5.7651806440322613 0.30000000000000004
vt 5.7651806440322613 0.40000000000000002
vt 5.8901806440322613 0
vt 5.8901806440322613 0.10000000000000001
vt 5.8901806440322613 0.20000000000000001
vt 5.8901806440322613 0.30000000000000004
vt 5.8901806440322613 0.40000000000000002
vt 6.0151806440322613 0
vt 6.0151806440322613 0.10000000000000001
vt 6.0151806440322613 0.20000000000000001
vt 6.0151806440322613 0.30000000000000004
vt 6.0151806440322613 0.40000000000000002
vt 6.1401806440322613 0
vt 6.1401806440322613 0.10000000000000001
vt 6.1401806440322613 0.20000000000000001
vt 6.1401806440322613 0.30000000000000004
vt 6.1401806440322613 0.40000000000000002
vt 6.2651806440322613 0
vt 6.2651806440322613 0.10000000000000001
vt 6.2651806440322613 0.20000000000000001
vt 6.2651806440322613 0.30000000000000004
vt 6.2651806440322613 0.40000000000000002
vt 6.3901806440322613 0
vt 6.3901806440322613 0.10000000000000001
vt 6.3901806440322613 0.20000000000000001
vt 6.3901806440322613 0.30000000000000004
vt 6.3901806440322613 0.40000000000000002
vt 6.3999351601330678 0
vt 6.3999351601330678 0.10000000000000001
vt 6.3999351601330678 0.20000000000000001
vt 6.3999351601330678 0.30000000000000004
vt 6.3999351601330678 0.40000000000000002
vt 6.4096896762338744 0
vt 6.4096896762338744 0.10000000000000001
vt 6.4096896762338744 0.20000000000000001
vt 6.4096896762338744 0.30000000000000004
vt 6.4096896762338744 0.40000000000000002
vt 6.419444192334681 0
vt 6.419444192334681 0.10000000000000001
vt 6.419444192334681 0.20000000000000001
vt 6.419444192334681 0.30000000000000004
vt 6.419444192334681 0.40000000000000002
vt 6.4291987084354876 0
vt 6.4291987084354876 0.10000000000000001
vt 6.4291987084354876 0.20000000000000001
vt 6.4291987084354876 0.30000000000000004
vt 6.4291987084354876 0.40000000000000002
vt 6.4389532245362942 0
vt 6.4389532245362942 0.10000000000000001
vt 6.4389532245362942 0.20000000000000001
vt 6.4389532245362942 0.30000000000000004
vt 6.4389532245362942 0.40000000000000002
vt 6.4487077406371007 0
vt 6.4487077406371007 0.10000000000000001
vt 6.4487077406371007 0.20000000000000001
vt 6.4487077406371007 0.30000000000000004
vt 6.4487077406371007 0.40000000000000002
vt 6.4584622567379073 0
vt 6.4584622567379073 0.10000000000000001
vt 6.4584622567379073 0.20000000000000001
vt 6.4584622567379073 0.30000000000000004
vt 6.4584622567379073 0.40000000000000002
vt 6.4682167728387139 0
vt 6.4682167728387139 0.10000000000000001
vt 6.4682167728387139 0.20000000000000001
vt 6.4682167728387139 0.30000000000000004
vt 6.4682167728387139 0.40000000000000002
vt 6.5932167728387139 0
vt 6.5932167728387139 0.10000000000000001
vt 6.5932167728387139 0.20000000000000001
vt 6.5932167728387139 0.30000000000000004
vt 6.5932167728387139 0.40000000000000002
vt 6.7182167728387139 0
vt 6.7182167728387139 0.10000000000000001
vt 6.7182167728387139 0.20000000000000001
vt 6.7182167728387139 0.30000000000000004
vt 6.7182167728387139 0.40000000000000002
vt 6.8432167728387139 0
vt 6.8432167728387139 0.10000000000000001
vt 6.8432167728387139 0.20000000000000001
vt 6.8432167728387139 0.30000000000000004
vt 6.8432167728387139 0.40000000000000002
vt 6.9682167728387139 0
vt 6.9682167728387139 0.10000000000000001
vt 6.9682167728387139 0.20000000000000001
vt 6.9682167728387139 0.30000000000000004
vt 6.9682167728387139 0.40000000000000002
vt 7.0932167728387139 0
vt 7.0932167728387139 0.10000000000000001
vt 7.0932167728387139 0.20000000000000001
vt 7.0932167728387139 0.30000000000000004
vt 7.0932167728387139 0.40000000000000002
vt 7.2182167728387139 0
vt 7.2182167728387139 0.10000000000000001
vt 7.2182167728387139 0.20000000000000001
vt 7.2182167728387139 0.30000000000000004
vt 7.2182167728387139 0.40000000000000002
vt 7.3432167728387139 0
vt 7.3432167728387139 0.10000000000000001
vt 7.3432167728387139 0.20000000000000001
vt 7.3432167728387139 0.30000000000000004
vt 7.3432167728387139 0.40000000000000002
vt 7.4682167728387139 0
vt 7.4682167728387139 0.10000000000000001
vt 7.4682167728387139 0.20000000000000001
vt 7.4682167728387139 0.30000000000000004
vt 7.4682167728387139 0.40000000000000002
vt 7.4779712889395205 0
vt 7.4779712889395205 0.10000000000000001
vt 7.4779712889395205 0.20000000000000001
vt 7.4779712889395205 0.30000000000000004
vt 7.4779712889395205 0.40000000000000002
vt 7.487725805040327 0
vt 7.487725805040327 0.10000000000000001
vt 7.487725805040327 0.20000000000000001
vt 7.487725805040327 0.30000000000000004
vt 7.487725805040327 0.40000000000000002
vt 7.4974803211411336 0
vt 7.4974803211411336 0.10000000000000001
vt 7.4974803211411336 0.20000000000000001
vt 7.4974803211411336 0.30000000000000004
vt 7.4974803211411336 0.40000000000000002
vt 7.5072348372419402 0
vt 7.5072348372419402 0.10000000000000001
vt 7.5072348372419402 0.20000000000000001
vt 7.5072348372419402 0.30000000000000004
vt 7.5072348372419402 0.40000000000000002
vt 7.5169893533427468 0
vt 7.5169893533427468 0.10000000000000001
vt 7.5169893533427468 0.20000000000000001
vt 7.5169893533427468 0.30000000000000004
vt 7.5169893533427468 0.40000000000000002
vt 7.5267438694435533 0
vt 7.5267438694435533 0.10000000000000001
vt 7.5267438694435533 0.20000000000000001
vt 7.5267438694435533 0.30000000000000004
vt 7.5267438694435533 0.40000000000000002
vt 7.5364983855443599 0
vt 7.5364983855443599 0.10000000000000001
vt 7.5364983855443599 0.20000000000000001
vt 7.5364983855443599 0.30000000000000004
vt 7.5364983855443599 0.40000000000000002
vt 7.5462529016451665 0
vt 7.5462529016451665 0.10000000000000001
vt 7.5462529016451665 0.20000000000000001
vt 7.5462529016451665 0.30000000000000004
vt 7.5462529016451665 0.40000000000000002
vt 7.6712529016451665 0
vt 7.6712529016451665 0.10000000000000001
vt 7.6712529016451665 0.20000000000000001
vt 7.6712529016451665 0.30000000000000004
vt 7.6712529016451665 0.40000000000000002
vt 7.7962529016451665 0
vt 7.7962529016451665 0.10000000000000001
vt 7.7962529016451665 0.20000000000000001
vt 7.7962529016451665 0.30000000000000004
vt 7.7962529016451665 0.40000000000000002
vt 7.9212529016451665 0
vt 7.9212529016451665 0.10000000000000001
vt 7.9212529016451665 0.20000000000000001
vt 7.9212529016451665 0.30000000000000004
vt 7.9212529016451665 0.40000000000000002
vt 8.0462529016451665 0
vt 8.0462529016451665 0.10000000000000001
vt 8.0462529016451665 0.20000000000000001
vt 8.0462529016451665 0.30000000000000004
vt 8.0462529016451665 0.40000000000000002
vt 8.1712529016451665 0
vt 8.1712529016451665 0.10000000000000001
vt 8.1712529016451665 0.20000000000000001
vt 8.1712529016451665 0.30000000000000004
vt 8.1712529016451665 0.40000000000000002
vt 8.2962529016451665 0
vt 8.2962529016451665 0.10000000000000001
vt 8.2962529016451665 0.20000000000000001
vt 8.2962529016451665 0.30000000000000004
vt 8.2962529016451665 0.40000000000000002
vt 8.4212529016451665 0
vt 8.4212529016451665 0.10000000000000001
vt 8.4212529016451665 0.20000000000000001
vt 8.4212529016451665 0.30000000000000004
vt 8.4212529016451665 0.40000000000000002
vt 8.5462529016451665 0
vt 8.5462529016451665 0.10000000000000001
vt 8.5462529016451665 0.20000000000000001
vt 8.5462529016451665 0.30000000000000004
vt 8.5462529016451665 0.40000000000000002
vt 8.5560074177459722 0
vt 8.5560074177459722 0.10000000000000001
vt 8.5560074177459722 0.20000000000000001
vt 8.5560074177459722 0.30000000000000004
vt 8.5560074177459722 0.40000000000000002
vt 8.5657619338467779 0
vt 8.5657619338467779 0.10000000000000001
vt 8.5657619338467779 0.20000000000000001
vt 8.5657619338467779 0.30000000000000004
vt 8.5657619338467779 0.40000000000000002
vt 8.5755164499475836 0
vt 8.5755164499475836 0.10000000000000001
vt 8.5755164499475836 0.20000000000000001
vt 8.5755164499475836 0.30000000000000004
vt 8.5755164499475836 0.40000000000000002
vt 8.5852709660483892 0
vt 8.5852709660483892 0.10000000000000001
vt 8.5852709660483892 0.20000000000000001
vt 8.5852709660483892 0.30000000000000004
vt 8.5852709660483892 0.40000000000000002
vt 8.5950254821491949 0
vt 8.5950254821491949 0.10000000000000001
vt 8.5950254821491949 0.20000000000000001
vt 8.5950254821491949 0.30000000000000004
vt 8.5950254821491949 0.40000000000000002
vt 8.6047799982500006 0
vt 8.6047799982500006 0.10000000000000001
vt 8.6047799982500006 0.20000000000000001
vt 8.6047799982500006 0.30000000000000004
vt 8.6047799982500006 0.40000000000000002
vt 8.6145345143508063 0
vt 8.6145345143508063 0.10000000000000001
vt 8.6145345143508063 0.20000000000000001
vt 8.6145345143508063 0.30000000000000004
vt 8.6145345143508063 0.40000000000000002
vt 8.624289030451612 0
vt 8.624289030451612 0.10000000000000001
vt 8.624289030451612 0.20000000000000001
vt 8.624289030451612 0.30000000000000004
vt 8.624289030451612 0.40000000000000002
vt 8.749289030451612 0
vt 8.749289030451612 0.10000000000000001
vt 8.749289030451612 0.20000000000000001
vt 8.749289030451612 0.30000000000000004
vt 8.749289030451612 0.40000000000000002
vt 8.874289030451612 0
vt 8.874289030451612 0.10000000000000001
vt 8.874289030451612 0.20000000000000001
vt 8.874289030451612 0.30000000000000004
vt 8.874289030451612 0.40000000000000002
vt 8.999289030451612 0
vt 8.999289030451612 0.10000000000000001
vt 8.999289030451612 0.20000000000000001
vt 8.999289030451612 0.30000000000000004
vt 8.999289030451612 0.40000000000000002
vt 9.124289030451612 0
vt 9.124289030451612 0.10000000000000001
vt 9.124289030451612 0.20000000000000001
vt 9.124289030451612 0.30000000000000004
vt 9.124289030451612 0.40000000000000002
vt 9.249289030451612 0
vt 9.249289030451612 0.10000000000000001
vt 9.249289030451612 0.20000000000000001
vt 9.249289030451612 0.30000000000000004
vt 9.249289030451612 0.40000000000000002
vt 9.374289030451612 0
vt 9.374289030451612 0.10000000000000001
vt 9.374289030451612 0.20000000000000001
vt 9.374289030451612 0.30000000000000004
vt 9.374289030451612 0.40000000000000002
vt 9.499289030451612 0
vt 9.499289030451612 0.10000000000000001
vt 9.499289030451612 0.20000000000000001
vt 9.499289030451612 0.30000000000000004
vt 9.499289030451612 0.40000000000000002
vt 9.624289030451612 0
vt 9.624289030451612 0.10000000000000001
vt 9.624289030451612 0.20000000000000001
vt 9.624289030451612 0.30000000000000004
vt 9.624289030451612 0.40000000000000002
vt 9.6340435465524177 0
vt 9.6340435465524177 0.10000000000000001
vt 9.6340435465524177 0.20000000000000001
vt 9.6340435465524177 0.30000000000000004
vt 9.6340435465524177 0.40000000000000002
vt 9.6437980626532234 0
vt 9.6437980626532234 0.10000000000000001
vt 9.6437980626532234 0.20000000000000001
vt 9.6437980626532234 0.30000000000000004
vt 9.6437980626532234 0.40000000000000002
vt 9.6535525787540291 0
vt 9.6535525787540291 0.10000000000000001
vt 9.6535525787540291 0.20000000000000001
vt 9.6535525787540291 0.30000000000000004
vt 9.6535525787540291 0.40000000000000002
vt 9.6633070948548347 0
vt 9.6633070948548347 0.10000000000000001
vt 9.6633070948548347 0.20000000000000001
vt 9.6633070948548347 0.30000000000000004
vt 9.6633070948548347 0.40000000000000002
vt 9.6730616109556404 0
vt 9.6730616109556404 0.10000000000000001
vt 9.6730616109556404 0.20000000000000001
vt 9.6730616109556404 0.30000000000000004
vt 9.6730616109556404 0.40000000000000002
vt 9.6828161270564461 0
vt 9.6828161270564461 0.10000000000000001
vt 9.6828161270564461 0.20000000000000001
vt 9.6828161270564461 0.30000000000000004
vt 9.6828161270564461 0.40000000000000002
vt 9.6925706431572518 0
vt 9.6925706431572518 0.10000000000000001
vt 9.6925706431572518 0.20000000000000001
vt 9.6925706431572518 0.30000000000000004
vt 9.6925706431572518 0.40000000000000002
vt 9.7023251592580575 0
vt 9.7023251592580575 0.10000000000000001
vt 9.7023251592580575 0.20000000000000001
vt 9.7023251592580575 0.30000000000000004
vt 9.7023251592580575 0.40000000000000002
vt 9.8273251592580575 0
vt 9.8273251592580575 0.10000000000000001
vt 9.8273251592580575 0.20000000000000001
vt 9.8273251592580575 0.30000000000000004
vt 9.8273251592580575 0.40000000000000002
vt 9.9523251592580575 0
vt 9.9523251592580575 0.10000000000000001
vt 9.9523251592580575 0.20000000000000001
vt 9.9523251592580575 0.30000000000000004
vt 9.9523251592580575 0.40000000000000002
vt 10.077325159258057 0
vt 10.077325159258057 0.10000000000000001
vt 10.077325159258057 0.20000000000000001
vt 10.077325159258057 0.30000000000000004
vt 10.077325159258057 0.40000000000000002
vt 10.202325159258057 0
vt 10.202325159258057 0.10000000000000001
vt 10.202325159258057 0.20000000000000001
vt 10.202325159258057 0.30000000000000004
vt 10.202325159258057 0.40000000000000002
vt 10.327325159258057 0
vt 10.327325159258057 0.10000000000000001
vt 10.327325159258057 0.20000000000000001
vt 10.327325159258057 0.30000000000000004
vt 10.327325159258057 0.40000000000000002
vt 10.452325159258057 0
vt 10.452325159258057 0.10000000000000001
vt 10.452325159258057 0.20000000000000001
vt 10.452325159258057 0.30000000000000004
vt 10.452325159258057 0.40000000000000002
vt 10.577325159258057 0
vt 10.577325159258057 0.10000000000000001
vt 10.577325159258057 0.20000000000000001
vt 10.577325159258057 0.30000000000000004
vt 10.577325159258057 0.40000000000000002
vt 10.702325159258057 0
vt 10.702325159258057 0.10000000000000001
vt 10.702325159258057 0.20000000000000001
vt 10.702325159258057 0.30000000000000004
vt 10.702325159258057 0.40000000000000002
vt 10.712079675358863 0
vt 10.712079675358863 0.10000000000000001
vt 10.712079675358863 0.20000000000000001
vt 10.712079675358863 0.30000000000000004
vt 10.712079675358863 0.40000000000000002
vt 10.721834191459669 0
vt 10.721834191459669 0.10000000000000001
vt 10.721834191459669 0.20000000000000001
vt 10.721834191459669 0.30000000000000004
vt 10.721834191459669 0.40000000000000002
vt 10.731588707560475 0
vt 10.731588707560475 0.10000000000000001
vt 10.731588707560475 0.20000000000000001
vt 10.731588707560475 0.30000000000000004
vt 10.731588707560475 0.40000000000000002
vt 10.74134322366128 0
vt 10.74134322366128 0.10000000000000001
vt 10.74134322366128 0.20000000000000001
vt 10.74134322366128 0.30000000000000004
vt 10.74134322366128 0.40000000000000002
vt 10.751097739762086 0
vt 10.751097739762086 0.10000000000000001
vt 10.751097739762086 0.20000000000000001
vt 10.751097739762086 0.30000000000000004
vt 10.751097739762086 0.40000000000000002
vt 10.760852255862892 0
vt 10.760852255862892 0.10000000000000001
vt 10.760852255862892 0.20000000000000001
vt 10.760852255862892 0.30000000000000004
vt 10.760852255862892 0.40000000000000002
vt 10.770606771963697 0
vt 10.770606771963697 0.10000000000000001
vt 10.770606771963697 0.20000000000000001
vt 10.770606771963697 0.30000000000000004
vt 10.770606771963697 0.40000000000000002
vt 10.780361288064503 0
vt 10.780361288064503 0.10000000000000001
vt 10.780361288064503 0.20000000000000001
vt 10.780361288064503 0.30000000000000004
vt 10.780361288064503 0.40000000000000002
vt 10.905361288064503 0
vt 10.905361288064503 0.10000000000000001
vt 10.905361288064503 0.20000000000000001
vt 10.905361288064503 0.30000000000000004
vt 10.905361288064503 0.40000000000000002
vt 11.030361288064503 0
vt 11.030361288064503 0.10000000000000001
vt 11.030361288064503 0.20000000000000001
vt 11.030361288064503 0.30000000000000004
vt 11.030361288064503 0.40000000000000002
vt 11.155361288064503 0
vt 11.155361288064503 0.10000000000000001
vt 11.155361288064503 0.20000000000000001
vt 11.155361288064503 0.30000000000000004
vt 11.155361288064503 0.40000000000000002
vt 11.280361288064503 0
vt 11.280361288064503 0.10000000000000001
vt 11.280361288064503 0.20000000000000001
vt 11.280361288064503 0.30000000000000004
vt 11.280361288064503 0.40000000000000002
vt 11.405361288064503 0
vt 11.405361288064503 0.10000000000000001
vt 11.405361288064503 0.20000000000000001
vt 11.405361288064503 0.30000000000000004
vt 11.405361288064503 0.40000000000000002
vt 11.530361288064503 0
vt 11.530361288064503 0.10000000000000001
vt 11.530361288064503 0.20000000000000001
vt 11.530361288064503 0.30000000000000004
vt 11.530361288064503 0.40000000000000002
vt 11.655361288064503 0
vt 11.655361288064503 0.10000000000000001
vt 11.655361288064503 0.20000000000000001
vt 11.655361288064503 0.30000000000000004
vt 11.655361288064503 0.40000000000000002
vt 11.780361288064503 0
vt 11.780361288064503 0.10000000000000001
vt 11.780361288064503 0.20000000000000001
vt 11.780361288064503 0.30000000000000004
vt 11.780361288064503 0.40000000000000002
vt 11.790115804165309 0
vt 11.790115804165309 0.10000000000000001
vt 11.790115804165309 0.20000000000000001
vt 11.790115804165309 0.30000000000000004
vt 11.790115804165309 0.40000000000000002
vt 11.799870320266114 0
vt 11.799870320266114 0.10000000000000001
vt 11.799870320266114 0.20000000000000001
vt 11.799870320266114 0.30000000000000004
vt 11.799870320266114 0.40000000000000002
vt 11.80962483636692 0
vt 11.80962483636692 0.10000000000000001
vt 11.80962483636692 0.20000000000000001
vt 11.80962483636692 0.30000000000000004
vt 11.80962483636692 0.40000000000000002
vt 11.819379352467726 0
vt 11.819379352467726 0.10000000000000001
vt 11.819379352467726 0.20000000000000001
vt 11.819379352467726 0.30000000000000004
vt 11.819379352467726 0.40000000000000002
vt 11.829133868568531 0
vt 11.829133868568531 0.10000000000000001
vt 11.829133868568531 0.20000000000000001
vt 11.829133868568531 0.30000000000000004
vt 11.829133868568531 0.40000000000000002
vt 11.838888384669337 0
vt 11.838888384669337 0.10000000000000001
vt 11.838888384669337 0.20000000000000001
vt 11.838888384669337 0.30000000000000004
vt 11.838888384669337 0.40000000000000002
vt 11.848642900770143 0
vt 11.848642900770143 0.10000000000000001
vt 11.848642900770143 0.20000000000000001
vt 11.848642900770143 0.30000000000000004
vt 11.848642900770143 0.40000000000000002
vt 11.858397416870949 0
vt 11.858397416870949 0.10000000000000001
vt 11.858397416870949 0.20000000000000001
vt 11.858397416870949 0.30000000000000004
vt 11.858397416870949 0.40000000000000002
vt 11.983397416870949 0
vt 11.983397416870949 0.10000000000000001
vt 11.983397416870949 0.20000000000000001
vt 11.983397416870949 0.30000000000000004
vt 11.983397416870949 0.40000000000000002
vt 12.108397416870949 0
vt 12.108397416870949 0.10000000000000001
vt 12.108397416870949 0.20000000000000001
vt 12.108397416870949 0.30000000000000004
vt 12.108397416870949 0.40000000000000002
vt 12.233397416870949 0
vt 12.233397416870949 0.10000000000000001
vt 12.233397416870949 0.20000000000000001
vt 12.233397416870949 0.30000000000000004
vt 12.233397416870949 0.40000000000000002
vt 12.358397416870949 0
vt 12.358397416870949 0.10000000000000001
vt 12.358397416870949 0.20000000000000001
vt 12.358397416870949 0.30000000000000004
vt 12.358397416870949 0.40000000000000002
vt 12.483397416870949 0
vt 12.483397416870949 0.10000000000000001
vt 12.483397416870949 0.20000000000000001
vt 12.483397416870949 0.30000000000000004
vt 12.483397416870949 0.40000000000000002
vt 12.608397416870949 0
vt 12.608397416870949 0.10000000000000001
vt 12.608397416870949 0.20000000000000001
vt 12.608397416870949 0.30000000000000004
vt 12.608397416870949 0.40000000000000002
vt 12.733397416870949 0
vt 12.733397416870949 0.10000000000000001
vt 12.733397416870949 0.20000000000000001
vt 12.733397416870949 0.30000000000000004
vt 12.733397416870949 0.40000000000000002
vt 12.858397416870949 0
vt 12.858397416870949 0.10000000000000001
vt 12.858397416870949 0.20000000000000001
vt 12.858397416870949 0.30000000000000004
vt 12.858397416870949 0.40000000000000002
vt 12.868151932971754 0
vt 12.868151932971754 0.10000000000000001
vt 12.868151932971754 0.20000000000000001
vt 12.868151932971754 0.30000000000000004
vt 12.868151932971754 0.40000000000000002
vt 12.87790644907256 0
vt 12.87790644907256 0.10000000000000001
vt 12.87790644907256 0.20000000000000001
vt 12.87790644907256 0.30000000000000004
vt 12.87790644907256 0.40000000000000002
vt 12.887660965173366 0
vt 12.887660965173366 0.10000000000000001
vt 12.887660965173366 0.20000000000000001
vt 12.887660965173366 0.30000000000000004
vt 12.887660965173366 0.40000000000000002
vt 12.897415481274171 0
vt 12.897415481274171 0.10000000000000001
vt 12.897415481274171 0.20000000000000001
vt 12.897415481274171 0.30000000000000004
vt 12.897415481274171 0.40000000000000002
vt 12.907169997374977 0
vt 12.907169997374977 0.10000000000000001
vt 12.907169997374977 0.20000000000000001
vt 12.907169997374977 0.30000000000000004
vt 12.907169997374977 0.40000000000000002
vt 12.916924513475783 0
vt 12.916924513475783 0.10000000000000001
vt 12.916924513475783 0.20000000000000001
vt 12.916924513475783 0.30000000000000004
vt 12.916924513475783 0.40000000000000002
vt 12.926679029576588 0
vt 12.926679029576588 0.10000000000000001
vt 12.926679029576588 0.20000000000000001
vt 12.926679029576588 0.30000000000000004
vt 12.926679029576588 0.40000000000000002
vt 12.936433545677394 0
vt 12.936433545677394 0.10000000000000001
vt 12.936433545677394 0.20000000000000001
vt 12.936433545677394 0.30000000000000004
vt 12.936433545677394 0.40000000000000002
vt 13.061433545677394 0
vt 13.061433545677394 0.10000000000000001
vt 13.061433545677394 0.20000000000000001
vt 13.061433545677394 0.30000000000000004
vt 13.061433545677394 0.40000000000000002
vt 13.186433545677394 0
vt 13.186433545677394 0.10000000000000001
vt 13.186433545677394 0.20000000000000001
vt 13.186433545677394 0.30000000000000004
vt 13.186433545677394 0.40000000000000002
vt 13.311433545677394 0
vt 13.311433545677394 0.10000000000000001
vt 13.311433545677394 0.20000000000000001
vt 13.311433545677394 0.30000000000000004
vt 13.311433545677394 0.40000000000000002
vt 13.436433545677394 0
vt 13.436433545677394 0.10000000000000001
vt 13.436433545677394 0.20000000000000001
vt 13.436433545677394 0.30000000000000004
vt 13.436433545677394 0.40000000000000002
vt 13.561433545677394 0
vt 13.561433545677394 0.10000000000000001
vt 13.561433545677394 0.20000000000000001
vt 13.561433545677394 0.30000000000000004
vt 13.561433545677394 0.40000000000000002
vt 13.686433545677394 0
vt 13.686433545677394 0.10000000000000001
vt 13.686433545677394 0.20000000000000001
vt 13.686433545677394 0.30000000000000004
vt 13.686433545677394 0.40000000000000002
vt 13.811433545677394 0
vt 13.811433545677394 0.10000000000000001
vt 13.811433545677394 0.20000000000000001
vt 13.811433545677394 0.30000000000000004
vt 13.811433545677394 0.40000000000000002
vt 13.936433545677394 0
vt 13.936433545677394 0.10000000000000001
vt 13.936433545677394 0.20000000000000001
vt 13.936433545677394 0.30000000000000004
vt 13.936433545677394 0.40000000000000002
vt 13.9461880617782 0
vt 13.9461880617782 0.10000000000000001
vt 13.9461880617782 0.20000000000000001
vt 13.9461880617782 0.30000000000000004
vt 13.9461880617782 0.40000000000000002
vt 13.955942577879005 0
vt 13.955942577879005 0.10000000000000001
vt 13.955942577879005 0.20000000000000001
vt 13.955942577879005 0.30000000000000004
vt 13.955942577879005 0.40000000000000002
vt 13.965697093979811 0
vt 13.965697093979811 0.10000000000000001
vt 13.965697093979811 0.20000000000000001
vt 13.965697093979811 0.30000000000000004
vt 13.965697093979811 0.40000000000000002
vt 13.975451610080617 0
vt 13.975451610080617 0.10000000000000001
vt 13.975451610080617 0.20000000000000001
vt 13.975451610080617 0.30000000000000004
vt 13.975451610080617 0.40000000000000002
vt 13.985206126181422 0
vt 13.985206126181422 0.10000000000000001
vt 13.985206126181422 0.20000000000000001
vt 13.985206126181422 0.30000000000000004
vt 13.985206126181422 0.40000000000000002
vt 13.994960642282228 0
vt 13.994960642282228 0.10000000000000001
vt 13.994960642282228 0.20000000000000001
vt 13.994960642282228 0.30000000000000004
vt 13.994960642282228 0.40000000000000002
vt 14.004715158383034 0
vt 14.004715158383034 0.10000000000000001
vt 14.004715158383034 0.20000000000000001
vt 14.004715158383034 0.30000000000000004
vt 14.004715158383034 0.40000000000000002
vt 14.01446967448384 0
vt 14.01446967448384 0.10000000000000001
vt 14.01446967448384 0.20000000000000001
vt 14.01446967448384 0.30000000000000004
vt 14.01446967448384 0.40000000000000002
vt 14.13946967448384 0
vt 14.13946967448384 0.10000000000000001
vt 14.13946967448384 0.20000000000000001
vt 14.13946967448384 0.30000000000000004
vt 14.13946967448384 0.40000000000000002
vt 14.26446967448384 0
vt 14.26446967448384 0.10000000000000001
vt 14.26446967448384 0.20000000000000001
vt 14.26446967448384 0.30000000000000004
vt 14.26446967448384 0.40000000000000002
vt 14.38946967448384 0
vt 14.38946967448384 0.10000000000000001
vt 14.38946967448384 0.20000000000000001
vt 14.38946967448384 0.30000000000000004
vt 14.38946967448384 0.40000000000000002
vt 14.51446967448384 0
vt 14.51446967448384 0.10000000000000001
vt 14.51446967448384 0.20000000000000001
vt 14.51446967448384 0.30000000000000004
vt 14.51446967448384 0.40000000000000002
vt 14.63946967448384 0
vt 14.63946967448384 0.10000000000000001
vt 14.63946967448384 0.20000000000000001
vt 14.63946967448384 0.30000000000000004
vt 14.63946967448384 0.40000000000000002
vt 14.76446967448384 0
vt 14.76446967448384 0.10000000000000001
vt 14.76446967448384 0.20000000000000001
vt 14.76446967448384 0.30000000000000004
vt 14.76446967448384 0.40000000000000002
vt 14.88946967448384 0
vt 14.88946967448384 0.10000000000000001
vt 14.88946967448384 0.20000000000000001
vt 14.88946967448384 0.30000000000000004
vt 14.88946967448384 0.40000000000000002
vt 15.01446967448384 0
vt 15.01446967448384 0.10000000000000001
vt 15.01446967448384 0.20000000000000001
vt 15.01446967448384 0.30000000000000004
vt 15.01446967448384 0.40000000000000002
vt 15.024224190584645 0
vt 15.024224190584645 0.10000000000000001
vt 15.024224190584645 0.20000000000000001
vt 15.024224190584645 0.30000000000000004
vt 15.024224190584645 0.40000000000000002
vt 15.033978706685451 0
vt 15.033978706685451 0.10000000000000001
vt 15.033978706685451 0.20000000000000001
vt 15.033978706685451 0.30000000000000004
vt 15.033978706685451 0.40000000000000002
vt 15.043733222786257 0
vt 15.043733222786257 0.10000000000000001
vt 15.043733222786257 0.20000000000000001
vt 15.043733222786257 0.30000000000000004
vt 15.043733222786257 0.40000000000000002
vt 15.053487738887062 0
vt 15.053487738887062 0.10000000000000001
vt 15.053487738887062 0.20000000000000001
vt 15.053487738887062 0.30000000000000004
vt 15.053487738887062 0.40000000000000002
vt 15.063242254987868 0
vt 15.063242254987868 0.10000000000000001
vt 15.063242254987868 0.20000000000000001
vt 15.063242254987868 0.30000000000000004
vt 15.063242254987868 0.40000000000000002
vt 15.072996771088674 0
vt 15.072996771088674 0.10000000000000001
vt 15.072996771088674 0.20000000000000001
vt 15.072996771088674 0.30000000000000004
vt 15.072996771088674 0.40000000000000002
vt 15.082751287189479 0
vt 15.082751287189479 0.10000000000000001
vt 15.082751287189479 0.20000000000000001
vt 15.082751287189479 0.30000000000000004
vt 15.082751287189479 0.40000000000000002
vt 15.092505803290285 0
vt 15.092505803290285 0.10000000000000001
vt 15.092505803290285 0.20000000000000001
vt 15.092505803290285 0.30000000000000004
vt 15.092505803290285 0.40000000000000002
vt 15.217505803290285 0
vt 15.217505803290285 0.10000000000000001
vt 15.217505803290285 0.20000000000000001
vt 15.217505803290285 0.30000000000000004
vt 15.217505803290285 0.40000000000000002
vt 15.342505803290285 0
vt 15.342505803290285 0.10000000000000001
vt 15.342505803290285 0.20000000000000001
vt 15.342505803290285 0.30000000000000004
vt 15.342505803290285 0.40000000000000002
vt 15.467505803290285 0
vt 15.467505803290285 0.10000000000000001
vt 15.467505803290285 0.20000000000000001
vt 15.467505803290285 0.30000000000000004
vt 15.467505803290285 0.40000000000000002
vt 15.592505803290285 0
vt 15.592505803290285 0.10000000000000001
vt 15.592505803290285 0.20000000000000001
vt 15.592505803290285 0.30000000000000004
vt 15.592505803290285 0.40000000000000002
vt 15.717505803290285 0
vt 15.717505803290285 0.10000000000000001
vt 15.717505803290285 0.20000000000000001
vt 15.717505803290285 0.30000000000000004
vt 15.717505803290285 0.40000000000000002
vt 15.842505803290285 0
vt 15.842505803290285 0.10000000000000001
vt 15.842505803290285 0.20000000000000001
vt 15.842505803290285 0.30000000000000004
vt 15.842505803290285 0.40000000000000002
vt 15.967505803290285 0
vt 15.967505803290285 0.10000000000000001
vt 15.967505803290285 0.20000000000000001
vt 15.967505803290285 0.30000000000000004
vt 15.967505803290285 0.40000000000000002
vt 16.092505803290287 0
vt 16.092505803290287 0.10000000000000001
vt 16.092505803290287 0.20000000000000001
vt 16.092505803290287 0.30000000000000004
vt 16.092505803290287 0.40000000000000002
vt 16.102260319391092 0
vt 16.102260319391092 0.10000000000000001
vt 16.102260319391092 0.20000000000000001
vt 16.102260319391092 0.30000000000000004
vt 16.102260319391092 0.40000000000000002
vt 16.112014835491898 0
vt 16.112014835491898 0.10000000000000001
vt 16.112014835491898 0.20000000000000001
vt 16.112014835491898 0.30000000000000004
vt 16.112014835491898 0.40000000000000002
vt 16.121769351592704 0
vt 16.121769351592704 0.10000000000000001
vt 16.121769351592704 0.20000000000000001
vt 16.121769351592704 0.30000000000000004
vt 16.121769351592704 0.40000000000000002
vt 16.13152386769351 0
vt 16.13152386769351 0.10000000000000001
vt 16.13152386769351 0.20000000000000001
vt 16.13152386769351 0.30000000000000004
vt 16.13152386769351 0.40000000000000002
vt 16.141278383794315 0
vt 16.141278383794315 0.10000000000000001
vt 16.141278383794315 0.20000000000000001
vt 16.141278383794315 0.30000000000000004
vt 16.141278383794315 0.40000000000000002
vt 16.151032899895121 0
vt 16.151032899895121 0.10000000000000001
vt 16.151032899895121 0.20000000000000001
vt 16.151032899895121 0.30000000000000004
vt 16.151032899895121 0.40000000000000002
vt 16.160787415995927 0
vt 16.160787415995927 0.10000000000000001
vt 16.160787415995927 0.20000000000000001
vt 16.160787415995927 0.30000000000000004
vt 16.160787415995927 0.40000000000000002
vt 16.170541932096732 0
vt 16.170541932096732 0.10000000000000001
vt 16.170541932096732 0.20000000000000001
vt 16.170541932096732 0.30000000000000004
vt 16.170541932096732 0.40000000000000002
vt 16.295541932096732 0
vt 16.295541932096732 0.10000000000000001
vt 16.295541932096732 0.20000000000000001
vt 16.295541932096732 0.30000000000000004
vt 16.295541932096732 0.40000000000000002
vt 16.420541932096732 0
vt 16.420541932096732 0.10000000000000001
vt 16.420541932096732 0.20000000000000001
vt 16.420541932096732 0.30000000000000004
vt 16.420541932096732 0.40000000000000002
vt 16.545541932096732 0
vt 16.545541932096732 0.10000000000000001
vt 16.545541932096732 0.20000000000000001
vt 16.545541932096732 0.30000000000000004
vt 16.545541932096732 0.40000000000000002
vt 16.670541932096732 0
vt 16.670541932096732 0.10000000000000001
vt 16.670541932096732 0.20000000000000001
vt 16.670541932096732 0.30000000000000004
vt 16.670541932096732 0.40000000000000002
vt 16.795541932096732 0
vt 16.795541932096732 0.10000000000000001
vt 16.795541932096732 0.20000000000000001
vt 16.795541932096732 0.30000000000000004
vt 16.795541932096732 0.40000000000000002
vt 16.920541932096732 0
vt 16.920541932096732 0.10000000000000001
vt 16.920541932096732 0.20000000000000001
vt 16.920541932096732 0.30000000000000004
vt 16.920541932096732 0.40000000000000002
vt 17.045541932096732 0
vt 17.045541932096732 0.10000000000000001
vt 17.045541932096732 0.20000000000000001
vt 17.045541932096732 0.30000000000000004
vt 17.045541932096732 0.40000000000000002
vt 17.170541932096732 0
vt 17.170541932096732 0.10000000000000001
vt 17.170541932096732 0.20000000000000001
vt 17.170541932096732 0.30000000000000004
vt 17.170541932096732 0.40000000000000002
vt 17.180296448197538 0
vt 17.180296448197538 0.10000000000000001
vt 17.180296448197538 0.20000000000000001
vt 17.180296448197538 0.30000000000000004
vt 17.180296448197538 0.40000000000000002
vt 17.190050964298344 0
vt 17.190050964298344 0.10000000000000001
vt 17.190050964298344 0.20000000000000001
vt 17.190050964298344 0.30000000000000004
vt 17.190050964298344 0.40000000000000002
vt 17.199805480399149 0
vt 17.199805480399149 0.10000000000000001
vt 17.199805480399149 0.20000000000000001
vt 17.199805480399149 0.30000000000000004
vt 17.199805480399149 0.40000000000000002
vt 17.209559996499955 0
vt 17.209559996499955 0.10000000000000001
vt 17.209559996499955 0.20000000000000001
vt 17.209559996499955 0.30000000000000004
vt 17.209559996499955 0.40000000000000002
vt 17.219314512600761 0
vt 17.219314512600761 0.10000000000000001
vt 17.219314512600761 0.20000000000000001
vt 17.219314512600761 0.30000000000000004
vt 17.219314512600761 0.40000000000000002
vt 17.229069028701566 0
vt 17.229069028701566 0.10000000000000001
vt 17.229069028701566 0.20000000000000001
vt 17.229069028701566 0.30000000000000004
vt 17.229069028701566 0.40000000000000002
vt 17.238823544802372 0
vt 17.238823544802372 0.10000000000000001
vt 17.238823544802372 0.20000000000000001
vt 17.238823544802372 0.30000000000000004
vt 17.238823544802372 0.40000000000000002
vt 17.248578060903178 0
vt 17.248578060903178 0.10000000000000001
vt 17.248578060903178 0.20000000000000001
vt 17.248578060903178 0.30000000000000004
vt 17.248578060903178 0.40000000000000002
vt 17.373578060903178 0
vt 17.373578060903178 0.10000000000000001
vt 17.373578060903178 0.20000000000000001
vt 17.373578060903178 0.30000000000000004
vt 17.373578060903178 0.40000000000000002
vt 17.498578060903178 0
vt 17.498578060903178 0.10000000000000001
vt 17.498578060903178 0.20000000000000001
vt 17.498578060903178 0.30000000000000004
vt 17.498578060903178 0.40000000000000002
vt 17.623578060903178 0
vt 17.623578060903178 0.10000000000000001
vt 17.623578060903178 0.20000000000000001
vt 17.623578060903178 0.30000000000000004
vt 17.623578060903178 0.40000000000000002
vt 17.748578060903178 0
vt 17.748578060903178 0.10000000000000001
vt 17.748578060903178 0.20000000000000001
vt 17.748578060903178 0.30000000000000004
vt 17.748578060903178 0.40000000000000002
vt 17.873578060903178 0
vt 17.873578060903178 0.10000000000000001
vt 17.873578060903178 0.20000000000000001
vt 17.873578060903178 0.30000000000000004
vt 17.873578060903178 0.40000000000000002
vt 17.998578060903178 0
vt 17.998578060903178 0.10000000000000001
vt 17.998578060903178 0.20000000000000001
vt 17.998578060903178 0.30000000000000004
vt 17.998578060903178 0.40000000000000002
vt 18.123578060903178 0
vt 18.123578060903178 0.10000000000000001
vt 18.123578060903178 0.20000000000000001
vt 18.123578060903178 0.30000000000000004
vt 18.123578060903178 0.40000000000000002
vt 18.248578060903178 0
vt 18.248578060903178 0.10000000000000001
vt 18.248578060903178 0.20000000000000001
vt 18.248578060903178 0.30000000000000004
vt 18.248578060903178 0.40000000000000002
vt 18.258332577003983 0
vt 18.258332577003983 0.10000000000000001
vt 18.258332577003983 0.20000000000000001
vt 18.258332577003983 0.30000000000000004
vt 18.258332577003983 0.40000000000000002
vt 18.268087093104789 0
vt 18.268087093104789 0.10000000000000001
vt 18.268087093104789 0.20000000000000001
vt 18.268087093104789 0.30000000000000004
vt 18.268087093104789 0.40000000000000002
vt 18.277841609205595 0
vt 18.277841609205595 0.10000000000000001
vt 18.277841609205595 0.20000000000000001
vt 18.277841609205595 0.30000000000000004
vt 18.277841609205595 0.40000000000000002
vt 18.287596125306401 0
vt 18.287596125306401 0.10000000000000001
vt 18.287596125306401 0.20000000000000001
vt 18.287596125306401 0.30000000000000004
vt 18.287596125306401 0.40000000000000002
vt 18.297350641407206 0
vt 18.297350641407206 0.10000000000000001
vt 18.297350641407206 0.20000000000000001
vt 18.297350641407206 0.30000000000000004
vt 18.297350641407206 0.40000000000000002
vt 18.307105157508012 0
vt 18.307105157508012 0.10000000000000001
vt 18.307105157508012 0.20000000000000001
vt 18.307105157508012 0.30000000000000004
vt 18.307105157508012 0.40000000000000002
vt 18.316859673608818 0
vt 18.316859673608818 0.10000000000000001
vt 18.316859673608818 0.20000000000000001
vt 18.316859673608818 0.30000000000000004
vt 18.316859673608818 0.40000000000000002
vt 18.326614189709623 0
vt 18.326614189709623 0.10000000000000001
vt 18.326614189709623 0.20000000000000001
vt 18.326614189709623 0.30000000000000004
vt 18.326614189709623 0.40000000000000002
vt 18.451614189709623 0
vt 18.451614189709623 0.10000000000000001
vt 18.451614189709623 0.20000000000000001
vt 18.451614189709623 0.30000000000000004
vt 18.451614189709623 0.40000000000000002
vt 18.576614189709623 0
vt 18.576614189709623 0.10000000000000001
vt 18.576614189709623 0.20000000000000001
vt 18.576614189709623 0.30000000000000004
vt 18.576614189709623 0.40000000000000002
vt 18.701614189709623 0
vt 18.701614189709623 0.10000000000000001
vt 18.701614189709623 0.20000000000000001
vt 18.701614189709623 0.30000000000000004
vt 18.701614189709623 0.40000000000000002
vt 18.826614189709623 0
vt 18.826614189709623 0.10000000000000001
vt 18.826614189709623 0.20000000000000001
vt 18.826614189709623 0.30000000000000004
vt 18.826614189709623 0.40000000000000002
vt 18.951614189709623 0
vt 18.951614189709623 0.10000000000000001
vt 18.951614189709623 0.20000000000000001
vt 18.951614189709623 0.30000000000000004
vt 18.951614189709623 0.40000000000000002
vt 19.076614189709623 0
vt 19.076614189709623 0.10000000000000001
vt 19.076614189709623 0.20000000000000001
vt 19.076614189709623 0.30000000000000004
vt 19.076614189709623 0.40000000000000002
vt 19.201614189709623 0
vt 19.201614189709623 0.10000000000000001
vt 19.201614189709623 0.20000000000000001
vt 19.201614189709623 0.30000000000000004
vt 19.201614189709623 0.40000000000000002
vt 19.326614189709623 0
vt 19.326614189709623 0.10000000000000001
vt 19.326614189709623 0.20000000000000001
vt 19.326614189709623 0.30000000000000004
vt 19.326614189709623 0.40000000000000002
vt 19.336368705810429 0
vt 19.336368705810429 0.10000000000000001
vt 19.336368705810429 0.20000000000000001
vt 19.336368705810429 0.30000000000000004
vt 19.336368705810429 0.40000000000000002
vt 19.346123221911235 0
vt 19.346123221911235 0.10000000000000001
vt 19.346123221911235 0.20000000000000001
vt 19.346123221911235 0.30000000000000004
vt 19.346123221911235 0.40000000000000002
vt 19.35587773801204 0
vt 19.35587773801204 0.10000000000000001
vt 19.35587773801204 0.20000000000000001
vt 19.35587773801204 0.30000000000000004
vt 19.35587773801204 0.40000000000000002
vt 19.365632254112846 0
vt 19.365632254112846 0.10000000000000001
vt 19.365632254112846 0.20000000000000001
vt 19.365632254112846 0.30000000000000004
vt 19.365632254112846 0.40000000000000002
vt 19.375386770213652 0
vt 19.375386770213652 0.10000000000000001
vt 19.375386770213652 0.20000000000000001
vt 19.375386770213652 0.30000000000000004
vt 19.375386770213652 0.40000000000000002
vt 19.385141286314457 0
vt 19.385141286314457 0.10000000000000001
vt 19.385141286314457 0.20000000000000001
vt 19.385141286314457 0.30000000000000004
vt 19.385141286314457 0.40000000000000002
vt 19.394895802415263 0
vt 19.394895802415263 0.10000000000000001
vt 19.394895802415263 0.20000000000000001
vt 19.394895802415263 0.30000000000000004
vt 19.394895802415263 0.40000000000000002
vt 19.404650318516069 0
vt 19.404650318516069 0.10000000000000001
vt 19.404650318516069 0.20000000000000001
vt 19.404650318516069 0.30000000000000004
vt 19.404650318516069 0.40000000000000002
vt 19.529650318516069 0
vt 19.529650318516069 0.10000000000000001
vt 19.529650318516069 0.20000000000000001
vt 19.529650318516069 0.30000000000000004
vt 19.529650318516069 0.40000000000000002
vt 19.654650318516069 0
vt 19.654650318516069 0.10000000000000001
vt 19.654650318516069 0.20000000000000001
vt 19.654650318516069 0.30000000000000004
vt 19.654650318516069 0.40000000000000002
vt 19.779650318516069 0
vt 19.779650318516069 0.10000000000000001
vt 19.779650318516069 0.20000000000000001
vt 19.779650318516069 0.30000000000000004
vt 19.779650318516069 0.40000000000000002
vt 19.904650318516069 0
vt 19.904650318516069 0.10000000000000001
vt 19.904650318516069 0.20000000000000001
vt 19.904650318516069 0.30000000000000004
vt 19.904650318516069 0.40000000000000002
vt 20.029650318516069 0
vt 20.029650318516069 0.10000000000000001
vt 20.029650318516069 0.20000000000000001
vt 20.029650318516069 0.30000000000000004
vt 20.029650318516069 0.40000000000000002
vt 20.154650318516069 0
vt 20.154650318516069 0.10000000000000001
vt 20.154650318516069 0.20000000000000001
vt 20.154650318516069 0.30000000000000004
vt 20.154650318516069 0.40000000000000002
vt 20.279650318516069 0
vt 20.279650318516069 0.10000000000000001
vt 20.279650318516069 0.20000000000000001
vt 20.279650318516069 0.30000000000000004
vt 20.279650318516069 0.40000000000000002
vt 20.404650318516069 0
vt 20.404650318516069 0.10000000000000001
vt 20.404650318516069 0.20000000000000001
vt 20.404650318516069 0.30000000000000004
vt 20.404650318516069 0.40000000000000002
vt 20.414404834616874 0
vt 20.414404834616874 0.10000000000000001
vt 20.414404834616874 0.20000000000000001
vt 20.414404834616874 0.30000000000000004
vt 20.414404834616874 0.40000000000000002
vt 20.42415935071768 0
vt 20.42415935071768 0.10000000000000001
vt 20.42415935071768 0.20000000000000001
vt 20.42415935071768 0.30000000000000004
vt 20.42415935071768 0.40000000000000002
vt 20.433913866818486 0
vt 20.433913866818486 0.10000000000000001
vt 20.433913866818486 0.20000000000000001
vt 20.433913866818486 0.30000000000000004
vt 20.433913866818486 0.40000000000000002
vt 20.443668382919292 0
vt 20.443668382919292 0.10000000000000001
vt 20.443668382919292 0.20000000000000001
vt 20.443668382919292 0.30000000000000004
vt 20.443668382919292 0.40000000000000002
vt 20.453422899020097 0
vt 20.453422899020097 0.10000000000000001
vt 20.453422899020097 0.20000000000000001
vt 20.453422899020097 0.30000000000000004
vt 20.453422899020097 0.40000000000000002
vt 20.463177415120903 0
vt 20.463177415120903 0.10000000000000001
vt 20.463177415120903 0.20000000000000001
vt 20.463177415120903 0.30000000000000004
vt 20.463177415120903 0.40000000000000002
vt 20.472931931221709 0
vt 20.472931931221709 0.10000000000000001
vt 20.472931931221709 0.20000000000000001
vt 20.472931931221709 0.30000000000000004
vt 20.472931931221709 0.40000000000000002
vt 20.482686447322514 0
vt 20.482686447322514 0.10000000000000001
vt 20.482686447322514 0.20000000000000001
vt 20.482686447322514 0.30000000000000004
vt 20.482686447322514 0.40000000000000002
vt 20.607686447322514 0
vt 20.607686447322514 0.10000000000000001
vt 20.607686447322514 0.20000000000000001
vt 20.607686447322514 0.30000000000000004
vt 20.607686447322514 0.40000000000000002
vt 20.732686447322514 0
vt 20.732686447322514 0.10000000000000001
vt 20.732686447322514 0.20000000000000001
vt 20.732686447322514 0.30000000000000004
vt 20.732686447322514 0.40000000000000002
vt 20.857686447322514 0
vt 20.857686447322514 0.10000000000000001
vt 20.857686447322514 0.20000000000000001
vt 20.857686447322514 0.30000000000000004
vt 20.857686447322514 0.40000000000000002
vt 20.982686447322514 0
vt 20.982686447322514 0.10000000000000001
vt 20.982686447322514 0.20000000000000001
vt 20.982686447322514 0.30000000000000004
vt 20.982686447322514 0.40000000000000002
vt 21.107686447322514 0
vt 21.107686447322514 0.10000000000000001
vt 21.107686447322514 0.20000000000000001
vt 21.107686447322514 0.30000000000000004
vt 21.107686447322514 0.40000000000000002
vt 21.232686447322514 0
vt 21.232686447322514 0.10000000000000001
vt 21.232686447322514 0.20000000000000001
vt 21.232686447322514 0.30000000000000004
vt 21.232686447322514 0.40000000000000002
vt 21.357686447322514 0
vt 21.357686447322514 0.10000000000000001
vt 21.357686447322514 0.20000000000000001
vt 21.357686447322514 0.30000000000000004
vt 21.357686447322514 0.40000000000000002
vt 21.482686447322514 0
vt 21.482686447322514 0.10000000000000001
vt 21.482686447322514 0.20000000000000001
vt 21.482686447322514 0.30000000000000004
vt 21.482686447322514 0.40000000000000002
vt 21.49244096342332 0
vt 21.49244096342332 0.10000000000000001
vt 21.49244096342332 0.20000000000000001
vt 21.49244096342332 0.30000000000000004
vt 21.49244096342332 0.40000000000000002
vt 21.502195479524126 0
vt 21.502195479524126 0.10000000000000001
vt 21.502195479524126 0.20000000000000001
vt 21.502195479524126 0.30000000000000004
vt 21.502195479524126 0.40000000000000002
vt 21.511949995624931 0
vt 21.511949995624931 0.10000000000000001
vt 21.511949995624931 0.20000000000000001
vt 21.511949995624931 0.30000000000000004
vt 21.511949995624931 0.40000000000000002
vt 21.521704511725737 0
vt 21.521704511725737 0.10000000000000001
vt 21.521704511725737 0.20000000000000001
vt 21.521704511725737 0.30000000000000004
vt 21.521704511725737 0.40000000000000002
vt 21.531459027826543 0
vt 21.531459027826543 0.10000000000000001
vt 21.531459027826543 0.20000000000000001
vt 21.531459027826543 0.30000000000000004
vt 21.531459027826543 0.40000000000000002
vt 21.541213543927348 0
vt 21.541213543927348 0.10000000000000001
vt 21.541213543927348 0.20000000000000001
vt 21.541213543927348 0.30000000000000004
vt 21.541213543927348 0.40000000000000002
vt 21.550968060028154 0
vt 21.550968060028154 0.10000000000000001
vt 21.550968060028154 0.20000000000000001
vt 21.550968060028154 0.30000000000000004
vt 21.550968060028154 0.40000000000000002
vt 21.56072257612896 0
vt 21.56072257612896 0.10000000000000001
vt 21.56072257612896 0.20000000000000001
vt 21.56072257612896 0.30000000000000004
vt 21.56072257612896 0.40000000000000002
vt 21.68572257612896 0
vt 21.68572257612896 0.10000000000000001
vt 21.68572257612896 0.20000000000000001
vt 21.68572257612896 0.30000000000000004
vt 21.68572257612896 0.40000000000000002
vt 21.81072257612896 0
vt 21.81072257612896 0.10000000000000001
vt 21.81072257612896 0.20000000000000001
vt 21.81072257612896 0.30000000000000004
vt 21.81072257612896 0.40000000000000002
vt 21.93572257612896 0
vt 21.93572257612896 0.10000000000000001
vt 21.93572257612896 0.20000000000000001
vt 21.93572257612896 0.30000000000000004
vt 21.93572257612896 0.40000000000000002
vt 22.06072257612896 0
vt 22.06072257612896 0.10000000000000001
vt 22.06072257612896 0.20000000000000001
vt 22.06072257612896 0.30000000000000004
vt 22.06072257612896 0.40000000000000002
vt 22.18572257612896 0
vt 22.18572257612896 0.10000000000000001
vt 22.18572257612896 0.20000000000000001
vt 22.18572257612896 0.30000000000000004
vt 22.18572257612896 0.40000000000000002
vt 22.31072257612896 0
vt 22.31072257612896 0.10000000000000001
vt 22.31072257612896 0.20000000000000001
vt 22.31072257612896 0.30000000000000004
vt 22.31072257612896 0.40000000000000002
vt 22.43572257612896 0
vt 22.43572257612896 0.10000000000000001
vt 22.43572257612896 0.20000000000000001
vt 22.43572257612896 0.30000000000000004
vt 22.43572257612896 0.40000000000000002
vt 22.56072257612896 0
vt 22.56072257612896 0.10000000000000001
vt 22.56072257612896 0.20000000000000001
vt 22.56072257612896 0.30000000000000004
vt 22.56072257612896 0.40000000000000002
vt 22.570477092229766 0
vt 22.570477092229766 0.10000000000000001
vt 22.570477092229766 0.20000000000000001
vt 22.570477092229766 0.30000000000000004
vt 22.570477092229766 0.40000000000000002
vt 22.580231608330571 0
vt 22.580231608330571 0.10000000000000001
vt 22.580231608330571 0.20000000000000001
vt 22.580231608330571 0.30000000000000004
vt 22.580231608330571 0.40000000000000002
vt 22.589986124431377 0
vt 22.589986124431377 0.10000000000000001
vt 22.589986124431377 0.20000000000000001
vt 22.589986124431377 0.30000000000000004
vt 22.589986124431377 0.40000000000000002
vt 22.599740640532183 0
vt 22.599740640532183 0.10000000000000001
vt 22.599740640532183 0.20000000000000001
vt 22.599740640532183 0.30000000000000004
vt 22.599740640532183 0.40000000000000002
vt 22.609495156632988 0
vt 22.609495156632988 0.10000000000000001
vt 22.609495156632988 0.20000000000000001
vt 22.609495156632988 0.30000000000000004
vt 22.609495156632988 0.40000000000000002
vt 22.619249672733794 0
vt 22.619249672733794 0.10000000000000001
vt 22.619249672733794 0.20000000000000001
vt 22.619249672733794 0.30000000000000004
vt 22.619249672733794 0.40000000000000002
vt 22.6290041888346 0
vt 22.6290041888346 0.10000000000000001
vt 22.6290041888346 0.20000000000000001
vt 22.6290041888346 0.30000000000000004
vt 22.6290041888346 0.40000000000000002
vt 22.638758704935405 0
vt 22.638758704935405 0.10000000000000001
vt 22.638758704935405 0.20000000000000001
vt 22.638758704935405 0.30000000000000004
vt 22.638758704935405 0.40000000000000002
vt 22.763758704935405 0
vt 22.763758704935405 0.10000000000000001
vt 22.763758704935405 0.20000000000000001
vt 22.763758704935405 0.30000000000000004
vt 22.763758704935405 0.40000000000000002
vt 22.888758704935405 0
vt 22.888758704935405 0.10000000000000001
vt 22.888758704935405 0.20000000000000001
vt 22.888758704935405 0.30000000000000004
vt 22.888758704935405 0.40000000000000002
vt 23.013758704935405 0
vt 23.013758704935405 0.10000000000000001
vt 23.013758704935405 0.20000000000000001
vt 23.013758704935405 0.30000000000000004
vt 23.013758704935405 0.40000000000000002
vt 23.138758704935405 0
vt 23.138758704935405 0.10000000000000001
vt 23.138758704935405 0.20000000000000001
vt 23.138758704935405 0.30000000000000004
vt 23.138758704935405 0.40000000000000002
vt 23.263758704935405 0
vt 23.263758704935405 0.10000000000000001
vt 23.263758704935405 0.20000000000000001
vt 23.263758704935405 0.30000000000000004
vt 23.263758704935405 0.40000000000000002
vt 23.388758704935405 0
vt 23.388758704935405 0.10000000000000001
vt 23.388758704935405 0.20000000000000001
vt 23.388758704935405 0.30000000000000004
vt 23.388758704935405 0.40000000000000002
vt 23.513758704935405 0
vt 23.513758704935405 0.10000000000000001
vt 23.513758704935405 0.20000000000000001
vt 23.513758704935405 0.30000000000000004
vt 23.513758704935405 0.40000000000000002
vt 23.638758704935405 0
vt 23.638758704935405 0.10000000000000001
vt 23.638758704935405 0.20000000000000001
vt 23.638758704935405 0.30000000000000004
vt 23.638758704935405 0.40000000000000002
vt 23.648513221036211 0
vt 23.648513221036211 0.10000000000000001
vt 23.648513221036211 0.20000000000000001
vt 23.648513221036211 0.30000000000000004
vt 23.648513221036211 0.40000000000000002
vt 23.658267737137017 0
vt 23.658267737137017 0.10000000000000001
vt 23.658267737137017 0.20000000000000001
vt 23.658267737137017 0.30000000000000004
vt 23.658267737137017 0.40000000000000002
vt 23.668022253237822 0
vt 23.668022253237822 0.10000000000000001
vt 23.668022253237822 0.20000000000000001
vt 23.668022253237822 0.30000000000000004
vt 23.668022253237822 0.40000000000000002
vt 23.677776769338628 0
vt 23.677776769338628 0.10000000000000001
vt 23.677776769338628 0.20000000000000001
vt 23.677776769338628 0.30000000000000004
vt 23.677776769338628 0.40000000000000002
vt 23.687531285439434 0
vt 23.687531285439434 0.10000000000000001
vt 23.687531285439434 0.20000000000000001
vt 23.687531285439434 0.30000000000000004
vt 23.687531285439434 0.40000000000000002
vt 23.697285801540239 0
vt 23.697285801540239 0.10000000000000001
vt 23.697285801540239 0.20000000000000001
vt 23.697285801540239 0.30000000000000004
vt 23.697285801540239 0.40000000000000002
vt 23.707040317641045 0
vt 23.707040317641045 0.10000000000000001
vt 23.707040317641045 0.20000000000000001
vt 23.707040317641045 0.30000000000000004
vt 23.707040317641045 0.40000000000000002
vt 23.716794833741851 0
vt 23.716794833741851 0.10000000000000001
vt 23.716794833741851 0.20000000000000001
vt 23.716794833741851 0.30000000000000004
vt 23.716794833741851 0.40000000000000002
vt 23.841794833741851 0
vt 23.841794833741851 0.10000000000000001
vt 23.841794833741851 0.20000000000000001
vt 23.841794833741851 0.30000000000000004
vt 23.841794833741851 0.40000000000000002
vt 23.966794833741851 0
vt 23.966794833741851 0.10000000000000001
vt 23.966794833741851 0.20000000000000001
vt 23.966794833741851 0.30000000000000004
vt 23.966794833741851 0.40000000000000002
vt 24.091794833741851 0
vt 24.091794833741851 0.10000000000000001
vt 24.091794833741851 0.20000000000000001
vt 24.091794833741851 0.30000000000000004
vt 24.091794833741851 0.40000000000000002
vt 24.216794833741851 0
vt 24.216794833741851 0.10000000000000001
vt 24.216794833741851 0.20000000000000001
vt 24.216794833741851 0.30000000000000004
vt 24.216794833741851 0.40000000000000002
vt 24.341794833741851 0
vt 24.341794833741851 0.10000000000000001
vt 24.341794833741851 0.20000000000000001
vt 24.341794833741851 0.30000000000000004
vt 24.341794833741851 0.40000000000000002
vt 24.466794833741851 0
vt 24.466794833741851 0.10000000000000001
vt 24.466794833741851 0.20000000000000001
vt 24.466794833741851 0.30000000000000004
vt 24.466794833741851 0.40000000000000002
vt 24.591794833741851 0
vt 24.591794833741851 0.10000000000000001
vt 24.591794833741851 0.20000000000000001
vt 24.591794833741851 0.30000000000000004
vt 24.591794833741851 0.40000000000000002
vt 24.716794833741851 0
vt 24.716794833741851 0.10000000000000001
vt 24.716794833741851 0.20000000000000001
vt 24.716794833741851 0.30000000000000004
vt 24.716794833741851 0.40000000000000002
vt 24.726549349842657 0
vt 24.726549349842657 0.10000000000000001
vt 24.726549349842657 0.20000000000000001
vt 24.726549349842657 0.30000000000000004
vt 24.726549349842657 0.40000000000000002
vt 24.736303865943462 0
vt 24.736303865943462 0.10000000000000001
vt 24.736303865943462 0.20000000000000001
vt 24.736303865943462 0.30000000000000004
vt 24.736303865943462 0.40000000000000002
vt 24.746058382044268 0
vt 24.746058382044268 0.10000000000000001
vt 24.746058382044268 0.20000000000000001
vt 24.746058382044268 0.30000000000000004
vt 24.746058382044268 0.40000000000000002
vt 24.755812898145074 0
vt 24.755812898145074 0.10000000000000001
vt 24.755812898145074 0.20000000000000001
vt 24.755812898145074 0.30000000000000004
vt 24.755812898145074 0.40000000000000002
vt 24.765567414245879 0
vt 24.765567414245879 0.10000000000000001
vt 24.765567414245879 0.20000000000000001
vt 24.765567414245879 0.30000000000000004
vt 24.765567414245879 0.40000000000000002
vt 24.775321930346685 0
vt 24.775321930346685 0.10000000000000001
vt 24.775321930346685 0.20000000000000001
vt 24.775321930346685 0.30000000000000004
vt 24.775321930346685 0.40000000000000002
vt 24.785076446447491 0
vt 24.785076446447491 0.10000000000000001
vt 24.785076446447491 0.20000000000000001
vt 24.785076446447491 0.30000000000000004
vt 24.785076446447491 0.40000000000000002
vt 24.794830962548296 0
vt 24.794830962548296 0.10000000000000001
vt 24.794830962548296 0.20000000000000001
vt 24.794830962548296 0.30000000000000004
vt 24.794830962548296 0.40000000000000002
vt 24.919830962548296 0
vt 24.919830962548296 0.10000000000000001
vt 24.919830962548296 0.20000000000000001
vt 24.919830962548296 0.30000000000000004
vt 24.919830962548296 0.40000000000000002
vt 25.044830962548296 0
vt 25.044830962548296 0.10000000000000001
vt 25.044830962548296 0.20000000000000001
vt 25.044830962548296 0.30000000000000004
vt 25.044830962548296 0.40000000000000002
vt 25.169830962548296 0
vt 25.169830962548296 0.10000000000000001
vt 25.169830962548296 0.20000000000000001
vt 25.169830962548296 0.30000000000000004
vt 25.169830962548296 0.40000000000000002
vt 25.294830962548296 0
vt 25.294830962548296 0.10000000000000001
vt 25.294830962548296 0.20000000000000001
vt 25.294830962548296 0.30000000000000004
vt 25.294830962548296 0.40000000000000002
vt 25.419830962548296 0
vt 25.419830962548296 0.10000000000000001
vt 25.419830962548296 0.20000000000000001
vt 25.419830962548296 0.30000000000000004
vt 25.419830962548296 0.40000000000000002
vt 25.544830962548296 0
vt 25.544830962548296 0.10000000000000001
vt 25.544830962548296 0.20000000000000001
vt 25.544830962548296 0.30000000000000004
vt 25.544830962548296 0.40000000000000002
vt 25.669830962548296 0
vt 25.669830962548296 0.10000000000000001
vt 25.669830962548296 0.20000000000000001
vt 25.669830962548296 0.30000000000000004
vt 25.669830962548296 0.40000000000000002
vt 25.794830962548296 0
vt 25.794830962548296 0.10000000000000001
vt 25.794830962548296 0.20000000000000001
vt 25.794830962548296 0.30000000000000004
vt 25.794830962548296 0.40000000000000002
f 1/1 6/6 7/7
f 1/1 7/7 2/2
f 1886/1886 1892/1892 1891/1891
f 1886/1886 1887/1887 1892/1892
f 2/2 7/7 8/8
f 2/2 8/8 3/3
f 1887/1887 1893/1893 1892/1892
f 1887/1887 1888/1888 1893/1893
f 3/3 8/8 9/9
f 3/3 9/9 4/4
f 1888/1888 1894/1894 1893/1893
f 1888/1888 1889/1889 1894/1894
f 4/4 9/9 10/10
f 4/4 10/10 5/5
f 1889/1889 1895/1895 1894/1894
f 1889/1889 1890/1890 1895/1895
f 1/1 1891/1891 6/6
f 1/1 1886/1886 1891/1891
f 5/5 10/10 1895/1895
f 5/5 1895/1895 1890/1890
f 6/6 11/11 12/12
f 6/6 12/12 7/7
f 1891/1891 1897/1897 1896/1896
f 1891/1891 1892/1892 1897/1897
f 7/7 12/12 13/13
f 7/7 13/13 8/8
f 1892/1892 1898/1898 1897/1897
f 1892/1892 1893/1893 1898/1898
f 8/8 13/13 14/14
f 8/8 14/14 9/9
f 1893/1893 1899/1899 1898/1898
f 1893/1893 1894/1894 1899/1899
f 9/9 14/14 15/15
f 9/9 15/15 10/10
f 1894/1894 1900/1900 1899/1899
f 1894/1894 1895/1895 1900/1900
f 6/6 1896/1896 11/11
f 6/6 1891/1891 1896/1896
f 10/10 15/15 1900/1900
f 10/10 1900/1900 1895/1895
f 11/11 16/16 17/17
f 11/11 17/17 12/12
f 1896/1896 1902/1902 1901/1901
f 1896/1896 1897/1897 1902/1902
f 12/12 17/17 18/18
f 12/12 18/18 13/13
f 1897/1897 1903/1903 1902/1902
f 1897/1897 1898/1898 1903/1903
f 13/13 18/18 19/19
f 13/13 19/19 14/14
f 1898/1898 1904/1904 1903/1903
f 1898/1898 1899/1899 1904/1904
f 14/14 19/19 20/20
f 14/14 20/20 15/15
f 1899/1899 1905/1905 1904/1904
f 1899/1899 1900/1900 1905/1905
f 11/11 1901/1901 16/16
f 11/11 1896/1896 1901/1901
f 15/15 20/20 1905/1905
f 15/15 1905/1905 1900/1900
f 16/16 21/21 22/22
f 16/16 22/22 17/17
f 1901/1901 1907/1907 1906/1906
f 1901/1901 1902/1902 1907/1907
f 17/17 22/22 23/23
f 17/17 23/23 18/18
f 1902/1902 1908/1908 1907/1907
f 1902/1902 1903/1903 1908/1908
f 18/18 23/23 24/24
f 18/18 24/24 19/19
f 1903/1903 1909/1909 1908/1908
f 1903/1903 1904/1904 1909/1909
f 19/19 24/24 25/25
f 19/19 25/25 20/20
f 1904/1904 1910/1910 1909/1909
f 1904/1904 1905/1905 1910/1910
f 16/16 1906/1906 21/21
f 16/16 1901/1901 1906/1906
f 20/20 25/25 1910/1910
f 20/20 1910/1910 1905/1905
f 21/21 26/26 27/27
f 21/21 27/27 22/22
f 1906/1906 1912/1912 1911/1911
f 1906/1906 1907/1907 1912/1912
f 22/22 27/27 28/28
f 22/22 28/28 23/23
f 1907/1907 1913/1913 1912/1912
f 1907/1907 1908/1908 1913/1913
f 23/23 28/28 29/29
f 23/23 29/29 24/24
f 1908/1908 1914/1914 1913/1913
f 1908/1908 1909/1909 1914/1914
f 24/24 29/29 30/30
f 24/24 30/30 25/25
f 1909/1909 1915/1915 1914/1914
f 1909/1909 1910/1910 1915/1915
f 21/21 1911/1911 26/26
f 21/21 1906/1906 1911/1911
f 25/25 30/30 1915/1915
f 25/25 1915/1915 1910/1910
f 26/26 31/31 32/32
f 26/26 32/32 27/27
f 1911/1911 1917/1917 1916/1916
f 1911/1911 1912/1912 1917/1917
f 27/27 32/32 33/33
f 27/27 33/33 28/28
f 1912/1912 1918/1918 1917/1917
f 1912/1912 1913/1913 1918/1918
f 28/28 33/33 34/34
f 28/28 34/34 29/29
f 1913/1913 1919/1919 1918/1918
f 1913/1913 1914/1914 1919/1919
f 29/29 34/34 35/35
f 29/29 35/35 30/30
f 1914/1914 1920/1920 1919/1919
f 1914/1914 1915/1915 1920/1920
f 26/26 1916/1916 31/31
f 26/26 1911/1911 1916/1916
f 30/30 35/35 1920/1920
f 30/30 1920/1920 1915/1915
f 31/31 36/36 37/37
f 31/31 37/37 32/32
f 1916/1916 1922/1922 1921/1921
f 1916/1916 1917/1917 1922/1922
f 32/32 37/37 38/38
f 32/32 38/38 33/33
f 1917/1917 1923/1923 1922/1922
f 1917/1917 1918/1918 1923/1923
f 33/33 38/38 39/39
f 33/33 39/39 34/34
f 1918/1918 1924/1924 1923/1923
f 1918/1918 1919/1919 1924/1924
f 34/34 39/39 40/40
f 34/34 40/40 35/35
f 1919/1919 1925/1925 1924/1924
f 1919/1919 1920/1920 1925/1925
f 31/31 1921/1921 36/36
f 31/31 1916/1916 1921/1921
f 35/35 40/40 1925/1925
f 35/35 1925/1925 1920/1920
f 36/36 41/41 42/42
f 36/36 42/42 37/37
f 1921/1921 1927/1927 1926/1926
f 1921/1921 1922/1922 1927/1927
f 37/37 42/42 43/43
f 37/37 43/43 38/38
f 1922/1922 1928/1928 1927/1927
f 1922/1922 1923/1923 1928/1928
f 38/38 43/43 44/44
f 38/38 44/44 39/39
f 1923/1923 1929/1929 1928/1928
f 1923/1923 1924/1924 1929/1929
f 39/39 44/44 45/45
f 39/39 45/45 40/40
f 1924/1924 1930/1930 1929/1929
f 1924/1924 1925/1925 1930/1930
f 36/36 1926/1926 41/41
f 36/36 1921/1921 1926/1926
f 40/40 45/45 1930/1930
f 40/40 1930/1930 1925/1925
f 41/41 46/46 47/47
f 41/41 47/47 42/42
f 1926/1926 1932/1932 1931/1931
f 1926/1926 1927/1927 1932/1932
f 42/42 47/47 48/48
f 42/42 48/48 43/43
f 1927/1927 1933/1933 1932/1932
f 1927/1927 1928/1928 1933/1933
f 43/43 48/48 49/49
f 43/43 49/49 44/44
f 1928/1928 1934/1934 1933/1933
f 1928/1928 1929/1929 1934/1934
f 44/44 49/49 50/50
f 44/44 50/50 45/45
f 1929/1929 1935/1935 1934/1934
f 1929/1929 1930/1930 1935/1935
f 41/41 1931/1931 46/46
f 41/41 1926/1926 1931/1931
f 45/45 50/50 1935/1935
f 45/45 1935/1935 1930/1930
f 46/46 51/51 52/52
f 46/46 52/52 47/47
f 1931/1931 1937/1937 1936/1936
f 1931/1931 1932/1932 1937/1937
f 47/47 52/52 53/53
f 47/47 53/53 48/48
f 1932/1932 1938/1938 1937/1937
f 1932/1932 1933/1933 1938/1938
f 48/48 53/53 54/54
f 48/48 54/54 49/49
f 1933/1933 1939/1939 1938/1938
f 1933/1933 1934/1934 1939/1939
f 49/49 54/54 55/55
f 49/49 55/55 50/50
f 1934/1934 1940/1940 1939/1939
f 1934/1934 1935/1935 1940/1940
f 46/46 1936/1936 51/51
f 46/46 1931/1931 1936/1936
f 50/50 55/55 1940/1940
f 50/50 1940/1940 1935/1935
f 51/51 56/56 57/57
f 51/51 57/57 52/52
f 1936/1936 1942/1942 1941/1941
f 1936/1936 1937/1937 1942/1942
f 52/52 57/57 58/58
f 52/52 58/58 53/53
f 1937/1937 1943/1943 1942/1942
f 1937/1937 1938/1938 1943/1943
f 53/53 58/58 59/59
f 53/53 59/59 54/54
f 1938/1938 1944/1944 1943/1943
f 1938/1938 1939/1939 1944/1944
f 54/54 59/59 60/60
f 54/54 60/60 55/55
f 1939/1939 1945/1945 1944/1944
f 1939/1939 1940/1940 1945/1945
f 51/51 1941/1941 56/56
f 51/51 1936/1936 1941/1941
f 55/55 60/60 1945/1945
f 55/55 1945/1945 1940/1940
f 56/56 61/61 62/62
f 56/56 62/62 57/57
f 1941/1941 1947/1947 1946/1946
f 1941/1941 1942/1942 1947/1947
f 57/57 62/62 63/63
f 57/57 63/63 58/58
f 1942/1942 1948/1948 1947/1947
f 1942/1942 1943/1943 1948/1948
f 58/58 63/63 64/64
f 58/58 64/64 59/59
f 1943/1943 1949/1949 1948/1948
f 1943/1943 1944/1944 1949/1949
f 59/59 64/64 65/65
f 59/59 65/65 60/60
f 1944/1944 1950/1950 1949/1949
f 1944/1944 1945/1945 1950/1950
f 56/56 1946/1946 61/61
f 56/56 1941/1941 1946/1946
f 60/60 65/65 1950/1950
f 60/60 1950/1950 1945/1945
f 61/61 66/66 67/67
f 61/61 67/67 62/62
f 1946/1946 1952/1952 1951/1951
f 1946/1946 1947/1947 1952/1952
f 62/62 67/67 68/68
f 62/62 68/68 63/63
f 1947/1947 1953/1953 1952/1952
f 1947/1947 1948/1948 1953/1953
f 63/63 68/68 69/69
f 63/63 69/69 64/64
f 1948/1948 1954/1954 1953/1953
f 1948/1948 1949/1949 1954/1954
f 64/64 69/69 70/70
f 64/64 70/70 65/65
f 1949/1949 1955/1955 1954/1954
f 1949/1949 1950/1950 1955/1955
f 61/61 1951/1951 66/66
f 61/61 1946/1946 1951/1951
f 65/65 70/70 1955/1955
f 65/65 1955/1955 1950/1950
f 66/66 71/71 72/72
f 66/66 72/72 67/67
f 1951/1951 1957/1957 1956/1956
f 1951/1951 1952/1952 1957/1957
f 67/67 72/72 73/73
f 67/67 73/73 68/68
f 1952/1952 1958/1958 1957/1957
f 1952/1952 1953/1953 1958/1958
f 68/68 73/73 74/74
f 68/68 74/74 69/69
f 1953/1953 1959/1959 1958/1958
f 1953/1953 1954/1954 1959/1959
f 69/69 74/74 75/75
f 69/69 75/75 70/70
f 1954/1954 1960/1960 1959/1959
f 1954/1954 1955/1955 1960/1960
f 66/66 1956/1956 71/71
f 66/66 1951/1951 1956/1956
f 70/70 75/75 1960/1960
f 70/70 1960/1960 1955/1955
f 71/71 76/76 77/77
f 71/71 77/77 72/72
f 1956/1956 1962/1962 1961/1961
f 1956/1956 1957/1957 1962/1962
f 72/72 77/77 78/78
f 72/72 78/78 73/73
f 1957/1957 1963/1963 1962/1962
f 1957/1957 1958/1958 1963/1963
f 73/73 78/78 79/79
f 73/73 79/79 74/74
f 1958/1958 1964/1964 1963/1963
f 1958/1958 1959/1959 1964/1964
f 74/74 79/79 80/80
f 74/74 80/80 75/75
f 1959/1959 1965/1965 1964/1964
f 1959/1959 1960/1960 1965/1965
f 71/71 1961/1961 76/76
f 71/71 1956/1956 1961/1961
f 75/75 80/80 1965/1965
f 75/75 1965/1965 1960/1960
f 76/76 81/81 82/82
f 76/76 82/82 77/77
f 1961/1961 1967/1967 1966/1966
f 1961/1961 1962/1962 1967/1967
f 77/77 82/82 83/83
f 77/77 83/83 78/78
f 1962/1962 1968/1968 1967/1967
f 1962/1962 1963/1963 1968/1968
f 78/78 83/83 84/84
f 78/78 84/84 79/79
f 1963/1963 1969/1969 1968/1968
f 1963/1963 1964/1964 1969/1969
f 79/79 84/84 85/85
f 79/79 85/85 80/80
f 1964/1964 1970/1970 1969/1969
f 1964/1964 1965/1965 1970/1970
f 76/76 1966/1966 81/81
f 76/76 1961/1961 1966/1966
f 80/80 85/85 1970/1970
f 80/80 1970/1970 1965/1965
f 81/81 86/86 87/87
f 81/81 87/87 82/82
f 1966/1966 1972/1972 1971/1971
f 1966/1966 1967/1967 1972/1972
f 82/82 87/87 88/88
f 82/82 88/88 83/83
f 1967/1967 1973/1973 1972/1972
f 1967/1967 1968/1968 1973/1973
f 83/83 88/88 89/89
f 83/83 89/89 84/84
f 1968/1968 1974/1974 1973/1973
f 1968/1968 1969/1969 1974/1974
f 84/84 89/89 90/90
f 84/84 90/90 85/85
f 1969/1969 1975/1975 1974/1974
f 1969/1969 1970/1970 1975/1975
f 81/81 1971/1971 86/86
f 81/81 1966/1966 1971/1971
f 85/85 90/90 1975/1975
f 85/85 1975/1975 1970/1970
f 86/86 91/91 92/92
f 86/86 92/92 87/87
f 1971/1971 1977/1977 1976/1976
f 1971/1971 1972/1972 1977/1977
f 87/87 92/92 93/93
f 87/87 93/93 88/88
f 1972/1972 1978/1978 1977/1977
f 1972/1972 1973/1973 1978/1978
f 88/88 93/93 94/94
f 88/88 94/94 89/89
f 1973/1973 1979/1979 1978/1978
f 1973/1973 1974/1974 1979/1979
f 89/89 94/94 95/95
f 89/89 95/95 90/90
f 1974/1974 1980/1980 1979/1979
f 1974/1974 1975/1975 1980/1980
f 86/86 1976/1976 91/91
f 86/86 1971/1971 1976/1976
f 90/90 95/95 1980/1980
f 90/90 1980/1980 1975/1975
f 91/91 96/96 97/97
f 91/91 97/97 92/92
f 1976/1976 1982/1982 1981/1981
f 1976/1976 1977/1977 1982/1982
f 92/92 97/97 98/98
f 92/92 98/98 93/93
f 1977/1977 1983/1983 1982/1982
f 1977/1977 1978/1978 1983/1983
f 93/93 98/98 99/99
f 93/93 99/99 94/94
f 1978/1978 1984/1984 1983/1983
f 1978/1978 1979/1979 1984/1984
f 94/94 99/99 100/100
f 94/94 100/100 95/95
f 1979/1979 1985/1985 1984/1984
f 1979/1979 1980/1980 1985/1985
f 91/91 1981/1981 96/96
f 91/91 1976/1976 1981/1981
f 95/95 100/100 1985/1985
f 95/95 1985/1985 1980/1980
f 96/96 101/101 102/102
f 96/96 102/102 97/97
f 1981/1981 1987/1987 1986/1986
f 1981/1981 1982/1982 1987/1987
f 97/97 102/102 103/103
f 97/97 103/103 98/98
f 1982/1982 1988/1988 1987/1987
f 1982/1982 1983/1983 1988/1988
f 98/98 103/103 104/104
f 98/98 104/104 99/99
f 1983/1983 1989/1989 1988/1988
f 1983/1983 1984/1984 1989/1989
f 99/99 104/104 105/105
f 99/99 105/105 100/100
f 1984/1984 1990/1990 1989/1989
f 1984/1984 1985/1985 1990/1990
f 96/96 1986/1986 101/101
f 96/96 1981/1981 1986/1986
f 100/100 105/105 1990/1990
f 100/100 1990/1990 1985/1985
f 101/101 106/106 107/107
f 101/101 107/107 102/102
f 1986/1986 1992/1992 1991/1991
f 1986/1986 1987/1987 1992/1992
f 102/102 107/107 108/108
f 102/102 108/108 103/103
f 1987/1987 1993/1993 1992/1992
f 1987/1987 1988/1988 1993/1993
f 103/103 108/108 109/109
f 103/103 109/109 104/104
f 1988/1988 1994/1994 1993/1993
f 1988/1988 1989/1989 1994/1994
f 104/104 109/109 110/110
f 104/104 110/110 105/105
f 1989/1989 1995/1995 1994/1994
f 1989/1989 1990/1990 1995/1995
f 101/101 1991/1991 106/106
f 101/101 1986/1986 1991/1991
f 105/105 110/110 1995/1995
f 105/105 1995/1995 1990/1990
f 106/106 111/111 112/112
f 106/106 112/112 107/107
f 1991/1991 1997/1997 1996/1996
f 1991/1991 1992/1992 1997/1997
f 107/107 112/112 113/113
f 107/107 113/113 108/108
f 1992/1992 1998/1998 1997/1997
f 1992/1992 1993/1993 1998/1998
f 108/108 113/113 114/114
f 108/108 114/114 109/109
f 1993/1993 1999/1999 1998/1998
f 1993/1993 1994/1994 1999/1999
f 109/109 114/114 115/115
f 109/109 115/115 110/110
f 1994/1994 2000/2000 1999/1999
f 1994/1994 1995/1995 2000/2000
f 106/106 1996/1996 111/111
f 106/106 1991/1991 1996/1996
f 110/110 115/115 2000/2000
f 110/110 2000/2000 1995/1995
f 111/111 116/116 117/117
f 111/111 117/117 112/112
f 1996/1996 2002/2002 2001/2001
f 1996/1996 1997/1997 2002/2002
f 112/112 117/117 118/118
f 112/112 118/118 113/113
f 1997/1997 2003/2003 2002/2002
f 1997/1997 1998/1998 2003/2003
f 113/113 118/118 119/119
f 113/113 119/119 114/114
f 1998/1998 2004/2004 2003/2003
f 1998/1998 1999/1999 2004/2004
f 114/114 119/119 120/120
f 114/114 120/120 115/115
f 1999/1999 2005/2005 2004/2004
f 1999/1999 2000/2000 2005/2005
f 111/111 2001/2001 116/116
f 111/111 1996/1996 2001/2001
f 115/115 120/120 2005/2005
f 115/115 2005/2005 2000/2000
f 116/116 121/121 122/122
f 116/116 122/122 117/117
f 2001/2001 2007/2007 2006/2006
f 2001/2001 2002/2002 2007/2007
f 117/117 122/122 123/123
f 117/117 123/123 118/118
f 2002/2002 2008/2008 2007/2007
f 2002/2002 2003/2003 2008/2008
f 118/118 123/123 124/124
f 118/118 124/124 119/119
f 2003/2003 2009/2009 2008/2008
f 2003/2003 2004/2004 2009/2009
f 119/119 124/124 125/125
f 119/119 125/125 120/120
f 2004/2004 2010/2010 2009/2009
f 2004/2004 2005/2005 2010/2010
f 116/116 2006/2006 121/121
f 116/116 2001/2001 2006/2006
f 120/120 125/125 2010/2010
f 120/120 2010/2010 2005/2005
f 121/121 126/126 127/127
f 121/121 127/127 122/122
f 2006/2006 2012/2012 2011/2011
f 2006/2006 2007/2007 2012/2012
f 122/122 127/127 128/128
f 122/122 128/128 123/123
f 2007/2007 2013/2013 2012/2012
f 2007/2007 2008/2008 2013/2013
f 123/123 128/128 129/129
f 123/123 129/129 124/124
f 2008/2008 2014/2014 2013/2013
f 2008/2008 2009/2009 2014/2014
f 124/124 129/129 130/130
f 124/124 130/130 125/125
f 2009/2009 2015/2015 2014/2014
f 2009/2009 2010/2010 2015/2015
f 121/121 2011/2011 126/126
f 121/121 2006/2006 2011/2011
f 125/125 130/130 2015/2015
f 125/125 2015/2015 2010/2010
f 126/126 131/131 132/132
f 126/126 132/132 127/127
f 2011/2011 2017/2017 2016/2016
f 2011/2011 2012/2012 2017/2017
f 127/127 132/132 133/133
f 127/127 133/133 128/128
f 2012/2012 2018/2018 2017/2017
f 2012/2012 2013/2013 2018/2018
f 128/128 133/133 134/134
f 128/128 134/134 129/129
f 2013/2013 2019/2019 2018/2018
f 2013/2013 2014/2014 2019/2019
f 129/129 134/134 135/135
f 129/129 135/135 130/130
f 2014/2014 2020/2020 2019/2019
f 2014/2014 2015/2015 2020/2020
f 126/126 2016/2016 131/131
f 126/126 2011/2011 2016/2016
f 130/130 135/135 2020/2020
f 130/130 2020/2020 2015/2015
f 131/131 136/136 137/137
f 131/131 137/137 132/132
f 2016/2016 2022/2022 2021/2021
f 2016/2016 2017/2017 2022/2022
f 132/132 137/137 138/138
f 132/132 138/138 133/133
f 2017/2017 2023/2023 2022/2022
f 2017/2017 2018/2018 2023/2023
f 133/133 138/138 139/139
f 133/133 139/139 134/134
f 2018/2018 2024/2024 2023/2023
f 2018/2018 2019/2019 2024/2024
f 134/134 139/139 140/140
f 134/134 140/140 135/135
f 2019/2019 2025/2025 2024/2024
f 2019/2019 2020/2020 2025/2025
f 131/131 2021/2021 136/136
f 131/131 2016/2016 2021/2021
f 135/135 140/140 2025/2025
f 135/135 2025/2025 2020/2020
f 136/136 141/141 142/142
f 136/136 142/142 137/137
f 2021/2021 2027/2027 2026/2026
f 2021/2021 2022/2022 2027/2027
f 137/137 142/142 143/143
f 137/137 143/143 138/138
f 2022/2022 2028/2028 2027/2027
f 2022/2022 2023/2023 2028/2028
f 138/138 143/143 144/144
f 138/138 144/144 139/139
f 2023/2023 2029/2029 2028/2028
f 2023/2023 2024/2024 2029/2029
f 139/139 144/144 145/145
f 139/139 145/145 140/140
f 2024/2024 2030/2030 2029/2029
f 2024/2024 2025/2025 2030/2030
f 136/136 2026/2026 141/141
f 136/136 2021/2021 2026/2026
f 140/140 145/145 2030/2030
f 140/140 2030/2030 2025/2025
f 141/141 146/146 147/147
f 141/141 147/147 142/142
f 2026/2026 2032/2032 2031/2031
f 2026/2026 2027/2027 2032/2032
f 142/142 147/147 148/148
f 142/142 148/148 143/143
f 2027/2027 2033/2033 2032/2032
f 2027/2027 2028/2028 2033/2033
f 143/143 148/148 149/149
f 143/143 149/149 144/144
f 2028/2028 2034/2034 2033/2033
f 2028/2028 2029/2029 2034/2034
f 144/144 149/149 150/150
f 144/144 150/150 145/145
f 2029/2029 2035/2035 2034/2034
f 2029/2029 2030/2030 2035/2035
f 141/141 2031/2031 146/146
f 141/141 2026/2026 2031/2031
f 145/145 150/150 2035/2035
f 145/145 2035/2035 2030/2030
f 146/146 151/151 152/152
f 146/146 152/152 147/147
f 2031/2031 2037/2037 2036/2036
f 2031/2031 2032/2032 2037/2037
f 147/147 152/152 153/153
f 147/147 153/153 148/148
f 2032/2032 2038/2038 2037/2037
f 2032/2032 2033/2033 2038/2038
f 148/148 153/153 154/154
f 148/148 154/154 149/149
f 2033/2033 2039/2039 2038/2038
f 2033/2033 2034/2034 2039/2039
f 149/149 154/154 155/155
f 149/149 155/155 150/150
f 2034/2034 2040/2040 2039/2039
f 2034/2034 2035/2035 2040/2040
f 146/146 2036/2036 151/151
f 146/146 2031/2031 2036/2036
f 150/150 155/155 2040/2040
f 150/150 2040/2040 2035/2035
f 151/151 156/156 157/157
f 151/151 157/157 152/152
f 2036/2036 2042/2042 2041/2041
f 2036/2036 2037/2037 2042/2042
f 152/152 157/157 158/158
f 152/152 158/158 153/153
f 2037/2037 2043/2043 2042/2042
f 2037/2037 2038/2038 2043/2043
f 153/153 158/158 159/159
f 153/153 159/159 154/154
f 2038/2038 2044/2044 2043/2043
f 2038/2038 2039/2039 2044/2044
f 154/154 159/159 160/160
f 154/154 160/160 155/155
f 2039/2039 2045/2045 2044/2044
f 2039/2039 2040/2040 2045/2045
f 151/151 2041/2041 156/156
f 151/151 2036/2036 2041/2041
f 155/155 160/160 2045/2045
f 155/155 2045/2045 2040/2040
f 156/156 161/161 162/162
f 156/156 162/162 157/157
f 2041/2041 2047/2047 2046/2046
f 2041/2041 2042/2042 2047/2047
f 157/157 162/162 163/163
f 157/157 163/163 158/158
f 2042/2042 2048/2048 2047/2047
f 2042/2042 2043/2043 2048/2048
f 158/158 163/163 164/164
f 158/158 164/164 159/159
f 2043/2043 2049/2049 2048/2048
f 2043/2043 2044/2044 2049/2049
f 159/159 164/164 165/165
f 159/159 165/165 160/160
f 2044/2044 2050/2050 2049/2049
f 2044/2044 2045/2045 2050/2050
f 156/156 2046/2046 161/161
f 156/156 2041/2041 2046/2046
f 160/160 165/165 2050/2050
f 160/160 2050/2050 2045/2045
f 161/161 166/166 167/167
f 161/161 167/167 162/162
f 2046/2046 2052/2052 2051/2051
f 2046/2046 2047/2047 2052/2052
f 162/162 167/167 168/168
f 162/162 168/168 163/163
f 2047/2047 2053/2053 2052/2052
f 2047/2047 2048/2048 2053/2053
f 163/163 168/168 169/169
f 163/163 169/169 164/164
f 2048/2048 2054/2054 2053/2053
f 2048/2048 2049/2049 2054/2054
f 164/164 169/169 170/170
f 164/164 170/170 165/165
f 2049/2049 2055/2055 2054/2054
f 2049/2049 2050/2050 2055/2055
f 161/161 2051/2051 166/166
f 161/161 2046/2046 2051/2051
f 165/165 170/170 2055/2055
f 165/165 2055/2055 2050/2050
f 166/166 171/171 172/172
f 166/166 172/172 167/167
f 2051/2051 2057/2057 2056/2056
f 2051/2051 2052/2052 2057/2057
f 167/167 172/172 173/173
f 167/167 173/173 168/168
f 2052/2052 2058/2058 2057/2057
f 2052/2052 2053/2053 2058/2058
f 168/168 173/173 174/174
f 168/168 174/174 169/169
f 2053/2053 2059/2059 2058/2058
f 2053/2053 2054/2054 2059/2059
f 169/169 174/174 175/175
f 169/169 175/175 170/170
f 2054/2054 2060/2060 2059/2059
f 2054/2054 2055/2055 2060/2060
f 166/166 2056/2056 171/171
f 166/166 2051/2051 2056/2056
f 170/170 175/175 2060/2060
f 170/170 2060/2060 2055/2055
f 171/171 176/176 177/177
f 171/171 177/177 172/172
f 2056/2056 2062/2062 2061/2061
f 2056/2056 2057/2057 2062/2062
f 172/172 177/177 178/178
f 172/172 178/178 173/173
f 2057/2057 2063/2063 2062/2062
f 2057/2057 2058/2058 2063/2063
f 173/173 178/178 179/179
f 173/173 179/179 174/174
f 2058/2058 2064/2064 2063/2063
f 2058/2058 2059/2059 2064/2064
f 174/174 179/179 180/180
f 174/174 180/180 175/175
f 2059/2059 2065/2065 2064/2064
f 2059/2059 2060/2060 2065/2065
f 171/171 2061/2061 176/176
f 171/171 2056/2056 2061/2061
f 175/175 180/180 2065/2065
f 175/175 2065/2065 2060/2060
f 176/176 181/181 182/182
f 176/176 182/182 177/177
f 2061/2061 2067/2067 2066/2066
f 2061/2061 2062/2062 2067/2067
f 177/177 182/182 183/183
f 177/177 183/183 178/178
f 2062/2062 2068/2068 2067/2067
f 2062/2062 2063/2063 2068/2068
f 178/178 183/183 184/184
f 178/178 184/184 179/179
f 2063/2063 2069/2069 2068/2068
f 2063/2063 2064/2064 2069/2069
f 179/179 184/184 185/185
f 179/179 185/185 180/180
f 2064/2064 2070/2070 2069/2069
f 2064/2064 2065/2065 2070/2070
f 176/176 2066/2066 181/181
f 176/176 2061/2061 2066/2066
f 180/180 185/185 2070/2070
f 180/180 2070/2070 2065/2065
f 181/181 186/186 187/187
f 181/181 187/187 182/182
f 2066/2066 2072/2072 2071/2071
f 2066/2066 2067/2067 2072/2072
f 182/182 187/187 188/188
f 182/182 188/188 183/183
f 2067/2067 2073/2073 2072/2072
f 2067/2067 2068/2068 2073/2073
f 183/183 188/188 189/189
f 183/183 189/189 184/184
f 2068/2068 2074/2074 2073/2073
f 2068/2068 2069/2069 2074/2074
f 184/184 189/189 190/190
f 184/184 190/190 185/185
f 2069/2069 2075/2075 2074/2074
f 2069/2069 2070/2070 2075/2075
f 181/181 2071/2071 186/186
f 181/181 2066/2066 2071/2071
f 185/185 190/190 2075/2075
f 185/185 2075/2075 2070/2070
f 186/186 191/191 192/192
f 186/186 192/192 187/187
f 2071/2071 2077/2077 2076/2076
f 2071/2071 2072/2072 2077/2077
f 187/187 192/192 193/193
f 187/187 193/193 188/188
f 2072/2072 2078/2078 2077/2077
f 2072/2072 2073/2073 2078/2078
f 188/188 193/193 194/194
f 188/188 194/194 189/189
f 2073/2073 2079/2079 2078/2078
f 2073/2073 2074/2074 2079/2079
f 189/189 194/194 195/195
f 189/189 195/195 190/190
f 2074/2074 2080/2080 2079/2079
f 2074/2074 2075/2075 2080/2080
f 186/186 2076/2076 191/191
f 186/186 2071/2071 2076/2076
f 190/190 195/195 2080/2080
f 190/190 2080/2080 2075/2075
f 191/191 196/196 197/197
f 191/191 197/197 192/192
f 2076/2076 2082/2082 2081/2081
f 2076/2076 2077/2077 2082/2082
f 192/192 197/197 198/198
f 192/192 198/198 193/193
f 2077/2077 2083/2083 2082/2082
f 2077/2077 2078/2078 2083/2083
f 193/193 198/198 199/199
f 193/193 199/199 194/194
f 2078/2078 2084/2084 2083/2083
f 2078/2078 2079/2079 2084/2084
f 194/194 199/199 200/200
f 194/194 200/200 195/195
f 2079/2079 2085/2085 2084/2084
f 2079/2079 2080/2080 2085/2085
f 191/191 2081/2081 196/196
f 191/191 2076/2076 2081/2081
f 195/195 200/200 2085/2085
f 195/195 2085/2085 2080/2080
f 196/196 201/201 202/202
f 196/196 202/202 197/197
f 2081/2081 2087/2087 2086/2086
f 2081/2081 2082/2082 2087/2087
f 197/197 202/202 203/203
f 197/197 203/203 198/198
f 2082/2082 2088/2088 2087/2087
f 2082/2082 2083/2083 2088/2088
f 198/198 203/203 204/204
f 198/198 204/204 199/199
f 2083/2083 2089/2089 2088/2088
f 2083/2083 2084/2084 2089/2089
f 199/199 204/204 205/205
f 199/199 205/205 200/200
f 2084/2084 2090/2090 2089/2089
f 2084/2084 2085/2085 2090/2090
f 196/196 2086/2086 201/201
f 196/196 2081/2081 2086/2086
f 200/200 205/205 2090/2090
f 200/200 2090/2090 2085/2085
f 201/201 206/206 207/207
f 201/201 207/207 202/202
f 2086/2086 2092/2092 2091/2091
f 2086/2086 2087/2087 2092/2092
f 202/202 207/207 208/208
f 202/202 208/208 203/203
f 2087/2087 2093/2093 2092/2092
f 2087/2087 2088/2088 2093/2093
f 203/203 208/208 209/209
f 203/203 209/209 204/204
f 2088/2088 2094/2094 2093/2093
f 2088/2088 2089/2089 2094/2094
f 204/204 209/209 210/210
f 204/204 210/210 205/205
f 2089/2089 2095/2095 2094/2094
f 2089/2089 2090/2090 2095/2095
f 201/201 2091/2091 206/206
f 201/201 2086/2086 2091/2091
f 205/205 210/210 2095/2095
f 205/205 2095/2095 2090/2090
f 206/206 211/211 212/212
f 206/206 212/212 207/207
f 2091/2091 2097/2097 2096/2096
f 2091/2091 2092/2092 2097/2097
f 207/207 212/212 213/213
f 207/207 213/213 208/208
f 2092/2092 2098/2098 2097/2097
f 2092/2092 2093/2093 2098/2098
f 208/208 213/213 214/214
f 208/208 214/214 209/209
f 2093/2093 2099/2099 2098/2098
f 2093/2093 2094/2094 2099/2099
f 209/209 214/214 215/215
f 209/209 215/215 210/210
f 2094/2094 2100/2100 2099/2099
f 2094/2094 2095/2095 2100/2100
f 206/206 2096/2096 211/211
f 206/206 2091/2091 2096/2096
f 210/210 215/215 2100/2100
f 210/210 2100/2100 2095/2095
f 211/211 216/216 217/217
f 211/211 217/217 212/212
f 2096/2096 2102/2102 2101/2101
f 2096/2096 2097/2097 2102/2102
f 212/212 217/217 218/218
f 212/212 218/218 213/213
f 2097/2097 2103/2103 2102/2102
f 2097/2097 2098/2098 2103/2103
f 213/213 218/218 219/219
f 213/213 219/219 214/214
f 2098/2098 2104/2104 2103/2103
f 2098/2098 2099/2099 2104/2104
f 214/214 219/219 220/220
f 214/214 220/220 215/215
f 2099/2099 2105/2105 2104/2104
f 2099/2099 2100/2100 2105/2105
f 211/211 2101/2101 216/216
f 211/211 2096/2096 2101/2101
f 215/215 220/220 2105/2105
f 215/215 2105/2105 2100/2100
f 216/216 221/221 222/222
f 216/216 222/222 217/217
f 2101/2101 2107/2107 2106/2106
f 2101/2101 2102/2102 2107/2107
f 217/217 222/222 223/223
f 217/217 223/223 218/218
f 2102/2102 2108/2108 2107/2107
f 2102/2102 2103/2103 2108/2108
f 218/218 223/223 224/224
f 218/218 224/224 219/219
f 2103/2103 2109/2109 2108/2108
f 2103/2103 2104/2104 2109/2109
f 219/219 224/224 225/225
f 219/219 225/225 220/220
f 2104/2104 2110/2110 2109/2109
f 2104/2104 2105/2105 2110/2110
f 216/216 2106/2106 221/221
f 216/216 2101/2101 2106/2106
f 220/220 225/225 2110/2110
f 220/220 2110/2110 2105/2105
f 221/221 226/226 227/227
f 221/221 227/227 222/222
f 2106/2106 2112/2112 2111/2111
f 2106/2106 2107/2107 2112/2112
f 222/222 227/227 228/228
f 222/222 228/228 223/223
f 2107/2107 2113/2113 2112/2112
f 2107/2107 2108/2108 2113/2113
f 223/223 228/228 229/229
f 223/223 229/229 224/224
f 2108/2108 2114/2114 2113/2113
f 2108/2108 2109/2109 2114/2114
f 224/224 229/229 230/230
f 224/224 230/230 225/225
f 2109/2109 2115/2115 2114/2114
f 2109/2109 2110/2110 2115/2115
f 221/221 2111/2111 226/226
f 221/221 2106/2106 2111/2111
f 225/225 230/230 2115/2115
f 225/225 2115/2115 2110/2110
f 226/226 231/231 232/232
f 226/226 232/232 227/227
f 2111/2111 2117/2117 2116/2116
f 2111/2111 2112/2112 2117/2117
f 227/227 232/232 233/233
f 227/227 233/233 228/228
f 2112/2112 2118/2118 2117/2117
f 2112/2112 2113/2113 2118/2118
f 228/228 233/233 234/234
f 228/228 234/234 229/229
f 2113/2113 2119/2119 2118/2118
f 2113/2113 2114/2114 2119/2119
f 229/229 234/234 235/235
f 229/229 235/235 230/230
f 2114/2114 2120/2120 2119/2119
f 2114/2114 2115/2115 2120/2120
f 226/226 2116/2116 231/231
f 226/226 2111/2111 2116/2116
f 230/230 235/235 2120/2120
f 230/230 2120/2120 2115/2115
f 231/231 236/236 237/237
f 231/231 237/237 232/232
f 2116/2116 2122/2122 2121/2121
f 2116/2116 2117/2117 2122/2122
f 232/232 237/237 238/238
f 232/232 238/238 233/233
f 2117/2117 2123/2123 2122/2122
f 2117/2117 2118/2118 2123/2123
f 233/233 238/238 239/239
f 233/233 239/239 234/234
f 2118/2118 2124/2124 2123/2123
f 2118/2118 2119/2119 2124/2124
f 234/234 239/239 240/240
f 234/234 240/240 235/235
f 2119/2119 2125/2125 2124/2124
f 2119/2119 2120/2120 2125/2125
f 231/231 2121/2121 236/236
f 231/231 2116/2116 2121/2121
f 235/235 240/240 2125/2125
f 235/235 2125/2125 2120/2120
f 236/236 241/241 242/242
f 236/236 242/242 237/237
f 2121/2121 2127/2127 2126/2126
f 2121/2121 2122/2122 2127/2127
f 237/237 242/242 243/243
f 237/237 243/243 238/238
f 2122/2122 2128/2128 2127/2127
f 2122/2122 2123/2123 2128/2128
f 238/238 243/243 244/244
f 238/238 244/244 239/239
f 2123/2123 2129/2129 2128/2128
f 2123/2123 2124/2124 2129/2129
f 239/239 244/244 245/245
f 239/239 245/245 240/240
f 2124/2124 2130/2130 2129/2129
f 2124/2124 2125/2125 2130/2130
f 236/236 2126/2126 241/241
f 236/236 2121/2121 2126/2126
f 240/240 245/245 2130/2130
f 240/240 2130/2130 2125/2125
f 241/241 246/246 247/247
f 241/241 247/247 242/242
f 2126/2126 2132/2132 2131/2131
f 2126/2126 2127/2127 2132/2132
f 242/242 247/247 248/248
f 242/242 248/248 243/243
f 2127/2127 2133/2133 2132/2132
f 2127/2127 2128/2128 2133/2133
f 243/243 248/248 249/249
f 243/243 249/249 244/244
f 2128/2128 2134/2134 2133/2133
f 2128/2128 2129/2129 2134/2134
f 244/244 249/249 250/250
f 244/244 250/250 245/245
f 2129/2129 2135/2135 2134/2134
f 2129/2129 2130/2130 2135/2135
f 241/241 2131/2131 246/246
f 241/241 2126/2126 2131/2131
f 245/245 250/250 2135/2135
f 245/245 2135/2135 2130/2130
f 246/246 251/251 252/252
f 246/246 252/252 247/247
f 2131/2131 2137/2137 2136/2136
f 2131/2131 2132/2132 2137/2137
f 247/247 252/252 253/253
f 247/247 253/253 248/248
f 2132/2132 2138/2138 2137/2137
f 2132/2132 2133/2133 2138/2138
f 248/248 253/253 254/254
f 248/248 254/254 249/249
f 2133/2133 2139/2139 2138/2138
f 2133/2133 2134/2134 2139/2139
f 249/249 254/254 255/255
f 249/249 255/255 250/250
f 2134/2134 2140/2140 2139/2139
f 2134/2134 2135/2135 2140/2140
f 246/246 2136/2136 251/251
f 246/246 2131/2131 2136/2136
f 250/250 255/255 2140/2140
f 250/250 2140/2140 2135/2135
f 251/251 256/256 257/257
f 251/251 257/257 252/252
f 2136/2136 2142/2142 2141/2141
f 2136/2136 2137/2137 2142/2142
f 252/252 257/257 258/258
f 252/252 258/258 253/253
f 2137/2137 2143/2143 2142/2142
f 2137/2137 2138/2138 2143/2143
f 253/253 258/258 259/259
f 253/253 259/259 254/254
f 2138/2138 2144/2144 2143/2143
f 2138/2138 2139/2139 2144/2144
f 254/254 259/259 260/260
f 254/254 260/260 255/255
f 2139/2139 2145/2145 2144/2144
f 2139/2139 2140/2140 2145/2145
f 251/251 2141/2141 256/256
f 251/251 2136/2136 2141/2141
f 255/255 260/260 2145/2145
f 255/255 2145/2145 2140/2140
f 256/256 261/261 262/262
f 256/256 262/262 257/257
f 2141/2141 2147/2147 2146/2146
f 2141/2141 2142/2142 2147/2147
f 257/257 262/262 263/263
f 257/257 263/263 258/258
f 2142/2142 2148/2148 2147/2147
f 2142/2142 2143/2143 2148/2148
f 258/258 263/263 264/264
f 258/258 264/264 259/259
f 2143/2143 2149/2149 2148/2148
f 2143/2143 2144/2144 2149/2149
f 259/259 264/264 265/265
f 259/259 265/265 260/260
f 2144/2144 2150/2150 2149/2149
f 2144/2144 2145/2145 2150/2150
f 256/256 2146/2146 261/261
f 256/256 2141/2141 2146/2146
f 260/260 265/265 2150/2150
f 260/260 2150/2150 2145/2145
f 261/261 266/266 267/267
f 261/261 267/267 262/262
f 2146/2146 2152/2152 2151/2151
f 2146/2146 2147/2147 2152/2152
f 262/262 267/267 268/268
f 262/262 268/268 263/263
f 2147/2147 2153/2153 2152/2152
f 2147/2147 2148/2148 2153/2153
f 263/263 268/268 269/269
f 263/263 269/269 264/264
f 2148/2148 2154/2154 2153/2153
f 2148/2148 2149/2149 2154/2154
f 264/264 269/269 270/270
f 264/264 270/270 265/265
f 2149/2149 2155/2155 2154/2154
f 2149/2149 2150/2150 2155/2155
f 261/261 2151/2151 266/266
f 261/261 2146/2146 2151/2151
f 265/265 270/270 2155/2155
f 265/265 2155/2155 2150/2150
f 266/266 271/271 272/272
f 266/266 272/272 267/267
f 2151/2151 2157/2157 2156/2156
f 2151/2151 2152/2152 2157/2157
f 267/267 272/272 273/273
f 267/267 273/273 268/268
f 2152/2152 2158/2158 2157/2157
f 2152/2152 2153/2153 2158/2158
f 268/268 273/273 274/274
f 268/268 274/274 269/269
f 2153/2153 2159/2159 2158/2158
f 2153/2153 2154/2154 2159/2159
f 269/269 274/274 275/275
f 269/269 275/275 270/270
f 2154/2154 2160/2160 2159/2159
f 2154/2154 2155/2155 2160/2160
f 266/266 2156/2156 271/271
f 266/266 2151/2151 2156/2156
f 270/270 275/275 2160/2160
f 270/270 2160/2160 2155/2155
f 271/271 276/276 277/277
f 271/271 277/277 272/272
f 2156/2156 2162/2162 2161/2161
f 2156/2156 2157/2157 2162/2162
f 272/272 277/277 278/278
f 272/272 278/278 273/273
f 2157/2157 2163/2163 2162/2162
f 2157/2157 2158/2158 2163/2163
f 273/273 278/278 279/279
f 273/273 279/279 274/274
f 2158/2158 2164/2164 2163/2163
f 2158/2158 2159/2159 2164/2164
f 274/274 279/279 280/280
f 274/274 280/280 275/275
f 2159/2159 2165/2165 2164/2164
f 2159/2159 2160/2160 2165/2165
f 271/271 2161/2161 276/276
f 271/271 2156/2156 2161/2161
f 275/275 280/280 2165/2165
f 275/275 2165/2165 2160/2160
f 276/276 281/281 282/282
f 276/276 282/282 277/277
f 2161/2161 2167/2167 2166/2166
f 2161/2161 2162/2162 2167/2167
f 277/277 282/282 283/283
f 277/277 283/283 278/278
f 2162/2162 2168/2168 2167/2167
f 2162/2162 2163/2163 2168/2168
f 278/278 283/283 284/284
f 278/278 284/284 279/279
f 2163/2163 2169/2169 2168/2168
f 2163/2163 2164/2164 2169/2169
f 279/279 284/284 285/285
f 279/279 285/285 280/280
f 2164/2164 2170/2170 2169/2169
f 2164/2164 2165/2165 2170/2170
f 276/276 2166/2166 281/281
f 276/276 2161/2161 2166/2166
f 280/280 285/285 2170/2170
f 280/280 2170/2170 2165/2165
f 281/281 286/286 287/287
f 281/281 287/287 282/282
f 2166/2166 2172/2172 2171/2171
f 2166/2166 2167/2167 2172/2172
f 282/282 287/287 288/288
f 282/282 288/288 283/283
f 2167/2167 2173/2173 2172/2172
f 2167/2167 2168/2168 2173/2173
f 283/283 288/288 289/289
f 283/283 289/289 284/284
f 2168/2168 2174/2174 2173/2173
f 2168/2168 2169/2169 2174/2174
f 284/284 289/289 290/290
f 284/284 290/290 285/285
f 2169/2169 2175/2175 2174/2174
f 2169/2169 2170/2170 2175/2175
f 281/281 2171/2171 286/286
f 281/281 2166/2166 2171/2171
f 285/285 290/290 2175/2175
f 285/285 2175/2175 2170/2170
f 286/286 291/291 292/292
f 286/286 292/292 287/287
f 2171/2171 2177/2177 2176/2176
f 2171/2171 2172/2172 2177/2177
f 287/287 292/292 293/293
f 287/287 293/293 288/288
f 2172/2172 2178/2178 2177/2177
f 2172/2172 2173/2173 2178/2178
f 288/288 293/293 294/294
f 288/288 294/294 289/289
f 2173/2173 2179/2179 2178/2178
f 2173/2173 2174/2174 2179/2179
f 289/289 294/294 295/295
f 289/289 295/295 290/290
f 2174/2174 2180/2180 2179/2179
f 2174/2174 2175/2175 2180/2180
f 286/286 2176/2176 291/291
f 286/286 2171/2171 2176/2176
f 290/290 295/295 2180/2180
f 290/290 2180/2180 2175/2175
f 291/291 296/296 297/297
f 291/291 297/297 292/292
f 2176/2176 2182/2182 2181/2181
f 2176/2176 2177/2177 2182/2182
f 292/292 297/297 298/298
f 292/292 298/298 293/293
f 2177/2177 2183/2183 2182/2182
f 2177/2177 2178/2178 2183/2183
f 293/293 298/298 299/299
f 293/293 299/299 294/294
f 2178/2178 2184/2184 2183/2183
f 2178/2178 2179/2179 2184/2184
f 294/294 299/299 300/300
f 294/294 300/300 295/295
f 2179/2179 2185/2185 2184/2184
f 2179/2179 2180/2180 2185/2185
f 291/291 2181/2181 296/296
f 291/291 2176/2176 2181/2181
f 295/295 300/300 2185/2185
f 295/295 2185/2185 2180/2180
f 296/296 301/301 302/302
f 296/296 302/302 297/297
f 2181/2181 2187/2187 2186/2186
f 2181/2181 2182/2182 2187/2187
f 297/297 302/302 303/303
f 297/297 303/303 298/298
f 2182/2182 2188/2188 2187/2187
f 2182/2182 2183/2183 2188/2188
f 298/298 303/303 304/304
f 298/298 304/304 299/299
f 2183/2183 2189/2189 2188/2188
f 2183/2183 2184/2184 2189/2189
f 299/299 304/304 305/305
f 299/299 305/305 300/300
f 2184/2184 2190/2190 2189/2189
f 2184/2184 2185/2185 2190/2190
f 296/296 2186/2186 301/301
f 296/296 2181/2181 2186/2186
f 300/300 305/305 2190/2190
f 300/300 2190/2190 2185/2185
f 301/301 306/306 307/307
f 301/301 307/307 302/302
f 2186/2186 2192/2192 2191/2191
f 2186/2186 2187/2187 2192/2192
f 302/302 307/307 308/308
f 302/302 308/308 303/303
f 2187/2187 2193/2193 2192/2192
f 2187/2187 2188/2188 2193/2193
f 303/303 308/308 309/309
f 303/303 309/309 304/304
f 2188/2188 2194/2194 2193/2193
f 2188/2188 2189/2189 2194/2194
f 304/304 309/309 310/310
f 304/304 310/310 305/305
f 2189/2189 2195/2195 2194/2194
f 2189/2189 2190/2190 2195/2195
f 301/301 2191/2191 306/306
f 301/301 2186/2186 2191/2191
f 305/305 310/310 2195/2195
f 305/305 2195/2195 2190/2190
f 306/306 311/311 312/312
f 306/306 312/312 307/307
f 2191/2191 2197/2197 2196/2196
f 2191/2191 2192/2192 2197/2197
f 307/307 312/312 313/313
f 307/307 313/313 308/308
f 2192/2192 2198/2198 2197/2197
f 2192/2192 2193/2193 2198/2198
f 308/308 313/313 314/314
f 308/308 314/314 309/309
f 2193/2193 2199/2199 2198/2198
f 2193/2193 2194/2194 2199/2199
f 309/309 314/314 315/315
f 309/309 315/315 310/310
f 2194/2194 2200/2200 2199/2199
f 2194/2194 2195/2195 2200/2200
f 306/306 2196/2196 311/311
f 306/306 2191/2191 2196/2196
f 310/310 315/315 2200/2200
f 310/310 2200/2200 2195/2195
f 311/311 316/316 317/317
f 311/311 317/317 312/312
f 2196/2196 2202/2202 2201/2201
f 2196/2196 2197/2197 2202/2202
f 312/312 317/317 318/318
f 312/312 318/318 313/313
f 2197/2197 2203/2203 2202/2202
f 2197/2197 2198/2198 2203/2203
f 313/313 318/318 319/319
f 313/313 319/319 314/314
f 2198/2198 2204/2204 2203/2203
f 2198/2198 2199/2199 2204/2204
f 314/314 319/319 320/320
f 314/314 320/320 315/315
f 2199/2199 2205/2205 2204/2204
f 2199/2199 2200/2200 2205/2205
f 311/311 2201/2201 316/316
f 311/311 2196/2196 2201/2201
f 315/315 320/320 2205/2205
f 315/315 2205/2205 2200/2200
f 316/316 321/321 322/322
f 316/316 322/322 317/317
f 2201/2201 2207/2207 2206/2206
f 2201/2201 2202/2202 2207/2207
f 317/317 322/322 323/323
f 317/317 323/323 318/318
f 2202/2202 2208/2208 2207/2207
f 2202/2202 2203/2203 2208/2208
f 318/318 323/323 324/324
f 318/318 324/324 319/319
f 2203/2203 2209/2209 2208/2208
f 2203/2203 2204/2204 2209/2209
f 319/319 324/324 325/325
f 319/319 325/325 320/320
f 2204/2204 2210/2210 2209/2209
f 2204/2204 2205/2205 2210/2210
f 316/316 2206/2206 321/321
f 316/316 2201/2201 2206/2206
f 320/320 325/325 2210/2210
f 320/320 2210/2210 2205/2205
f 321/321 326/326 327/327
f 321/321 327/327 322/322
f 2206/2206 2212/2212 2211/2211
f 2206/2206 2207/2207 2212/2212
f 322/322 327/327 328/328
f 322/322 328/328 323/323
f 2207/2207 2213/2213 2212/2212
f 2207/2207 2208/2208 2213/2213
f 323/323 328/328 329/329
f 323/323 329/329 324/324
f 2208/2208 2214/2214 2213/2213
f 2208/2208 2209/2209 2214/2214
f 324/324 329/329 330/330
f 324/324 330/330 325/325
f 2209/2209 2215/2215 2214/2214
f 2209/2209 2210/2210 2215/2215
f 321/321 2211/2211 326/326
f 321/321 2206/2206 2211/2211
f 325/325 330/330 2215/2215
f 325/325 2215/2215 2210/2210
f 326/326 331/331 332/332
f 326/326 332/332 327/327
f 2211/2211 2217/2217 2216/2216
f 2211/2211 2212/2212 2217/2217
f 327/327 332/332 333/333
f 327/327 333/333 328/328
f 2212/2212 2218/2218 2217/2217
f 2212/2212 2213/2213 2218/2218
f 328/328 333/333 334/334
f 328/328 334/334 329/329
f 2213/2213 2219/2219 2218/2218
f 2213/2213 2214/2214 2219/2219
f 329/329 334/334 335/335
f 329/329 335/335 330/330
f 2214/2214 2220/2220 2219/2219
f 2214/2214 2215/2215 2220/2220
f 326/326 2216/2216 331/331
f 326/326 2211/2211 2216/2216
f 330/330 335/335 2220/2220
f 330/330 2220/2220 2215/2215
f 331/331 336/336 337/337
f 331/331 337/337 332/332
f 2216/2216 2222/2222 2221/2221
f 2216/2216 2217/2217 2222/2222
f 332/332 337/337 338/338
f 332/332 338/338 333/333
f 2217/2217 2223/2223 2222/2222
f 2217/2217 2218/2218 2223/2223
f 333/333 338/338 339/339
f 333/333 339/339 334/334
f 2218/2218 2224/2224 2223/2223
f 2218/2218 2219/2219 2224/2224
f 334/334 339/339 340/340
f 334/334 340/340 335/335
f 2219/2219 2225/2225 2224/2224
f 2219/2219 2220/2220 2225/2225
f 331/331 2221/2221 336/336
f 331/331 2216/2216 2221/2221
f 335/335 340/340 2225/2225
f 335/335 2225/2225 2220/2220
f 336/336 341/341 342/342
f 336/336 342/342 337/337
f 2221/2221 2227/2227 2226/2226
f 2221/2221 2222/2222 2227/2227
f 337/337 342/342 343/343
f 337/337 343/343 338/338
f 2222/2222 2228/2228 2227/2227
f 2222/2222 2223/2223 2228/2228
f 338/338 343/343 344/344
f 338/338 344/344 339/339
f 2223/2223 2229/2229 2228/2228
f 2223/2223 2224/2224 2229/2229
f 339/339 344/344 345/345
f 339/339 345/345 340/340
f 2224/2224 2230/2230 2229/2229
f 2224/2224 2225/2225 2230/2230
f 336/336 2226/2226 341/341
f 336/336 2221/2221 2226/2226
f 340/340 345/345 2230/2230
f 340/340 2230/2230 2225/2225
f 341/341 346/346 347/347
f 341/341 347/347 342/342
f 2226/2226 2232/2232 2231/2231
f 2226/2226 2227/2227 2232/2232
f 342/342 347/347 348/348
f 342/342 348/348 343/343
f 2227/2227 2233/2233 2232/2232
f 2227/2227 2228/2228 2233/2233
f 343/343 348/348 349/349
f 343/343 349/349 344/344
f 2228/2228 2234/2234 2233/2233
f 2228/2228 2229/2229 2234/2234
f 344/344 349/349 350/350
f 344/344 350/350 345/345
f 2229/2229 2235/2235 2234/2234
f 2229/2229 2230/2230 2235/2235
f 341/341 2231/2231 346/346
f 341/341 2226/2226 2231/2231
f 345/345 350/350 2235/2235
f 345/345 2235/2235 2230/2230
f 346/346 351/351 352/352
f 346/346 352/352 347/347
f 2231/2231 2237/2237 2236/2236
f 2231/2231 2232/2232 2237/2237
f 347/347 352/352 353/353
f 347/347 353/353 348/348
f 2232/2232 2238/2238 2237/2237
f 2232/2232 2233/2233 2238/2238
f 348/348 353/353 354/354
f 348/348 354/354 349/349
f 2233/2233 2239/2239 2238/2238
f 2233/2233 2234/2234 2239/2239
f 349/349 354/354 355/355
f 349/349 355/355 350/350
f 2234/2234 2240/2240 2239/2239
f 2234/2234 2235/2235 2240/2240
f 346/346 2236/2236 351/351
f 346/346 2231/2231 2236/2236
f 350/350 355/355 2240/2240
f 350/350 2240/2240 2235/2235
f 351/351 356/356 357/357
f 351/351 357/357 352/352
f 2236/2236 2242/2242 2241/2241
f 2236/2236 2237/2237 2242/2242
f 352/352 357/357 358/358
f 352/352 358/358 353/353
f 2237/2237 2243/2243 2242/2242
f 2237/2237 2238/2238 2243/2243
f 353/353 358/358 359/359
f 353/353 359/359 354/354
f 2238/2238 2244/2244 2243/2243
f 2238/2238 2239/2239 2244/2244
f 354/354 359/359 360/360
f 354/354 360/360 355/355
f 2239/2239 2245/2245 2244/2244
f 2239/2239 2240/2240 2245/2245
f 351/351 2241/2241 356/356
f 351/351 2236/2236 2241/2241
f 355/355 360/360 2245/2245
f 355/355 2245/2245 2240/2240
f 356/356 361/361 362/362
f 356/356 362/362 357/357
f 2241/2241 2247/2247 2246/2246
f 2241/2241 2242/2242 2247/2247
f 357/357 362/362 363/363
f 357/357 363/363 358/358
f 2242/2242 2248/2248 2247/2247
f 2242/2242 2243/2243 2248/2248
f 358/358 363/363 364/364
f 358/358 364/364 359/359
f 2243/2243 2249/2249 2248/2248
f 2243/2243 2244/2244 2249/2249
f 359/359 364/364 365/365
f 359/359 365/365 360/360
f 2244/2244 2250/2250 2249/2249
f 2244/2244 2245/2245 2250/2250
f 356/356 2246/2246 361/361
f 356/356 2241/2241 2246/2246
f 360/360 365/365 2250/2250
f 360/360 2250/2250 2245/2245
f 361/361 366/366 367/367
f 361/361 367/367 362/362
f 2246/2246 2252/2252 2251/2251
f 2246/2246 2247/2247 2252/2252
f 362/362 367/367 368/368
f 362/362 368/368 363/363
f 2247/2247 2253/2253 2252/2252
f 2247/2247 2248/2248 2253/2253
f 363/363 368/368 369/369
f 363/363 369/369 364/364
f 2248/2248 2254/2254 2253/2253
f 2248/2248 2249/2249 2254/2254
f 364/364 369/369 370/370
f 364/364 370/370 365/365
f 2249/2249 2255/2255 2254/2254
f 2249/2249 2250/2250 2255/2255
f 361/361 2251/2251 366/366
f 361/361 2246/2246 2251/2251
f 365/365 370/370 2255/2255
f 365/365 2255/2255 2250/2250
f 366/366 371/371 372/372
f 366/366 372/372 367/367
f 2251/2251 2257/2257 2256/2256
f 2251/2251 2252/2252 2257/2257
f 367/367 372/372 373/373
f 367/367 373/373 368/368
f 2252/2252 2258/2258 2257/2257
f 2252/2252 2253/2253 2258/2258
f 368/368 373/373 374/374
f 368/368 374/374 369/369
f 2253/2253 2259/2259 2258/2258
f 2253/2253 2254/2254 2259/2259
f 369/369 374/374 375/375
f 369/369 375/375 370/370
f 2254/2254 2260/2260 2259/2259
f 2254/2254 2255/2255 2260/2260
f 366/366 2256/2256 371/371
f 366/366 2251/2251 2256/2256
f 370/370 375/375 2260/2260
f 370/370 2260/2260 2255/2255
f 371/371 376/376 377/377
f 371/371 377/377 372/372
f 2256/2256 2262/2262 2261/2261
f 2256/2256 2257/2257 2262/2262
f 372/372 377/377 378/378
f 372/372 378/378 373/373
f 2257/2257 2263/2263 2262/2262
f 2257/2257 2258/2258 2263/2263
f 373/373 378/378 379/379
f 373/373 379/379 374/374
f 2258/2258 2264/2264 2263/2263
f 2258/2258 2259/2259 2264/2264
f 374/374 379/379 380/380
f 374/374 380/380 375/375
f 2259/2259 2265/2265 2264/2264
f 2259/2259 2260/2260 2265/2265
f 371/371 2261/2261 376/376
f 371/371 2256/2256 2261/2261
f 375/375 380/380 2265/2265
f 375/375 2265/2265 2260/2260
f 376/376 381/381 382/382
f 376/376 382/382 377/377
f 2261/2261 2267/2267 2266/2266
f 2261/2261 2262/2262 2267/2267
f 377/377 382/382 383/383
f 377/377 383/383 378/378
f 2262/2262 2268/2268 2267/2267
f 2262/2262 2263/2263 2268/2268
f 378/378 383/383 384/384
f 378/378 384/384 379/379
f 2263/2263 2269/2269 2268/2268
f 2263/2263 2264/2264 2269/2269
f 379/379 384/384 385/385
f 379/379 385/385 380/380
f 2264/2264 2270/2270 2269/2269
f 2264/2264 2265/2265 2270/2270
f 376/376 2266/2266 381/381
f 376/376 2261/2261 2266/2266
f 380/380 385/385 2270/2270
f 380/380 2270/2270 2265/2265
f 381/381 386/386 387/387
f 381/381 387/387 382/382
f 2266/2266 2272/2272 2271/2271
f 2266/2266 2267/2267 2272/2272
f 382/382 387/387 388/388
f 382/382 388/388 383/383
f 2267/2267 2273/2273 2272/2272
f 2267/2267 2268/2268 2273/2273
f 383/383 388/388 389/389
f 383/383 389/389 384/384
f 2268/2268 2274/2274 2273/2273
f 2268/2268 2269/2269 2274/2274
f 384/384 389/389 390/390
f 384/384 390/390 385/385
f 2269/2269 2275/2275 2274/2274
f 2269/2269 2270/2270 2275/2275
f 381/381 2271/2271 386/386
f 381/381 2266/2266 2271/2271
f 385/385 390/390 2275/2275
f 385/385 2275/2275 2270/2270
f 386/386 391/391 392/392
f 386/386 392/392 387/387
f 2271/2271 2277/2277 2276/2276
f 2271/2271 2272/2272 2277/2277
f 387/387 392/392 393/393
f 387/387 393/393 388/388
f 2272/2272 2278/2278 2277/2277
f 2272/2272 2273/2273 2278/2278
f 388/388 393/393 394/394
f 388/388 394/394 389/389
f 2273/2273 2279/2279 2278/2278
f 2273/2273 2274/2274 2279/2279
f 389/389 394/394 395/395
f 389/389 395/395 390/390
f 2274/2274 2280/2280 2279/2279
f 2274/2274 2275/2275 2280/2280
f 386/386 2276/2276 391/391
f 386/386 2271/2271 2276/2276
f 390/390 395/395 2280/2280
f 390/390 2280/2280 2275/2275
f 391/391 396/396 397/397
f 391/391 397/397 392/392
f 2276/2276 2282/2282 2281/2281
f 2276/2276 2277/2277 2282/2282
f 392/392 397/397 398/398
f 392/392 398/398 393/393
f 2277/2277 2283/2283 2282/2282
f 2277/2277 2278/2278 2283/2283
f 393/393 398/398 399/399
f 393/393 399/399 394/394
f 2278/2278 2284/2284 2283/2283
f 2278/2278 2279/2279 2284/2284
f 394/394 399/399 400/400
f 394/394 400/400 395/395
f 2279/2279 2285/2285 2284/2284
f 2279/2279 2280/2280 2285/2285
f 391/391 2281/2281 396/396
f 391/391 2276/2276 2281/2281
f 395/395 400/400 2285/2285
f 395/395 2285/2285 2280/2280
f 396/396 401/401 402/402
f 396/396 402/402 397/397
f 2281/2281 2287/2287 2286/2286
f 2281/2281 2282/2282 2287/2287
f 397/397 402/402 403/403
f 397/397 403/403 398/398
f 2282/2282 2288/2288 2287/2287
f 2282/2282 2283/2283 2288/2288
f 398/398 403/403 404/404
f 398/398 404/404 399/399
f 2283/2283 2289/2289 2288/2288
f 2283/2283 2284/2284 2289/2289
f 399/399 404/404 405/405
f 399/399 405/405 400/400
f 2284/2284 2290/2290 2289/2289
f 2284/2284 2285/2285 2290/2290
f 396/396 2286/2286 401/401
f 396/396 2281/2281 2286/2286
f 400/400 405/405 2290/2290
f 400/400 2290/2290 2285/2285
f 401/401 406/406 407/407
f 401/401 407/407 402/402
f 2286/2286 2292/2292 2291/2291
f 2286/2286 2287/2287 2292/2292
f 402/402 407/407 408/408
f 402/402 408/408 403/403
f 2287/2287 2293/2293 2292/2292
f 2287/2287 2288/2288 2293/2293
f 403/403 408/408 409/409
f 403/403 409/409 404/404
f 2288/2288 2294/2294 2293/2293
f 2288/2288 2289/2289 2294/2294
f 404/404 409/409 410/410
f 404/404 410/410 405/405
f 2289/2289 2295/2295 2294/2294
f 2289/2289 2290/2290 2295/2295
f 401/401 2291/2291 406/406
f 401/401 2286/2286 2291/2291
f 405/405 410/410 2295/2295
f 405/405 2295/2295 2290/2290
f 406/406 411/411 412/412
f 406/406 412/412 407/407
f 2291/2291 2297/2297 2296/2296
f 2291/2291 2292/2292 2297/2297
f 407/407 412/412 413/413
f 407/407 413/413 408/408
f 2292/2292 2298/2298 2297/2297
f 2292/2292 2293/2293 2298/2298
f 408/408 413/413 414/414
f 408/408 414/414 409/409
f 2293/2293 2299/2299 2298/2298
f 2293/2293 2294/2294 2299/2299
f 409/409 414/414 415/415
f 409/409 415/415 410/410
f 2294/2294 2300/2300 2299/2299
f 2294/2294 2295/2295 2300/2300
f 406/406 2296/2296 411/411
f 406/406 2291/2291 2296/2296
f 410/410 415/415 2300/2300
f 410/410 2300/2300 2295/2295
f 411/411 416/416 417/417
f 411/411 417/417 412/412
f 2296/2296 2302/2302 2301/2301
f 2296/2296 2297/2297 2302/2302
f 412/412 417/417 418/418
f 412/412 418/418 413/413
f 2297/2297 2303/2303 2302/2302
f 2297/2297 2298/2298 2303/2303
f 413/413 418/418 419/419
f 413/413 419/419 414/414
f 2298/2298 2304/2304 2303/2303
f 2298/2298 2299/2299 2304/2304
f 414/414 419/419 420/420
f 414/414 420/420 415/415
f 2299/2299 2305/2305 2304/2304
f 2299/2299 2300/2300 2305/2305
f 411/411 2301/2301 416/416
f 411/411 2296/2296 2301/2301
f 415/415 420/420 2305/2305
f 415/415 2305/2305 2300/2300
f 416/416 421/421 422/422
f 416/416 422/422 417/417
f 2301/2301 2307/2307 2306/2306
f 2301/2301 2302/2302 2307/2307
f 417/417 422/422 423/423
f 417/417 423/423 418/418
f 2302/2302 2308/2308 2307/2307
f 2302/2302 2303/2303 2308/2308
f 418/418 423/423 424/424
f 418/418 424/424 419/419
f 2303/2303 2309/2309 2308/2308
f 2303/2303 2304/2304 2309/2309
f 419/419 424/424 425/425
f 419/419 425/425 420/420
f 2304/2304 2310/2310 2309/2309
f 2304/2304 2305/2305 2310/2310
f 416/416 2306/2306 421/421
f 416/416 2301/2301 2306/2306
f 420/420 425/425 2310/2310
f 420/420 2310/2310 2305/2305
f 421/421 426/426 427/427
f 421/421 427/427 422/422
f 2306/2306 2312/2312 2311/2311
f 2306/2306 2307/2307 2312/2312
f 422/422 427/427 428/428
f 422/422 428/428 423/423
f 2307/2307 2313/2313 2312/2312
f 2307/2307 2308/2308 2313/2313
f 423/423 428/428 429/429
f 423/423 429/429 424/424
f 2308/2308 2314/2314 2313/2313
f 2308/2308 2309/2309 2314/2314
f 424/424 429/429 430/430
f 424/424 430/430 425/425
f 2309/2309 2315/2315 2314/2314
f 2309/2309 2310/2310 2315/2315
f 421/421 2311/2311 426/426
f 421/421 2306/2306 2311/2311
f 425/425 430/430 2315/2315
f 425/425 2315/2315 2310/2310
f 426/426 431/431 432/432
f 426/426 432/432 427/427
f 2311/2311 2317/2317 2316/2316
f 2311/2311 2312/2312 2317/2317
f 427/427 432/432 433/433
f 427/427 433/433 428/428
f 2312/2312 2318/2318 2317/2317
f 2312/2312 2313/2313 2318/2318
f 428/428 433/433 434/434
f 428/428 434/434 429/429
f 2313/2313 2319/2319 2318/2318
f 2313/2313 2314/2314 2319/2319
f 429/429 434/434 435/435
f 429/429 435/435 430/430
f 2314/2314 2320/2320 2319/2319
f 2314/2314 2315/2315 2320/2320
f 426/426 2316/2316 431/431
f 426/426 2311/2311 2316/2316
f 430/430 435/435 2320/2320
f 430/430 2320/2320 2315/2315
f 431/431 436/436 437/437
f 431/431 437/437 432/432
f 2316/2316 2322/2322 2321/2321
f 2316/2316 2317/2317 2322/2322
f 432/432 437/437 438/438
f 432/432 438/438 433/433
f 2317/2317 2323/2323 2322/2322
f 2317/2317 2318/2318 2323/2323
f 433/433 438/438 439/439
f 433/433 439/439 434/434
f 2318/2318 2324/2324 2323/2323
f 2318/2318 2319/2319 2324/2324
f 434/434 439/439 440/440
f 434/434 440/440 435/435
f 2319/2319 2325/2325 2324/2324
f 2319/2319 2320/2320 2325/2325
f 431/431 2321/2321 436/436
f 431/431 2316/2316 2321/2321
f 435/435 440/440 2325/2325
f 435/435 2325/2325 2320/2320
f 436/436 441/441 442/442
f 436/436 442/442 437/437
f 2321/2321 2327/2327 2326/2326
f 2321/2321 2322/2322 2327/2327
f 437/437 442/442 443/443
f 437/437 443/443 438/438
f 2322/2322 2328/2328 2327/2327
f 2322/2322 2323/2323 2328/2328
f 438/438 443/443 444/444
f 438/438 444/444 439/439
f 2323/2323 2329/2329 2328/2328
f 2323/2323 2324/2324 2329/2329
f 439/439 444/444 445/445
f 439/439 445/445 440/440
f 2324/2324 2330/2330 2329/2329
f 2324/2324 2325/2325 2330/2330
f 436/436 2326/2326 441/441
f 436/436 2321/2321 2326/2326
f 440/440 445/445 2330/2330
f 440/440 2330/2330 2325/2325
f 441/441 446/446 447/447
f 441/441 447/447 442/442
f 2326/2326 2332/2332 2331/2331
f 2326/2326 2327/2327 2332/2332
f 442/442 447/447 448/448
f 442/442 448/448 443/443
f 2327/2327 2333/2333 2332/2332
f 2327/2327 2328/2328 2333/2333
f 443/443 448/448 449/449
f 443/443 449/449 444/444
f 2328/2328 2334/2334 2333/2333
f 2328/2328 2329/2329 2334/2334
f 444/444 449/449 450/450
f 444/444 450/450 445/445
f 2329/2329 2335/2335 2334/2334
f 2329/2329 2330/2330 2335/2335
f 441/441 2331/2331 446/446
f 441/441 2326/2326 2331/2331
f 445/445 450/450 2335/2335
f 445/445 2335/2335 2330/2330
f 446/446 451/451 452/452
f 446/446 452/452 447/447
f 2331/2331 2337/2337 2336/2336
f 2331/2331 2332/2332 2337/2337
f 447/447 452/452 453/453
f 447/447 453/453 448/448
f 2332/2332 2338/2338 2337/2337
f 2332/2332 2333/2333 2338/2338
f 448/448 453/453 454/454
f 448/448 454/454 449/449
f 2333/2333 2339/2339 2338/2338
f 2333/2333 2334/2334 2339/2339
f 449/449 454/454 455/455
f 449/449 455/455 450/450
f 2334/2334 2340/2340 2339/2339
f 2334/2334 2335/2335 2340/2340
f 446/446 2336/2336 451/451
f 446/446 2331/2331 2336/2336
f 450/450 455/455 2340/2340
f 450/450 2340/2340 2335/2335
f 451/451 456/456 457/457
f 451/451 457/457 452/452
f 2336/2336 2342/2342 2341/2341
f 2336/2336 2337/2337 2342/2342
f 452/452 457/457 458/458
f 452/452 458/458 453/453
f 2337/2337 2343/2343 2342/2342
f 2337/2337 2338/2338 2343/2343
f 453/453 458/458 459/459
f 453/453 459/459 454/454
f 2338/2338 2344/2344 2343/2343
f 2338/2338 2339/2339 2344/2344
f 454/454 459/459 460/460
f 454/454 460/460 455/455
f 2339/2339 2345/2345 2344/2344
f 2339/2339 2340/2340 2345/2345
f 451/451 2341/2341 456/456
f 451/451 2336/2336 2341/2341
f 455/455 460/460 2345/2345
f 455/455 2345/2345 2340/2340
f 456/456 461/461 462/462
f 456/456 462/462 457/457
f 2341/2341 2347/2347 2346/2346
f 2341/2341 2342/2342 2347/2347
f 457/457 462/462 463/463
f 457/457 463/463 458/458
f 2342/2342 2348/2348 2347/2347
f 2342/2342 2343/2343 2348/2348
f 458/458 463/463 464/464
f 458/458 464/464 459/459
f 2343/2343 2349/2349 2348/2348
f 2343/2343 2344/2344 2349/2349
f 459/459 464/464 465/465
f 459/459 465/465 460/460
f 2344/2344 2350/2350 2349/2349
f 2344/2344 2345/2345 2350/2350
f 456/456 2346/2346 461/461
f 456/456 2341/2341 2346/2346
f 460/460 465/465 2350/2350
f 460/460 2350/2350 2345/2345
f 461/461 466/466 467/467
f 461/461 467/467 462/462
f 2346/2346 2352/2352 2351/2351
f 2346/2346 2347/2347 2352/2352
f 462/462 467/467 468/468
f 462/462 468/468 463/463
f 2347/2347 2353/2353 2352/2352
f 2347/2347 2348/2348 2353/2353
f 463/463 468/468 469/469
f 463/463 469/469 464/464
f 2348/2348 2354/2354 2353/2353
f 2348/2348 2349/2349 2354/2354
f 464/464 469/469 470/470
f 464/464 470/470 465/465
f 2349/2349 2355/2355 2354/2354
f 2349/2349 2350/2350 2355/2355
f 461/461 2351/2351 466/466
f 461/461 2346/2346 2351/2351
f 465/465 470/470 2355/2355
f 465/465 2355/2355 2350/2350
f 466/466 471/471 472/472
f 466/466 472/472 467/467
f 2351/2351 2357/2357 2356/2356
f 2351/2351 2352/2352 2357/2357
f 467/467 472/472 473/473
f 467/467 473/473 468/468
f 2352/2352 2358/2358 2357/2357
f 2352/2352 2353/2353 2358/2358
f 468/468 473/473 474/474
f 468/468 474/474 469/469
f 2353/2353 2359/2359 2358/2358
f 2353/2353 2354/2354 2359/2359
f 469/469 474/474 475/475
f 469/469 475/475 470/470
f 2354/2354 2360/2360 2359/2359
f 2354/2354 2355/2355 2360/2360
f 466/466 2356/2356 471/471
f 466/466 2351/2351 2356/2356
f 470/470 475/475 2360/2360
f 470/470 2360/2360 2355/2355
f 471/471 476/476 477/477
f 471/471 477/477 472/472
f 2356/2356 2362/2362 2361/2361
f 2356/2356 2357/2357 2362/2362
f 472/472 477/477 478/478
f 472/472 478/478 473/473
f 2357/2357 2363/2363 2362/2362
f 2357/2357 2358/2358 2363/2363
f 473/473 478/478 479/479
f 473/473 479/479 474/474
f 2358/2358 2364/2364 2363/2363
f 2358/2358 2359/2359 2364/2364
f 474/474 479/479 480/480
f 474/474 480/480 475/475
f 2359/2359 2365/2365 2364/2364
f 2359/2359 2360/2360 2365/2365
f 471/471 2361/2361 476/476
f 471/471 2356/2356 2361/2361
f 475/475 480/480 2365/2365
f 475/475 2365/2365 2360/2360
f 476/476 481/481 482/482
f 476/476 482/482 477/477
f 2361/2361 2367/2367 2366/2366
f 2361/2361 2362/2362 2367/2367
f 477/477 482/482 483/483
f 477/477 483/483 478/478
f 2362/2362 2368/2368 2367/2367
f 2362/2362 2363/2363 2368/2368
f 478/478 483/483 484/484
f 478/478 484/484 479/479
f 2363/2363 2369/2369 2368/2368
f 2363/2363 2364/2364 2369/2369
f 479/479 484/484 485/485
f 479/479 485/485 480/480
f 2364/2364 2370/2370 2369/2369
f 2364/2364 2365/2365 2370/2370
f 476/476 2366/2366 481/481
f 476/476 2361/2361 2366/2366
f 480/480 485/485 2370/2370
f 480/480 2370/2370 2365/2365
f 481/481 486/486 487/487
f 481/481 487/487 482/482
f 2366/2366 2372/2372 2371/2371
f 2366/2366 2367/2367 2372/2372
f 482/482 487/487 488/488
f 482/482 488/488 483/483
f 2367/2367 2373/2373 2372/2372
f 2367/2367 2368/2368 2373/2373
f 483/483 488/488 489/489
f 483/483 489/489 484/484
f 2368/2368 2374/2374 2373/2373
f 2368/2368 2369/2369 2374/2374
f 484/484 489/489 490/490
f 484/484 490/490 485/485
f 2369/2369 2375/2375 2374/2374
f 2369/2369 2370/2370 2375/2375
f 481/481 2371/2371 486/486
f 481/481 2366/2366 2371/2371
f 485/485 490/490 2375/2375
f 485/485 2375/2375 2370/2370
f 486/486 491/491 492/492
f 486/486 492/492 487/487
f 2371/2371 2377/2377 2376/2376
f 2371/2371 2372/2372 2377/2377
f 487/487 492/492 493/493
f 487/487 493/493 488/488
f 2372/2372 2378/2378 2377/2377
f 2372/2372 2373/2373 2378/2378
f 488/488 493/493 494/494
f 488/488 494/494 489/489
f 2373/2373 2379/2379 2378/2378
f 2373/2373 2374/2374 2379/2379
f 489/489 494/494 495/495
f 489/489 495/495 490/490
f 2374/2374 2380/2380 2379/2379
f 2374/2374 2375/2375 2380/2380
f 486/486 2376/2376 491/491
f 486/486 2371/2371 2376/2376
f 490/490 495/495 2380/2380
f 490/490 2380/2380 2375/2375
f 491/491 496/496 497/497
f 491/491 497/497 492/492
f 2376/2376 2382/2382 2381/2381
f 2376/2376 2377/2377 2382/2382
f 492/492 497/497 498/498
f 492/492 498/498 493/493
f 2377/2377 2383/2383 2382/2382
f 2377/2377 2378/2378 2383/2383
f 493/493 498/498 499/499
f 493/493 499/499 494/494
f 2378/2378 2384/2384 2383/2383
f 2378/2378 2379/2379 2384/2384
f 494/494 499/499 500/500
f 494/494 500/500 495/495
f 2379/2379 2385/2385 2384/2384
f 2379/2379 2380/2380 2385/2385
f 491/491 2381/2381 496/496
f 491/491 2376/2376 2381/2381
f 495/495 500/500 2385/2385
f 495/495 2385/2385 2380/2380
f 496/496 501/501 502/502
f 496/496 502/502 497/497
f 2381/2381 2387/2387 2386/2386
f 2381/2381 2382/2382 2387/2387
f 497/497 502/502 503/503
f 497/497 503/503 498/498
f 2382/2382 2388/2388 2387/2387
f 2382/2382 2383/2383 2388/2388
f 498/498 503/503 504/504
f 498/498 504/504 499/499
f 2383/2383 2389/2389 2388/2388
f 2383/2383 2384/2384 2389/2389
f 499/499 504/504 505/505
f 499/499 505/505 500/500
f 2384/2384 2390/2390 2389/2389
f 2384/2384 2385/2385 2390/2390
f 496/496 2386/2386 501/501
f 496/496 2381/2381 2386/2386
f 500/500 505/505 2390/2390
f 500/500 2390/2390 2385/2385
f 501/501 506/506 507/507
f 501/501 507/507 502/502
f 2386/2386 2392/2392 2391/2391
f 2386/2386 2387/2387 2392/2392
f 502/502 507/507 508/508
f 502/502 508/508 503/503
f 2387/2387 2393/2393 2392/2392
f 2387/2387 2388/2388 2393/2393
f 503/503 508/508 509/509
f 503/503 509/509 504/504
f 2388/2388 2394/2394 2393/2393
f 2388/2388 2389/2389 2394/2394
f 504/504 509/509 510/510
f 504/504 510/510 505/505
f 2389/2389 2395/2395 2394/2394
f 2389/2389 2390/2390 2395/2395
f 501/501 2391/2391 506/506
f 501/501 2386/2386 2391/2391
f 505/505 510/510 2395/2395
f 505/505 2395/2395 2390/2390
f 506/506 511/511 512/512
f 506/506 512/512 507/507
f 2391/2391 2397/2397 2396/2396
f 2391/2391 2392/2392 2397/2397
f 507/507 512/512 513/513
f 507/507 513/513 508/508
f 2392/2392 2398/2398 2397/2397
f 2392/2392 2393/2393 2398/2398
f 508/508 513/513 514/514
f 508/508 514/514 509/509
f 2393/2393 2399/2399 2398/2398
f 2393/2393 2394/2394 2399/2399
f 509/509 514/514 515/515
f 509/509 515/515 510/510
f 2394/2394 2400/2400 2399/2399
f 2394/2394 2395/2395 2400/2400
f 506/506 2396/2396 511/511
f 506/506 2391/2391 2396/2396
f 510/510 515/515 2400/2400
f 510/510 2400/2400 2395/2395
f 511/511 516/516 517/517
f 511/511 517/517 512/512
f 2396/2396 2402/2402 2401/2401
f 2396/2396 2397/2397 2402/2402
f 512/512 517/517 518/518
f 512/512 518/518 513/513
f 2397/2397 2403/2403 2402/2402
f 2397/2397 2398/2398 2403/2403
f 513/513 518/518 519/519
f 513/513 519/519 514/514
f 2398/2398 2404/2404 2403/2403
f 2398/2398 2399/2399 2404/2404
f 514/514 519/519 520/520
f 514/514 520/520 515/515
f 2399/2399 2405/2405 2404/2404
f 2399/2399 2400/2400 2405/2405
f 511/511 2401/2401 516/516
f 511/511 2396/2396 2401/2401
f 515/515 520/520 2405/2405
f 515/515 2405/2405 2400/2400
f 516/516 521/521 522/522
f 516/516 522/522 517/517
f 2401/2401 2407/2407 2406/2406
f 2401/2401 2402/2402 2407/2407
f 517/517 522/522 523/523
f 517/517 523/523 518/518
f 2402/2402 2408/2408 2407/2407
f 2402/2402 2403/2403 2408/2408
f 518/518 523/523 524/524
f 518/518 524/524 519/519
f 2403/2403 2409/2409 2408/2408
f 2403/2403 2404/2404 2409/2409
f 519/519 524/524 525/525
f 519/519 525/525 520/520
f 2404/2404 2410/2410 2409/2409
f 2404/2404 2405/2405 2410/2410
f 516/516 2406/2406 521/521
f 516/516 2401/2401 2406/2406
f 520/520 525/525 2410/2410
f 520/520 2410/2410 2405/2405
f 521/521 526/526 527/527
f 521/521 527/527 522/522
f 2406/2406 2412/2412 2411/2411
f 2406/2406 2407/2407 2412/2412
f 522/522 527/527 528/528
f 522/522 528/528 523/523
f 2407/2407 2413/2413 2412/2412
f 2407/2407 2408/2408 2413/2413
f 523/523 528/528 529/529
f 523/523 529/529 524/524
f 2408/2408 2414/2414 2413/2413
f 2408/2408 2409/2409 2414/2414
f 524/524 529/529 530/530
f 524/524 530/530 525/525
f 2409/2409 2415/2415 2414/2414
f 2409/2409 2410/2410 2415/2415
f 521/521 2411/2411 526/526
f 521/521 2406/2406 2411/2411
f 525/525 530/530 2415/2415
f 525/525 2415/2415 2410/2410
f 526/526 531/531 532/532
f 526/526 532/532 527/527
f 2411/2411 2417/2417 2416/2416
f 2411/2411 2412/2412 2417/2417
f 527/527 532/532 533/533
f 527/527 533/533 528/528
f 2412/2412 2418/2418 2417/2417
f 2412/2412 2413/2413 2418/2418
f 528/528 533/533 534/534
f 528/528 534/534 529/529
f 2413/2413 2419/2419 2418/2418
f 2413/2413 2414/2414 2419/2419
f 529/529 534/534 535/535
f 529/529 535/535 530/530
f 2414/2414 2420/2420 2419/2419
f 2414/2414 2415/2415 2420/2420
f 526/526 2416/2416 531/531
f 526/526 2411/2411 2416/2416
f 530/530 535/535 2420/2420
f 530/530 2420/2420 2415/2415
f 531/531 536/536 537/537
f 531/531 537/537 532/532
f 2416/2416 2422/2422 2421/2421
f 2416/2416 2417/2417 2422/2422
f 532/532 537/537 538/538
f 532/532 538/538 533/533
f 2417/2417 2423/2423 2422/2422
f 2417/2417 2418/2418 2423/2423
f 533/533 538/538 539/539
f 533/533 539/539 534/534
f 2418/2418 2424/2424 2423/2423
f 2418/2418 2419/2419 2424/2424
f 534/534 539/539 540/540
f 534/534 540/540 535/535
f 2419/2419 2425/2425 2424/2424
f 2419/2419 2420/2420 2425/2425
f 531/531 2421/2421 536/536
f 531/531 2416/2416 2421/2421
f 535/535 540/540 2425/2425
f 535/535 2425/2425 2420/2420
f 536/536 541/541 542/542
f 536/536 542/542 537/537
f 2421/2421 2427/2427 2426/2426
f 2421/2421 2422/2422 2427/2427
f 537/537 542/542 543/543
f 537/537 543/543 538/538
f 2422/2422 2428/2428 2427/2427
f 2422/2422 2423/2423 2428/2428
f 538/538 543/543 544/544
f 538/538 544/544 539/539
f 2423/2423 2429/2429 2428/2428
f 2423/2423 2424/2424 2429/2429
f 539/539 544/544 545/545
f 539/539 545/545 540/540
f 2424/2424 2430/2430 2429/2429
f 2424/2424 2425/2425 2430/2430
f 536/536 2426/2426 541/541
f 536/536 2421/2421 2426/2426
f 540/540 545/545 2430/2430
f 540/540 2430/2430 2425/2425
f 541/541 546/546 547/547
f 541/541 547/547 542/542
f 2426/2426 2432/2432 2431/2431
f 2426/2426 2427/2427 2432/2432
f 542/542 547/547 548/548
f 542/542 548/548 543/543
f 2427/2427 2433/2433 2432/2432
f 2427/2427 2428/2428 2433/2433
f 543/543 548/548 549/549
f 543/543 549/549 544/544
f 2428/2428 2434/2434 2433/2433
f 2428/2428 2429/2429 2434/2434
f 544/544 549/549 550/550
f 544/544 550/550 545/545
f 2429/2429 2435/2435 2434/2434
f 2429/2429 2430/2430 2435/2435
f 541/541 2431/2431 546/546
f 541/541 2426/2426 2431/2431
f 545/545 550/550 2435/2435
f 545/545 2435/2435 2430/2430
f 546/546 551/551 552/552
f 546/546 552/552 547/547
f 2431/2431 2437/2437 2436/2436
f 2431/2431 2432/2432 2437/2437
f 547/547 552/552 553/553
f 547/547 553/553 548/548
f 2432/2432 2438/2438 2437/2437
f 2432/2432 2433/2433 2438/2438
f 548/548 553/553 554/554
f 548/548 554/554 549/549
f 2433/2433 2439/2439 2438/2438
f 2433/2433 2434/2434 2439/2439
f 549/549 554/554 555/555
f 549/549 555/555 550/550
f 2434/2434 2440/2440 2439/2439
f 2434/2434 2435/2435 2440/2440
f 546/546 2436/2436 551/551
f 546/546 2431/2431 2436/2436
f 550/550 555/555 2440/2440
f 550/550 2440/2440 2435/2435
f 551/551 556/556 557/557
f 551/551 557/557 552/552
f 2436/2436 2442/2442 2441/2441
f 2436/2436 2437/2437 2442/2442
f 552/552 557/557 558/558
f 552/552 558/558 553/553
f 2437/2437 2443/2443 2442/2442
f 2437/2437 2438/2438 2443/2443
f 553/553 558/558 559/559
f 553/553 559/559 554/554
f 2438/2438 2444/2444 2443/2443
f 2438/2438 2439/2439 2444/2444
f 554/554 559/559 560/560
f 554/554 560/560 555/555
f 2439/2439 2445/2445 2444/2444
f 2439/2439 2440/2440 2445/2445
f 551/551 2441/2441 556/556
f 551/551 2436/2436 2441/2441
f 555/555 560/560 2445/2445
f 555/555 2445/2445 2440/2440
f 556/556 561/561 562/562
f 556/556 562/562 557/557
f 2441/2441 2447/2447 2446/2446
f 2441/2441 2442/2442 2447/2447
f 557/557 562/562 563/563
f 557/557 563/563 558/558
f 2442/2442 2448/2448 2447/2447
f 2442/2442 2443/2443 2448/2448
f 558/558 563/563 564/564
f 558/558 564/564 559/559
f 2443/2443 2449/2449 2448/2448
f 2443/2443 2444/2444 2449/2449
f 559/559 564/564 565/565
f 559/559 565/565 560/560
f 2444/2444 2450/2450 2449/2449
f 2444/2444 2445/2445 2450/2450
f 556/556 2446/2446 561/561
f 556/556 2441/2441 2446/2446
f 560/560 565/565 2450/2450
f 560/560 2450/2450 2445/2445
f 561/561 566/566 567/567
f 561/561 567/567 562/562
f 2446/2446 2452/2452 2451/2451
f 2446/2446 2447/2447 2452/2452
f 562/562 567/567 568/568
f 562/562 568/568 563/563
f 2447/2447 2453/2453 2452/2452
f 2447/2447 2448/2448 2453/2453
f 563/563 568/568 569/569
f 563/563 569/569 564/564
f 2448/2448 2454/2454 2453/2453
f 2448/2448 2449/2449 2454/2454
f 564/564 569/569 570/570
f 564/564 570/570 565/565
f 2449/2449 2455/2455 2454/2454
f 2449/2449 2450/2450 2455/2455
f 561/561 2451/2451 566/566
f 561/561 2446/2446 2451/2451
f 565/565 570/570 2455/2455
f 565/565 2455/2455 2450/2450
f 566/566 571/571 572/572
f 566/566 572/572 567/567
f 2451/2451 2457/2457 2456/2456
f 2451/2451 2452/2452 2457/2457
f 567/567 572/572 573/573
f 567/567 573/573 568/568
f 2452/2452 2458/2458 2457/2457
f 2452/2452 2453/2453 2458/2458
f 568/568 573/573 574/574
f 568/568 574/574 569/569
f 2453/2453 2459/2459 2458/2458
f 2453/2453 2454/2454 2459/2459
f 569/569 574/574 575/575
f 569/569 575/575 570/570
f 2454/2454 2460/2460 2459/2459
f 2454/2454 2455/2455 2460/2460
f 566/566 2456/2456 571/571
f 566/566 2451/2451 2456/2456
f 570/570 575/575 2460/2460
f 570/570 2460/2460 2455/2455
f 571/571 576/576 577/577
f 571/571 577/577 572/572
f 2456/2456 2462/2462 2461/2461
f 2456/2456 2457/2457 2462/2462
f 572/572 577/577 578/578
f 572/572 578/578 573/573
f 2457/2457 2463/2463 2462/2462
f 2457/2457 2458/2458 2463/2463
f 573/573 578/578 579/579
f 573/573 579/579 574/574
f 2458/2458 2464/2464 2463/2463
f 2458/2458 2459/2459 2464/2464
f 574/574 579/579 580/580
f 574/574 580/580 575/575
f 2459/2459 2465/2465 2464/2464
f 2459/2459 2460/2460 2465/2465
f 571/571 2461/2461 576/576
f 571/571 2456/2456 2461/2461
f 575/575 580/580 2465/2465
f 575/575 2465/2465 2460/2460
f 576/576 581/581 582/582
f 576/576 582/582 577/577
f 2461/2461 2467/2467 2466/2466
f 2461/2461 2462/2462 2467/2467
f 577/577 582/582 583/583
f 577/577 583/583 578/578
f 2462/2462 2468/2468 2467/2467
f 2462/2462 2463/2463 2468/2468
f 578/578 583/583 584/584
f 578/578 584/584 579/579
f 2463/2463 2469/2469 2468/2468
f 2463/2463 2464/2464 2469/2469
f 579/579 584/584 585/585
f 579/579 585/585 580/580
f 2464/2464 2470/2470 2469/2469
f 2464/2464 2465/2465 2470/2470
f 576/576 2466/2466 581/581
f 576/576 2461/2461 2466/2466
f 580/580 585/585 2470/2470
f 580/580 2470/2470 2465/2465
f 581/581 586/586 587/587
f 581/581 587/587 582/582
f 2466/2466 2472/2472 2471/2471
f 2466/2466 2467/2467 2472/2472
f 582/582 587/587 588/588
f 582/582 588/588 583/583
f 2467/2467 2473/2473 2472/2472
f 2467/2467 2468/2468 2473/2473
f 583/583 588/588 589/589
f 583/583 589/589 584/584
f 2468/2468 2474/2474 2473/2473
f 2468/2468 2469/2469 2474/2474
f 584/584 589/589 590/590
f 584/584 590/590 585/585
f 2469/2469 2475/2475 2474/2474
f 2469/2469 2470/2470 2475/2475
f 581/581 2471/2471 586/586
f 581/581 2466/2466 2471/2471
f 585/585 590/590 2475/2475
f 585/585 2475/2475 2470/2470
f 586/586 591/591 592/592
f 586/586 592/592 587/587
f 2471/2471 2477/2477 2476/2476
f 2471/2471 2472/2472 2477/2477
f 587/587 592/592 593/593
f 587/587 593/593 588/588
f 2472/2472 2478/2478 2477/2477
f 2472/2472 2473/2473 2478/2478
f 588/588 593/593 594/594
f 588/588 594/594 589/589
f 2473/2473 2479/2479 2478/2478
f 2473/2473 2474/2474 2479/2479
f 589/589 594/594 595/595
f 589/589 595/595 590/590
f 2474/2474 2480/2480 2479/2479
f 2474/2474 2475/2475 2480/2480
f 586/586 2476/2476 591/591
f 586/586 2471/2471 2476/2476
f 590/590 595/595 2480/2480
f 590/590 2480/2480 2475/2475
f 591/591 596/596 597/597
f 591/591 597/597 592/592
f 2476/2476 2482/2482 2481/2481
f 2476/2476 2477/2477 2482/2482
f 592/592 597/597 598/598
f 592/592 598/598 593/593
f 2477/2477 2483/2483 2482/2482
f 2477/2477 2478/2478 2483/2483
f 593/593 598/598 599/599
f 593/593 599/599 594/594
f 2478/2478 2484/2484 2483/2483
f 2478/2478 2479/2479 2484/2484
f 594/594 599/599 600/600
f 594/594 600/600 595/595
f 2479/2479 2485/2485 2484/2484
f 2479/2479 2480/2480 2485/2485
f 591/591 2481/2481 596/596
f 591/591 2476/2476 2481/2481
f 595/595 600/600 2485/2485
f 595/595 2485/2485 2480/2480
f 596/596 601/601 602/602
f 596/596 602/602 597/597
f 2481/2481 2487/2487 2486/2486
f 2481/2481 2482/2482 2487/2487
f 597/597 602/602 603/603
f 597/597 603/603 598/598
f 2482/2482 2488/2488 2487/2487
f 2482/2482 2483/2483 2488/2488
f 598/598 603/603 604/604
f 598/598 604/604 599/599
f 2483/2483 2489/2489 2488/2488
f 2483/2483 2484/2484 2489/2489
f 599/599 604/604 605/605
f 599/599 605/605 600/600
f 2484/2484 2490/2490 2489/2489
f 2484/2484 2485/2485 2490/2490
f 596/596 2486/2486 601/601
f 596/596 2481/2481 2486/2486
f 600/600 605/605 2490/2490
f 600/600 2490/2490 2485/2485
f 601/601 606/606 607/607
f 601/601 607/607 602/602
f 2486/2486 2492/2492 2491/2491
f 2486/2486 2487/2487 2492/2492
f 602/602 607/607 608/608
f 602/602 608/608 603/603
f 2487/2487 2493/2493 2492/2492
f 2487/2487 2488/2488 2493/2493
f 603/603 608/608 609/609
f 603/603 609/609 604/604
f 2488/2488 2494/2494 2493/2493
f 2488/2488 2489/2489 2494/2494
f 604/604 609/609 610/610
f 604/604 610/610 605/605
f 2489/2489 2495/2495 2494/2494
f 2489/2489 2490/2490 2495/2495
f 601/601 2491/2491 606/606
f 601/601 2486/2486 2491/2491
f 605/605 610/610 2495/2495
f 605/605 2495/2495 2490/2490
f 606/606 611/611 612/612
f 606/606 612/612 607/607
f 2491/2491 2497/2497 2496/2496
f 2491/2491 2492/2492 2497/2497
f 607/607 612/612 613/613
f 607/607 613/613 608/608
f 2492/2492 2498/2498 2497/2497
f 2492/2492 2493/2493 2498/2498
f 608/608 613/613 614/614
f 608/608 614/614 609/609
f 2493/2493 2499/2499 2498/2498
f 2493/2493 2494/2494 2499/2499
f 609/609 614/614 615/615
f 609/609 615/615 610/610
f 2494/2494 2500/2500 2499/2499
f 2494/2494 2495/2495 2500/2500
f 606/606 2496/2496 611/611
f 606/606 2491/2491 2496/2496
f 610/610 615/615 2500/2500
f 610/610 2500/2500 2495/2495
f 611/611 616/616 617/617
f 611/611 617/617 612/612
f 2496/2496 2502/2502 2501/2501
f 2496/2496 2497/2497 2502/2502
f 612/612 617/617 618/618
f 612/612 618/618 613/613
f 2497/2497 2503/2503 2502/2502
f 2497/2497 2498/2498 2503/2503
f 613/613 618/618 619/619
f 613/613 619/619 614/614
f 2498/2498 2504/2504 2503/2503
f 2498/2498 2499/2499 2504/2504
f 614/614 619/619 620/620
f 614/614 620/620 615/615
f 2499/2499 2505/2505 2504/2504
f 2499/2499 2500/2500 2505/2505
f 611/611 2501/2501 616/616
f 611/611 2496/2496 2501/2501
f 615/615 620/620 2505/2505
f 615/615 2505/2505 2500/2500
f 616/616 621/621 622/622
f 616/616 622/622 617/617
f 2501/2501 2507/2507 2506/2506
f 2501/2501 2502/2502 2507/2507
f 617/617 622/622 623/623
f 617/617 623/623 618/618
f 2502/2502 2508/2508 2507/2507
f 2502/2502 2503/2503 2508/2508
f 618/618 623/623 624/624
f 618/618 624/624 619/619
f 2503/2503 2509/2509 2508/2508
f 2503/2503 2504/2504 2509/2509
f 619/619 624/624 625/625
f 619/619 625/625 620/620
f 2504/2504 2510/2510 2509/2509
f 2504/2504 2505/2505 2510/2510
f 616/616 2506/2506 621/621
f 616/616 2501/2501 2506/2506
f 620/620 625/625 2510/2510
f 620/620 2510/2510 2505/2505
f 621/621 626/626 627/627
f 621/621 627/627 622/622
f 2506/2506 2512/2512 2511/2511
f 2506/2506 2507/2507 2512/2512
f 622/622 627/627 628/628
f 622/622 628/628 623/623
f 2507/2507 2513/2513 2512/2512
f 2507/2507 2508/2508 2513/2513
f 623/623 628/628 629/629
f 623/623 629/629 624/624
f 2508/2508 2514/2514 2513/2513
f 2508/2508 2509/2509 2514/2514
f 624/624 629/629 630/630
f 624/624 630/630 625/625
f 2509/2509 2515/2515 2514/2514
f 2509/2509 2510/2510 2515/2515
f 621/621 2511/2511 626/626
f 621/621 2506/2506 2511/2511
f 625/625 630/630 2515/2515
f 625/625 2515/2515 2510/2510
f 626/626 631/631 632/632
f 626/626 632/632 627/627
f 2511/2511 2517/2517 2516/2516
f 2511/2511 2512/2512 2517/2517
f 627/627 632/632 633/633
f 627/627 633/633 628/628
f 2512/2512 2518/2518 2517/2517
f 2512/2512 2513/2513 2518/2518
f 628/628 633/633 634/634
f 628/628 634/634 629/629
f 2513/2513 2519/2519 2518/2518
f 2513/2513 2514/2514 2519/2519
f 629/629 634/634 635/635
f 629/629 635/635 630/630
f 2514/2514 2520/2520 2519/2519
f 2514/2514 2515/2515 2520/2520
f 626/626 2516/2516 631/631
f 626/626 2511/2511 2516/2516
f 630/630 635/635 2520/2520
f 630/630 2520/2520 2515/2515
f 631/631 636/636 637/637
f 631/631 637/637 632/632
f 2516/2516 2522/2522 2521/2521
f 2516/2516 2517/2517 2522/2522
f 632/632 637/637 638/638
f 632/632 638/638 633/633
f 2517/2517 2523/2523 2522/2522
f 2517/2517 2518/2518 2523/2523
f 633/633 638/638 639/639
f 633/633 639/639 634/634
f 2518/2518 2524/2524 2523/2523
f 2518/2518 2519/2519 2524/2524
f 634/634 639/639 640/640
f 634/634 640/640 635/635
f 2519/2519 2525/2525 2524/2524
f 2519/2519 2520/2520 2525/2525
f 631/631 2521/2521 636/636
f 631/631 2516/2516 2521/2521
f 635/635 640/640 2525/2525
f 635/635 2525/2525 2520/2520
f 636/636 641/641 642/642
f 636/636 642/642 637/637
f 2521/2521 2527/2527 2526/2526
f 2521/2521 2522/2522 2527/2527
f 637/637 642/642 643/643
f 637/637 643/643 638/638
f 2522/2522 2528/2528 2527/2527
f 2522/2522 2523/2523 2528/2528
f 638/638 643/643 644/644
f 638/638 644/644 639/639
f 2523/2523 2529/2529 2528/2528
f 2523/2523 2524/2524 2529/2529
f 639/639 644/644 645/645
f 639/639 645/645 640/640
f 2524/2524 2530/2530 2529/2529
f 2524/2524 2525/2525 2530/2530
f 636/636 2526/2526 641/641
f 636/636 2521/2521 2526/2526
f 640/640 645/645 2530/2530
f 640/640 2530/2530 2525/2525
f 641/641 646/646 647/647
f 641/641 647/647 642/642
f 2526/2526 2532/2532 2531/2531
f 2526/2526 2527/2527 2532/2532
f 642/642 647/647 648/648
f 642/642 648/648 643/643
f 2527/2527 2533/2533 2532/2532
f 2527/2527 2528/2528 2533/2533
f 643/643 648/648 649/649
f 643/643 649/649 644/644
f 2528/2528 2534/2534 2533/2533
f 2528/2528 2529/2529 2534/2534
f 644/644 649/649 650/650
f 644/644 650/650 645/645
f 2529/2529 2535/2535 2534/2534
f 2529/2529 2530/2530 2535/2535
f 641/641 2531/2531 646/646
f 641/641 2526/2526 2531/2531
f 645/645 650/650 2535/2535
f 645/645 2535/2535 2530/2530
f 646/646 651/651 652/652
f 646/646 652/652 647/647
f 2531/2531 2537/2537 2536/2536
f 2531/2531 2532/2532 2537/2537
f 647/647 652/652 653/653
f 647/647 653/653 648/648
f 2532/2532 2538/2538 2537/2537
f 2532/2532 2533/2533 2538/2538
f 648/648 653/653 654/654
f 648/648 654/654 649/649
f 2533/2533 2539/2539 2538/2538
f 2533/2533 2534/2534 2539/2539
f 649/649 654/654 655/655
f 649/649 655/655 650/650
f 2534/2534 2540/2540 2539/2539
f 2534/2534 2535/2535 2540/2540
f 646/646 2536/2536 651/651
f 646/646 2531/2531 2536/2536
f 650/650 655/655 2540/2540
f 650/650 2540/2540 2535/2535
f 651/651 656/656 657/657
f 651/651 657/657 652/652
f 2536/2536 2542/2542 2541/2541
f 2536/2536 2537/2537 2542/2542
f 652/652 657/657 658/658
f 652/652 658/658 653/653
f 2537/2537 2543/2543 2542/2542
f 2537/2537 2538/2538 2543/2543
f 653/653 658/658 659/659
f 653/653 659/659 654/654
f 2538/2538 2544/2544 2543/2543
f 2538/2538 2539/2539 2544/2544
f 654/654 659/659 660/660
f 654/654 660/660 655/655
f 2539/2539 2545/2545 2544/2544
f 2539/2539 2540/2540 2545/2545
f 651/651 2541/2541 656/656
f 651/651 2536/2536 2541/2541
f 655/655 660/660 2545/2545
f 655/655 2545/2545 2540/2540
f 656/656 661/661 662/662
f 656/656 662/662 657/657
f 2541/2541 2547/2547 2546/2546
f 2541/2541 2542/2542 2547/2547
f 657/657 662/662 663/663
f 657/657 663/663 658/658
f 2542/2542 2548/2548 2547/2547
f 2542/2542 2543/2543 2548/2548
f 658/658 663/663 664/664
f 658/658 664/664 659/659
f 2543/2543 2549/2549 2548/2548
f 2543/2543 2544/2544 2549/2549
f 659/659 664/664 665/665
f 659/659 665/665 660/660
f 2544/2544 2550/2550 2549/2549
f 2544/2544 2545/2545 2550/2550
f 656/656 2546/2546 661/661
f 656/656 2541/2541 2546/2546
f 660/660 665/665 2550/2550
f 660/660 2550/2550 2545/2545
f 661/661 666/666 667/667
f 661/661 667/667 662/662
f 2546/2546 2552/2552 2551/2551
f 2546/2546 2547/2547 2552/2552
f 662/662 667/667 668/668
f 662/662 668/668 663/663
f 2547/2547 2553/2553 2552/2552
f 2547/2547 2548/2548 2553/2553
f 663/663 668/668 669/669
f 663/663 669/669 664/664
f 2548/2548 2554/2554 2553/2553
f 2548/2548 2549/2549 2554/2554
f 664/664 669/669 670/670
f 664/664 670/670 665/665
f 2549/2549 2555/2555 2554/2554
f 2549/2549 2550/2550 2555/2555
f 661/661 2551/2551 666/666
f 661/661 2546/2546 2551/2551
f 665/665 670/670 2555/2555
f 665/665 2555/2555 2550/2550
f 666/666 671/671 672/672
f 666/666 672/672 667/667
f 2551/2551 2557/2557 2556/2556
f 2551/2551 2552/2552 2557/2557
f 667/667 672/672 673/673
f 667/667 673/673 668/668
f 2552/2552 2558/2558 2557/2557
f 2552/2552 2553/2553 2558/2558
f 668/668 673/673 674/674
f 668/668 674/674 669/669
f 2553/2553 2559/2559 2558/2558
f 2553/2553 2554/2554 2559/2559
f 669/669 674/674 675/675
f 669/669 675/675 670/670
f 2554/2554 2560/2560 2559/2559
f 2554/2554 2555/2555 2560/2560
f 666/666 2556/2556 671/671
f 666/666 2551/2551 2556/2556
f 670/670 675/675 2560/2560
f 670/670 2560/2560 2555/2555
f 671/671 676/676 677/677
f 671/671 677/677 672/672
f 2556/2556 2562/2562 2561/2561
f 2556/2556 2557/2557 2562/2562
f 672/672 677/677 678/678
f 672/672 678/678 673/673
f 2557/2557 2563/2563 2562/2562
f 2557/2557 2558/2558 2563/2563
f 673/673 678/678 679/679
f 673/673 679/679 674/674
f 2558/2558 2564/2564 2563/2563
f 2558/2558 2559/2559 2564/2564
f 674/674 679/679 680/680
f 674/674 680/680 675/675
f 2559/2559 2565/2565 2564/2564
f 2559/2559 2560/2560 2565/2565
f 671/671 2561/2561 676/676
f 671/671 2556/2556 2561/2561
f 675/675 680/680 2565/2565
f 675/675 2565/2565 2560/2560
f 676/676 681/681 682/682
f 676/676 682/682 677/677
f 2561/2561 2567/2567 2566/2566
f 2561/2561 2562/2562 2567/2567
f 677/677 682/682 683/683
f 677/677 683/683 678/678
f 2562/2562 2568/2568 2567/2567
f 2562/2562 2563/2563 2568/2568
f 678/678 683/683 684/684
f 678/678 684/684 679/679
f 2563/2563 2569/2569 2568/2568
f 2563/2563 2564/2564 2569/2569
f 679/679 684/684 685/685
f 679/679 685/685 680/680
f 2564/2564 2570/2570 2569/2569
f 2564/2564 2565/2565 2570/2570
f 676/676 2566/2566 681/681
f 676/676 2561/2561 2566/2566
f 680/680 685/685 2570/2570
f 680/680 2570/2570 2565/2565
f 681/681 686/686 687/687
f 681/681 687/687 682/682
f 2566/2566 2572/2572 2571/2571
f 2566/2566 2567/2567 2572/2572
f 682/682 687/687 688/688
f 682/682 688/688 683/683
f 2567/2567 2573/2573 2572/2572
f 2567/2567 2568/2568 2573/2573
f 683/683 688/688 689/689
f 683/683 689/689 684/684
f 2568/2568 2574/2574 2573/2573
f 2568/2568 2569/2569 2574/2574
f 684/684 689/689 690/690
f 684/684 690/690 685/685
f 2569/2569 2575/2575 2574/2574
f 2569/2569 2570/2570 2575/2575
f 681/681 2571/2571 686/686
f 681/681 2566/2566 2571/2571
f 685/685 690/690 2575/2575
f 685/685 2575/2575 2570/2570
f 686/686 691/691 692/692
f 686/686 692/692 687/687
f 2571/2571 2577/2577 2576/2576
f 2571/2571 2572/2572 2577/2577
f 687/687 692/692 693/693
f 687/687 693/693 688/688
f 2572/2572 2578/2578 2577/2577
f 2572/2572 2573/2573 2578/2578
f 688/688 693/693 694/694
f 688/688 694/694 689/689
f 2573/2573 2579/2579 2578/2578
f 2573/2573 2574/2574 2579/2579
f 689/689 694/694 695/695
f 689/689 695/695 690/690
f 2574/2574 2580/2580 2579/2579
f 2574/2574 2575/2575 2580/2580
f 686/686 2576/2576 691/691
f 686/686 2571/2571 2576/2576
f 690/690 695/695 2580/2580
f 690/690 2580/2580 2575/2575
f 691/691 696/696 697/697
f 691/691 697/697 692/692
f 2576/2576 2582/2582 2581/2581
f 2576/2576 2577/2577 2582/2582
f 692/692 697/697 698/698
f 692/692 698/698 693/693
f 2577/2577 2583/2583 2582/2582
f 2577/2577 2578/2578 2583/2583
f 693/693 698/698 699/699
f 693/693 699/699 694/694
f 2578/2578 2584/2584 2583/2583
f 2578/2578 2579/2579 2584/2584
f 694/694 699/699 700/700
f 694/694 700/700 695/695
f 2579/2579 2585/2585 2584/2584
f 2579/2579 2580/2580 2585/2585
f 691/691 2581/2581 696/696
f 691/691 2576/2576 2581/2581
f 695/695 700/700 2585/2585
f 695/695 2585/2585 2580/2580
f 696/696 701/701 702/702
f 696/696 702/702 697/697
f 2581/2581 2587/2587 2586/2586
f 2581/2581 2582/2582 2587/2587
f 697/697 702/702 703/703
f 697/697 703/703 698/698
f 2582/2582 2588/2588 2587/2587
f 2582/2582 2583/2583 2588/2588
f 698/698 703/703 704/704
f 698/698 704/704 699/699
f 2583/2583 2589/2589 2588/2588
f 2583/2583 2584/2584 2589/2589
f 699/699 704/704 705/705
f 699/699 705/705 700/700
f 2584/2584 2590/2590 2589/2589
f 2584/2584 2585/2585 2590/2590
f 696/696 2586/2586 701/701
f 696/696 2581/2581 2586/2586
f 700/700 705/705 2590/2590
f 700/700 2590/2590 2585/2585
f 701/701 706/706 707/707
f 701/701 707/707 702/702
f 2586/2586 2592/2592 2591/2591
f 2586/2586 2587/2587 2592/2592
f 702/702 707/707 708/708
f 702/702 708/708 703/703
f 2587/2587 2593/2593 2592/2592
f 2587/2587 2588/2588 2593/2593
f 703/703 708/708 709/709
f 703/703 709/709 704/704
f 2588/2588 2594/2594 2593/2593
f 2588/2588 2589/2589 2594/2594
f 704/704 709/709 710/710
f 704/704 710/710 705/705
f 2589/2589 2595/2595 2594/2594
f 2589/2589 2590/2590 2595/2595
f 701/701 2591/2591 706/706
f 701/701 2586/2586 2591/2591
f 705/705 710/710 2595/2595
f 705/705 2595/2595 2590/2590
f 706/706 711/711 712/712
f 706/706 712/712 707/707
f 2591/2591 2597/2597 2596/2596
f 2591/2591 2592/2592 2597/2597
f 707/707 712/712 713/713
f 707/707 713/713 708/708
f 2592/2592 2598/2598 2597/2597
f 2592/2592 2593/2593 2598/2598
f 708/708 713/713 714/714
f 708/708 714/714 709/709
f 2593/2593 2599/2599 2598/2598
f 2593/2593 2594/2594 2599/2599
f 709/709 714/714 715/715
f 709/709 715/715 710/710
f 2594/2594 2600/2600 2599/2599
f 2594/2594 2595/2595 2600/2600
f 706/706 2596/2596 711/711
f 706/706 2591/2591 2596/2596
f 710/710 715/715 2600/2600
f 710/710 2600/2600 2595/2595
f 711/711 716/716 717/717
f 711/711 717/717 712/712
f 2596/2596 2602/2602 2601/2601
f 2596/2596 2597/2597 2602/2602
f 712/712 717/717 718/718
f 712/712 718/718 713/713
f 2597/2597 2603/2603 2602/2602
f 2597/2597 2598/2598 2603/2603
f 713/713 718/718 719/719
f 713/713 719/719 714/714
f 2598/2598 2604/2604 2603/2603
f 2598/2598 2599/2599 2604/2604
f 714/714 719/719 720/720
f 714/714 720/720 715/715
f 2599/2599 2605/2605 2604/2604
f 2599/2599 2600/2600 2605/2605
f 711/711 2601/2601 716/716
f 711/711 2596/2596 2601/2601
f 715/715 720/720 2605/2605
f 715/715 2605/2605 2600/2600
f 716/716 721/721 722/722
f 716/716 722/722 717/717
f 2601/2601 2607/2607 2606/2606
f 2601/2601 2602/2602 2607/2607
f 717/717 722/722 723/723
f 717/717 723/723 718/718
f 2602/2602 2608/2608 2607/2607
f 2602/2602 2603/2603 2608/2608
f 718/718 723/723 724/724
f 718/718 724/724 719/719
f 2603/2603 2609/2609 2608/2608
f 2603/2603 2604/2604 2609/2609
f 719/719 724/724 725/725
f 719/719 725/725 720/720
f 2604/2604 2610/2610 2609/2609
f 2604/2604 2605/2605 2610/2610
f 716/716 2606/2606 721/721
f 716/716 2601/2601 2606/2606
f 720/720 725/725 2610/2610
f 720/720 2610/2610 2605/2605
f 721/721 726/726 727/727
f 721/721 727/727 722/722
f 2606/2606 2612/2612 2611/2611
f 2606/2606 2607/2607 2612/2612
f 722/722 727/727 728/728
f 722/722 728/728 723/723
f 2607/2607 2613/2613 2612/2612
f 2607/2607 2608/2608 2613/2613
f 723/723 728/728 729/729
f 723/723 729/729 724/724
f 2608/2608 2614/2614 2613/2613
f 2608/2608 2609/2609 2614/2614
f 724/724 729/729 730/730
f 724/724 730/730 725/725
f 2609/2609 2615/2615 2614/2614
f 2609/2609 2610/2610 2615/2615
f 721/721 2611/2611 726/726
f 721/721 2606/2606 2611/2611
f 725/725 730/730 2615/2615
f 725/725 2615/2615 2610/2610
f 726/726 731/731 732/732
f 726/726 732/732 727/727
f 2611/2611 2617/2617 2616/2616
f 2611/2611 2612/2612 2617/2617
f 727/727 732/732 733/733
f 727/727 733/733 728/728
f 2612/2612 2618/2618 2617/2617
f 2612/2612 2613/2613 2618/2618
f 728/728 733/733 734/734
f 728/728 734/734 729/729
f 2613/2613 2619/2619 2618/2618
f 2613/2613 2614/2614 2619/2619
f 729/729 734/734 735/735
f 729/729 735/735 730/730
f 2614/2614 2620/2620 2619/2619
f 2614/2614 2615/2615 2620/2620
f 726/726 2616/2616 731/731
f 726/726 2611/2611 2616/2616
f 730/730 735/735 2620/2620
f 730/730 2620/2620 2615/2615
f 731/731 736/736 737/737
f 731/731 737/737 732/732
f 2616/2616 2622/2622 2621/2621
f 2616/2616 2617/2617 2622/2622
f 732/732 737/737 738/738
f 732/732 738/738 733/733
f 2617/2617 2623/2623 2622/2622
f 2617/2617 2618/2618 2623/2623
f 733/733 738/738 739/739
f 733/733 739/739 734/734
f 2618/2618 2624/2624 2623/2623
f 2618/2618 2619/2619 2624/2624
f 734/734 739/739 740/740
f 734/734 740/740 735/735
f 2619/2619 2625/2625 2624/2624
f 2619/2619 2620/2620 2625/2625
f 731/731 2621/2621 736/736
f 731/731 2616/2616 2621/2621
f 735/735 740/740 2625/2625
f 735/735 2625/2625 2620/2620
f 736/736 741/741 742/742
f 736/736 742/742 737/737
f 2621/2621 2627/2627 2626/2626
f 2621/2621 2622/2622 2627/2627
f 737/737 742/742 743/743
f 737/737 743/743 738/738
f 2622/2622 2628/2628 2627/2627
f 2622/2622 2623/2623 2628/2628
f 738/738 743/743 744/744
f 738/738 744/744 739/739
f 2623/2623 2629/2629 2628/2628
f 2623/2623 2624/2624 2629/2629
f 739/739 744/744 745/745
f 739/739 745/745 740/740
f 2624/2624 2630/2630 2629/2629
f 2624/2624 2625/2625 2630/2630
f 736/736 2626/2626 741/741
f 736/736 2621/2621 2626/2626
f 740/740 745/745 2630/2630
f 740/740 2630/2630 2625/2625
f 741/741 746/746 747/747
f 741/741 747/747 742/742
f 2626/2626 2632/2632 2631/2631
f 2626/2626 2627/2627 2632/2632
f 742/742 747/747 748/748
f 742/742 748/748 743/743
f 2627/2627 2633/2633 2632/2632
f 2627/2627 2628/2628 2633/2633
f 743/743 748/748 749/749
f 743/743 749/749 744/744
f 2628/2628 2634/2634 2633/2633
f 2628/2628 2629/2629 2634/2634
f 744/744 749/749 750/750
f 744/744 750/750 745/745
f 2629/2629 2635/2635 2634/2634
f 2629/2629 2630/2630 2635/2635
f 741/741 2631/2631 746/746
f 741/741 2626/2626 2631/2631
f 745/745 750/750 2635/2635
f 745/745 2635/2635 2630/2630
f 746/746 751/751 752/752
f 746/746 752/752 747/747
f 2631/2631 2637/2637 2636/2636
f 2631/2631 2632/2632 2637/2637
f 747/747 752/752 753/753
f 747/747 753/753 748/748
f 2632/2632 2638/2638 2637/2637
f 2632/2632 2633/2633 2638/2638
f 748/748 753/753 754/754
f 748/748 754/754 749/749
f 2633/2633 2639/2639 2638/2638
f 2633/2633 2634/2634 2639/2639
f 749/749 754/754 755/755
f 749/749 755/755 750/750
f 2634/2634 2640/2640 2639/2639
f 2634/2634 2635/2635 2640/2640
f 746/746 2636/2636 751/751
f 746/746 2631/2631 2636/2636
f 750/750 755/755 2640/2640
f 750/750 2640/2640 2635/2635
f 751/751 756/756 757/757
f 751/751 757/757 752/752
f 2636/2636 2642/2642 2641/2641
f 2636/2636 2637/2637 2642/2642
f 752/752 757/757 758/758
f 752/752 758/758 753/753
f 2637/2637 2643/2643 2642/2642
f 2637/2637 2638/2638 2643/2643
f 753/753 758/758 759/759
f 753/753 759/759 754/754
f 2638/2638 2644/2644 2643/2643
f 2638/2638 2639/2639 2644/2644
f 754/754 759/759 760/760
f 754/754 760/760 755/755
f 2639/2639 2645/2645 2644/2644
f 2639/2639 2640/2640 2645/2645
f 751/751 2641/2641 756/756
f 751/751 2636/2636 2641/2641
f 755/755 760/760 2645/2645
f 755/755 2645/2645 2640/2640
f 756/756 761/761 762/762
f 756/756 762/762 757/757
f 2641/2641 2647/2647 2646/2646
f 2641/2641 2642/2642 2647/2647
f 757/757 762/762 763/763
f 757/757 763/763 758/758
f 2642/2642 2648/2648 2647/2647
f 2642/2642 2643/2643 2648/2648
f 758/758 763/763 764/764
f 758/758 764/764 759/759
f 2643/2643 2649/2649 2648/2648
f 2643/2643 2644/2644 2649/2649
f 759/759 764/764 765/765
f 759/759 765/765 760/760
f 2644/2644 2650/2650 2649/2649
f 2644/2644 2645/2645 2650/2650
f 756/756 2646/2646 761/761
f 756/756 2641/2641 2646/2646
f 760/760 765/765 2650/2650
f 760/760 2650/2650 2645/2645
f 761/761 766/766 767/767
f 761/761 767/767 762/762
f 2646/2646 2652/2652 2651/2651
f 2646/2646 2647/2647 2652/2652
f 762/762 767/767 768/768
f 762/762 768/768 763/763
f 2647/2647 2653/2653 2652/2652
f 2647/2647 2648/2648 2653/2653
f 763/763 768/768 769/769
f 763/763 769/769 764/764
f 2648/2648 2654/2654 2653/2653
f 2648/2648 2649/2649 2654/2654
f 764/764 769/769 770/770
f 764/764 770/770 765/765
f 2649/2649 2655/2655 2654/2654
f 2649/2649 2650/2650 2655/2655
f 761/761 2651/2651 766/766
f 761/761 2646/2646 2651/2651
f 765/765 770/770 2655/2655
f 765/765 2655/2655 2650/2650
f 766/766 771/771 772/772
f 766/766 772/772 767/767
f 2651/2651 2657/2657 2656/2656
f 2651/2651 2652/2652 2657/2657
f 767/767 772/772 773/773
f 767/767 773/773 768/768
f 2652/2652 2658/2658 2657/2657
f 2652/2652 2653/2653 2658/2658
f 768/768 773/773 774/774
f 768/768 774/774 769/769
f 2653/2653 2659/2659 2658/2658
f 2653/2653 2654/2654 2659/2659
f 769/769 774/774 775/775
f 769/769 775/775 770/770
f 2654/2654 2660/2660 2659/2659
f 2654/2654 2655/2655 2660/2660
f 766/766 2656/2656 771/771
f 766/766 2651/2651 2656/2656
f 770/770 775/775 2660/2660
f 770/770 2660/2660 2655/2655
f 771/771 776/776 777/777
f 771/771 777/777 772/772
f 2656/2656 2662/2662 2661/2661
f 2656/2656 2657/2657 2662/2662
f 772/772 777/777 778/778
f 772/772 778/778 773/773
f 2657/2657 2663/2663 2662/2662
f 2657/2657 2658/2658 2663/2663
f 773/773 778/778 779/779
f 773/773 779/779 774/774
f 2658/2658 2664/2664 2663/2663
f 2658/2658 2659/2659 2664/2664
f 774/774 779/779 780/780
f 774/774 780/780 775/775
f 2659/2659 2665/2665 2664/2664
f 2659/2659 2660/2660 2665/2665
f 771/771 2661/2661 776/776
f 771/771 2656/2656 2661/2661
f 775/775 780/780 2665/2665
f 775/775 2665/2665 2660/2660
f 776/776 781/781 782/782
f 776/776 782/782 777/777
f 2661/2661 2667/2667 2666/2666
f 2661/2661 2662/2662 2667/2667
f 777/777 782/782 783/783
f 777/777 783/783 778/778
f 2662/2662 2668/2668 2667/2667
f 2662/2662 2663/2663 2668/2668
f 778/778 783/783 784/784
f 778/778 784/784 779/779
f 2663/2663 2669/2669 2668/2668
f 2663/2663 2664/2664 2669/2669
f 779/779 784/784 785/785
f 779/779 785/785 780/780
f 2664/2664 2670/2670 2669/2669
f 2664/2664 2665/2665 2670/2670
f 776/776 2666/2666 781/781
f 776/776 2661/2661 2666/2666
f 780/780 785/785 2670/2670
f 780/780 2670/2670 2665/2665
f 781/781 786/786 787/787
f 781/781 787/787 782/782
f 2666/2666 2672/2672 2671/2671
f 2666/2666 2667/2667 2672/2672
f 782/782 787/787 788/788
f 782/782 788/788 783/783
f 2667/2667 2673/2673 2672/2672
f 2667/2667 2668/2668 2673/2673
f 783/783 788/788 789/789
f 783/783 789/789 784/784
f 2668/2668 2674/2674 2673/2673
f 2668/2668 2669/2669 2674/2674
f 784/784 789/789 790/790
f 784/784 790/790 785/785
f 2669/2669 2675/2675 2674/2674
f 2669/2669 2670/2670 2675/2675
f 781/781 2671/2671 786/786
f 781/781 2666/2666 2671/2671
f 785/785 790/790 2675/2675
f 785/785 2675/2675 2670/2670
f 786/786 791/791 792/792
f 786/786 792/792 787/787
f 2671/2671 2677/2677 2676/2676
f 2671/2671 2672/2672 2677/2677
f 787/787 792/792 793/793
f 787/787 793/793 788/788
f 2672/2672 2678/2678 2677/2677
f 2672/2672 2673/2673 2678/2678
f 788/788 793/793 794/794
f 788/788 794/794 789/789
f 2673/2673 2679/2679 2678/2678
f 2673/2673 2674/2674 2679/2679
f 789/789 794/794 795/795
f 789/789 795/795 790/790
f 2674/2674 2680/2680 2679/2679
f 2674/2674 2675/2675 2680/2680
f 786/786 2676/2676 791/791
f 786/786 2671/2671 2676/2676
f 790/790 795/795 2680/2680
f 790/790 2680/2680 2675/2675
f 791/791 796/796 797/797
f 791/791 797/797 792/792
f 2676/2676 2682/2682 2681/2681
f 2676/2676 2677/2677 2682/2682
f 792/792 797/797 798/798
f 792/792 798/798 793/793
f 2677/2677 2683/2683 2682/2682
f 2677/2677 2678/2678 2683/2683
f 793/793 798/798 799/799
f 793/793 799/799 794/794
f 2678/2678 2684/2684 2683/2683
f 2678/2678 2679/2679 2684/2684
f 794/794 799/799 800/800
f 794/794 800/800 795/795
f 2679/2679 2685/2685 2684/2684
f 2679/2679 2680/2680 2685/2685
f 791/791 2681/2681 796/796
f 791/791 2676/2676 2681/2681
f 795/795 800/800 2685/2685
f 795/795 2685/2685 2680/2680
f 796/796 801/801 802/802
f 796/796 802/802 797/797
f 2681/2681 2687/2687 2686/2686
f 2681/2681 2682/2682 2687/2687
f 797/797 802/802 803/803
f 797/797 803/803 798/798
f 2682/2682 2688/2688 2687/2687
f 2682/2682 2683/2683 2688/2688
f 798/798 803/803 804/804
f 798/798 804/804 799/799
f 2683/2683 2689/2689 2688/2688
f 2683/2683 2684/2684 2689/2689
f 799/799 804/804 805/805
f 799/799 805/805 800/800
f 2684/2684 2690/2690 2689/2689
f 2684/2684 2685/2685 2690/2690
f 796/796 2686/2686 801/801
f 796/796 2681/2681 2686/2686
f 800/800 805/805 2690/2690
f 800/800 2690/2690 2685/2685
f 801/801 806/806 807/807
f 801/801 807/807 802/802
f 2686/2686 2692/2692 2691/2691
f 2686/2686 2687/2687 2692/2692
f 802/802 807/807 808/808
f 802/802 808/808 803/803
f 2687/2687 2693/2693 2692/2692
f 2687/2687 2688/2688 2693/2693
f 803/803 808/808 809/809
f 803/803 809/809 804/804
f 2688/2688 2694/2694 2693/2693
f 2688/2688 2689/2689 2694/2694
f 804/804 809/809 810/810
f 804/804 810/810 805/805
f 2689/2689 2695/2695 2694/2694
f 2689/2689 2690/2690 2695/2695
f 801/801 2691/2691 806/806
f 801/801 2686/2686 2691/2691
f 805/805 810/810 2695/2695
f 805/805 2695/2695 2690/2690
f 806/806 811/811 812/812
f 806/806 812/812 807/807
f 2691/2691 2697/2697 2696/2696
f 2691/2691 2692/2692 2697/2697
f 807/807 812/812 813/813
f 807/807 813/813 808/808
f 2692/2692 2698/2698 2697/2697
f 2692/2692 2693/2693 2698/2698
f 808/808 813/813 814/814
f 808/808 814/814 809/809
f 2693/2693 2699/2699 2698/2698
f 2693/2693 2694/2694 2699/2699
f 809/809 814/814 815/815
f 809/809 815/815 810/810
f 2694/2694 2700/2700 2699/2699
f 2694/2694 2695/2695 2700/2700
f 806/806 2696/2696 811/811
f 806/806 2691/2691 2696/2696
f 810/810 815/815 2700/2700
f 810/810 2700/2700 2695/2695
f 811/811 816/816 817/817
f 811/811 817/817 812/812
f 2696/2696 2702/2702 2701/2701
f 2696/2696 2697/2697 2702/2702
f 812/812 817/817 818/818
f 812/812 818/818 813/813
f 2697/2697 2703/2703 2702/2702
f 2697/2697 2698/2698 2703/2703
f 813/813 818/818 819/819
f 813/813 819/819 814/814
f 2698/2698 2704/2704 2703/2703
f 2698/2698 2699/2699 2704/2704
f 814/814 819/819 820/820
f 814/814 820/820 815/815
f 2699/2699 2705/2705 2704/2704
f 2699/2699 2700/2700 2705/2705
f 811/811 2701/2701 816/816
f 811/811 2696/2696 2701/2701
f 815/815 820/820 2705/2705
f 815/815 2705/2705 2700/2700
f 816/816 821/821 822/822
f 816/816 822/822 817/817
f 2701/2701 2707/2707 2706/2706
f 2701/2701 2702/2702 2707/2707
f 817/817 822/822 823/823
f 817/817 823/823 818/818
f 2702/2702 2708/2708 2707/2707
f 2702/2702 2703/2703 2708/2708
f 818/818 823/823 824/824
f 818/818 824/824 819/819
f 2703/2703 2709/2709 2708/2708
f 2703/2703 2704/2704 2709/2709
f 819/819 824/824 825/825
f 819/819 825/825 820/820
f 2704/2704 2710/2710 2709/2709
f 2704/2704 2705/2705 2710/2710
f 816/816 2706/2706 821/821
f 816/816 2701/2701 2706/2706
f 820/820 825/825 2710/2710
f 820/820 2710/2710 2705/2705
f 821/821 826/826 827/827
f 821/821 827/827 822/822
f 2706/2706 2712/2712 2711/2711
f 2706/2706 2707/2707 2712/2712
f 822/822 827/827 828/828
f 822/822 828/828 823/823
f 2707/2707 2713/2713 2712/2712
f 2707/2707 2708/2708 2713/2713
f 823/823 828/828 829/829
f 823/823 829/829 824/824
f 2708/2708 2714/2714 2713/2713
f 2708/2708 2709/2709 2714/2714
f 824/824 829/829 830/830
f 824/824 830/830 825/825
f 2709/2709 2715/2715 2714/2714
f 2709/2709 2710/2710 2715/2715
f 821/821 2711/2711 826/826
f 821/821 2706/2706 2711/2711
f 825/825 830/830 2715/2715
f 825/825 2715/2715 2710/2710
f 826/826 831/831 832/832
f 826/826 832/832 827/827
f 2711/2711 2717/2717 2716/2716
f 2711/2711 2712/2712 2717/2717
f 827/827 832/832 833/833
f 827/827 833/833 828/828
f 2712/2712 2718/2718 2717/2717
f 2712/2712 2713/2713 2718/2718
f 828/828 833/833 834/834
f 828/828 834/834 829/829
f 2713/2713 2719/2719 2718/2718
f 2713/2713 2714/2714 2719/2719
f 829/829 834/834 835/835
f 829/829 835/835 830/830
f 2714/2714 2720/2720 2719/2719
f 2714/2714 2715/2715 2720/2720
f 826/826 2716/2716 831/831
f 826/826 2711/2711 2716/2716
f 830/830 835/835 2720/2720
f 830/830 2720/2720 2715/2715
f 831/831 836/836 837/837
f 831/831 837/837 832/832
f 2716/2716 2722/2722 2721/2721
f 2716/2716 2717/2717 2722/2722
f 832/832 837/837 838/838
f 832/832 838/838 833/833
f 2717/2717 2723/2723 2722/2722
f 2717/2717 2718/2718 2723/2723
f 833/833 838/838 839/839
f 833/833 839/839 834/834
f 2718/2718 2724/2724 2723/2723
f 2718/2718 2719/2719 2724/2724
f 834/834 839/839 840/840
f 834/834 840/840 835/835
f 2719/2719 2725/2725 2724/2724
f 2719/2719 2720/2720 2725/2725
f 831/831 2721/2721 836/836
f 831/831 2716/2716 2721/2721
f 835/835 840/840 2725/2725
f 835/835 2725/2725 2720/2720
f 836/836 841/841 842/842
f 836/836 842/842 837/837
f 2721/2721 2727/2727 2726/2726
f 2721/2721 2722/2722 2727/2727
f 837/837 842/842 843/843
f 837/837 843/843 838/838
f 2722/2722 2728/2728 2727/2727
f 2722/2722 2723/2723 2728/2728
f 838/838 843/843 844/844
f 838/838 844/844 839/839
f 2723/2723 2729/2729 2728/2728
f 2723/2723 2724/2724 2729/2729
f 839/839 844/844 845/845
f 839/839 845/845 840/840
f 2724/2724 2730/2730 2729/2729
f 2724/2724 2725/2725 2730/2730
f 836/836 2726/2726 841/841
f 836/836 2721/2721 2726/2726
f 840/840 845/845 2730/2730
f 840/840 2730/2730 2725/2725
f 841/841 846/846 847/847
f 841/841 847/847 842/842
f 2726/2726 2732/2732 2731/2731
f 2726/2726 2727/2727 2732/2732
f 842/842 847/847 848/848
f 842/842 848/848 843/843
f 2727/2727 2733/2733 2732/2732
f 2727/2727 2728/2728 2733/2733
f 843/843 848/848 849/849
f 843/843 849/849 844/844
f 2728/2728 2734/2734 2733/2733
f 2728/2728 2729/2729 2734/2734
f 844/844 849/849 850/850
f 844/844 850/850 845/845
f 2729/2729 2735/2735 2734/2734
f 2729/2729 2730/2730 2735/2735
f 841/841 2731/2731 846/846
f 841/841 2726/2726 2731/2731
f 845/845 850/850 2735/2735
f 845/845 2735/2735 2730/2730
f 846/846 851/851 852/852
f 846/846 852/852 847/847
f 2731/2731 2737/2737 2736/2736
f 2731/2731 2732/2732 2737/2737
f 847/847 852/852 853/853
f 847/847 853/853 848/848
f 2732/2732 2738/2738 2737/2737
f 2732/2732 2733/2733 2738/2738
f 848/848 853/853 854/854
f 848/848 854/854 849/849
f 2733/2733 2739/2739 2738/2738
f 2733/2733 2734/2734 2739/2739
f 849/849 854/854 855/855
f 849/849 855/855 850/850
f 2734/2734 2740/2740 2739/2739
f 2734/2734 2735/2735 2740/2740
f 846/846 2736/2736 851/851
f 846/846 2731/2731 2736/2736
f 850/850 855/855 2740/2740
f 850/850 2740/2740 2735/2735
f 851/851 856/856 857/857
f 851/851 857/857 852/852
f 2736/2736 2742/2742 2741/2741
f 2736/2736 2737/2737 2742/2742
f 852/852 857/857 858/858
f 852/852 858/858 853/853
f 2737/2737 2743/2743 2742/2742
f 2737/2737 2738/2738 2743/2743
f 853/853 858/858 859/859
f 853/853 859/859 854/854
f 2738/2738 2744/2744 2743/2743
f 2738/2738 2739/2739 2744/2744
f 854/854 859/859 860/860
f 854/854 860/860 855/855
f 2739/2739 2745/2745 2744/2744
f 2739/2739 2740/2740 2745/2745
f 851/851 2741/2741 856/856
f 851/851 2736/2736 2741/2741
f 855/855 860/860 2745/2745
f 855/855 2745/2745 2740/2740
f 856/856 861/861 862/862
f 856/856 862/862 857/857
f 2741/2741 2747/2747 2746/2746
f 2741/2741 2742/2742 2747/2747
f 857/857 862/862 863/863
f 857/857 863/863 858/858
f 2742/2742 2748/2748 2747/2747
f 2742/2742 2743/2743 2748/2748
f 858/858 863/863 864/864
f 858/858 864/864 859/859
f 2743/2743 2749/2749 2748/2748
f 2743/2743 2744/2744 2749/2749
f 859/859 864/864 865/865
f 859/859 865/865 860/860
f 2744/2744 2750/2750 2749/2749
f 2744/2744 2745/2745 2750/2750
f 856/856 2746/2746 861/861
f 856/856 2741/2741 2746/2746
f 860/860 865/865 2750/2750
f 860/860 2750/2750 2745/2745
f 861/861 866/866 867/867
f 861/861 867/867 862/862
f 2746/2746 2752/2752 2751/2751
f 2746/2746 2747/2747 2752/2752
f 862/862 867/867 868/868
f 862/862 868/868 863/863
f 2747/2747 2753/2753 2752/2752
f 2747/2747 2748/2748 2753/2753
f 863/863 868/868 869/869
f 863/863 869/869 864/864
f 2748/2748 2754/2754 2753/2753
f 2748/2748 2749/2749 2754/2754
f 864/864 869/869 870/870
f 864/864 870/870 865/865
f 2749/2749 2755/2755 2754/2754
f 2749/2749 2750/2750 2755/2755
f 861/861 2751/2751 866/866
f 861/861 2746/2746 2751/2751
f 865/865 870/870 2755/2755
f 865/865 2755/2755 2750/2750
f 866/866 871/871 872/872
f 866/866 872/872 867/867
f 2751/2751 2757/2757 2756/2756
f 2751/2751 2752/2752 2757/2757
f 867/867 872/872 873/873
f 867/867 873/873 868/868
f 2752/2752 2758/2758 2757/2757
f 2752/2752 2753/2753 2758/2758
f 868/868 873/873 874/874
f 868/868 874/874 869/869
f 2753/2753 2759/2759 2758/2758
f 2753/2753 2754/2754 2759/2759
f 869/869 874/874 875/875
f 869/869 875/875 870/870
f 2754/2754 2760/2760 2759/2759
f 2754/2754 2755/2755 2760/2760
f 866/866 2756/2756 871/871
f 866/866 2751/2751 2756/2756
f 870/870 875/875 2760/2760
f 870/870 2760/2760 2755/2755
f 871/871 876/876 877/877
f 871/871 877/877 872/872
f 2756/2756 2762/2762 2761/2761
f 2756/2756 2757/2757 2762/2762
f 872/872 877/877 878/878
f 872/872 878/878 873/873
f 2757/2757 2763/2763 2762/2762
f 2757/2757 2758/2758 2763/2763
f 873/873 878/878 879/879
f 873/873 879/879 874/874
f 2758/2758 2764/2764 2763/2763
f 2758/2758 2759/2759 2764/2764
f 874/874 879/879 880/880
f 874/874 880/880 875/875
f 2759/2759 2765/2765 2764/2764
f 2759/2759 2760/2760 2765/2765
f 871/871 2761/2761 876/876
f 871/871 2756/2756 2761/2761
f 875/875 880/880 2765/2765
f 875/875 2765/2765 2760/2760
f 876/876 881/881 882/882
f 876/876 882/882 877/877
f 2761/2761 2767/2767 2766/2766
f 2761/2761 2762/2762 2767/2767
f 877/877 882/882 883/883
f 877/877 883/883 878/878
f 2762/2762 2768/2768 2767/2767
f 2762/2762 2763/2763 2768/2768
f 878/878 883/883 884/884
f 878/878 884/884 879/879
f 2763/2763 2769/2769 2768/2768
f 2763/2763 2764/2764 2769/2769
f 879/879 884/884 885/885
f 879/879 885/885 880/880
f 2764/2764 2770/2770 2769/2769
f 2764/2764 2765/2765 2770/2770
f 876/876 2766/2766 881/881
f 876/876 2761/2761 2766/2766
f 880/880 885/885 2770/2770
f 880/880 2770/2770 2765/2765
f 881/881 886/886 887/887
f 881/881 887/887 882/882
f 2766/2766 2772/2772 2771/2771
f 2766/2766 2767/2767 2772/2772
f 882/882 887/887 888/888
f 882/882 888/888 883/883
f 2767/2767 2773/2773 2772/2772
f 2767/2767 2768/2768 2773/2773
f 883/883 888/888 889/889
f 883/883 889/889 884/884
f 2768/2768 2774/2774 2773/2773
f 2768/2768 2769/2769 2774/2774
f 884/884 889/889 890/890
f 884/884 890/890 885/885
f 2769/2769 2775/2775 2774/2774
f 2769/2769 2770/2770 2775/2775
f 881/881 2771/2771 886/886
f 881/881 2766/2766 2771/2771
f 885/885 890/890 2775/2775
f 885/885 2775/2775 2770/2770
f 886/886 891/891 892/892
f 886/886 892/892 887/887
f 2771/2771 2777/2777 2776/2776
f 2771/2771 2772/2772 2777/2777
f 887/887 892/892 893/893
f 887/887 893/893 888/888
f 2772/2772 2778/2778 2777/2777
f 2772/2772 2773/2773 2778/2778
f 888/888 893/893 894/894
f 888/888 894/894 889/889
f 2773/2773 2779/2779 2778/2778
f 2773/2773 2774/2774 2779/2779
f 889/889 894/894 895/895
f 889/889 895/895 890/890
f 2774/2774 2780/2780 2779/2779
f 2774/2774 2775/2775 2780/2780
f 886/886 2776/2776 891/891
f 886/886 2771/2771 2776/2776
f 890/890 895/895 2780/2780
f 890/890 2780/2780 2775/2775
f 891/891 896/896 897/897
f 891/891 897/897 892/892
f 2776/2776 2782/2782 2781/2781
f 2776/2776 2777/2777 2782/2782
f 892/892 897/897 898/898
f 892/892 898/898 893/893
f 2777/2777 2783/2783 2782/2782
f 2777/2777 2778/2778 2783/2783
f 893/893 898/898 899/899
f 893/893 899/899 894/894
f 2778/2778 2784/2784 2783/2783
f 2778/2778 2779/2779 2784/2784
f 894/894 899/899 900/900
f 894/894 900/900 895/895
f 2779/2779 2785/2785 2784/2784
f 2779/2779 2780/2780 2785/2785
f 891/891 2781/2781 896/896
f 891/891 2776/2776 2781/2781
f 895/895 900/900 2785/2785
f 895/895 2785/2785 2780/2780
f 896/896 901/901 902/902
f 896/896 902/902 897/897
f 2781/2781 2787/2787 2786/2786
f 2781/2781 2782/2782 2787/2787
f 897/897 902/902 903/903
f 897/897 903/903 898/898
f 2782/2782 2788/2788 2787/2787
f 2782/2782 2783/2783 2788/2788
f 898/898 903/903 904/904
f 898/898 904/904 899/899
f 2783/2783 2789/2789 2788/2788
f 2783/2783 2784/2784 2789/2789
f 899/899 904/904 905/905
f 899/899 905/905 900/900
f 2784/2784 2790/2790 2789/2789
f 2784/2784 2785/2785 2790/2790
f 896/896 2786/2786 901/901
f 896/896 2781/2781 2786/2786
f 900/900 905/905 2790/2790
f 900/900 2790/2790 2785/2785
f 901/901 906/906 907/907
f 901/901 907/907 902/902
f 2786/2786 2792/2792 2791/2791
f 2786/2786 2787/2787 2792/2792
f 902/902 907/907 908/908
f 902/902 908/908 903/903
f 2787/2787 2793/2793 2792/2792
f 2787/2787 2788/2788 2793/2793
f 903/903 908/908 909/909
f 903/903 909/909 904/904
f 2788/2788 2794/2794 2793/2793
f 2788/2788 2789/2789 2794/2794
f 904/904 909/909 910/910
f 904/904 910/910 905/905
f 2789/2789 2795/2795 2794/2794
f 2789/2789 2790/2790 2795/2795
f 901/901 2791/2791 906/906
f 901/901 2786/2786 2791/2791
f 905/905 910/910 2795/2795
f 905/905 2795/2795 2790/2790
f 906/906 911/911 912/912
f 906/906 912/912 907/907
f 2791/2791 2797/2797 2796/2796
f 2791/2791 2792/2792 2797/2797
f 907/907 912/912 913/913
f 907/907 913/913 908/908
f 2792/2792 2798/2798 2797/2797
f 2792/2792 2793/2793 2798/2798
f 908/908 913/913 914/914
f 908/908 914/914 909/909
f 2793/2793 2799/2799 2798/2798
f 2793/2793 2794/2794 2799/2799
f 909/909 914/914 915/915
f 909/909 915/915 910/910
f 2794/2794 2800/2800 2799/2799
f 2794/2794 2795/2795 2800/2800
f 906/906 2796/2796 911/911
f 906/906 2791/2791 2796/2796
f 910/910 915/915 2800/2800
f 910/910 2800/2800 2795/2795
f 911/911 916/916 917/917
f 911/911 917/917 912/912
f 2796/2796 2802/2802 2801/2801
f 2796/2796 2797/2797 2802/2802
f 912/912 917/917 918/918
f 912/912 918/918 913/913
f 2797/2797 2803/2803 2802/2802
f 2797/2797 2798/2798 2803/2803
f 913/913 918/918 919/919
f 913/913 919/919 914/914
f 2798/2798 2804/2804 2803/2803
f 2798/2798 2799/2799 2804/2804
f 914/914 919/919 920/920
f 914/914 920/920 915/915
f 2799/2799 2805/2805 2804/2804
f 2799/2799 2800/2800 2805/2805
f 911/911 2801/2801 916/916
f 911/911 2796/2796 2801/2801
f 915/915 920/920 2805/2805
f 915/915 2805/2805 2800/2800
f 916/916 921/921 922/922
f 916/916 922/922 917/917
f 2801/2801 2807/2807 2806/2806
f 2801/2801 2802/2802 2807/2807
f 917/917 922/922 923/923
f 917/917 923/923 918/918
f 2802/2802 2808/2808 2807/2807
f 2802/2802 2803/2803 2808/2808
f 918/918 923/923 924/924
f 918/918 924/924 919/919
f 2803/2803 2809/2809 2808/2808
f 2803/2803 2804/2804 2809/2809
f 919/919 924/924 925/925
f 919/919 925/925 920/920
f 2804/2804 2810/2810 2809/2809
f 2804/2804 2805/2805 2810/2810
f 916/916 2806/2806 921/921
f 916/916 2801/2801 2806/2806
f 920/920 925/925 2810/2810
f 920/920 2810/2810 2805/2805
f 921/921 926/926 927/927
f 921/921 927/927 922/922
f 2806/2806 2812/2812 2811/2811
f 2806/2806 2807/2807 2812/2812
f 922/922 927/927 928/928
f 922/922 928/928 923/923
f 2807/2807 2813/2813 2812/2812
f 2807/2807 2808/2808 2813/2813
f 923/923 928/928 929/929
f 923/923 929/929 924/924
f 2808/2808 2814/2814 2813/2813
f 2808/2808 2809/2809 2814/2814
f 924/924 929/929 930/930
f 924/924 930/930 925/925
f 2809/2809 2815/2815 2814/2814
f 2809/2809 2810/2810 2815/2815
f 921/921 2811/2811 926/926
f 921/921 2806/2806 2811/2811
f 925/925 930/930 2815/2815
f 925/925 2815/2815 2810/2810
f 926/926 931/931 932/932
f 926/926 932/932 927/927
f 2811/2811 2817/2817 2816/2816
f 2811/2811 2812/2812 2817/2817
f 927/927 932/932 933/933
f 927/927 933/933 928/928
f 2812/2812 2818/2818 2817/2817
f 2812/2812 2813/2813 2818/2818
f 928/928 933/933 934/934
f 928/928 934/934 929/929
f 2813/2813 2819/2819 2818/2818
f 2813/2813 2814/2814 2819/2819
f 929/929 934/934 935/935
f 929/929 935/935 930/930
f 2814/2814 2820/2820 2819/2819
f 2814/2814 2815/2815 2820/2820
f 926/926 2816/2816 931/931
f 926/926 2811/2811 2816/2816
f 930/930 935/935 2820/2820
f 930/930 2820/2820 2815/2815
f 931/931 936/936 937/937
f 931/931 937/937 932/932
f 2816/2816 2822/2822 2821/2821
f 2816/2816 2817/2817 2822/2822
f 932/932 937/937 938/938
f 932/932 938/938 933/933
f 2817/2817 2823/2823 2822/2822
f 2817/2817 2818/2818 2823/2823
f 933/933 938/938 939/939
f 933/933 939/939 934/934
f 2818/2818 2824/2824 2823/2823
f 2818/2818 2819/2819 2824/2824
f 934/934 939/939 940/940
f 934/934 940/940 935/935
f 2819/2819 2825/2825 2824/2824
f 2819/2819 2820/2820 2825/2825
f 931/931 2821/2821 936/936
f 931/931 2816/2816 2821/2821
f 935/935 940/940 2825/2825
f 935/935 2825/2825 2820/2820
f 936/936 941/941 942/942
f 936/936 942/942 937/937
f 2821/2821 2827/2827 2826/2826
f 2821/2821 2822/2822 2827/2827
f 937/937 942/942 943/943
f 937/937 943/943 938/938
f 2822/2822 2828/2828 2827/2827
f 2822/2822 2823/2823 2828/2828
f 938/938 943/943 944/944
f 938/938 944/944 939/939
f 2823/2823 2829/2829 2828/2828
f 2823/2823 2824/2824 2829/2829
f 939/939 944/944 945/945
f 939/939 945/945 940/940
f 2824/2824 2830/2830 2829/2829
f 2824/2824 2825/2825 2830/2830
f 936/936 2826/2826 941/941
f 936/936 2821/2821 2826/2826
f 940/940 945/945 2830/2830
f 940/940 2830/2830 2825/2825
f 941/941 946/946 947/947
f 941/941 947/947 942/942
f 2826/2826 2832/2832 2831/2831
f 2826/2826 2827/2827 2832/2832
f 942/942 947/947 948/948
f 942/942 948/948 943/943
f 2827/2827 2833/2833 2832/2832
f 2827/2827 2828/2828 2833/2833
f 943/943 948/948 949/949
f 943/943 949/949 944/944
f 2828/2828 2834/2834 2833/2833
f 2828/2828 2829/2829 2834/2834
f 944/944 949/949 950/950
f 944/944 950/950 945/945
f 2829/2829 2835/2835 2834/2834
f 2829/2829 2830/2830 2835/2835
f 941/941 2831/2831 946/946
f 941/941 2826/2826 2831/2831
f 945/945 950/950 2835/2835
f 945/945 2835/2835 2830/2830
f 946/946 951/951 952/952
f 946/946 952/952 947/947
f 2831/2831 2837/2837 2836/2836
f 2831/2831 2832/2832 2837/2837
f 947/947 952/952 953/953
f 947/947 953/953 948/948
f 2832/2832 2838/2838 2837/2837
f 2832/2832 2833/2833 2838/2838
f 948/948 953/953 954/954
f 948/948 954/954 949/949
f 2833/2833 2839/2839 2838/2838
f 2833/2833 2834/2834 2839/2839
f 949/949 954/954 955/955
f 949/949 955/955 950/950
f 2834/2834 2840/2840 2839/2839
f 2834/2834 2835/2835 2840/2840
f 946/946 2836/2836 951/951
f 946/946 2831/2831 2836/2836
f 950/950 955/955 2840/2840
f 950/950 2840/2840 2835/2835
f 951/951 956/956 957/957
f 951/951 957/957 952/952
f 2836/2836 2842/2842 2841/2841
f 2836/2836 2837/2837 2842/2842
f 952/952 957/957 958/958
f 952/952 958/958 953/953
f 2837/2837 2843/2843 2842/2842
f 2837/2837 2838/2838 2843/2843
f 953/953 958/958 959/959
f 953/953 959/959 954/954
f 2838/2838 2844/2844 2843/2843
f 2838/2838 2839/2839 2844/2844
f 954/954 959/959 960/960
f 954/954 960/960 955/955
f 2839/2839 2845/2845 2844/2844
f 2839/2839 2840/2840 2845/2845
f 951/951 2841/2841 956/956
f 951/951 2836/2836 2841/2841
f 955/955 960/960 2845/2845
f 955/955 2845/2845 2840/2840
f 956/956 961/961 962/962
f 956/956 962/962 957/957
f 2841/2841 2847/2847 2846/2846
f 2841/2841 2842/2842 2847/2847
f 957/957 962/962 963/963
f 957/957 963/963 958/958
f 2842/2842 2848/2848 2847/2847
f 2842/2842 2843/2843 2848/2848
f 958/958 963/963 964/964
f 958/958 964/964 959/959
f 2843/2843 2849/2849 2848/2848
f 2843/2843 2844/2844 2849/2849
f 959/959 964/964 965/965
f 959/959 965/965 960/960
f 2844/2844 2850/2850 2849/2849
f 2844/2844 2845/2845 2850/2850
f 956/956 2846/2846 961/961
f 956/956 2841/2841 2846/2846
f 960/960 965/965 2850/2850
f 960/960 2850/2850 2845/2845
f 961/961 966/966 967/967
f 961/961 967/967 962/962
f 2846/2846 2852/2852 2851/2851
f 2846/2846 2847/2847 2852/2852
f 962/962 967/967 968/968
f 962/962 968/968 963/963
f 2847/2847 2853/2853 2852/2852
f 2847/2847 2848/2848 2853/2853
f 963/963 968/968 969/969
f 963/963 969/969 964/964
f 2848/2848 2854/2854 2853/2853
f 2848/2848 2849/2849 2854/2854
f 964/964 969/969 970/970
f 964/964 970/970 965/965
f 2849/2849 2855/2855 2854/2854
f 2849/2849 2850/2850 2855/2855
f 961/961 2851/2851 966/966
f 961/961 2846/2846 2851/2851
f 965/965 970/970 2855/2855
f 965/965 2855/2855 2850/2850
f 966/966 971/971 972/972
f 966/966 972/972 967/967
f 2851/2851 2857/2857 2856/2856
f 2851/2851 2852/2852 2857/2857
f 967/967 972/972 973/973
f 967/967 973/973 968/968
f 2852/2852 2858/2858 2857/2857
f 2852/2852 2853/2853 2858/2858
f 968/968 973/973 974/974
f 968/968 974/974 969/969
f 2853/2853 2859/2859 2858/2858
f 2853/2853 2854/2854 2859/2859
f 969/969 974/974 975/975
f 969/969 975/975 970/970
f 2854/2854 2860/2860 2859/2859
f 2854/2854 2855/2855 2860/2860
f 966/966 2856/2856 971/971
f 966/966 2851/2851 2856/2856
f 970/970 975/975 2860/2860
f 970/970 2860/2860 2855/2855
f 971/971 976/976 977/977
f 971/971 977/977 972/972
f 2856/2856 2862/2862 2861/2861
f 2856/2856 2857/2857 2862/2862
f 972/972 977/977 978/978
f 972/972 978/978 973/973
f 2857/2857 2863/2863 2862/2862
f 2857/2857 2858/2858 2863/2863
f 973/973 978/978 979/979
f 973/973 979/979 974/974
f 2858/2858 2864/2864 2863/2863
f 2858/2858 2859/2859 2864/2864
f 974/974 979/979 980/980
f 974/974 980/980 975/975
f 2859/2859 2865/2865 2864/2864
f 2859/2859 2860/2860 2865/2865
f 971/971 2861/2861 976/976
f 971/971 2856/2856 2861/2861
f 975/975 980/980 2865/2865
f 975/975 2865/2865 2860/2860
f 976/976 981/981 982/982
f 976/976 982/982 977/977
f 2861/2861 2867/2867 2866/2866
f 2861/2861 2862/2862 2867/2867
f 977/977 982/982 983/983
f 977/977 983/983 978/978
f 2862/2862 2868/2868 2867/2867
f 2862/2862 2863/2863 2868/2868
f 978/978 983/983 984/984
f 978/978 984/984 979/979
f 2863/2863 2869/2869 2868/2868
f 2863/2863 2864/2864 2869/2869
f 979/979 984/984 985/985
f 979/979 985/985 980/980
f 2864/2864 2870/2870 2869/2869
f 2864/2864 2865/2865 2870/2870
f 976/976 2866/2866 981/981
f 976/976 2861/2861 2866/2866
f 980/980 985/985 2870/2870
f 980/980 2870/2870 2865/2865
f 981/981 986/986 987/987
f 981/981 987/987 982/982
f 2866/2866 2872/2872 2871/2871
f 2866/2866 2867/2867 2872/2872
f 982/982 987/987 988/988
f 982/982 988/988 983/983
f 2867/2867 2873/2873 2872/2872
f 2867/2867 2868/2868 2873/2873
f 983/983 988/988 989/989
f 983/983 989/989 984/984
f 2868/2868 2874/2874 2873/2873
f 2868/2868 2869/2869 2874/2874
f 984/984 989/989 990/990
f 984/984 990/990 985/985
f 2869/2869 2875/2875 2874/2874
f 2869/2869 2870/2870 2875/2875
f 981/981 2871/2871 986/986
f 981/981 2866/2866 2871/2871
f 985/985 990/990 2875/2875
f 985/985 2875/2875 2870/2870
f 986/986 991/991 992/992
f 986/986 992/992 987/987
f 2871/2871 2877/2877 2876/2876
f 2871/2871 2872/2872 2877/2877
f 987/987 992/992 993/993
f 987/987 993/993 988/988
f 2872/2872 2878/2878 2877/2877
f 2872/2872 2873/2873 2878/2878
f 988/988 993/993 994/994
f 988/988 994/994 989/989
f 2873/2873 2879/2879 2878/2878
f 2873/2873 2874/2874 2879/2879
f 989/989 994/994 995/995
f 989/989 995/995 990/990
f 2874/2874 2880/2880 2879/2879
f 2874/2874 2875/2875 2880/2880
f 986/986 2876/2876 991/991
f 986/986 2871/2871 2876/2876
f 990/990 995/995 2880/2880
f 990/990 2880/2880 2875/2875
f 991/991 996/996 997/997
f 991/991 997/997 992/992
f 2876/2876 2882/2882 2881/2881
f 2876/2876 2877/2877 2882/2882
f 992/992 997/997 998/998
f 992/992 998/998 993/993
f 2877/2877 2883/2883 2882/2882
f 2877/2877 2878/2878 2883/2883
f 993/993 998/998 999/999
f 993/993 999/999 994/994
f 2878/2878 2884/2884 2883/2883
f 2878/2878 2879/2879 2884/2884
f 994/994 999/999 1000/1000
f 994/994 1000/1000 995/995
f 2879/2879 2885/2885 2884/2884
f 2879/2879 2880/2880 2885/2885
f 991/991 2881/2881 996/996
f 991/991 2876/2876 2881/2881
f 995/995 1000/1000 2885/2885
f 995/995 2885/2885 2880/2880
f 996/996 1001/1001 1002/1002
f 996/996 1002/1002 997/997
f 2881/2881 2887/2887 2886/2886
f 2881/2881 2882/2882 2887/2887
f 997/997 1002/1002 1003/1003
f 997/997 1003/1003 998/998
f 2882/2882 2888/2888 2887/2887
f 2882/2882 2883/2883 2888/2888
f 998/998 1003/1003 1004/1004
f 998/998 1004/1004 999/999
f 2883/2883 2889/2889 2888/2888
f 2883/2883 2884/2884 2889/2889
f 999/999 1004/1004 1005/1005
f 999/999 1005/1005 1000/1000
f 2884/2884 2890/2890 2889/2889
f 2884/2884 2885/2885 2890/2890
f 996/996 2886/2886 1001/1001
f 996/996 2881/2881 2886/2886
f 1000/1000 1005/1005 2890/2890
f 1000/1000 2890/2890 2885/2885
f 1001/1001 1006/1006 1007/1007
f 1001/1001 1007/1007 1002/1002
f 2886/2886 2892/2892 2891/2891
f 2886/2886 2887/2887 2892/2892
f 1002/1002 1007/1007 1008/1008
f 1002/1002 1008/1008 1003/1003
f 2887/2887 2893/2893 2892/2892
f 2887/2887 2888/2888 2893/2893
f 1003/1003 1008/1008 1009/1009
f 1003/1003 1009/1009 1004/1004
f 2888/2888 2894/2894 2893/2893
f 2888/2888 2889/2889 2894/2894
f 1004/1004 1009/1009 1010/1010
f 1004/1004 1010/1010 1005/1005
f 2889/2889 2895/2895 2894/2894
f 2889/2889 2890/2890 2895/2895
f 1001/1001 2891/2891 1006/1006
f 1001/1001 2886/2886 2891/2891
f 1005/1005 1010/1010 2895/2895
f 1005/1005 2895/2895 2890/2890
f 1006/1006 1011/1011 1012/1012
f 1006/1006 1012/1012 1007/1007
f 2891/2891 2897/2897 2896/2896
f 2891/2891 2892/2892 2897/2897
f 1007/1007 1012/1012 1013/1013
f 1007/1007 1013/1013 1008/1008
f 2892/2892 2898/2898 2897/2897
f 2892/2892 2893/2893 2898/2898
f 1008/1008 1013/1013 1014/1014
f 1008/1008 1014/1014 1009/1009
f 2893/2893 2899/2899 2898/2898
f 2893/2893 2894/2894 2899/2899
f 1009/1009 1014/1014 1015/1015
f 1009/1009 1015/1015 1010/1010
f 2894/2894 2900/2900 2899/2899
f 2894/2894 2895/2895 2900/2900
f 1006/1006 2896/2896 1011/1011
f 1006/1006 2891/2891 2896/2896
f 1010/1010 1015/1015 2900/2900
f 1010/1010 2900/2900 2895/2895
f 1011/1011 1016/1016 1017/1017
f 1011/1011 1017/1017 1012/1012
f 2896/2896 2902/2902 2901/2901
f 2896/2896 2897/2897 2902/2902
f 1012/1012 1017/1017 1018/1018
f 1012/1012 1018/1018 1013/1013
f 2897/2897 2903/2903 2902/2902
f 2897/2897 2898/2898 2903/2903
f 1013/1013 1018/1018 1019/1019
f 1013/1013 1019/1019 1014/1014
f 2898/2898 2904/2904 2903/2903
f 2898/2898 2899/2899 2904/2904
f 1014/1014 1019/1019 1020/1020
f 1014/1014 1020/1020 1015/1015
f 2899/2899 2905/2905 2904/2904
f 2899/2899 2900/2900 2905/2905
f 1011/1011 2901/2901 1016/1016
f 1011/1011 2896/2896 2901/2901
f 1015/1015 1020/1020 2905/2905
f 1015/1015 2905/2905 2900/2900
f 1016/1016 1021/1021 1022/1022
f 1016/1016 1022/1022 1017/1017
f 2901/2901 2907/2907 2906/2906
f 2901/2901 2902/2902 2907/2907
f 1017/1017 1022/1022 1023/1023
f 1017/1017 1023/1023 1018/1018
f 2902/2902 2908/2908 2907/2907
f 2902/2902 2903/2903 2908/2908
f 1018/1018 1023/1023 1024/1024
f 1018/1018 1024/1024 1019/1019
f 2903/2903 2909/2909 2908/2908
f 2903/2903 2904/2904 2909/2909
f 1019/1019 1024/1024 1025/1025
f 1019/1019 1025/1025 1020/1020
f 2904/2904 2910/2910 2909/2909
f 2904/2904 2905/2905 2910/2910
f 1016/1016 2906/2906 1021/1021
f 1016/1016 2901/2901 2906/2906
f 1020/1020 1025/1025 2910/2910
f 1020/1020 2910/2910 2905/2905
f 1021/1021 1026/1026 1027/1027
f 1021/1021 1027/1027 1022/1022
f 2906/2906 2912/2912 2911/2911
f 2906/2906 2907/2907 2912/2912
f 1022/1022 1027/1027 1028/1028
f 1022/1022 1028/1028 1023/1023
f 2907/2907 2913/2913 2912/2912
f 2907/2907 2908/2908 2913/2913
f 1023/1023 1028/1028 1029/1029
f 1023/1023 1029/1029 1024/1024
f 2908/2908 2914/2914 2913/2913
f 2908/2908 2909/2909 2914/2914
f 1024/1024 1029/1029 1030/1030
f 1024/1024 1030/1030 1025/1025
f 2909/2909 2915/2915 2914/2914
f 2909/2909 2910/2910 2915/2915
f 1021/1021 2911/2911 1026/1026
f 1021/1021 2906/2906 2911/2911
f 1025/1025 1030/1030 2915/2915
f 1025/1025 2915/2915 2910/2910
f 1026/1026 1031/1031 1032/1032
f 1026/1026 1032/1032 1027/1027
f 2911/2911 2917/2917 2916/2916
f 2911/2911 2912/2912 2917/2917
f 1027/1027 1032/1032 1033/1033
f 1027/1027 1033/1033 1028/1028
f 2912/2912 2918/2918 2917/2917
f 2912/2912 2913/2913 2918/2918
f 1028/1028 1033/1033 1034/1034
f 1028/1028 1034/1034 1029/1029
f 2913/2913 2919/2919 2918/2918
f 2913/2913 2914/2914 2919/2919
f 1029/1029 1034/1034 1035/1035
f 1029/1029 1035/1035 1030/1030
f 2914/2914 2920/2920 2919/2919
f 2914/2914 2915/2915 2920/2920
f 1026/1026 2916/2916 1031/1031
f 1026/1026 2911/2911 2916/2916
f 1030/1030 1035/1035 2920/2920
f 1030/1030 2920/2920 2915/2915
f 1031/1031 1036/1036 1037/1037
f 1031/1031 1037/1037 1032/1032
f 2916/2916 2922/2922 2921/2921
f 2916/2916 2917/2917 2922/2922
f 1032/1032 1037/1037 1038/1038
f 1032/1032 1038/1038 1033/1033
f 2917/2917 2923/2923 2922/2922
f 2917/2917 2918/2918 2923/2923
f 1033/1033 1038/1038 1039/1039
f 1033/1033 1039/1039 1034/1034
f 2918/2918 2924/2924 2923/2923
f 2918/2918 2919/2919 2924/2924
f 1034/1034 1039/1039 1040/1040
f 1034/1034 1040/1040 1035/1035
f 2919/2919 2925/2925 2924/2924
f 2919/2919 2920/2920 2925/2925
f 1031/1031 2921/2921 1036/1036
f 1031/1031 2916/2916 2921/2921
f 1035/1035 1040/1040 2925/2925
f 1035/1035 2925/2925 2920/2920
f 1036/1036 1041/1041 1042/1042
f 1036/1036 1042/1042 1037/1037
f 2921/2921 2927/2927 2926/2926
f 2921/2921 2922/2922 2927/2927
f 1037/1037 1042/1042 1043/1043
f 1037/1037 1043/1043 1038/1038
f 2922/2922 2928/2928 2927/2927
f 2922/2922 2923/2923 2928/2928
f 1038/1038 1043/1043 1044/1044
f 1038/1038 1044/1044 1039/1039
f 2923/2923 2929/2929 2928/2928
f 2923/2923 2924/2924 2929/2929
f 1039/1039 1044/1044 1045/1045
f 1039/1039 1045/1045 1040/1040
f 2924/2924 2930/2930 2929/2929
f 2924/2924 2925/2925 2930/2930
f 1036/1036 2926/2926 1041/1041
f 1036/1036 2921/2921 2926/2926
f 1040/1040 1045/1045 2930/2930
f 1040/1040 2930/2930 2925/2925
f 1041/1041 1046/1046 1047/1047
f 1041/1041 1047/1047 1042/1042
f 2926/2926 2932/2932 2931/2931
f 2926/2926 2927/2927 2932/2932
f 1042/1042 1047/1047 1048/1048
f 1042/1042 1048/1048 1043/1043
f 2927/2927 2933/2933 2932/2932
f 2927/2927 2928/2928 2933/2933
f 1043/1043 1048/1048 1049/1049
f 1043/1043 1049/1049 1044/1044
f 2928/2928 2934/2934 2933/2933
f 2928/2928 2929/2929 2934/2934
f 1044/1044 1049/1049 1050/1050
f 1044/1044 1050/1050 1045/1045
f 2929/2929 2935/2935 2934/2934
f 2929/2929 2930/2930 2935/2935
f 1041/1041 2931/2931 1046/1046
f 1041/1041 2926/2926 2931/2931
f 1045/1045 1050/1050 2935/2935
f 1045/1045 2935/2935 2930/2930
f 1046/1046 1051/1051 1052/1052
f 1046/1046 1052/1052 1047/1047
f 2931/2931 2937/2937 2936/2936
f 2931/2931 2932/2932 2937/2937
f 1047/1047 1052/1052 1053/1053
f 1047/1047 1053/1053 1048/1048
f 2932/2932 2938/2938 2937/2937
f 2932/2932 2933/2933 2938/2938
f 1048/1048 1053/1053 1054/1054
f 1048/1048 1054/1054 1049/1049
f 2933/2933 2939/2939 2938/2938
f 2933/2933 2934/2934 2939/2939
f 1049/1049 1054/1054 1055/1055
f 1049/1049 1055/1055 1050/1050
f 2934/2934 2940/2940 2939/2939
f 2934/2934 2935/2935 2940/2940
f 1046/1046 2936/2936 1051/1051
f 1046/1046 2931/2931 2936/2936
f 1050/1050 1055/1055 2940/2940
f 1050/1050 2940/2940 2935/2935
f 1051/1051 1056/1056 1057/1057
f 1051/1051 1057/1057 1052/1052
f 2936/2936 2942/2942 2941/2941
f 2936/2936 2937/2937 2942/2942
f 1052/1052 1057/1057 1058/1058
f 1052/1052 1058/1058 1053/1053
f 2937/2937 2943/2943 2942/2942
f 2937/2937 2938/2938 2943/2943
f 1053/1053 1058/1058 1059/1059
f 1053/1053 1059/1059 1054/1054
f 2938/2938 2944/2944 2943/2943
f 2938/2938 2939/2939 2944/2944
f 1054/1054 1059/1059 1060/1060
f 1054/1054 1060/1060 1055/1055
f 2939/2939 2945/2945 2944/2944
f 2939/2939 2940/2940 2945/2945
f 1051/1051 2941/2941 1056/1056
f 1051/1051 2936/2936 2941/2941
f 1055/1055 1060/1060 2945/2945
f 1055/1055 2945/2945 2940/2940
f 1056/1056 1061/1061 1062/1062
f 1056/1056 1062/1062 1057/1057
f 2941/2941 2947/2947 2946/2946
f 2941/2941 2942/2942 2947/2947
f 1057/1057 1062/1062 1063/1063
f 1057/1057 1063/1063 1058/1058
f 2942/2942 2948/2948 2947/2947
f 2942/2942 2943/2943 2948/2948
f 1058/1058 1063/1063 1064/1064
f 1058/1058 1064/1064 1059/1059
f 2943/2943 2949/2949 2948/2948
f 2943/2943 2944/2944 2949/2949
f 1059/1059 1064/1064 1065/1065
f 1059/1059 1065/1065 1060/1060
f 2944/2944 2950/2950 2949/2949
f 2944/2944 2945/2945 2950/2950
f 1056/1056 2946/2946 1061/1061
f 1056/1056 2941/2941 2946/2946
f 1060/1060 1065/1065 2950/2950
f 1060/1060 2950/2950 2945/2945
f 1061/1061 1066/1066 1067/1067
f 1061/1061 1067/1067 1062/1062
f 2946/2946 2952/2952 2951/2951
f 2946/2946 2947/2947 2952/2952
f 1062/1062 1067/1067 1068/1068
f 1062/1062 1068/1068 1063/1063
f 2947/2947 2953/2953 2952/2952
f 2947/2947 2948/2948 2953/2953
f 1063/1063 1068/1068 1069/1069
f 1063/1063 1069/1069 1064/1064
f 2948/2948 2954/2954 2953/2953
f 2948/2948 2949/2949 2954/2954
f 1064/1064 1069/1069 1070/1070
f 1064/1064 1070/1070 1065/1065
f 2949/2949 2955/2955 2954/2954
f 2949/2949 2950/2950 2955/2955
f 1061/1061 2951/2951 1066/1066
f 1061/1061 2946/2946 2951/2951
f 1065/1065 1070/1070 2955/2955
f 1065/1065 2955/2955 2950/2950
f 1066/1066 1071/1071 1072/1072
f 1066/1066 1072/1072 1067/1067
f 2951/2951 2957/2957 2956/2956
f 2951/2951 2952/2952 2957/2957
f 1067/1067 1072/1072 1073/1073
f 1067/1067 1073/1073 1068/1068
f 2952/2952 2958/2958 2957/2957
f 2952/2952 2953/2953 2958/2958
f 1068/1068 1073/1073 1074/1074
f 1068/1068 1074/1074 1069/1069
f 2953/2953 2959/2959 2958/2958
f 2953/2953 2954/2954 2959/2959
f 1069/1069 1074/1074 1075/1075
f 1069/1069 1075/1075 1070/1070
f 2954/2954 2960/2960 2959/2959
f 2954/2954 2955/2955 2960/2960
f 1066/1066 2956/2956 1071/1071
f 1066/1066 2951/2951 2956/2956
f 1070/1070 1075/1075 2960/2960
f 1070/1070 2960/2960 2955/2955
f 1071/1071 1076/1076 1077/1077
f 1071/1071 1077/1077 1072/1072
f 2956/2956 2962/2962 2961/2961
f 2956/2956 2957/2957 2962/2962
f 1072/1072 1077/1077 1078/1078
f 1072/1072 1078/1078 1073/1073
f 2957/2957 2963/2963 2962/2962
f 2957/2957 2958/2958 2963/2963
f 1073/1073 1078/1078 1079/1079
f 1073/1073 1079/1079 1074/1074
f 2958/2958 2964/2964 2963/2963
f 2958/2958 2959/2959 2964/2964
f 1074/1074 1079/1079 1080/1080
f 1074/1074 1080/1080 1075/1075
f 2959/2959 2965/2965 2964/2964
f 2959/2959 2960/2960 2965/2965
f 1071/1071 2961/2961 1076/1076
f 1071/1071 2956/2956 2961/2961
f 1075/1075 1080/1080 2965/2965
f 1075/1075 2965/2965 2960/2960
f 1076/1076 1081/1081 1082/1082
f 1076/1076 1082/1082 1077/1077
f 2961/2961 2967/2967 2966/2966
f 2961/2961 2962/2962 2967/2967
f 1077/1077 1082/1082 1083/1083
f 1077/1077 1083/1083 1078/1078
f 2962/2962 2968/2968 2967/2967
f 2962/2962 2963/2963 2968/2968
f 1078/1078 1083/1083 1084/1084
f 1078/1078 1084/1084 1079/1079
f 2963/2963 2969/2969 2968/2968
f 2963/2963 2964/2964 2969/2969
f 1079/1079 1084/1084 1085/1085
f 1079/1079 1085/1085 1080/1080
f 2964/2964 2970/2970 2969/2969
f 2964/2964 2965/2965 2970/2970
f 1076/1076 2966/2966 1081/1081
f 1076/1076 2961/2961 2966/2966
f 1080/1080 1085/1085 2970/2970
f 1080/1080 2970/2970 2965/2965
f 1081/1081 1086/1086 1087/1087
f 1081/1081 1087/1087 1082/1082
f 2966/2966 2972/2972 2971/2971
f 2966/2966 2967/2967 2972/2972
f 1082/1082 1087/1087 1088/1088
f 1082/1082 1088/1088 1083/1083
f 2967/2967 2973/2973 2972/2972
f 2967/2967 2968/2968 2973/2973
f 1083/1083 1088/1088 1089/1089
f 1083/1083 1089/1089 1084/1084
f 2968/2968 2974/2974 2973/2973
f 2968/2968 2969/2969 2974/2974
f 1084/1084 1089/1089 1090/1090
f 1084/1084 1090/1090 1085/1085
f 2969/2969 2975/2975 2974/2974
f 2969/2969 2970/2970 2975/2975
f 1081/1081 2971/2971 1086/1086
f 1081/1081 2966/2966 2971/2971
f 1085/1085 1090/1090 2975/2975
f 1085/1085 2975/2975 2970/2970
f 1086/1086 1091/1091 1092/1092
f 1086/1086 1092/1092 1087/1087
f 2971/2971 2977/2977 2976/2976
f 2971/2971 2972/2972 2977/2977
f 1087/1087 1092/1092 1093/1093
f 1087/1087 1093/1093 1088/1088
f 2972/2972 2978/2978 2977/2977
f 2972/2972 2973/2973 2978/2978
f 1088/1088 1093/1093 1094/1094
f 1088/1088 1094/1094 1089/1089
f 2973/2973 2979/2979 2978/2978
f 2973/2973 2974/2974 2979/2979
f 1089/1089 1094/1094 1095/1095
f 1089/1089 1095/1095 1090/1090
f 2974/2974 2980/2980 2979/2979
f 2974/2974 2975/2975 2980/2980
f 1086/1086 2976/2976 1091/1091
f 1086/1086 2971/2971 2976/2976
f 1090/1090 1095/1095 2980/2980
f 1090/1090 2980/2980 2975/2975
f 1091/1091 1096/1096 1097/1097
f 1091/1091 1097/1097 1092/1092
f 2976/2976 2982/2982 2981/2981
f 2976/2976 2977/2977 2982/2982
f 1092/1092 1097/1097 1098/1098
f 1092/1092 1098/1098 1093/1093
f 2977/2977 2983/2983 2982/2982
f 2977/2977 2978/2978 2983/2983
f 1093/1093 1098/1098 1099/1099
f 1093/1093 1099/1099 1094/1094
f 2978/2978 2984/2984 2983/2983
f 2978/2978 2979/2979 2984/2984
f 1094/1094 1099/1099 1100/1100
f 1094/1094 1100/1100 1095/1095
f 2979/2979 2985/2985 2984/2984
f 2979/2979 2980/2980 2985/2985
f 1091/1091 2981/2981 1096/1096
f 1091/1091 2976/2976 2981/2981
f 1095/1095 1100/1100 2985/2985
f 1095/1095 2985/2985 2980/2980
f 1096/1096 1101/1101 1102/1102
f 1096/1096 1102/1102 1097/1097
f 2981/2981 2987/2987 2986/2986
f 2981/2981 2982/2982 2987/2987
f 1097/1097 1102/1102 1103/1103
f 1097/1097 1103/1103 1098/1098
f 2982/2982 2988/2988 2987/2987
f 2982/2982 2983/2983 2988/2988
f 1098/1098 1103/1103 1104/1104
f 1098/1098 1104/1104 1099/1099
f 2983/2983 2989/2989 2988/2988
f 2983/2983 2984/2984 2989/2989
f 1099/1099 1104/1104 1105/1105
f 1099/1099 1105/1105 1100/1100
f 2984/2984 2990/2990 2989/2989
f 2984/2984 2985/2985 2990/2990
f 1096/1096 2986/2986 1101/1101
f 1096/1096 2981/2981 2986/2986
f 1100/1100 1105/1105 2990/2990
f 1100/1100 2990/2990 2985/2985
f 1101/1101 1106/1106 1107/1107
f 1101/1101 1107/1107 1102/1102
f 2986/2986 2992/2992 2991/2991
f 2986/2986 2987/2987 2992/2992
f 1102/1102 1107/1107 1108/1108
f 1102/1102 1108/1108 1103/1103
f 2987/2987 2993/2993 2992/2992
f 2987/2987 2988/2988 2993/2993
f 1103/1103 1108/1108 1109/1109
f 1103/1103 1109/1109 1104/1104
f 2988/2988 2994/2994 2993/2993
f 2988/2988 2989/2989 2994/2994
f 1104/1104 1109/1109 1110/1110
f 1104/1104 1110/1110 1105/1105
f 2989/2989 2995/2995 2994/2994
f 2989/2989 2990/2990 2995/2995
f 1101/1101 2991/2991 1106/1106
f 1101/1101 2986/2986 2991/2991
f 1105/1105 1110/1110 2995/2995
f 1105/1105 2995/2995 2990/2990
f 1106/1106 1111/1111 1112/1112
f 1106/1106 1112/1112 1107/1107
f 2991/2991 2997/2997 2996/2996
f 2991/2991 2992/2992 2997/2997
f 1107/1107 1112/1112 1113/1113
f 1107/1107 1113/1113 1108/1108
f 2992/2992 2998/2998 2997/2997
f 2992/2992 2993/2993 2998/2998
f 1108/1108 1113/1113 1114/1114
f 1108/1108 1114/1114 1109/1109
f 2993/2993 2999/2999 2998/2998
f 2993/2993 2994/2994 2999/2999
f 1109/1109 1114/1114 1115/1115
f 1109/1109 1115/1115 1110/1110
f 2994/2994 3000/3000 2999/2999
f 2994/2994 2995/2995 3000/3000
f 1106/1106 2996/2996 1111/1111
f 1106/1106 2991/2991 2996/2996
f 1110/1110 1115/1115 3000/3000
f 1110/1110 3000/3000 2995/2995
f 1111/1111 1116/1116 1117/1117
f 1111/1111 1117/1117 1112/1112
f 2996/2996 3002/3002 3001/3001
f 2996/2996 2997/2997 3002/3002
f 1112/1112 1117/1117 1118/1118
f 1112/1112 1118/1118 1113/1113
f 2997/2997 3003/3003 3002/3002
f 2997/2997 2998/2998 3003/3003
f 1113/1113 1118/1118 1119/1119
f 1113/1113 1119/1119 1114/1114
f 2998/2998 3004/3004 3003/3003
f 2998/2998 2999/2999 3004/3004
f 1114/1114 1119/1119 1120/1120
f 1114/1114 1120/1120 1115/1115
f 2999/2999 3005/3005 3004/3004
f 2999/2999 3000/3000 3005/3005
f 1111/1111 3001/3001 1116/1116
f 1111/1111 2996/2996 3001/3001
f 1115/1115 1120/1120 3005/3005
f 1115/1115 3005/3005 3000/3000
f 1116/1116 1121/1121 1122/1122
f 1116/1116 1122/1122 1117/1117
f 3001/3001 3007/3007 3006/3006
f 3001/3001 3002/3002 3007/3007
f 1117/1117 1122/1122 1123/1123
f 1117/1117 1123/1123 1118/1118
f 3002/3002 3008/3008 3007/3007
f 3002/3002 3003/3003 3008/3008
f 1118/1118 1123/1123 1124/1124
f 1118/1118 1124/1124 1119/1119
f 3003/3003 3009/3009 3008/3008
f 3003/3003 3004/3004 3009/3009
f 1119/1119 1124/1124 1125/1125
f 1119/1119 1125/1125 1120/1120
f 3004/3004 3010/3010 3009/3009
f 3004/3004 3005/3005 3010/3010
f 1116/1116 3006/3006 1121/1121
f 1116/1116 3001/3001 3006/3006
f 1120/1120 1125/1125 3010/3010
f 1120/1120 3010/3010 3005/3005
f 1121/1121 1126/1126 1127/1127
f 1121/1121 1127/1127 1122/1122
f 3006/3006 3012/3012 3011/3011
f 3006/3006 3007/3007 3012/3012
f 1122/1122 1127/1127 1128/1128
f 1122/1122 1128/1128 1123/1123
f 3007/3007 3013/3013 3012/3012
f 3007/3007 3008/3008 3013/3013
f 1123/1123 1128/1128 1129/1129
f 1123/1123 1129/1129 1124/1124
f 3008/3008 3014/3014 3013/3013
f 3008/3008 3009/3009 3014/3014
f 1124/1124 1129/1129 1130/1130
f 1124/1124 1130/1130 1125/1125
f 3009/3009 3015/3015 3014/3014
f 3009/3009 3010/3010 3015/3015
f 1121/1121 3011/3011 1126/1126
f 1121/1121 3006/3006 3011/3011
f 1125/1125 1130/1130 3015/3015
f 1125/1125 3015/3015 3010/3010
f 1126/1126 1131/1131 1132/1132
f 1126/1126 1132/1132 1127/1127
f 3011/3011 3017/3017 3016/3016
f 3011/3011 3012/3012 3017/3017
f 1127/1127 1132/1132 1133/1133
f 1127/1127 1133/1133 1128/1128
f 3012/3012 3018/3018 3017/3017
f 3012/3012 3013/3013 3018/3018
f 1128/1128 1133/1133 1134/1134
f 1128/1128 1134/1134 1129/1129
f 3013/3013 3019/3019 3018/3018
f 3013/3013 3014/3014 3019/3019
f 1129/1129 1134/1134 1135/1135
f 1129/1129 1135/1135 1130/1130
f 3014/3014 3020/3020 3019/3019
f 3014/3014 3015/3015 3020/3020
f 1126/1126 3016/3016 1131/1131
f 1126/1126 3011/3011 3016/3016
f 1130/1130 1135/1135 3020/3020
f 1130/1130 3020/3020 3015/3015
f 1131/1131 1136/1136 1137/1137
f 1131/1131 1137/1137 1132/1132
f 3016/3016 3022/3022 3021/3021
f 3016/3016 3017/3017 3022/3022
f 1132/1132 1137/1137 1138/1138
f 1132/1132 1138/1138 1133/1133
f 3017/3017 3023/3023 3022/3022
f 3017/3017 3018/3018 3023/3023
f 1133/1133 1138/1138 1139/1139
f 1133/1133 1139/1139 1134/1134
f 3018/3018 3024/3024 3023/3023
f 3018/3018 3019/3019 3024/3024
f 1134/1134 1139/1139 1140/1140
f 1134/1134 1140/1140 1135/1135
f 3019/3019 3025/3025 3024/3024
f 3019/3019 3020/3020 3025/3025
f 1131/1131 3021/3021 1136/1136
f 1131/1131 3016/3016 3021/3021
f 1135/1135 1140/1140 3025/3025
f 1135/1135 3025/3025 3020/3020
f 1136/1136 1141/1141 1142/1142
f 1136/1136 1142/1142 1137/1137
f 3021/3021 3027/3027 3026/3026
f 3021/3021 3022/3022 3027/3027
f 1137/1137 1142/1142 1143/1143
f 1137/1137 1143/1143 1138/1138
f 3022/3022 3028/3028 3027/3027
f 3022/3022 3023/3023 3028/3028
f 1138/1138 1143/1143 1144/1144
f 1138/1138 1144/1144 1139/1139
f 3023/3023 3029/3029 3028/3028
f 3023/3023 3024/3024 3029/3029
f 1139/1139 1144/1144 1145/1145
f 1139/1139 1145/1145 1140/1140
f 3024/3024 3030/3030 3029/3029
f 3024/3024 3025/3025 3030/3030
f 1136/1136 3026/3026 1141/1141
f 1136/1136 3021/3021 3026/3026
f 1140/1140 1145/1145 3030/3030
f 1140/1140 3030/3030 3025/3025
f 1141/1141 1146/1146 1147/1147
f 1141/1141 1147/1147 1142/1142
f 3026/3026 3032/3032 3031/3031
f 3026/3026 3027/3027 3032/3032
f 1142/1142 1147/1147 1148/1148
f 1142/1142 1148/1148 1143/1143
f 3027/3027 3033/3033 3032/3032
f 3027/3027 3028/3028 3033/3033
f 1143/1143 1148/1148 1149/1149
f 1143/1143 1149/1149 1144/1144
f 3028/3028 3034/3034 3033/3033
f 3028/3028 3029/3029 3034/3034
f 1144/1144 1149/1149 1150/1150
f 1144/1144 1150/1150 1145/1145
f 3029/3029 3035/3035 3034/3034
f 3029/3029 3030/3030 3035/3035
f 1141/1141 3031/3031 1146/1146
f 1141/1141 3026/3026 3031/3031
f 1145/1145 1150/1150 3035/3035
f 1145/1145 3035/3035 3030/3030
f 1146/1146 1151/1151 1152/1152
f 1146/1146 1152/1152 1147/1147
f 3031/3031 3037/3037 3036/3036
f 3031/3031 3032/3032 3037/3037
f 1147/1147 1152/1152 1153/1153
f 1147/1147 1153/1153 1148/1148
f 3032/3032 3038/3038 3037/3037
f 3032/3032 3033/3033 3038/3038
f 1148/1148 1153/1153 1154/1154
f 1148/1148 1154/1154 1149/1149
f 3033/3033 3039/3039 3038/3038
f 3033/3033 3034/3034 3039/3039
f 1149/1149 1154/1154 1155/1155
f 1149/1149 1155/1155 1150/1150
f 3034/3034 3040/3040 3039/3039
f 3034/3034 3035/3035 3040/3040
f 1146/1146 3036/3036 1151/1151
f 1146/1146 3031/3031 3036/3036
f 1150/1150 1155/1155 3040/3040
f 1150/1150 3040/3040 3035/3035
f 1151/1151 1156/1156 1157/1157
f 1151/1151 1157/1157 1152/1152
f 3036/3036 3042/3042 3041/3041
f 3036/3036 3037/3037 3042/3042
f 1152/1152 1157/1157 1158/1158
f 1152/1152 1158/1158 1153/1153
f 3037/3037 3043/3043 3042/3042
f 3037/3037 3038/3038 3043/3043
f 1153/1153 1158/1158 1159/1159
f 1153/1153 1159/1159 1154/1154
f 3038/3038 3044/3044 3043/3043
f 3038/3038 3039/3039 3044/3044
f 1154/1154 1159/1159 1160/1160
f 1154/1154 1160/1160 1155/1155
f 3039/3039 3045/3045 3044/3044
f 3039/3039 3040/3040 3045/3045
f 1151/1151 3041/3041 1156/1156
f 1151/1151 3036/3036 3041/3041
f 1155/1155 1160/1160 3045/3045
f 1155/1155 3045/3045 3040/3040
f 1156/1156 1161/1161 1162/1162
f 1156/1156 1162/1162 1157/1157
f 3041/3041 3047/3047 3046/3046
f 3041/3041 3042/3042 3047/3047
f 1157/1157 1162/1162 1163/1163
f 1157/1157 1163/1163 1158/1158
f 3042/3042 3048/3048 3047/3047
f 3042/3042 3043/3043 3048/3048
f 1158/1158 1163/1163 1164/1164
f 1158/1158 1164/1164 1159/1159
f 3043/3043 3049/3049 3048/3048
f 3043/3043 3044/3044 3049/3049
f 1159/1159 1164/1164 1165/1165
f 1159/1159 1165/1165 1160/1160
f 3044/3044 3050/3050 3049/3049
f 3044/3044 3045/3045 3050/3050
f 1156/1156 3046/3046 1161/1161
f 1156/1156 3041/3041 3046/3046
f 1160/1160 1165/1165 3050/3050
f 1160/1160 3050/3050 3045/3045
f 1161/1161 1166/1166 1167/1167
f 1161/1161 1167/1167 1162/1162
f 3046/3046 3052/3052 3051/3051
f 3046/3046 3047/3047 3052/3052
f 1162/1162 1167/1167 1168/1168
f 1162/1162 1168/1168 1163/1163
f 3047/3047 3053/3053 3052/3052
f 3047/3047 3048/3048 3053/3053
f 1163/1163 1168/1168 1169/1169
f 1163/1163 1169/1169 1164/1164
f 3048/3048 3054/3054 3053/3053
f 3048/3048 3049/3049 3054/3054
f 1164/1164 1169/1169 1170/1170
f 1164/1164 1170/1170 1165/1165
f 3049/3049 3055/3055 3054/3054
f 3049/3049 3050/3050 3055/3055
f 1161/1161 3051/3051 1166/1166
f 1161/1161 3046/3046 3051/3051
f 1165/1165 1170/1170 3055/3055
f 1165/1165 3055/3055 3050/3050
f 1166/1166 1171/1171 1172/1172
f 1166/1166 1172/1172 1167/1167
f 3051/3051 3057/3057 3056/3056
f 3051/3051 3052/3052 3057/3057
f 1167/1167 1172/1172 1173/1173
f 1167/1167 1173/1173 1168/1168
f 3052/3052 3058/3058 3057/3057
f 3052/3052 3053/3053 3058/3058
f 1168/1168 1173/1173 1174/1174
f 1168/1168 1174/1174 1169/1169
f 3053/3053 3059/3059 3058/3058
f 3053/3053 3054/3054 3059/3059
f 1169/1169 1174/1174 1175/1175
f 1169/1169 1175/1175 1170/1170
f 3054/3054 3060/3060 3059/3059
f 3054/3054 3055/3055 3060/3060
f 1166/1166 3056/3056 1171/1171
f 1166/1166 3051/3051 3056/3056
f 1170/1170 1175/1175 3060/3060
f 1170/1170 3060/3060 3055/3055
f 1171/1171 1176/1176 1177/1177
f 1171/1171 1177/1177 1172/1172
f 3056/3056 3062/3062 3061/3061
f 3056/3056 3057/3057 3062/3062
f 1172/1172 1177/1177 1178/1178
f 1172/1172 1178/1178 1173/1173
f 3057/3057 3063/3063 3062/3062
f 3057/3057 3058/3058 3063/3063
f 1173/1173 1178/1178 1179/1179
f 1173/1173 1179/1179 1174/1174
f 3058/3058 3064/3064 3063/3063
f 3058/3058 3059/3059 3064/3064
f 1174/1174 1179/1179 1180/1180
f 1174/1174 1180/1180 1175/1175
f 3059/3059 3065/3065 3064/3064
f 3059/3059 3060/3060 3065/3065
f 1171/1171 3061/3061 1176/1176
f 1171/1171 3056/3056 3061/3061
f 1175/1175 1180/1180 3065/3065
f 1175/1175 3065/3065 3060/3060
f 1176/1176 1181/1181 1182/1182
f 1176/1176 1182/1182 1177/1177
f 3061/3061 3067/3067 3066/3066
f 3061/3061 3062/3062 3067/3067
f 1177/1177 1182/1182 1183/1183
f 1177/1177 1183/1183 1178/1178
f 3062/3062 3068/3068 3067/3067
f 3062/3062 3063/3063 3068/3068
f 1178/1178 1183/1183 1184/1184
f 1178/1178 1184/1184 1179/1179
f 3063/3063 3069/3069 3068/3068
f 3063/3063 3064/3064 3069/3069
f 1179/1179 1184/1184 1185/1185
f 1179/1179 1185/1185 1180/1180
f 3064/3064 3070/3070 3069/3069
f 3064/3064 3065/3065 3070/3070
f 1176/1176 3066/3066 1181/1181
f 1176/1176 3061/3061 3066/3066
f 1180/1180 1185/1185 3070/3070
f 1180/1180 3070/3070 3065/3065
f 1181/1181 1186/1186 1187/1187
f 1181/1181 1187/1187 1182/1182
f 3066/3066 3072/3072 3071/3071
f 3066/3066 3067/3067 3072/3072
f 1182/1182 1187/1187 1188/1188
f 1182/1182 1188/1188 1183/1183
f 3067/3067 3073/3073 3072/3072
f 3067/3067 3068/3068 3073/3073
f 1183/1183 1188/1188 1189/1189
f 1183/1183 1189/1189 1184/1184
f 3068/3068 3074/3074 3073/3073
f 3068/3068 3069/3069 3074/3074
f 1184/1184 1189/1189 1190/1190
f 1184/1184 1190/1190 1185/1185
f 3069/3069 3075/3075 3074/3074
f 3069/3069 3070/3070 3075/3075
f 1181/1181 3071/3071 1186/1186
f 1181/1181 3066/3066 3071/3071
f 1185/1185 1190/1190 3075/3075
f 1185/1185 3075/3075 3070/3070
f 1186/1186 1191/1191 1192/1192
f 1186/1186 1192/1192 1187/1187
f 3071/3071 3077/3077 3076/3076
f 3071/3071 3072/3072 3077/3077
f 1187/1187 1192/1192 1193/1193
f 1187/1187 1193/1193 1188/1188
f 3072/3072 3078/3078 3077/3077
f 3072/3072 3073/3073 3078/3078
f 1188/1188 1193/1193 1194/1194
f 1188/1188 1194/1194 1189/1189
f 3073/3073 3079/3079 3078/3078
f 3073/3073 3074/3074 3079/3079
f 1189/1189 1194/1194 1195/1195
f 1189/1189 1195/1195 1190/1190
f 3074/3074 3080/3080 3079/3079
f 3074/3074 3075/3075 3080/3080
f 1186/1186 3076/3076 1191/1191
f 1186/1186 3071/3071 3076/3076
f 1190/1190 1195/1195 3080/3080
f 1190/1190 3080/3080 3075/3075
f 1191/1191 1196/1196 1197/1197
f 1191/1191 1197/1197 1192/1192
f 3076/3076 3082/3082 3081/3081
f 3076/3076 3077/3077 3082/3082
f 1192/1192 1197/1197 1198/1198
f 1192/1192 1198/1198 1193/1193
f 3077/3077 3083/3083 3082/3082
f 3077/3077 3078/3078 3083/3083
f 1193/1193 1198/1198 1199/1199
f 1193/1193 1199/1199 1194/1194
f 3078/3078 3084/3084 3083/3083
f 3078/3078 3079/3079 3084/3084
f 1194/1194 1199/1199 1200/1200
f 1194/1194 1200/1200 1195/1195
f 3079/3079 3085/3085 3084/3084
f 3079/3079 3080/3080 3085/3085
f 1191/1191 3081/3081 1196/1196
f 1191/1191 3076/3076 3081/3081
f 1195/1195 1200/1200 3085/3085
f 1195/1195 3085/3085 3080/3080
f 1196/1196 1201/1201 1202/1202
f 1196/1196 1202/1202 1197/1197
f 3081/3081 3087/3087 3086/3086
f 3081/3081 3082/3082 3087/3087
f 1197/1197 1202/1202 1203/1203
f 1197/1197 1203/1203 1198/1198
f 3082/3082 3088/3088 3087/3087
f 3082/3082 3083/3083 3088/3088
f 1198/1198 1203/1203 1204/1204
f 1198/1198 1204/1204 1199/1199
f 3083/3083 3089/3089 3088/3088
f 3083/3083 3084/3084 3089/3089
f 1199/1199 1204/1204 1205/1205
f 1199/1199 1205/1205 1200/1200
f 3084/3084 3090/3090 3089/3089
f 3084/3084 3085/3085 3090/3090
f 1196/1196 3086/3086 1201/1201
f 1196/1196 3081/3081 3086/3086
f 1200/1200 1205/1205 3090/3090
f 1200/1200 3090/3090 3085/3085
f 1201/1201 1206/1206 1207/1207
f 1201/1201 1207/1207 1202/1202
f 3086/3086 3092/3092 3091/3091
f 3086/3086 3087/3087 3092/3092
f 1202/1202 1207/1207 1208/1208
f 1202/1202 1208/1208 1203/1203
f 3087/3087 3093/3093 3092/3092
f 3087/3087 3088/3088 3093/3093
f 1203/1203 1208/1208 1209/1209
f 1203/1203 1209/1209 1204/1204
f 3088/3088 3094/3094 3093/3093
f 3088/3088 3089/3089 3094/3094
f 1204/1204 1209/1209 1210/1210
f 1204/1204 1210/1210 1205/1205
f 3089/3089 3095/3095 3094/3094
f 3089/3089 3090/3090 3095/3095
f 1201/1201 3091/3091 1206/1206
f 1201/1201 3086/3086 3091/3091
f 1205/1205 1210/1210 3095/3095
f 1205/1205 3095/3095 3090/3090
f 1206/1206 1211/1211 1212/1212
f 1206/1206 1212/1212 1207/1207
f 3091/3091 3097/3097 3096/3096
f 3091/3091 3092/3092 3097/3097
f 1207/1207 1212/1212 1213/1213
f 1207/1207 1213/1213 1208/1208
f 3092/3092 3098/3098 3097/3097
f 3092/3092 3093/3093 3098/3098
f 1208/1208 1213/1213 1214/1214
f 1208/1208 1214/1214 1209/1209
f 3093/3093 3099/3099 3098/3098
f 3093/3093 3094/3094 3099/3099
f 1209/1209 1214/1214 1215/1215
f 1209/1209 1215/1215 1210/1210
f 3094/3094 3100/3100 3099/3099
f 3094/3094 3095/3095 3100/3100
f 1206/1206 3096/3096 1211/1211
f 1206/1206 3091/3091 3096/3096
f 1210/1210 1215/1215 3100/3100
f 1210/1210 3100/3100 3095/3095
f 1211/1211 1216/1216 1217/1217
f 1211/1211 1217/1217 1212/1212
f 3096/3096 3102/3102 3101/3101
f 3096/3096 3097/3097 3102/3102
f 1212/1212 1217/1217 1218/1218
f 1212/1212 1218/1218 1213/1213
f 3097/3097 3103/3103 3102/3102
f 3097/3097 3098/3098 3103/3103
f 1213/1213 1218/1218 1219/1219
f 1213/1213 1219/1219 1214/1214
f 3098/3098 3104/3104 3103/3103
f 3098/3098 3099/3099 3104/3104
f 1214/1214 1219/1219 1220/1220
f 1214/1214 1220/1220 1215/1215
f 3099/3099 3105/3105 3104/3104
f 3099/3099 3100/3100 3105/3105
f 1211/1211 3101/3101 1216/1216
f 1211/1211 3096/3096 3101/3101
f 1215/1215 1220/1220 3105/3105
f 1215/1215 3105/3105 3100/3100
f 1216/1216 1221/1221 1222/1222
f 1216/1216 1222/1222 1217/1217
f 3101/3101 3107/3107 3106/3106
f 3101/3101 3102/3102 3107/3107
f 1217/1217 1222/1222 1223/1223
f 1217/1217 1223/1223 1218/1218
f 3102/3102 3108/3108 3107/3107
f 3102/3102 3103/3103 3108/3108
f 1218/1218 1223/1223 1224/1224
f 1218/1218 1224/1224 1219/1219
f 3103/3103 3109/3109 3108/3108
f 3103/3103 3104/3104 3109/3109
f 1219/1219 1224/1224 1225/1225
f 1219/1219 1225/1225 1220/1220
f 3104/3104 3110/3110 3109/3109
f 3104/3104 3105/3105 3110/3110
f 1216/1216 3106/3106 1221/1221
f 1216/1216 3101/3101 3106/3106
f 1220/1220 1225/1225 3110/3110
f 1220/1220 3110/3110 3105/3105
f 1221/1221 1226/1226 1227/1227
f 1221/1221 1227/1227 1222/1222
f 3106/3106 3112/3112 3111/3111
f 3106/3106 3107/3107 3112/3112
f 1222/1222 1227/1227 1228/1228
f 1222/1222 1228/1228 1223/1223
f 3107/3107 3113/3113 3112/3112
f 3107/3107 3108/3108 3113/3113
f 1223/1223 1228/1228 1229/1229
f 1223/1223 1229/1229 1224/1224
f 3108/3108 3114/3114 3113/3113
f 3108/3108 3109/3109 3114/3114
f 1224/1224 1229/1229 1230/1230
f 1224/1224 1230/1230 1225/1225
f 3109/3109 3115/3115 3114/3114
f 3109/3109 3110/3110 3115/3115
f 1221/1221 3111/3111 1226/1226
f 1221/1221 3106/3106 3111/3111
f 1225/1225 1230/1230 3115/3115
f 1225/1225 3115/3115 3110/3110
f 1226/1226 1231/1231 1232/1232
f 1226/1226 1232/1232 1227/1227
f 3111/3111 3117/3117 3116/3116
f 3111/3111 3112/3112 3117/3117
f 1227/1227 1232/1232 1233/1233
f 1227/1227 1233/1233 1228/1228
f 3112/3112 3118/3118 3117/3117
f 3112/3112 3113/3113 3118/3118
f 1228/1228 1233/1233 1234/1234
f 1228/1228 1234/1234 1229/1229
f 3113/3113 3119/3119 3118/3118
f 3113/3113 3114/3114 3119/3119
f 1229/1229 1234/1234 1235/1235
f 1229/1229 1235/1235 1230/1230
f 3114/3114 3120/3120 3119/3119
f 3114/3114 3115/3115 3120/3120
f 1226/1226 3116/3116 1231/1231
f 1226/1226 3111/3111 3116/3116
f 1230/1230 1235/1235 3120/3120
f 1230/1230 3120/3120 3115/3115
f 1231/1231 1236/1236 1237/1237
f 1231/1231 1237/1237 1232/1232
f 3116/3116 3122/3122 3121/3121
f 3116/3116 3117/3117 3122/3122
f 1232/1232 1237/1237 1238/1238
f 1232/1232 1238/1238 1233/1233
f 3117/3117 3123/3123 3122/3122
f 3117/3117 3118/3118 3123/3123
f 1233/1233 1238/1238 1239/1239
f 1233/1233 1239/1239 1234/1234
f 3118/3118 3124/3124 3123/3123
f 3118/3118 3119/3119 3124/3124
f 1234/1234 1239/1239 1240/1240
f 1234/1234 1240/1240 1235/1235
f 3119/3119 3125/3125 3124/3124
f 3119/3119 3120/3120 3125/3125
f 1231/1231 3121/3121 1236/1236
f 1231/1231 3116/3116 3121/3121
f 1235/1235 1240/1240 3125/3125
f 1235/1235 3125/3125 3120/3120
f 1236/1236 1241/1241 1242/1242
f 1236/1236 1242/1242 1237/1237
f 3121/3121 3127/3127 3126/3126
f 3121/3121 3122/3122 3127/3127
f 1237/1237 1242/1242 1243/1243
f 1237/1237 1243/1243 1238/1238
f 3122/3122 3128/3128 3127/3127
f 3122/3122 3123/3123 3128/3128
f 1238/1238 1243/1243 1244/1244
f 1238/1238 1244/1244 1239/1239
f 3123/3123 3129/3129 3128/3128
f 3123/3123 3124/3124 3129/3129
f 1239/1239 1244/1244 1245/1245
f 1239/1239 1245/1245 1240/1240
f 3124/3124 3130/3130 3129/3129
f 3124/3124 3125/3125 3130/3130
f 1236/1236 3126/3126 1241/1241
f 1236/1236 3121/3121 3126/3126
f 1240/1240 1245/1245 3130/3130
f 1240/1240 3130/3130 3125/3125
f 1241/1241 1246/1246 1247/1247
f 1241/1241 1247/1247 1242/1242
f 3126/3126 3132/3132 3131/3131
f 3126/3126 3127/3127 3132/3132
f 1242/1242 1247/1247 1248/1248
f 1242/1242 1248/1248 1243/1243
f 3127/3127 3133/3133 3132/3132
f 3127/3127 3128/3128 3133/3133
f 1243/1243 1248/1248 1249/1249
f 1243/1243 1249/1249 1244/1244
f 3128/3128 3134/3134 3133/3133
f 3128/3128 3129/3129 3134/3134
f 1244/1244 1249/1249 1250/1250
f 1244/1244 1250/1250 1245/1245
f 3129/3129 3135/3135 3134/3134
f 3129/3129 3130/3130 3135/3135
f 1241/1241 3131/3131 1246/1246
f 1241/1241 3126/3126 3131/3131
f 1245/1245 1250/1250 3135/3135
f 1245/1245 3135/3135 3130/3130
f 1246/1246 1251/1251 1252/1252
f 1246/1246 1252/1252 1247/1247
f 3131/3131 3137/3137 3136/3136
f 3131/3131 3132/3132 3137/3137
f 1247/1247 1252/1252 1253/1253
f 1247/1247 1253/1253 1248/1248
f 3132/3132 3138/3138 3137/3137
f 3132/3132 3133/3133 3138/3138
f 1248/1248 1253/1253 1254/1254
f 1248/1248 1254/1254 1249/1249
f 3133/3133 3139/3139 3138/3138
f 3133/3133 3134/3134 3139/3139
f 1249/1249 1254/1254 1255/1255
f 1249/1249 1255/1255 1250/1250
f 3134/3134 3140/3140 3139/3139
f 3134/3134 3135/3135 3140/3140
f 1246/1246 3136/3136 1251/1251
f 1246/1246 3131/3131 3136/3136
f 1250/1250 1255/1255 3140/3140
f 1250/1250 3140/3140 3135/3135
f 1251/1251 1256/1256 1257/1257
f 1251/1251 1257/1257 1252/1252
f 3136/3136 3142/3142 3141/3141
f 3136/3136 3137/3137 3142/3142
f 1252/1252 1257/1257 1258/1258
f 1252/1252 1258/1258 1253/1253
f 3137/3137 3143/3143 3142/3142
f 3137/3137 3138/3138 3143/3143
f 1253/1253 1258/1258 1259/1259
f 1253/1253 1259/1259 1254/1254
f 3138/3138 3144/3144 3143/3143
f 3138/3138 3139/3139 3144/3144
f 1254/1254 1259/1259 1260/1260
f 1254/1254 1260/1260 1255/1255
f 3139/3139 3145/3145 3144/3144
f 3139/3139 3140/3140 3145/3145
f 1251/1251 3141/3141 1256/1256
f 1251/1251 3136/3136 3141/3141
f 1255/1255 1260/1260 3145/3145
f 1255/1255 3145/3145 3140/3140
f 1256/1256 1261/1261 1262/1262
f 1256/1256 1262/1262 1257/1257
f 3141/3141 3147/3147 3146/3146
f 3141/3141 3142/3142 3147/3147
f 1257/1257 1262/1262 1263/1263
f 1257/1257 1263/1263 1258/1258
f 3142/3142 3148/3148 3147/3147
f 3142/3142 3143/3143 3148/3148
f 1258/1258 1263/1263 1264/1264
f 1258/1258 1264/1264 1259/1259
f 3143/3143 3149/3149 3148/3148
f 3143/3143 3144/3144 3149/3149
f 1259/1259 1264/1264 1265/1265
f 1259/1259 1265/1265 1260/1260
f 3144/3144 3150/3150 3149/3149
f 3144/3144 3145/3145 3150/3150
f 1256/1256 3146/3146 1261/1261
f 1256/1256 3141/3141 3146/3146
f 1260/1260 1265/1265 3150/3150
f 1260/1260 3150/3150 3145/3145
f 1261/1261 1266/1266 1267/1267
f 1261/1261 1267/1267 1262/1262
f 3146/3146 3152/3152 3151/3151
f 3146/3146 3147/3147 3152/3152
f 1262/1262 1267/1267 1268/1268
f 1262/1262 1268/1268 1263/1263
f 3147/3147 3153/3153 3152/3152
f 3147/3147 3148/3148 3153/3153
f 1263/1263 1268/1268 1269/1269
f 1263/1263 1269/1269 1264/1264
f 3148/3148 3154/3154 3153/3153
f 3148/3148 3149/3149 3154/3154
f 1264/1264 1269/1269 1270/1270
f 1264/1264 1270/1270 1265/1265
f 3149/3149 3155/3155 3154/3154
f 3149/3149 3150/3150 3155/3155
f 1261/1261 3151/3151 1266/1266
f 1261/1261 3146/3146 3151/3151
f 1265/1265 1270/1270 3155/3155
f 1265/1265 3155/3155 3150/3150
f 1266/1266 1271/1271 1272/1272
f 1266/1266 1272/1272 1267/1267
f 3151/3151 3157/3157 3156/3156
f 3151/3151 3152/3152 3157/3157
f 1267/1267 1272/1272 1273/1273
f 1267/1267 1273/1273 1268/1268
f 3152/3152 3158/3158 3157/3157
f 3152/3152 3153/3153 3158/3158
f 1268/1268 1273/1273 1274/1274
f 1268/1268 1274/1274 1269/1269
f 3153/3153 3159/3159 3158/3158
f 3153/3153 3154/3154 3159/3159
f 1269/1269 1274/1274 1275/1275
f 1269/1269 1275/1275 1270/1270
f 3154/3154 3160/3160 3159/3159
f 3154/3154 3155/3155 3160/3160
f 1266/1266 3156/3156 1271/1271
f 1266/1266 3151/3151 3156/3156
f 1270/1270 1275/1275 3160/3160
f 1270/1270 3160/3160 3155/3155
f 1271/1271 1276/1276 1277/1277
f 1271/1271 1277/1277 1272/1272
f 3156/3156 3162/3162 3161/3161
f 3156/3156 3157/3157 3162/3162
f 1272/1272 1277/1277 1278/1278
f 1272/1272 1278/1278 1273/1273
f 3157/3157 3163/3163 3162/3162
f 3157/3157 3158/3158 3163/3163
f 1273/1273 1278/1278 1279/1279
f 1273/1273 1279/1279 1274/1274
f 3158/3158 3164/3164 3163/3163
f 3158/3158 3159/3159 3164/3164
f 1274/1274 1279/1279 1280/1280
f 1274/1274 1280/1280 1275/1275
f 3159/3159 3165/3165 3164/3164
f 3159/3159 3160/3160 3165/3165
f 1271/1271 3161/3161 1276/1276
f 1271/1271 3156/3156 3161/3161
f 1275/1275 1280/1280 3165/3165
f 1275/1275 3165/3165 3160/3160
f 1276/1276 1281/1281 1282/1282
f 1276/1276 1282/1282 1277/1277
f 3161/3161 3167/3167 3166/3166
f 3161/3161 3162/3162 3167/3167
f 1277/1277 1282/1282 1283/1283
f 1277/1277 1283/1283 1278/1278
f 3162/3162 3168/3168 3167/3167
f 3162/3162 3163/3163 3168/3168
f 1278/1278 1283/1283 1284/1284
f 1278/1278 1284/1284 1279/1279
f 3163/3163 3169/3169 3168/3168
f 3163/3163 3164/3164 3169/3169
f 1279/1279 1284/1284 1285/1285
f 1279/1279 1285/1285 1280/1280
f 3164/3164 3170/3170 3169/3169
f 3164/3164 3165/3165 3170/3170
f 1276/1276 3166/3166 1281/1281
f 1276/1276 3161/3161 3166/3166
f 1280/1280 1285/1285 3170/3170
f 1280/1280 3170/3170 3165/3165
f 1281/1281 1286/1286 1287/1287
f 1281/1281 1287/1287 1282/1282
f 3166/3166 3172/3172 3171/3171
f 3166/3166 3167/3167 3172/3172
f 1282/1282 1287/1287 1288/1288
f 1282/1282 1288/1288 1283/1283
f 3167/3167 3173/3173 3172/3172
f 3167/3167 3168/3168 3173/3173
f 1283/1283 1288/1288 1289/1289
f 1283/1283 1289/1289 1284/1284
f 3168/3168 3174/3174 3173/3173
f 3168/3168 3169/3169 3174/3174
f 1284/1284 1289/1289 1290/1290
f 1284/1284 1290/1290 1285/1285
f 3169/3169 3175/3175 3174/3174
f 3169/3169 3170/3170 3175/3175
f 1281/1281 3171/3171 1286/1286
f 1281/1281 3166/3166 3171/3171
f 1285/1285 1290/1290 3175/3175
f 1285/1285 3175/3175 3170/3170
f 1286/1286 1291/1291 1292/1292
f 1286/1286 1292/1292 1287/1287
f 3171/3171 3177/3177 3176/3176
f 3171/3171 3172/3172 3177/3177
f 1287/1287 1292/1292 1293/1293
f 1287/1287 1293/1293 1288/1288
f 3172/3172 3178/3178 3177/3177
f 3172/3172 3173/3173 3178/3178
f 1288/1288 1293/1293 1294/1294
f 1288/1288 1294/1294 1289/1289
f 3173/3173 3179/3179 3178/3178
f 3173/3173 3174/3174 3179/3179
f 1289/1289 1294/1294 1295/1295
f 1289/1289 1295/1295 1290/1290
f 3174/3174 3180/3180 3179/3179
f 3174/3174 3175/3175 3180/3180
f 1286/1286 3176/3176 1291/1291
f 1286/1286 3171/3171 3176/3176
f 1290/1290 1295/1295 3180/3180
f 1290/1290 3180/3180 3175/3175
f 1291/1291 1296/1296 1297/1297
f 1291/1291 1297/1297 1292/1292
f 3176/3176 3182/3182 3181/3181
f 3176/3176 3177/3177 3182/3182
f 1292/1292 1297/1297 1298/1298
f 1292/1292 1298/1298 1293/1293
f 3177/3177 3183/3183 3182/3182
f 3177/3177 3178/3178 3183/3183
f 1293/1293 1298/1298 1299/1299
f 1293/1293 1299/1299 1294/1294
f 3178/3178 3184/3184 3183/3183
f 3178/3178 3179/3179 3184/3184
f 1294/1294 1299/1299 1300/1300
f 1294/1294 1300/1300 1295/1295
f 3179/3179 3185/3185 3184/3184
f 3179/3179 3180/3180 3185/3185
f 1291/1291 3181/3181 1296/1296
f 1291/1291 3176/3176 3181/3181
f 1295/1295 1300/1300 3185/3185
f 1295/1295 3185/3185 3180/3180
f 1296/1296 1301/1301 1302/1302
f 1296/1296 1302/1302 1297/1297
f 3181/3181 3187/3187 3186/3186
f 3181/3181 3182/3182 3187/3187
f 1297/1297 1302/1302 1303/1303
f 1297/1297 1303/1303 1298/1298
f 3182/3182 3188/3188 3187/3187
f 3182/3182 3183/3183 3188/3188
f 1298/1298 1303/1303 1304/1304
f 1298/1298 1304/1304 1299/1299
f 3183/3183 3189/3189 3188/3188
f 3183/3183 3184/3184 3189/3189
f 1299/1299 1304/1304 1305/1305
f 1299/1299 1305/1305 1300/1300
f 3184/3184 3190/3190 3189/3189
f 3184/3184 3185/3185 3190/3190
f 1296/1296 3186/3186 1301/1301
f 1296/1296 3181/3181 3186/3186
f 1300/1300 1305/1305 3190/3190
f 1300/1300 3190/3190 3185/3185
f 1301/1301 1306/1306 1307/1307
f 1301/1301 1307/1307 1302/1302
f 3186/3186 3192/3192 3191/3191
f 3186/3186 3187/3187 3192/3192
f 1302/1302 1307/1307 1308/1308
f 1302/1302 1308/1308 1303/1303
f 3187/3187 3193/3193 3192/3192
f 3187/3187 3188/3188 3193/3193
f 1303/1303 1308/1308 1309/1309
f 1303/1303 1309/1309 1304/1304
f 3188/3188 3194/3194 3193/3193
f 3188/3188 3189/3189 3194/3194
f 1304/1304 1309/1309 1310/1310
f 1304/1304 1310/1310 1305/1305
f 3189/3189 3195/3195 3194/3194
f 3189/3189 3190/3190 3195/3195
f 1301/1301 3191/3191 1306/1306
f 1301/1301 3186/3186 3191/3191
f 1305/1305 1310/1310 3195/3195
f 1305/1305 3195/3195 3190/3190
f 1306/1306 1311/1311 1312/1312
f 1306/1306 1312/1312 1307/1307
f 3191/3191 3197/3197 3196/3196
f 3191/3191 3192/3192 3197/3197
f 1307/1307 1312/1312 1313/1313
f 1307/1307 1313/1313 1308/1308
f 3192/3192 3198/3198 3197/3197
f 3192/3192 3193/3193 3198/3198
f 1308/1308 1313/1313 1314/1314
f 1308/1308 1314/1314 1309/1309
f 3193/3193 3199/3199 3198/3198
f 3193/3193 3194/3194 3199/3199
f 1309/1309 1314/1314 1315/1315
f 1309/1309 1315/1315 1310/1310
f 3194/3194 3200/3200 3199/3199
f 3194/3194 3195/3195 3200/3200
f 1306/1306 3196/3196 1311/1311
f 1306/1306 3191/3191 3196/3196
f 1310/1310 1315/1315 3200/3200
f 1310/1310 3200/3200 3195/3195
f 1311/1311 1316/1316 1317/1317
f 1311/1311 1317/1317 1312/1312
f 3196/3196 3202/3202 3201/3201
f 3196/3196 3197/3197 3202/3202
f 1312/1312 1317/1317 1318/1318
f 1312/1312 1318/1318 1313/1313
f 3197/3197 3203/3203 3202/3202
f 3197/3197 3198/3198 3203/3203
f 1313/1313 1318/1318 1319/1319
f 1313/1313 1319/1319 1314/1314
f 3198/3198 3204/3204 3203/3203
f 3198/3198 3199/3199 3204/3204
f 1314/1314 1319/1319 1320/1320
f 1314/1314 1320/1320 1315/1315
f 3199/3199 3205/3205 3204/3204
f 3199/3199 3200/3200 3205/3205
f 1311/1311 3201/3201 1316/1316
f 1311/1311 3196/3196 3201/3201
f 1315/1315 1320/1320 3205/3205
f 1315/1315 3205/3205 3200/3200
f 1316/1316 1321/1321 1322/1322
f 1316/1316 1322/1322 1317/1317
f 3201/3201 3207/3207 3206/3206
f 3201/3201 3202/3202 3207/3207
f 1317/1317 1322/1322 1323/1323
f 1317/1317 1323/1323 1318/1318
f 3202/3202 3208/3208 3207/3207
f 3202/3202 3203/3203 3208/3208
f 1318/1318 1323/1323 1324/1324
f 1318/1318 1324/1324 1319/1319
f 3203/3203 3209/3209 3208/3208
f 3203/3203 3204/3204 3209/3209
f 1319/1319 1324/1324 1325/1325
f 1319/1319 1325/1325 1320/1320
f 3204/3204 3210/3210 3209/3209
f 3204/3204 3205/3205 3210/3210
f 1316/1316 3206/3206 1321/1321
f 1316/1316 3201/3201 3206/3206
f 1320/1320 1325/1325 3210/3210
f 1320/1320 3210/3210 3205/3205
f 1321/1321 1326/1326 1327/1327
f 1321/1321 1327/1327 1322/1322
f 3206/3206 3212/3212 3211/3211
f 3206/3206 3207/3207 3212/3212
f 1322/1322 1327/1327 1328/1328
f 1322/1322 1328/1328 1323/1323
f 3207/3207 3213/3213 3212/3212
f 3207/3207 3208/3208 3213/3213
f 1323/1323 1328/1328 1329/1329
f 1323/1323 1329/1329 1324/1324
f 3208/3208 3214/3214 3213/3213
f 3208/3208 3209/3209 3214/3214
f 1324/1324 1329/1329 1330/1330
f 1324/1324 1330/1330 1325/1325
f 3209/3209 3215/3215 3214/3214
f 3209/3209 3210/3210 3215/3215
f 1321/1321 3211/3211 1326/1326
f 1321/1321 3206/3206 3211/3211
f 1325/1325 1330/1330 3215/3215
f 1325/1325 3215/3215 3210/3210
f 1326/1326 1331/1331 1332/1332
f 1326/1326 1332/1332 1327/1327
f 3211/3211 3217/3217 3216/3216
f 3211/3211 3212/3212 3217/3217
f 1327/1327 1332/1332 1333/1333
f 1327/1327 1333/1333 1328/1328
f 3212/3212 3218/3218 3217/3217
f 3212/3212 3213/3213 3218/3218
f 1328/1328 1333/1333 1334/1334
f 1328/1328 1334/1334 1329/1329
f 3213/3213 3219/3219 3218/3218
f 3213/3213 3214/3214 3219/3219
f 1329/1329 1334/1334 1335/1335
f 1329/1329 1335/1335 1330/1330
f 3214/3214 3220/3220 3219/3219
f 3214/3214 3215/3215 3220/3220
f 1326/1326 3216/3216 1331/1331
f 1326/1326 3211/3211 3216/3216
f 1330/1330 1335/1335 3220/3220
f 1330/1330 3220/3220 3215/3215
f 1331/1331 1336/1336 1337/1337
f 1331/1331 1337/1337 1332/1332
f 3216/3216 3222/3222 3221/3221
f 3216/3216 3217/3217 3222/3222
f 1332/1332 1337/1337 1338/1338
f 1332/1332 1338/1338 1333/1333
f 3217/3217 3223/3223 3222/3222
f 3217/3217 3218/3218 3223/3223
f 1333/1333 1338/1338 1339/1339
f 1333/1333 1339/1339 1334/1334
f 3218/3218 3224/3224 3223/3223
f 3218/3218 3219/3219 3224/3224
f 1334/1334 1339/1339 1340/1340
f 1334/1334 1340/1340 1335/1335
f 3219/3219 3225/3225 3224/3224
f 3219/3219 3220/3220 3225/3225
f 1331/1331 3221/3221 1336/1336
f 1331/1331 3216/3216 3221/3221
f 1335/1335 1340/1340 3225/3225
f 1335/1335 3225/3225 3220/3220
f 1336/1336 1341/1341 1342/1342
f 1336/1336 1342/1342 1337/1337
f 3221/3221 3227/3227 3226/3226
f 3221/3221 3222/3222 3227/3227
f 1337/1337 1342/1342 1343/1343
f 1337/1337 1343/1343 1338/1338
f 3222/3222 3228/3228 3227/3227
f 3222/3222 3223/3223 3228/3228
f 1338/1338 1343/1343 1344/1344
f 1338/1338 1344/1344 1339/1339
f 3223/3223 3229/3229 3228/3228
f 3223/3223 3224/3224 3229/3229
f 1339/1339 1344/1344 1345/1345
f 1339/1339 1345/1345 1340/1340
f 3224/3224 3230/3230 3229/3229
f 3224/3224 3225/3225 3230/3230
f 1336/1336 3226/3226 1341/1341
f 1336/1336 3221/3221 3226/3226
f 1340/1340 1345/1345 3230/3230
f 1340/1340 3230/3230 3225/3225
f 1341/1341 1346/1346 1347/1347
f 1341/1341 1347/1347 1342/1342
f 3226/3226 3232/3232 3231/3231
f 3226/3226 3227/3227 3232/3232
f 1342/1342 1347/1347 1348/1348
f 1342/1342 1348/1348 1343/1343
f 3227/3227 3233/3233 3232/3232
f 3227/3227 3228/3228 3233/3233
f 1343/1343 1348/1348 1349/1349
f 1343/1343 1349/1349 1344/1344
f 3228/3228 3234/3234 3233/3233
f 3228/3228 3229/3229 3234/3234
f 1344/1344 1349/1349 1350/1350
f 1344/1344 1350/1350 1345/1345
f 3229/3229 3235/3235 3234/3234
f 3229/3229 3230/3230 3235/3235
f 1341/1341 3231/3231 1346/1346
f 1341/1341 3226/3226 3231/3231
f 1345/1345 1350/1350 3235/3235
f 1345/1345 3235/3235 3230/3230
f 1346/1346 1351/1351 1352/1352
f 1346/1346 1352/1352 1347/1347
f 3231/3231 3237/3237 3236/3236
f 3231/3231 3232/3232 3237/3237
f 1347/1347 1352/1352 1353/1353
f 1347/1347 1353/1353 1348/1348
f 3232/3232 3238/3238 3237/3237
f 3232/3232 3233/3233 3238/3238
f 1348/1348 1353/1353 1354/1354
f 1348/1348 1354/1354 1349/1349
f 3233/3233 3239/3239 3238/3238
f 3233/3233 3234/3234 3239/3239
f 1349/1349 1354/1354 1355/1355
f 1349/1349 1355/1355 1350/1350
f 3234/3234 3240/3240 3239/3239
f 3234/3234 3235/3235 3240/3240
f 1346/1346 3236/3236 1351/1351
f 1346/1346 3231/3231 3236/3236
f 1350/1350 1355/1355 3240/3240
f 1350/1350 3240/3240 3235/3235
f 1351/1351 1356/1356 1357/1357
f 1351/1351 1357/1357 1352/1352
f 3236/3236 3242/3242 3241/3241
f 3236/3236 3237/3237 3242/3242
f 1352/1352 1357/1357 1358/1358
f 1352/1352 1358/1358 1353/1353
f 3237/3237 3243/3243 3242/3242
f 3237/3237 3238/3238 3243/3243
f 1353/1353 1358/1358 1359/1359
f 1353/1353 1359/1359 1354/1354
f 3238/3238 3244/3244 3243/3243
f 3238/3238 3239/3239 3244/3244
f 1354/1354 1359/1359 1360/1360
f 1354/1354 1360/1360 1355/1355
f 3239/3239 3245/3245 3244/3244
f 3239/3239 3240/3240 3245/3245
f 1351/1351 3241/3241 1356/1356
f 1351/1351 3236/3236 3241/3241
f 1355/1355 1360/1360 3245/3245
f 1355/1355 3245/3245 3240/3240
f 1356/1356 1361/1361 1362/1362
f 1356/1356 1362/1362 1357/1357
f 3241/3241 3247/3247 3246/3246
f 3241/3241 3242/3242 3247/3247
f 1357/1357 1362/1362 1363/1363
f 1357/1357 1363/1363 1358/1358
f 3242/3242 3248/3248 3247/3247
f 3242/3242 3243/3243 3248/3248
f 1358/1358 1363/1363 1364/1364
f 1358/1358 1364/1364 1359/1359
f 3243/3243 3249/3249 3248/3248
f 3243/3243 3244/3244 3249/3249
f 1359/1359 1364/1364 1365/1365
f 1359/1359 1365/1365 1360/1360
f 3244/3244 3250/3250 3249/3249
f 3244/3244 3245/3245 3250/3250
f 1356/1356 3246/3246 1361/1361
f 1356/1356 3241/3241 3246/3246
f 1360/1360 1365/1365 3250/3250
f 1360/1360 3250/3250 3245/3245
f 1361/1361 1366/1366 1367/1367
f 1361/1361 1367/1367 1362/1362
f 3246/3246 3252/3252 3251/3251
f 3246/3246 3247/3247 3252/3252
f 1362/1362 1367/1367 1368/1368
f 1362/1362 1368/1368 1363/1363
f 3247/3247 3253/3253 3252/3252
f 3247/3247 3248/3248 3253/3253
f 1363/1363 1368/1368 1369/1369
f 1363/1363 1369/1369 1364/1364
f 3248/3248 3254/3254 3253/3253
f 3248/3248 3249/3249 3254/3254
f 1364/1364 1369/1369 1370/1370
f 1364/1364 1370/1370 1365/1365
f 3249/3249 3255/3255 3254/3254
f 3249/3249 3250/3250 3255/3255
f 1361/1361 3251/3251 1366/1366
f 1361/1361 3246/3246 3251/3251
f 1365/1365 1370/1370 3255/3255
f 1365/1365 3255/3255 3250/3250
f 1366/1366 1371/1371 1372/1372
f 1366/1366 1372/1372 1367/1367
f 3251/3251 3257/3257 3256/3256
f 3251/3251 3252/3252 3257/3257
f 1367/1367 1372/1372 1373/1373
f 1367/1367 1373/1373 1368/1368
f 3252/3252 3258/3258 3257/3257
f 3252/3252 3253/3253 3258/3258
f 1368/1368 1373/1373 1374/1374
f 1368/1368 1374/1374 1369/1369
f 3253/3253 3259/3259 3258/3258
f 3253/3253 3254/3254 3259/3259
f 1369/1369 1374/1374 1375/1375
f 1369/1369 1375/1375 1370/1370
f 3254/3254 3260/3260 3259/3259
f 3254/3254 3255/3255 3260/3260
f 1366/1366 3256/3256 1371/1371
f 1366/1366 3251/3251 3256/3256
f 1370/1370 1375/1375 3260/3260
f 1370/1370 3260/3260 3255/3255
f 1371/1371 1376/1376 1377/1377
f 1371/1371 1377/1377 1372/1372
f 3256/3256 3262/3262 3261/3261
f 3256/3256 3257/3257 3262/3262
f 1372/1372 1377/1377 1378/1378
f 1372/1372 1378/1378 1373/1373
f 3257/3257 3263/3263 3262/3262
f 3257/3257 3258/3258 3263/3263
f 1373/1373 1378/1378 1379/1379
f 1373/1373 1379/1379 1374/1374
f 3258/3258 3264/3264 3263/3263
f 3258/3258 3259/3259 3264/3264
f 1374/1374 1379/1379 1380/1380
f 1374/1374 1380/1380 1375/1375
f 3259/3259 3265/3265 3264/3264
f 3259/3259 3260/3260 3265/3265
f 1371/1371 3261/3261 1376/1376
f 1371/1371 3256/3256 3261/3261
f 1375/1375 1380/1380 3265/3265
f 1375/1375 3265/3265 3260/3260
f 1376/1376 1381/1381 1382/1382
f 1376/1376 1382/1382 1377/1377
f 3261/3261 3267/3267 3266/3266
f 3261/3261 3262/3262 3267/3267
f 1377/1377 1382/1382 1383/1383
f 1377/1377 1383/1383 1378/1378
f 3262/3262 3268/3268 3267/3267
f 3262/3262 3263/3263 3268/3268
f 1378/1378 1383/1383 1384/1384
f 1378/1378 1384/1384 1379/1379
f 3263/3263 3269/3269 3268/3268
f 3263/3263 3264/3264 3269/3269
f 1379/1379 1384/1384 1385/1385
f 1379/1379 1385/1385 1380/1380
f 3264/3264 3270/3270 3269/3269
f 3264/3264 3265/3265 3270/3270
f 1376/1376 3266/3266 1381/1381
f 1376/1376 3261/3261 3266/3266
f 1380/1380 1385/1385 3270/3270
f 1380/1380 3270/3270 3265/3265
f 1381/1381 1386/1386 1387/1387
f 1381/1381 1387/1387 1382/1382
f 3266/3266 3272/3272 3271/3271
f 3266/3266 3267/3267 3272/3272
f 1382/1382 1387/1387 1388/1388
f 1382/1382 1388/1388 1383/1383
f 3267/3267 3273/3273 3272/3272
f 3267/3267 3268/3268 3273/3273
f 1383/1383 1388/1388 1389/1389
f 1383/1383 1389/1389 1384/1384
f 3268/3268 3274/3274 3273/3273
f 3268/3268 3269/3269 3274/3274
f 1384/1384 1389/1389 1390/1390
f 1384/1384 1390/1390 1385/1385
f 3269/3269 3275/3275 3274/3274
f 3269/3269 3270/3270 3275/3275
f 1381/1381 3271/3271 1386/1386
f 1381/1381 3266/3266 3271/3271
f 1385/1385 1390/1390 3275/3275
f 1385/1385 3275/3275 3270/3270
f 1386/1386 1391/1391 1392/1392
f 1386/1386 1392/1392 1387/1387
f 3271/3271 3277/3277 3276/3276
f 3271/3271 3272/3272 3277/3277
f 1387/1387 1392/1392 1393/1393
f 1387/1387 1393/1393 1388/1388
f 3272/3272 3278/3278 3277/3277
f 3272/3272 3273/3273 3278/3278
f 1388/1388 1393/1393 1394/1394
f 1388/1388 1394/1394 1389/1389
f 3273/3273 3279/3279 3278/3278
f 3273/3273 3274/3274 3279/3279
f 1389/1389 1394/1394 1395/1395
f 1389/1389 1395/1395 1390/1390
f 3274/3274 3280/3280 3279/3279
f 3274/3274 3275/3275 3280/3280
f 1386/1386 3276/3276 1391/1391
f 1386/1386 3271/3271 3276/3276
f 1390/1390 1395/1395 3280/3280
f 1390/1390 3280/3280 3275/3275
f 1391/1391 1396/1396 1397/1397
f 1391/1391 1397/1397 1392/1392
f 3276/3276 3282/3282 3281/3281
f 3276/3276 3277/3277 3282/3282
f 1392/1392 1397/1397 1398/1398
f 1392/1392 1398/1398 1393/1393
f 3277/3277 3283/3283 3282/3282
f 3277/3277 3278/3278 3283/3283
f 1393/1393 1398/1398 1399/1399
f 1393/1393 1399/1399 1394/1394
f 3278/3278 3284/3284 3283/3283
f 3278/3278 3279/3279 3284/3284
f 1394/1394 1399/1399 1400/1400
f 1394/1394 1400/1400 1395/1395
f 3279/3279 3285/3285 3284/3284
f 3279/3279 3280/3280 3285/3285
f 1391/1391 3281/3281 1396/1396
f 1391/1391 3276/3276 3281/3281
f 1395/1395 1400/1400 3285/3285
f 1395/1395 3285/3285 3280/3280
f 1396/1396 1401/1401 1402/1402
f 1396/1396 1402/1402 1397/1397
f 3281/3281 3287/3287 3286/3286
f 3281/3281 3282/3282 3287/3287
f 1397/1397 1402/1402 1403/1403
f 1397/1397 1403/1403 1398/1398
f 3282/3282 3288/3288 3287/3287
f 3282/3282 3283/3283 3288/3288
f 1398/1398 1403/1403 1404/1404
f 1398/1398 1404/1404 1399/1399
f 3283/3283 3289/3289 3288/3288
f 3283/3283 3284/3284 3289/3289
f 1399/1399 1404/1404 1405/1405
f 1399/1399 1405/1405 1400/1400
f 3284/3284 3290/3290 3289/3289
f 3284/3284 3285/3285 3290/3290
f 1396/1396 3286/3286 1401/1401
f 1396/1396 3281/3281 3286/3286
f 1400/1400 1405/1405 3290/3290
f 1400/1400 3290/3290 3285/3285
f 1401/1401 1406/1406 1407/1407
f 1401/1401 1407/1407 1402/1402
f 3286/3286 3292/3292 3291/3291
f 3286/3286 3287/3287 3292/3292
f 1402/1402 1407/1407 1408/1408
f 1402/1402 1408/1408 1403/1403
f 3287/3287 3293/3293 3292/3292
f 3287/3287 3288/3288 3293/3293
f 1403/1403 1408/1408 1409/1409
f 1403/1403 1409/1409 1404/1404
f 3288/3288 3294/3294 3293/3293
f 3288/3288 3289/3289 3294/3294
f 1404/1404 1409/1409 1410/1410
f 1404/1404 1410/1410 1405/1405
f 3289/3289 3295/3295 3294/3294
f 3289/3289 3290/3290 3295/3295
f 1401/1401 3291/3291 1406/1406
f 1401/1401 3286/3286 3291/3291
f 1405/1405 1410/1410 3295/3295
f 1405/1405 3295/3295 3290/3290
f 1406/1406 1411/1411 1412/1412
f 1406/1406 1412/1412 1407/1407
f 3291/3291 3297/3297 3296/3296
f 3291/3291 3292/3292 3297/3297
f 1407/1407 1412/1412 1413/1413
f 1407/1407 1413/1413 1408/1408
f 3292/3292 3298/3298 3297/3297
f 3292/3292 3293/3293 3298/3298
f 1408/1408 1413/1413 1414/1414
f 1408/1408 1414/1414 1409/1409
f 3293/3293 3299/3299 3298/3298
f 3293/3293 3294/3294 3299/3299
f 1409/1409 1414/1414 1415/1415
f 1409/1409 1415/1415 1410/1410
f 3294/3294 3300/3300 3299/3299
f 3294/3294 3295/3295 3300/3300
f 1406/1406 3296/3296 1411/1411
f 1406/1406 3291/3291 3296/3296
f 1410/1410 1415/1415 3300/3300
f 1410/1410 3300/3300 3295/3295
f 1411/1411 1416/1416 1417/1417
f 1411/1411 1417/1417 1412/1412
f 3296/3296 3302/3302 3301/3301
f 3296/3296 3297/3297 3302/3302
f 1412/1412 1417/1417 1418/1418
f 1412/1412 1418/1418 1413/1413
f 3297/3297 3303/3303 3302/3302
f 3297/3297 3298/3298 3303/3303
f 1413/1413 1418/1418 1419/1419
f 1413/1413 1419/1419 1414/1414
f 3298/3298 3304/3304 3303/3303
f 3298/3298 3299/3299 3304/3304
f 1414/1414 1419/1419 1420/1420
f 1414/1414 1420/1420 1415/1415
f 3299/3299 3305/3305 3304/3304
f 3299/3299 3300/3300 3305/3305
f 1411/1411 3301/3301 1416/1416
f 1411/1411 3296/3296 3301/3301
f 1415/1415 1420/1420 3305/3305
f 1415/1415 3305/3305 3300/3300
f 1416/1416 1421/1421 1422/1422
f 1416/1416 1422/1422 1417/1417
f 3301/3301 3307/3307 3306/3306
f 3301/3301 3302/3302 3307/3307
f 1417/1417 1422/1422 1423/1423
f 1417/1417 1423/1423 1418/1418
f 3302/3302 3308/3308 3307/3307
f 3302/3302 3303/3303 3308/3308
f 1418/1418 1423/1423 1424/1424
f 1418/1418 1424/1424 1419/1419
f 3303/3303 3309/3309 3308/3308
f 3303/3303 3304/3304 3309/3309
f 1419/1419 1424/1424 1425/1425
f 1419/1419 1425/1425 1420/1420
f 3304/3304 3310/3310 3309/3309
f 3304/3304 3305/3305 3310/3310
f 1416/1416 3306/3306 1421/1421
f 1416/1416 3301/3301 3306/3306
f 1420/1420 1425/1425 3310/3310
f 1420/1420 3310/3310 3305/3305
f 1421/1421 1426/1426 1427/1427
f 1421/1421 1427/1427 1422/1422
f 3306/3306 3312/3312 3311/3311
f 3306/3306 3307/3307 3312/3312
f 1422/1422 1427/1427 1428/1428
f 1422/1422 1428/1428 1423/1423
f 3307/3307 3313/3313 3312/3312
f 3307/3307 3308/3308 3313/3313
f 1423/1423 1428/1428 1429/1429
f 1423/1423 1429/1429 1424/1424
f 3308/3308 3314/3314 3313/3313
f 3308/3308 3309/3309 3314/3314
f 1424/1424 1429/1429 1430/1430
f 1424/1424 1430/1430 1425/1425
f 3309/3309 3315/3315 3314/3314
f 3309/3309 3310/3310 3315/3315
f 1421/1421 3311/3311 1426/1426
f 1421/1421 3306/3306 3311/3311
f 1425/1425 1430/1430 3315/3315
f 1425/1425 3315/3315 3310/3310
f 1426/1426 1431/1431 1432/1432
f 1426/1426 1432/1432 1427/1427
f 3311/3311 3317/3317 3316/3316
f 3311/3311 3312/3312 3317/3317
f 1427/1427 1432/1432 1433/1433
f 1427/1427 1433/1433 1428/1428
f 3312/3312 3318/3318 3317/3317
f 3312/3312 3313/3313 3318/3318
f 1428/1428 1433/1433 1434/1434
f 1428/1428 1434/1434 1429/1429
f 3313/3313 3319/3319 3318/3318
f 3313/3313 3314/3314 3319/3319
f 1429/1429 1434/1434 1435/1435
f 1429/1429 1435/1435 1430/1430
f 3314/3314 3320/3320 3319/3319
f 3314/3314 3315/3315 3320/3320
f 1426/1426 3316/3316 1431/1431
f 1426/1426 3311/3311 3316/3316
f 1430/1430 1435/1435 3320/3320
f 1430/1430 3320/3320 3315/3315
f 1431/1431 1436/1436 1437/1437
f 1431/1431 1437/1437 1432/1432
f 3316/3316 3322/3322 3321/3321
f 3316/3316 3317/3317 3322/3322
f 1432/1432 1437/1437 1438/1438
f 1432/1432 1438/1438 1433/1433
f 3317/3317 3323/3323 3322/3322
f 3317/3317 3318/3318 3323/3323
f 1433/1433 1438/1438 1439/1439
f 1433/1433 1439/1439 1434/1434
f 3318/3318 3324/3324 3323/3323
f 3318/3318 3319/3319 3324/3324
f 1434/1434 1439/1439 1440/1440
f 1434/1434 1440/1440 1435/1435
f 3319/3319 3325/3325 3324/3324
f 3319/3319 3320/3320 3325/3325
f 1431/1431 3321/3321 1436/1436
f 1431/1431 3316/3316 3321/3321
f 1435/1435 1440/1440 3325/3325
f 1435/1435 3325/3325 3320/3320
f 1436/1436 1441/1441 1442/1442
f 1436/1436 1442/1442 1437/1437
f 3321/3321 3327/3327 3326/3326
f 3321/3321 3322/3322 3327/3327
f 1437/1437 1442/1442 1443/1443
f 1437/1437 1443/1443 1438/1438
f 3322/3322 3328/3328 3327/3327
f 3322/3322 3323/3323 3328/3328
f 1438/1438 1443/1443 1444/1444
f 1438/1438 1444/1444 1439/1439
f 3323/3323 3329/3329 3328/3328
f 3323/3323 3324/3324 3329/3329
f 1439/1439 1444/1444 1445/1445
f 1439/1439 1445/1445 1440/1440
f 3324/3324 3330/3330 3329/3329
f 3324/3324 3325/3325 3330/3330
f 1436/1436 3326/3326 1441/1441
f 1436/1436 3321/3321 3326/3326
f 1440/1440 1445/1445 3330/3330
f 1440/1440 3330/3330 3325/3325
f 1441/1441 1446/1446 1447/1447
f 1441/1441 1447/1447 1442/1442
f 3326/3326 3332/3332 3331/3331
f 3326/3326 3327/3327 3332/3332
f 1442/1442 1447/1447 1448/1448
f 1442/1442 1448/1448 1443/1443
f 3327/3327 3333/3333 3332/3332
f 3327/3327 3328/3328 3333/3333
f 1443/1443 1448/1448 1449/1449
f 1443/1443 1449/1449 1444/1444
f 3328/3328 3334/3334 3333/3333
f 3328/3328 3329/3329 3334/3334
f 1444/1444 1449/1449 1450/1450
f 1444/1444 1450/1450 1445/1445
f 3329/3329 3335/3335 3334/3334
f 3329/3329 3330/3330 3335/3335
f 1441/1441 3331/3331 1446/1446
f 1441/1441 3326/3326 3331/3331
f 1445/1445 1450/1450 3335/3335
f 1445/1445 3335/3335 3330/3330
f 1446/1446 1451/1451 1452/1452
f 1446/1446 1452/1452 1447/1447
f 3331/3331 3337/3337 3336/3336
f 3331/3331 3332/3332 3337/3337
f 1447/1447 1452/1452 1453/1453
f 1447/1447 1453/1453 1448/1448
f 3332/3332 3338/3338 3337/3337
f 3332/3332 3333/3333 3338/3338
f 1448/1448 1453/1453 1454/1454
f 1448/1448 1454/1454 1449/1449
f 3333/3333 3339/3339 3338/3338
f 3333/3333 3334/3334 3339/3339
f 1449/1449 1454/1454 1455/1455
f 1449/1449 1455/1455 1450/1450
f 3334/3334 3340/3340 3339/3339
f 3334/3334 3335/3335 3340/3340
f 1446/1446 3336/3336 1451/1451
f 1446/1446 3331/3331 3336/3336
f 1450/1450 1455/1455 3340/3340
f 1450/1450 3340/3340 3335/3335
f 1451/1451 1456/1456 1457/1457
f 1451/1451 1457/1457 1452/1452
f 3336/3336 3342/3342 3341/3341
f 3336/3336 3337/3337 3342/3342
f 1452/1452 1457/1457 1458/1458
f 1452/1452 1458/1458 1453/1453
f 3337/3337 3343/3343 3342/3342
f 3337/3337 3338/3338 3343/3343
f 1453/1453 1458/1458 1459/1459
f 1453/1453 1459/1459 1454/1454
f 3338/3338 3344/3344 3343/3343
f 3338/3338 3339/3339 3344/3344
f 1454/1454 1459/1459 1460/1460
f 1454/1454 1460/1460 1455/1455
f 3339/3339 3345/3345 3344/3344
f 3339/3339 3340/3340 3345/3345
f 1451/1451 3341/3341 1456/1456
f 1451/1451 3336/3336 3341/3341
f 1455/1455 1460/1460 3345/3345
f 1455/1455 3345/3345 3340/3340
f 1456/1456 1461/1461 1462/1462
f 1456/1456 1462/1462 1457/1457
f 3341/3341 3347/3347 3346/3346
f 3341/3341 3342/3342 3347/3347
f 1457/1457 1462/1462 1463/1463
f 1457/1457 1463/1463 1458/1458
f 3342/3342 3348/3348 3347/3347
f 3342/3342 3343/3343 3348/3348
f 1458/1458 1463/1463 1464/1464
f 1458/1458 1464/1464 1459/1459
f 3343/3343 3349/3349 3348/3348
f 3343/3343 3344/3344 3349/3349
f 1459/1459 1464/1464 1465/1465
f 1459/1459 1465/1465 1460/1460
f 3344/3344 3350/3350 3349/3349
f 3344/3344 3345/3345 3350/3350
f 1456/1456 3346/3346 1461/1461
f 1456/1456 3341/3341 3346/3346
f 1460/1460 1465/1465 3350/3350
f 1460/1460 3350/3350 3345/3345
f 1461/1461 1466/1466 1467/1467
f 1461/1461 1467/1467 1462/1462
f 3346/3346 3352/3352 3351/3351
f 3346/3346 3347/3347 3352/3352
f 1462/1462 1467/1467 1468/1468
f 1462/1462 1468/1468 1463/1463
f 3347/3347 3353/3353 3352/3352
f 3347/3347 3348/3348 3353/3353
f 1463/1463 1468/1468 1469/1469
f 1463/1463 1469/1469 1464/1464
f 3348/3348 3354/3354 3353/3353
f 3348/3348 3349/3349 3354/3354
f 1464/1464 1469/1469 1470/1470
f 1464/1464 1470/1470 1465/1465
f 3349/3349 3355/3355 3354/3354
f 3349/3349 3350/3350 3355/3355
f 1461/1461 3351/3351 1466/1466
f 1461/1461 3346/3346 3351/3351
f 1465/1465 1470/1470 3355/3355
f 1465/1465 3355/3355 3350/3350
f 1466/1466 1471/1471 1472/1472
f 1466/1466 1472/1472 1467/1467
f 3351/3351 3357/3357 3356/3356
f 3351/3351 3352/3352 3357/3357
f 1467/1467 1472/1472 1473/1473
f 1467/1467 1473/1473 1468/1468
f 3352/3352 3358/3358 3357/3357
f 3352/3352 3353/3353 3358/3358
f 1468/1468 1473/1473 1474/1474
f 1468/1468 1474/1474 1469/1469
f 3353/3353 3359/3359 3358/3358
f 3353/3353 3354/3354 3359/3359
f 1469/1469 1474/1474 1475/1475
f 1469/1469 1475/1475 1470/1470
f 3354/3354 3360/3360 3359/3359
f 3354/3354 3355/3355 3360/3360
f 1466/1466 3356/3356 1471/1471
f 1466/1466 3351/3351 3356/3356
f 1470/1470 1475/1475 3360/3360
f 1470/1470 3360/3360 3355/3355
f 1471/1471 1476/1476 1477/1477
f 1471/1471 1477/1477 1472/1472
f 3356/3356 3362/3362 3361/3361
f 3356/3356 3357/3357 3362/3362
f 1472/1472 1477/1477 1478/1478
f 1472/1472 1478/1478 1473/1473
f 3357/3357 3363/3363 3362/3362
f 3357/3357 3358/3358 3363/3363
f 1473/1473 1478/1478 1479/1479
f 1473/1473 1479/1479 1474/1474
f 3358/3358 3364/3364 3363/3363
f 3358/3358 3359/3359 3364/3364
f 1474/1474 1479/1479 1480/1480
f 1474/1474 1480/1480 1475/1475
f 3359/3359 3365/3365 3364/3364
f 3359/3359 3360/3360 3365/3365
f 1471/1471 3361/3361 1476/1476
f 1471/1471 3356/3356 3361/3361
f 1475/1475 1480/1480 3365/3365
f 1475/1475 3365/3365 3360/3360
f 1476/1476 1481/1481 1482/1482
f 1476/1476 1482/1482 1477/1477
f 3361/3361 3367/3367 3366/3366
f 3361/3361 3362/3362 3367/3367
f 1477/1477 1482/1482 1483/1483
f 1477/1477 1483/1483 1478/1478
f 3362/3362 3368/3368 3367/3367
f 3362/3362 3363/3363 3368/3368
f 1478/1478 1483/1483 1484/1484
f 1478/1478 1484/1484 1479/1479
f 3363/3363 3369/3369 3368/3368
f 3363/3363 3364/3364 3369/3369
f 1479/1479 1484/1484 1485/1485
f 1479/1479 1485/1485 1480/1480
f 3364/3364 3370/3370 3369/3369
f 3364/3364 3365/3365 3370/3370
f 1476/1476 3366/3366 1481/1481
f 1476/1476 3361/3361 3366/3366
f 1480/1480 1485/1485 3370/3370
f 1480/1480 3370/3370 3365/3365
f 1481/1481 1486/1486 1487/1487
f 1481/1481 1487/1487 1482/1482
f 3366/3366 3372/3372 3371/3371
f 3366/3366 3367/3367 3372/3372
f 1482/1482 1487/1487 1488/1488
f 1482/1482 1488/1488 1483/1483
f 3367/3367 3373/3373 3372/3372
f 3367/3367 3368/3368 3373/3373
f 1483/1483 1488/1488 1489/1489
f 1483/1483 1489/1489 1484/1484
f 3368/3368 3374/3374 3373/3373
f 3368/3368 3369/3369 3374/3374
f 1484/1484 1489/1489 1490/1490
f 1484/1484 1490/1490 1485/1485
f 3369/3369 3375/3375 3374/3374
f 3369/3369 3370/3370 3375/3375
f 1481/1481 3371/3371 1486/1486
f 1481/1481 3366/3366 3371/3371
f 1485/1485 1490/1490 3375/3375
f 1485/1485 3375/3375 3370/3370
f 1486/1486 1491/1491 1492/1492
f 1486/1486 1492/1492 1487/1487
f 3371/3371 3377/3377 3376/3376
f 3371/3371 3372/3372 3377/3377
f 1487/1487 1492/1492 1493/1493
f 1487/1487 1493/1493 1488/1488
f 3372/3372 3378/3378 3377/3377
f 3372/3372 3373/3373 3378/3378
f 1488/1488 1493/1493 1494/1494
f 1488/1488 1494/1494 1489/1489
f 3373/3373 3379/3379 3378/3378
f 3373/3373 3374/3374 3379/3379
f 1489/1489 1494/1494 1495/1495
f 1489/1489 1495/1495 1490/1490
f 3374/3374 3380/3380 3379/3379
f 3374/3374 3375/3375 3380/3380
f 1486/1486 3376/3376 1491/1491
f 1486/1486 3371/3371 3376/3376
f 1490/1490 1495/1495 3380/3380
f 1490/1490 3380/3380 3375/3375
f 1491/1491 1496/1496 1497/1497
f 1491/1491 1497/1497 1492/1492
f 3376/3376 3382/3382 3381/3381
f 3376/3376 3377/3377 3382/3382
f 1492/1492 1497/1497 1498/1498
f 1492/1492 1498/1498 1493/1493
f 3377/3377 3383/3383 3382/3382
f 3377/3377 3378/3378 3383/3383
f 1493/1493 1498/1498 1499/1499
f 1493/1493 1499/1499 1494/1494
f 3378/3378 3384/3384 3383/3383
f 3378/3378 3379/3379 3384/3384
f 1494/1494 1499/1499 1500/1500
f 1494/1494 1500/1500 1495/1495
f 3379/3379 3385/3385 3384/3384
f 3379/3379 3380/3380 3385/3385
f 1491/1491 3381/3381 1496/1496
f 1491/1491 3376/3376 3381/3381
f 1495/1495 1500/1500 3385/3385
f 1495/1495 3385/3385 3380/3380
f 1496/1496 1501/1501 1502/1502
f 1496/1496 1502/1502 1497/1497
f 3381/3381 3387/3387 3386/3386
f 3381/3381 3382/3382 3387/3387
f 1497/1497 1502/1502 1503/1503
f 1497/1497 1503/1503 1498/1498
f 3382/3382 3388/3388 3387/3387
f 3382/3382 3383/3383 3388/3388
f 1498/1498 1503/1503 1504/1504
f 1498/1498 1504/1504 1499/1499
f 3383/3383 3389/3389 3388/3388
f 3383/3383 3384/3384 3389/3389
f 1499/1499 1504/1504 1505/1505
f 1499/1499 1505/1505 1500/1500
f 3384/3384 3390/3390 3389/3389
f 3384/3384 3385/3385 3390/3390
f 1496/1496 3386/3386 1501/1501
f 1496/1496 3381/3381 3386/3386
f 1500/1500 1505/1505 3390/3390
f 1500/1500 3390/3390 3385/3385
f 1501/1501 1506/1506 1507/1507
f 1501/1501 1507/1507 1502/1502
f 3386/3386 3392/3392 3391/3391
f 3386/3386 3387/3387 3392/3392
f 1502/1502 1507/1507 1508/1508
f 1502/1502 1508/1508 1503/1503
f 3387/3387 3393/3393 3392/3392
f 3387/3387 3388/3388 3393/3393
f 1503/1503 1508/1508 1509/1509
f 1503/1503 1509/1509 1504/1504
f 3388/3388 3394/3394 3393/3393
f 3388/3388 3389/3389 3394/3394
f 1504/1504 1509/1509 1510/1510
f 1504/1504 1510/1510 1505/1505
f 3389/3389 3395/3395 3394/3394
f 3389/3389 3390/3390 3395/3395
f 1501/1501 3391/3391 1506/1506
f 1501/1501 3386/3386 3391/3391
f 1505/1505 1510/1510 3395/3395
f 1505/1505 3395/3395 3390/3390
f 1506/1506 1511/1511 1512/1512
f 1506/1506 1512/1512 1507/1507
f 3391/3391 3397/3397 3396/3396
f 3391/3391 3392/3392 3397/3397
f 1507/1507 1512/1512 1513/1513
f 1507/1507 1513/1513 1508/1508
f 3392/3392 3398/3398 3397/3397
f 3392/3392 3393/3393 3398/3398
f 1508/1508 1513/1513 1514/1514
f 1508/1508 1514/1514 1509/1509
f 3393/3393 3399/3399 3398/3398
f 3393/3393 3394/3394 3399/3399
f 1509/1509 1514/1514 1515/1515
f 1509/1509 1515/1515 1510/1510
f 3394/3394 3400/3400 3399/3399
f 3394/3394 3395/3395 3400/3400
f 1506/1506 3396/3396 1511/1511
f 1506/1506 3391/3391 3396/3396
f 1510/1510 1515/1515 3400/3400
f 1510/1510 3400/3400 3395/3395
f 1511/1511 1516/1516 1517/1517
f 1511/1511 1517/1517 1512/1512
f 3396/3396 3402/3402 3401/3401
f 3396/3396 3397/3397 3402/3402
f 1512/1512 1517/1517 1518/1518
f 1512/1512 1518/1518 1513/1513
f 3397/3397 3403/3403 3402/3402
f 3397/3397 3398/3398 3403/3403
f 1513/1513 1518/1518 1519/1519
f 1513/1513 1519/1519 1514/1514
f 3398/3398 3404/3404 3403/3403
f 3398/3398 3399/3399 3404/3404
f 1514/1514 1519/1519 1520/1520
f 1514/1514 1520/1520 1515/1515
f 3399/3399 3405/3405 3404/3404
f 3399/3399 3400/3400 3405/3405
f 1511/1511 3401/3401 1516/1516
f 1511/1511 3396/3396 3401/3401
f 1515/1515 1520/1520 3405/3405
f 1515/1515 3405/3405 3400/3400
f 1516/1516 1521/1521 1522/1522
f 1516/1516 1522/1522 1517/1517
f 3401/3401 3407/3407 3406/3406
f 3401/3401 3402/3402 3407/3407
f 1517/1517 1522/1522 1523/1523
f 1517/1517 1523/1523 1518/1518
f 3402/3402 3408/3408 3407/3407
f 3402/3402 3403/3403 3408/3408
f 1518/1518 1523/1523 1524/1524
f 1518/1518 1524/1524 1519/1519
f 3403/3403 3409/3409 3408/3408
f 3403/3403 3404/3404 3409/3409
f 1519/1519 1524/1524 1525/1525
f 1519/1519 1525/1525 1520/1520
f 3404/3404 3410/3410 3409/3409
f 3404/3404 3405/3405 3410/3410
f 1516/1516 3406/3406 1521/1521
f 1516/1516 3401/3401 3406/3406
f 1520/1520 1525/1525 3410/3410
f 1520/1520 3410/3410 3405/3405
f 1521/1521 1526/1526 1527/1527
f 1521/1521 1527/1527 1522/1522
f 3406/3406 3412/3412 3411/3411
f 3406/3406 3407/3407 3412/3412
f 1522/1522 1527/1527 1528/1528
f 1522/1522 1528/1528 1523/1523
f 3407/3407 3413/3413 3412/3412
f 3407/3407 3408/3408 3413/3413
f 1523/1523 1528/1528 1529/1529
f 1523/1523 1529/1529 1524/1524
f 3408/3408 3414/3414 3413/3413
f 3408/3408 3409/3409 3414/3414
f 1524/1524 1529/1529 1530/1530
f 1524/1524 1530/1530 1525/1525
f 3409/3409 3415/3415 3414/3414
f 3409/3409 3410/3410 3415/3415
f 1521/1521 3411/3411 1526/1526
f 1521/1521 3406/3406 3411/3411
f 1525/1525 1530/1530 3415/3415
f 1525/1525 3415/3415 3410/3410
f 1526/1526 1531/1531 1532/1532
f 1526/1526 1532/1532 1527/1527
f 3411/3411 3417/3417 3416/3416
f 3411/3411 3412/3412 3417/3417
f 1527/1527 1532/1532 1533/1533
f 1527/1527 1533/1533 1528/1528
f 3412/3412 3418/3418 3417/3417
f 3412/3412 3413/3413 3418/3418
f 1528/1528 1533/1533 1534/1534
f 1528/1528 1534/1534 1529/1529
f 3413/3413 3419/3419 3418/3418
f 3413/3413 3414/3414 3419/3419
f 1529/1529 1534/1534 1535/1535
f 1529/1529 1535/1535 1530/1530
f 3414/3414 3420/3420 3419/3419
f 3414/3414 3415/3415 3420/3420
f 1526/1526 3416/3416 1531/1531
f 1526/1526 3411/3411 3416/3416
f 1530/1530 1535/1535 3420/3420
f 1530/1530 3420/3420 3415/3415
f 1531/1531 1536/1536 1537/1537
f 1531/1531 1537/1537 1532/1532
f 3416/3416 3422/3422 3421/3421
f 3416/3416 3417/3417 3422/3422
f 1532/1532 1537/1537 1538/1538
f 1532/1532 1538/1538 1533/1533
f 3417/3417 3423/3423 3422/3422
f 3417/3417 3418/3418 3423/3423
f 1533/1533 1538/1538 1539/1539
f 1533/1533 1539/1539 1534/1534
f 3418/3418 3424/3424 3423/3423
f 3418/3418 3419/3419 3424/3424
f 1534/1534 1539/1539 1540/1540
f 1534/1534 1540/1540 1535/1535
f 3419/3419 3425/3425 3424/3424
f 3419/3419 3420/3420 3425/3425
f 1531/1531 3421/3421 1536/1536
f 1531/1531 3416/3416 3421/3421
f 1535/1535 1540/1540 3425/3425
f 1535/1535 3425/3425 3420/3420
f 1536/1536 1541/1541 1542/1542
f 1536/1536 1542/1542 1537/1537
f 3421/3421 3427/3427 3426/3426
f 3421/3421 3422/3422 3427/3427
f 1537/1537 1542/1542 1543/1543
f 1537/1537 1543/1543 1538/1538
f 3422/3422 3428/3428 3427/3427
f 3422/3422 3423/3423 3428/3428
f 1538/1538 1543/1543 1544/1544
f 1538/1538 1544/1544 1539/1539
f 3423/3423 3429/3429 3428/3428
f 3423/3423 3424/3424 3429/3429
f 1539/1539 1544/1544 1545/1545
f 1539/1539 1545/1545 1540/1540
f 3424/3424 3430/3430 3429/3429
f 3424/3424 3425/3425 3430/3430
f 1536/1536 3426/3426 1541/1541
f 1536/1536 3421/3421 3426/3426
f 1540/1540 1545/1545 3430/3430
f 1540/1540 3430/3430 3425/3425
f 1541/1541 1546/1546 1547/1547
f 1541/1541 1547/1547 1542/1542
f 3426/3426 3432/3432 3431/3431
f 3426/3426 3427/3427 3432/3432
f 1542/1542 1547/1547 1548/1548
f 1542/1542 1548/1548 1543/1543
f 3427/3427 3433/3433 3432/3432
f 3427/3427 3428/3428 3433/3433
f 1543/1543 1548/1548 1549/1549
f 1543/1543 1549/1549 1544/1544
f 3428/3428 3434/3434 3433/3433
f 3428/3428 3429/3429 3434/3434
f 1544/1544 1549/1549 1550/1550
f 1544/1544 1550/1550 1545/1545
f 3429/3429 3435/3435 3434/3434
f 3429/3429 3430/3430 3435/3435
f 1541/1541 3431/3431 1546/1546
f 1541/1541 3426/3426 3431/3431
f 1545/1545 1550/1550 3435/3435
f 1545/1545 3435/3435 3430/3430
f 1546/1546 1551/1551 1552/1552
f 1546/1546 1552/1552 1547/1547
f 3431/3431 3437/3437 3436/3436
f 3431/3431 3432/3432 3437/3437
f 1547/1547 1552/1552 1553/1553
f 1547/1547 1553/1553 1548/1548
f 3432/3432 3438/3438 3437/3437
f 3432/3432 3433/3433 3438/3438
f 1548/1548 1553/1553 1554/1554
f 1548/1548 1554/1554 1549/1549
f 3433/3433 3439/3439 3438/3438
f 3433/3433 3434/3434 3439/3439
f 1549/1549 1554/1554 1555/1555
f 1549/1549 1555/1555 1550/1550
f 3434/3434 3440/3440 3439/3439
f 3434/3434 3435/3435 3440/3440
f 1546/1546 3436/3436 1551/1551
f 1546/1546 3431/3431 3436/3436
f 1550/1550 1555/1555 3440/3440
f 1550/1550 3440/3440 3435/3435
f 1551/1551 1556/1556 1557/1557
f 1551/1551 1557/1557 1552/1552
f 3436/3436 3442/3442 3441/3441
f 3436/3436 3437/3437 3442/3442
f 1552/1552 1557/1557 1558/1558
f 1552/1552 1558/1558 1553/1553
f 3437/3437 3443/3443 3442/3442
f 3437/3437 3438/3438 3443/3443
f 1553/1553 1558/1558 1559/1559
f 1553/1553 1559/1559 1554/1554
f 3438/3438 3444/3444 3443/3443
f 3438/3438 3439/3439 3444/3444
f 1554/1554 1559/1559 1560/1560
f 1554/1554 1560/1560 1555/1555
f 3439/3439 3445/3445 3444/3444
f 3439/3439 3440/3440 3445/3445
f 1551/1551 3441/3441 1556/1556
f 1551/1551 3436/3436 3441/3441
f 1555/1555 1560/1560 3445/3445
f 1555/1555 3445/3445 3440/3440
f 1556/1556 1561/1561 1562/1562
f 1556/1556 1562/1562 1557/1557
f 3441/3441 3447/3447 3446/3446
f 3441/3441 3442/3442 3447/3447
f 1557/1557 1562/1562 1563/1563
f 1557/1557 1563/1563 1558/1558
f 3442/3442 3448/3448 3447/3447
f 3442/3442 3443/3443 3448/3448
f 1558/1558 1563/1563 1564/1564
f 1558/1558 1564/1564 1559/1559
f 3443/3443 3449/3449 3448/3448
f 3443/3443 3444/3444 3449/3449
f 1559/1559 1564/1564 1565/1565
f 1559/1559 1565/1565 1560/1560
f 3444/3444 3450/3450 3449/3449
f 3444/3444 3445/3445 3450/3450
f 1556/1556 3446/3446 1561/1561
f 1556/1556 3441/3441 3446/3446
f 1560/1560 1565/1565 3450/3450
f 1560/1560 3450/3450 3445/3445
f 1561/1561 1566/1566 1567/1567
f 1561/1561 1567/1567 1562/1562
f 3446/3446 3452/3452 3451/3451
f 3446/3446 3447/3447 3452/3452
f 1562/1562 1567/1567 1568/1568
f 1562/1562 1568/1568 1563/1563
f 3447/3447 3453/3453 3452/3452
f 3447/3447 3448/3448 3453/3453
f 1563/1563 1568/1568 1569/1569
f 1563/1563 1569/1569 1564/1564
f 3448/3448 3454/3454 3453/3453
f 3448/3448 3449/3449 3454/3454
f 1564/1564 1569/1569 1570/1570
f 1564/1564 1570/1570 1565/1565
f 3449/3449 3455/3455 3454/3454
f 3449/3449 3450/3450 3455/3455
f 1561/1561 3451/3451 1566/1566
f 1561/1561 3446/3446 3451/3451
f 1565/1565 1570/1570 3455/3455
f 1565/1565 3455/3455 3450/3450
f 1566/1566 1571/1571 1572/1572
f 1566/1566 1572/1572 1567/1567
f 3451/3451 3457/3457 3456/3456
f 3451/3451 3452/3452 3457/3457
f 1567/1567 1572/1572 1573/1573
f 1567/1567 1573/1573 1568/1568
f 3452/3452 3458/3458 3457/3457
f 3452/3452 3453/3453 3458/3458
f 1568/1568 1573/1573 1574/1574
f 1568/1568 1574/1574 1569/1569
f 3453/3453 3459/3459 3458/3458
f 3453/3453 3454/3454 3459/3459
f 1569/1569 1574/1574 1575/1575
f 1569/1569 1575/1575 1570/1570
f 3454/3454 3460/3460 3459/3459
f 3454/3454 3455/3455 3460/3460
f 1566/1566 3456/3456 1571/1571
f 1566/1566 3451/3451 3456/3456
f 1570/1570 1575/1575 3460/3460
f 1570/1570 3460/3460 3455/3455
f 1571/1571 1576/1576 1577/1577
f 1571/1571 1577/1577 1572/1572
f 3456/3456 3462/3462 3461/3461
f 3456/3456 3457/3457 3462/3462
f 1572/1572 1577/1577 1578/1578
f 1572/1572 1578/1578 1573/1573
f 3457/3457 3463/3463 3462/3462
f 3457/3457 3458/3458 3463/3463
f 1573/1573 1578/1578 1579/1579
f 1573/1573 1579/1579 1574/1574
f 3458/3458 3464/3464 3463/3463
f 3458/3458 3459/3459 3464/3464
f 1574/1574 1579/1579 1580/1580
f 1574/1574 1580/1580 1575/1575
f 3459/3459 3465/3465 3464/3464
f 3459/3459 3460/3460 3465/3465
f 1571/1571 3461/3461 1576/1576
f 1571/1571 3456/3456 3461/3461
f 1575/1575 1580/1580 3465/3465
f 1575/1575 3465/3465 3460/3460
f 1576/1576 1581/1581 1582/1582
f 1576/1576 1582/1582 1577/1577
f 3461/3461 3467/3467 3466/3466
f 3461/3461 3462/3462 3467/3467
f 1577/1577 1582/1582 1583/1583
f 1577/1577 1583/1583 1578/1578
f 3462/3462 3468/3468 3467/3467
f 3462/3462 3463/3463 3468/3468
f 1578/1578 1583/1583 1584/1584
f 1578/1578 1584/1584 1579/1579
f 3463/3463 3469/3469 3468/3468
f 3463/3463 3464/3464 3469/3469
f 1579/1579 1584/1584 1585/1585
f 1579/1579 1585/1585 1580/1580
f 3464/3464 3470/3470 3469/3469
f 3464/3464 3465/3465 3470/3470
f 1576/1576 3466/3466 1581/1581
f 1576/1576 3461/3461 3466/3466
f 1580/1580 1585/1585 3470/3470
f 1580/1580 3470/3470 3465/3465
f 1581/1581 1586/1586 1587/1587
f 1581/1581 1587/1587 1582/1582
f 3466/3466 3472/3472 3471/3471
f 3466/3466 3467/3467 3472/3472
f 1582/1582 1587/1587 1588/1588
f 1582/1582 1588/1588 1583/1583
f 3467/3467 3473/3473 3472/3472
f 3467/3467 3468/3468 3473/3473
f 1583/1583 1588/1588 1589/1589
f 1583/1583 1589/1589 1584/1584
f 3468/3468 3474/3474 3473/3473
f 3468/3468 3469/3469 3474/3474
f 1584/1584 1589/1589 1590/1590
f 1584/1584 1590/1590 1585/1585
f 3469/3469 3475/3475 3474/3474
f 3469/3469 3470/3470 3475/3475
f 1581/1581 3471/3471 1586/1586
f 1581/1581 3466/3466 3471/3471
f 1585/1585 1590/1590 3475/3475
f 1585/1585 3475/3475 3470/3470
f 1586/1586 1591/1591 1592/1592
f 1586/1586 1592/1592 1587/1587
f 3471/3471 3477/3477 3476/3476
f 3471/3471 3472/3472 3477/3477
f 1587/1587 1592/1592 1593/1593
f 1587/1587 1593/1593 1588/1588
f 3472/3472 3478/3478 3477/3477
f 3472/3472 3473/3473 3478/3478
f 1588/1588 1593/1593 1594/1594
f 1588/1588 1594/1594 1589/1589
f 3473/3473 3479/3479 3478/3478
f 3473/3473 3474/3474 3479/3479
f 1589/1589 1594/1594 1595/1595
f 1589/1589 1595/1595 1590/1590
f 3474/3474 3480/3480 3479/3479
f 3474/3474 3475/3475 3480/3480
f 1586/1586 3476/3476 1591/1591
f 1586/1586 3471/3471 3476/3476
f 1590/1590 1595/1595 3480/3480
f 1590/1590 3480/3480 3475/3475
f 1591/1591 1596/1596 1597/1597
f 1591/1591 1597/1597 1592/1592
f 3476/3476 3482/3482 3481/3481
f 3476/3476 3477/3477 3482/3482
f 1592/1592 1597/1597 1598/1598
f 1592/1592 1598/1598 1593/1593
f 3477/3477 3483/3483 3482/3482
f 3477/3477 3478/3478 3483/3483
f 1593/1593 1598/1598 1599/1599
f 1593/1593 1599/1599 1594/1594
f 3478/3478 3484/3484 3483/3483
f 3478/3478 3479/3479 3484/3484
f 1594/1594 1599/1599 1600/1600
f 1594/1594 1600/1600 1595/1595
f 3479/3479 3485/3485 3484/3484
f 3479/3479 3480/3480 3485/3485
f 1591/1591 3481/3481 1596/1596
f 1591/1591 3476/3476 3481/3481
f 1595/1595 1600/1600 3485/3485
f 1595/1595 3485/3485 3480/3480
f 1596/1596 1601/1601 1602/1602
f 1596/1596 1602/1602 1597/1597
f 3481/3481 3487/3487 3486/3486
f 3481/3481 3482/3482 3487/3487
f 1597/1597 1602/1602 1603/1603
f 1597/1597 1603/1603 1598/1598
f 3482/3482 3488/3488 3487/3487
f 3482/3482 3483/3483 3488/3488
f 1598/1598 1603/1603 1604/1604
f 1598/1598 1604/1604 1599/1599
f 3483/3483 3489/3489 3488/3488
f 3483/3483 3484/3484 3489/3489
f 1599/1599 1604/1604 1605/1605
f 1599/1599 1605/1605 1600/1600
f 3484/3484 3490/3490 3489/3489
f 3484/3484 3485/3485 3490/3490
f 1596/1596 3486/3486 1601/1601
f 1596/1596 3481/3481 3486/3486
f 1600/1600 1605/1605 3490/3490
f 1600/1600 3490/3490 3485/3485
f 1601/1601 1606/1606 1607/1607
f 1601/1601 1607/1607 1602/1602
f 3486/3486 3492/3492 3491/3491
f 3486/3486 3487/3487 3492/3492
f 1602/1602 1607/1607 1608/1608
f 1602/1602 1608/1608 1603/1603
f 3487/3487 3493/3493 3492/3492
f 3487/3487 3488/3488 3493/3493
f 1603/1603 1608/1608 1609/1609
f 1603/1603 1609/1609 1604/1604
f 3488/3488 3494/3494 3493/3493
f 3488/3488 3489/3489 3494/3494
f 1604/1604 1609/1609 1610/1610
f 1604/1604 1610/1610 1605/1605
f 3489/3489 3495/3495 3494/3494
f 3489/3489 3490/3490 3495/3495
f 1601/1601 3491/3491 1606/1606
f 1601/1601 3486/3486 3491/3491
f 1605/1605 1610/1610 3495/3495
f 1605/1605 3495/3495 3490/3490
f 1606/1606 1611/1611 1612/1612
f 1606/1606 1612/1612 1607/1607
f 3491/3491 3497/3497 3496/3496
f 3491/3491 3492/3492 3497/3497
f 1607/1607 1612/1612 1613/1613
f 1607/1607 1613/1613 1608/1608
f 3492/3492 3498/3498 3497/3497
f 3492/3492 3493/3493 3498/3498
f 1608/1608 1613/1613 1614/1614
f 1608/1608 1614/1614 1609/1609
f 3493/3493 3499/3499 3498/3498
f 3493/3493 3494/3494 3499/3499
f 1609/1609 1614/1614 1615/1615
f 1609/1609 1615/1615 1610/1610
f 3494/3494 3500/3500 3499/3499
f 3494/3494 3495/3495 3500/3500
f 1606/1606 3496/3496 1611/1611
f 1606/1606 3491/3491 3496/3496
f 1610/1610 1615/1615 3500/3500
f 1610/1610 3500/3500 3495/3495
f 1611/1611 1616/1616 1617/1617
f 1611/1611 1617/1617 1612/1612
f 3496/3496 3502/3502 3501/3501
f 3496/3496 3497/3497 3502/3502
f 1612/1612 1617/1617 1618/1618
f 1612/1612 1618/1618 1613/1613
f 3497/3497 3503/3503 3502/3502
f 3497/3497 3498/3498 3503/3503
f 1613/1613 1618/1618 1619/1619
f 1613/1613 1619/1619 1614/1614
f 3498/3498 3504/3504 3503/3503
f 3498/3498 3499/3499 3504/3504
f 1614/1614 1619/1619 1620/1620
f 1614/1614 1620/1620 1615/1615
f 3499/3499 3505/3505 3504/3504
f 3499/3499 3500/3500 3505/3505
f 1611/1611 3501/3501 1616/1616
f 1611/1611 3496/3496 3501/3501
f 1615/1615 1620/1620 3505/3505
f 1615/1615 3505/3505 3500/3500
f 1616/1616 1621/1621 1622/1622
f 1616/1616 1622/1622 1617/1617
f 3501/3501 3507/3507 3506/3506
f 3501/3501 3502/3502 3507/3507
f 1617/1617 1622/1622 1623/1623
f 1617/1617 1623/1623 1618/1618
f 3502/3502 3508/3508 3507/3507
f 3502/3502 3503/3503 3508/3508
f 1618/1618 1623/1623 1624/1624
f 1618/1618 1624/1624 1619/1619
f 3503/3503 3509/3509 3508/3508
f 3503/3503 3504/3504 3509/3509
f 1619/1619 1624/1624 1625/1625
f 1619/1619 1625/1625 1620/1620
f 3504/3504 3510/3510 3509/3509
f 3504/3504 3505/3505 3510/3510
f 1616/1616 3506/3506 1621/1621
f 1616/1616 3501/3501 3506/3506
f 1620/1620 1625/1625 3510/3510
f 1620/1620 3510/3510 3505/3505
f 1621/1621 1626/1626 1627/1627
f 1621/1621 1627/1627 1622/1622
f 3506/3506 3512/3512 3511/3511
f 3506/3506 3507/3507 3512/3512
f 1622/1622 1627/1627 1628/1628
f 1622/1622 1628/1628 1623/1623
f 3507/3507 3513/3513 3512/3512
f 3507/3507 3508/3508 3513/3513
f 1623/1623 1628/1628 1629/1629
f 1623/1623 1629/1629 1624/1624
f 3508/3508 3514/3514 3513/3513
f 3508/3508 3509/3509 3514/3514
f 1624/1624 1629/1629 1630/1630
f 1624/1624 1630/1630 1625/1625
f 3509/3509 3515/3515 3514/3514
f 3509/3509 3510/3510 3515/3515
f 1621/1621 3511/3511 1626/1626
f 1621/1621 3506/3506 3511/3511
f 1625/1625 1630/1630 3515/3515
f 1625/1625 3515/3515 3510/3510
f 1626/1626 1631/1631 1632/1632
f 1626/1626 1632/1632 1627/1627
f 3511/3511 3517/3517 3516/3516
f 3511/3511 3512/3512 3517/3517
f 1627/1627 1632/1632 1633/1633
f 1627/1627 1633/1633 1628/1628
f 3512/3512 3518/3518 3517/3517
f 3512/3512 3513/3513 3518/3518
f 1628/1628 1633/1633 1634/1634
f 1628/1628 1634/1634 1629/1629
f 3513/3513 3519/3519 3518/3518
f 3513/3513 3514/3514 3519/3519
f 1629/1629 1634/1634 1635/1635
f 1629/1629 1635/1635 1630/1630
f 3514/3514 3520/3520 3519/3519
f 3514/3514 3515/3515 3520/3520
f 1626/1626 3516/3516 1631/1631
f 1626/1626 3511/3511 3516/3516
f 1630/1630 1635/1635 3520/3520
f 1630/1630 3520/3520 3515/3515
f 1631/1631 1636/1636 1637/1637
f 1631/1631 1637/1637 1632/1632
f 3516/3516 3522/3522 3521/3521
f 3516/3516 3517/3517 3522/3522
f 1632/1632 1637/1637 1638/1638
f 1632/1632 1638/1638 1633/1633
f 3517/3517 3523/3523 3522/3522
f 3517/3517 3518/3518 3523/3523
f 1633/1633 1638/1638 1639/1639
f 1633/1633 1639/1639 1634/1634
f 3518/3518 3524/3524 3523/3523
f 3518/3518 3519/3519 3524/3524
f 1634/1634 1639/1639 1640/1640
f 1634/1634 1640/1640 1635/1635
f 3519/3519 3525/3525 3524/3524
f 3519/3519 3520/3520 3525/3525
f 1631/1631 3521/3521 1636/1636
f 1631/1631 3516/3516 3521/3521
f 1635/1635 1640/1640 3525/3525
f 1635/1635 3525/3525 3520/3520
f 1636/1636 1641/1641 1642/1642
f 1636/1636 1642/1642 1637/1637
f 3521/3521 3527/3527 3526/3526
f 3521/3521 3522/3522 3527/3527
f 1637/1637 1642/1642 1643/1643
f 1637/1637 1643/1643 1638/1638
f 3522/3522 3528/3528 3527/3527
f 3522/3522 3523/3523 3528/3528
f 1638/1638 1643/1643 1644/1644
f 1638/1638 1644/1644 1639/1639
f 3523/3523 3529/3529 3528/3528
f 3523/3523 3524/3524 3529/3529
f 1639/1639 1644/1644 1645/1645
f 1639/1639 1645/1645 1640/1640
f 3524/3524 3530/3530 3529/3529
f 3524/3524 3525/3525 3530/3530
f 1636/1636 3526/3526 1641/1641
f 1636/1636 3521/3521 3526/3526
f 1640/1640 1645/1645 3530/3530
f 1640/1640 3530/3530 3525/3525
f 1641/1641 1646/1646 1647/1647
f 1641/1641 1647/1647 1642/1642
f 3526/3526 3532/3532 3531/3531
f 3526/3526 3527/3527 3532/3532
f 1642/1642 1647/1647 1648/1648
f 1642/1642 1648/1648 1643/1643
f 3527/3527 3533/3533 3532/3532
f 3527/3527 3528/3528 3533/3533
f 1643/1643 1648/1648 1649/1649
f 1643/1643 1649/1649 1644/1644
f 3528/3528 3534/3534 3533/3533
f 3528/3528 3529/3529 3534/3534
f 1644/1644 1649/1649 1650/1650
f 1644/1644 1650/1650 1645/1645
f 3529/3529 3535/3535 3534/3534
f 3529/3529 3530/3530 3535/3535
f 1641/1641 3531/3531 1646/1646
f 1641/1641 3526/3526 3531/3531
f 1645/1645 1650/1650 3535/3535
f 1645/1645 3535/3535 3530/3530
f 1646/1646 1651/1651 1652/1652
f 1646/1646 1652/1652 1647/1647
f 3531/3531 3537/3537 3536/3536
f 3531/3531 3532/3532 3537/3537
f 1647/1647 1652/1652 1653/1653
f 1647/1647 1653/1653 1648/1648
f 3532/3532 3538/3538 3537/3537
f 3532/3532 3533/3533 3538/3538
f 1648/1648 1653/1653 1654/1654
f 1648/1648 1654/1654 1649/1649
f 3533/3533 3539/3539 3538/3538
f 3533/3533 3534/3534 3539/3539
f 1649/1649 1654/1654 1655/1655
f 1649/1649 1655/1655 1650/1650
f 3534/3534 3540/3540 3539/3539
f 3534/3534 3535/3535 3540/3540
f 1646/1646 3536/3536 1651/1651
f 1646/1646 3531/3531 3536/3536
f 1650/1650 1655/1655 3540/3540
f 1650/1650 3540/3540 3535/3535
f 1651/1651 1656/1656 1657/1657
f 1651/1651 1657/1657 1652/1652
f 3536/3536 3542/3542 3541/3541
f 3536/3536 3537/3537 3542/3542
f 1652/1652 1657/1657 1658/1658
f 1652/1652 1658/1658 1653/1653
f 3537/3537 3543/3543 3542/3542
f 3537/3537 3538/3538 3543/3543
f 1653/1653 1658/1658 1659/1659
f 1653/1653 1659/1659 1654/1654
f 3538/3538 3544/3544 3543/3543
f 3538/3538 3539/3539 3544/3544
f 1654/1654 1659/1659 1660/1660
f 1654/1654 1660/1660 1655/1655
f 3539/3539 3545/3545 3544/3544
f 3539/3539 3540/3540 3545/3545
f 1651/1651 3541/3541 1656/1656
f 1651/1651 3536/3536 3541/3541
f 1655/1655 1660/1660 3545/3545
f 1655/1655 3545/3545 3540/3540
f 1656/1656 1661/1661 1662/1662
f 1656/1656 1662/1662 1657/1657
f 3541/3541 3547/3547 3546/3546
f 3541/3541 3542/3542 3547/3547
f 1657/1657 1662/1662 1663/1663
f 1657/1657 1663/1663 1658/1658
f 3542/3542 3548/3548 3547/3547
f 3542/3542 3543/3543 3548/3548
f 1658/1658 1663/1663 1664/1664
f 1658/1658 1664/1664 1659/1659
f 3543/3543 3549/3549 3548/3548
f 3543/3543 3544/3544 3549/3549
f 1659/1659 1664/1664 1665/1665
f 1659/1659 1665/1665 1660/1660
f 3544/3544 3550/3550 3549/3549
f 3544/3544 3545/3545 3550/3550
f 1656/1656 3546/3546 1661/1661
f 1656/1656 3541/3541 3546/3546
f 1660/1660 1665/1665 3550/3550
f 1660/1660 3550/3550 3545/3545
f 1661/1661 1666/1666 1667/1667
f 1661/1661 1667/1667 1662/1662
f 3546/3546 3552/3552 3551/3551
f 3546/3546 3547/3547 3552/3552
f 1662/1662 1667/1667 1668/1668
f 1662/1662 1668/1668 1663/1663
f 3547/3547 3553/3553 3552/3552
f 3547/3547 3548/3548 3553/3553
f 1663/1663 1668/1668 1669/1669
f 1663/1663 1669/1669 1664/1664
f 3548/3548 3554/3554 3553/3553
f 3548/3548 3549/3549 3554/3554
f 1664/1664 1669/1669 1670/1670
f 1664/1664 1670/1670 1665/1665
f 3549/3549 3555/3555 3554/3554
f 3549/3549 3550/3550 3555/3555
f 1661/1661 3551/3551 1666/1666
f 1661/1661 3546/3546 3551/3551
f 1665/1665 1670/1670 3555/3555
f 1665/1665 3555/3555 3550/3550
f 1666/1666 1671/1671 1672/1672
f 1666/1666 1672/1672 1667/1667
f 3551/3551 3557/3557 3556/3556
f 3551/3551 3552/3552 3557/3557
f 1667/1667 1672/1672 1673/1673
f 1667/1667 1673/1673 1668/1668
f 3552/3552 3558/3558 3557/3557
f 3552/3552 3553/3553 3558/3558
f 1668/1668 1673/1673 1674/1674
f 1668/1668 1674/1674 1669/1669
f 3553/3553 3559/3559 3558/3558
f 3553/3553 3554/3554 3559/3559
f 1669/1669 1674/1674 1675/1675
f 1669/1669 1675/1675 1670/1670
f 3554/3554 3560/3560 3559/3559
f 3554/3554 3555/3555 3560/3560
f 1666/1666 3556/3556 1671/1671
f 1666/1666 3551/3551 3556/3556
f 1670/1670 1675/1675 3560/3560
f 1670/1670 3560/3560 3555/3555
f 1671/1671 1676/1676 1677/1677
f 1671/1671 1677/1677 1672/1672
f 3556/3556 3562/3562 3561/3561
f 3556/3556 3557/3557 3562/3562
f 1672/1672 1677/1677 1678/1678
f 1672/1672 1678/1678 1673/1673
f 3557/3557 3563/3563 3562/3562
f 3557/3557 3558/3558 3563/3563
f 1673/1673 1678/1678 1679/1679
f 1673/1673 1679/1679 1674/1674
f 3558/3558 3564/3564 3563/3563
f 3558/3558 3559/3559 3564/3564
f 1674/1674 1679/1679 1680/1680
f 1674/1674 1680/1680 1675/1675
f 3559/3559 3565/3565 3564/3564
f 3559/3559 3560/3560 3565/3565
f 1671/1671 3561/3561 1676/1676
f 1671/1671 3556/3556 3561/3561
f 1675/1675 1680/1680 3565/3565
f 1675/1675 3565/3565 3560/3560
f 1676/1676 1681/1681 1682/1682
f 1676/1676 1682/1682 1677/1677
f 3561/3561 3567/3567 3566/3566
f 3561/3561 3562/3562 3567/3567
f 1677/1677 1682/1682 1683/1683
f 1677/1677 1683/1683 1678/1678
f 3562/3562 3568/3568 3567/3567
f 3562/3562 3563/3563 3568/3568
f 1678/1678 1683/1683 1684/1684
f 1678/1678 1684/1684 1679/1679
f 3563/3563 3569/3569 3568/3568
f 3563/3563 3564/3564 3569/3569
f 1679/1679 1684/1684 1685/1685
f 1679/1679 1685/1685 1680/1680
f 3564/3564 3570/3570 3569/3569
f 3564/3564 3565/3565 3570/3570
f 1676/1676 3566/3566 1681/1681
f 1676/1676 3561/3561 3566/3566
f 1680/1680 1685/1685 3570/3570
f 1680/1680 3570/3570 3565/3565
f 1681/1681 1686/1686 1687/1687
f 1681/1681 1687/1687 1682/1682
f 3566/3566 3572/3572 3571/3571
f 3566/3566 3567/3567 3572/3572
f 1682/1682 1687/1687 1688/1688
f 1682/1682 1688/1688 1683/1683
f 3567/3567 3573/3573 3572/3572
f 3567/3567 3568/3568 3573/3573
f 1683/1683 1688/1688 1689/1689
f 1683/1683 1689/1689 1684/1684
f 3568/3568 3574/3574 3573/3573
f 3568/3568 3569/3569 3574/3574
f 1684/1684 1689/1689 1690/1690
f 1684/1684 1690/1690 1685/1685
f 3569/3569 3575/3575 3574/3574
f 3569/3569 3570/3570 3575/3575
f 1681/1681 3571/3571 1686/1686
f 1681/1681 3566/3566 3571/3571
f 1685/1685 1690/1690 3575/3575
f 1685/1685 3575/3575 3570/3570
f 1686/1686 1691/1691 1692/1692
f 1686/1686 1692/1692 1687/1687
f 3571/3571 3577/3577 3576/3576
f 3571/3571 3572/3572 3577/3577
f 1687/1687 1692/1692 1693/1693
f 1687/1687 1693/1693 1688/1688
f 3572/3572 3578/3578 3577/3577
f 3572/3572 3573/3573 3578/3578
f 1688/1688 1693/1693 1694/1694
f 1688/1688 1694/1694 1689/1689
f 3573/3573 3579/3579 3578/3578
f 3573/3573 3574/3574 3579/3579
f 1689/1689 1694/1694 1695/1695
f 1689/1689 1695/1695 1690/1690
f 3574/3574 3580/3580 3579/3579
f 3574/3574 3575/3575 3580/3580
f 1686/1686 3576/3576 1691/1691
f 1686/1686 3571/3571 3576/3576
f 1690/1690 1695/1695 3580/3580
f 1690/1690 3580/3580 3575/3575
f 1691/1691 1696/1696 1697/1697
f 1691/1691 1697/1697 1692/1692
f 3576/3576 3582/3582 3581/3581
f 3576/3576 3577/3577 3582/3582
f 1692/1692 1697/1697 1698/1698
f 1692/1692 1698/1698 1693/1693
f 3577/3577 3583/3583 3582/3582
f 3577/3577 3578/3578 3583/3583
f 1693/1693 1698/1698 1699/1699
f 1693/1693 1699/1699 1694/1694
f 3578/3578 3584/3584 3583/3583
f 3578/3578 3579/3579 3584/3584
f 1694/1694 1699/1699 1700/1700
f 1694/1694 1700/1700 1695/1695
f 3579/3579 3585/3585 3584/3584
f 3579/3579 3580/3580 3585/3585
f 1691/1691 3581/3581 1696/1696
f 1691/1691 3576/3576 3581/3581
f 1695/1695 1700/1700 3585/3585
f 1695/1695 3585/3585 3580/3580
f 1696/1696 1701/1701 1702/1702
f 1696/1696 1702/1702 1697/1697
f 3581/3581 3587/3587 3586/3586
f 3581/3581 3582/3582 3587/3587
f 1697/1697 1702/1702 1703/1703
f 1697/1697 1703/1703 1698/1698
f 3582/3582 3588/3588 3587/3587
f 3582/3582 3583/3583 3588/3588
f 1698/1698 1703/1703 1704/1704
f 1698/1698 1704/1704 1699/1699
f 3583/3583 3589/3589 3588/3588
f 3583/3583 3584/3584 3589/3589
f 1699/1699 1704/1704 1705/1705
f 1699/1699 1705/1705 1700/1700
f 3584/3584 3590/3590 3589/3589
f 3584/3584 3585/3585 3590/3590
f 1696/1696 3586/3586 1701/1701
f 1696/1696 3581/3581 3586/3586
f 1700/1700 1705/1705 3590/3590
f 1700/1700 3590/3590 3585/3585
f 1701/1701 1706/1706 1707/1707
f 1701/1701 1707/1707 1702/1702
f 3586/3586 3592/3592 3591/3591
f 3586/3586 3587/3587 3592/3592
f 1702/1702 1707/1707 1708/1708
f 1702/1702 1708/1708 1703/1703
f 3587/3587 3593/3593 3592/3592
f 3587/3587 3588/3588 3593/3593
f 1703/1703 1708/1708 1709/1709
f 1703/1703 1709/1709 1704/1704
f 3588/3588 3594/3594 3593/3593
f 3588/3588 3589/3589 3594/3594
f 1704/1704 1709/1709 1710/1710
f 1704/1704 1710/1710 1705/1705
f 3589/3589 3595/3595 3594/3594
f 3589/3589 3590/3590 3595/3595
f 1701/1701 3591/3591 1706/1706
f 1701/1701 3586/3586 3591/3591
f 1705/1705 1710/1710 3595/3595
f 1705/1705 3595/3595 3590/3590
f 1706/1706 1711/1711 1712/1712
f 1706/1706 1712/1712 1707/1707
f 3591/3591 3597/3597 3596/3596
f 3591/3591 3592/3592 3597/3597
f 1707/1707 1712/1712 1713/1713
f 1707/1707 1713/1713 1708/1708
f 3592/3592 3598/3598 3597/3597
f 3592/3592 3593/3593 3598/3598
f 1708/1708 1713/1713 1714/1714
f 1708/1708 1714/1714 1709/1709
f 3593/3593 3599/3599 3598/3598
f 3593/3593 3594/3594 3599/3599
f 1709/1709 1714/1714 1715/1715
f 1709/1709 1715/1715 1710/1710
f 3594/3594 3600/3600 3599/3599
f 3594/3594 3595/3595 3600/3600
f 1706/1706 3596/3596 1711/1711
f 1706/1706 3591/3591 3596/3596
f 1710/1710 1715/1715 3600/3600
f 1710/1710 3600/3600 3595/3595
f 1711/1711 1716/1716 1717/1717
f 1711/1711 1717/1717 1712/1712
f 3596/3596 3602/3602 3601/3601
f 3596/3596 3597/3597 3602/3602
f 1712/1712 1717/1717 1718/1718
f 1712/1712 1718/1718 1713/1713
f 3597/3597 3603/3603 3602/3602
f 3597/3597 3598/3598 3603/3603
f 1713/1713 1718/1718 1719/1719
f 1713/1713 1719/1719 1714/1714
f 3598/3598 3604/3604 3603/3603
f 3598/3598 3599/3599 3604/3604
f 1714/1714 1719/1719 1720/1720
f 1714/1714 1720/1720 1715/1715
f 3599/3599 3605/3605 3604/3604
f 3599/3599 3600/3600 3605/3605
f 1711/1711 3601/3601 1716/1716
f 1711/1711 3596/3596 3601/3601
f 1715/1715 1720/1720 3605/3605
f 1715/1715 3605/3605 3600/3600
f 1716/1716 1721/1721 1722/1722
f 1716/1716 1722/1722 1717/1717
f 3601/3601 3607/3607 3606/3606
f 3601/3601 3602/3602 3607/3607
f 1717/1717 1722/1722 1723/1723
f 1717/1717 1723/1723 1718/1718
f 3602/3602 3608/3608 3607/3607
f 3602/3602 3603/3603 3608/3608
f 1718/1718 1723/1723 1724/1724
f 1718/1718 1724/1724 1719/1719
f 3603/3603 3609/3609 3608/3608
f 3603/3603 3604/3604 3609/3609
f 1719/1719 1724/1724 1725/1725
f 1719/1719 1725/1725 1720/1720
f 3604/3604 3610/3610 3609/3609
f 3604/3604 3605/3605 3610/3610
f 1716/1716 3606/3606 1721/1721
f 1716/1716 3601/3601 3606/3606
f 1720/1720 1725/1725 3610/3610
f 1720/1720 3610/3610 3605/3605
f 1721/1721 1726/1726 1727/1727
f 1721/1721 1727/1727 1722/1722
f 3606/3606 3612/3612 3611/3611
f 3606/3606 3607/3607 3612/3612
f 1722/1722 1727/1727 1728/1728
f 1722/1722 1728/1728 1723/1723
f 3607/3607 3613/3613 3612/3612
f 3607/3607 3608/3608 3613/3613
f 1723/1723 1728/1728 1729/1729
f 1723/1723 1729/1729 1724/1724
f 3608/3608 3614/3614 3613/3613
f 3608/3608 3609/3609 3614/3614
f 1724/1724 1729/1729 1730/1730
f 1724/1724 1730/1730 1725/1725
f 3609/3609 3615/3615 3614/3614
f 3609/3609 3610/3610 3615/3615
f 1721/1721 3611/3611 1726/1726
f 1721/1721 3606/3606 3611/3611
f 1725/1725 1730/1730 3615/3615
f 1725/1725 3615/3615 3610/3610
f 1726/1726 1731/1731 1732/1732
f 1726/1726 1732/1732 1727/1727
f 3611/3611 3617/3617 3616/3616
f 3611/3611 3612/3612 3617/3617
f 1727/1727 1732/1732 1733/1733
f 1727/1727 1733/1733 1728/1728
f 3612/3612 3618/3618 3617/3617
f 3612/3612 3613/3613 3618/3618
f 1728/1728 1733/1733 1734/1734
f 1728/1728 1734/1734 1729/1729
f 3613/3613 3619/3619 3618/3618
f 3613/3613 3614/3614 3619/3619
f 1729/1729 1734/1734 1735/1735
f 1729/1729 1735/1735 1730/1730
f 3614/3614 3620/3620 3619/3619
f 3614/3614 3615/3615 3620/3620
f 1726/1726 3616/3616 1731/1731
f 1726/1726 3611/3611 3616/3616
f 1730/1730 1735/1735 3620/3620
f 1730/1730 3620/3620 3615/3615
f 1731/1731 1736/1736 1737/1737
f 1731/1731 1737/1737 1732/1732
f 3616/3616 3622/3622 3621/3621
f 3616/3616 3617/3617 3622/3622
f 1732/1732 1737/1737 1738/1738
f 1732/1732 1738/1738 1733/1733
f 3617/3617 3623/3623 3622/3622
f 3617/3617 3618/3618 3623/3623
f 1733/1733 1738/1738 1739/1739
f 1733/1733 1739/1739 1734/1734
f 3618/3618 3624/3624 3623/3623
f 3618/3618 3619/3619 3624/3624
f 1734/1734 1739/1739 1740/1740
f 1734/1734 1740/1740 1735/1735
f 3619/3619 3625/3625 3624/3624
f 3619/3619 3620/3620 3625/3625
f 1731/1731 3621/3621 1736/1736
f 1731/1731 3616/3616 3621/3621
f 1735/1735 1740/1740 3625/3625
f 1735/1735 3625/3625 3620/3620
f 1736/1736 1741/1741 1742/1742
f 1736/1736 1742/1742 1737/1737
f 3621/3621 3627/3627 3626/3626
f 3621/3621 3622/3622 3627/3627
f 1737/1737 1742/1742 1743/1743
f 1737/1737 1743/1743 1738/1738
f 3622/3622 3628/3628 3627/3627
f 3622/3622 3623/3623 3628/3628
f 1738/1738 1743/1743 1744/1744
f 1738/1738 1744/1744 1739/1739
f 3623/3623 3629/3629 3628/3628
f 3623/3623 3624/3624 3629/3629
f 1739/1739 1744/1744 1745/1745
f 1739/1739 1745/1745 1740/1740
f 3624/3624 3630/3630 3629/3629
f 3624/3624 3625/3625 3630/3630
f 1736/1736 3626/3626 1741/1741
f 1736/1736 3621/3621 3626/3626
f 1740/1740 1745/1745 3630/3630
f 1740/1740 3630/3630 3625/3625
f 1741/1741 1746/1746 1747/1747
f 1741/1741 1747/1747 1742/1742
f 3626/3626 3632/3632 3631/3631
f 3626/3626 3627/3627 3632/3632
f 1742/1742 1747/1747 1748/1748
f 1742/1742 1748/1748 1743/1743
f 3627/3627 3633/3633 3632/3632
f 3627/3627 3628/3628 3633/3633
f 1743/1743 1748/1748 1749/1749
f 1743/1743 1749/1749 1744/1744
f 3628/3628 3634/3634 3633/3633
f 3628/3628 3629/3629 3634/3634
f 1744/1744 1749/1749 1750/1750
f 1744/1744 1750/1750 1745/1745
f 3629/3629 3635/3635 3634/3634
f 3629/3629 3630/3630 3635/3635
f 1741/1741 3631/3631 1746/1746
f 1741/1741 3626/3626 3631/3631
f 1745/1745 1750/1750 3635/3635
f 1745/1745 3635/3635 3630/3630
f 1746/1746 1751/1751 1752/1752
f 1746/1746 1752/1752 1747/1747
f 3631/3631 3637/3637 3636/3636
f 3631/3631 3632/3632 3637/3637
f 1747/1747 1752/1752 1753/1753
f 1747/1747 1753/1753 1748/1748
f 3632/3632 3638/3638 3637/3637
f 3632/3632 3633/3633 3638/3638
f 1748/1748 1753/1753 1754/1754
f 1748/1748 1754/1754 1749/1749
f 3633/3633 3639/3639 3638/3638
f 3633/3633 3634/3634 3639/3639
f 1749/1749 1754/1754 1755/1755
f 1749/1749 1755/1755 1750/1750
f 3634/3634 3640/3640 3639/3639
f 3634/3634 3635/3635 3640/3640
f 1746/1746 3636/3636 1751/1751
f 1746/1746 3631/3631 3636/3636
f 1750/1750 1755/1755 3640/3640
f 1750/1750 3640/3640 3635/3635
f 1751/1751 1756/1756 1757/1757
f 1751/1751 1757/1757 1752/1752
f 3636/3636 3642/3642 3641/3641
f 3636/3636 3637/3637 3642/3642
f 1752/1752 1757/1757 1758/1758
f 1752/1752 1758/1758 1753/1753
f 3637/3637 3643/3643 3642/3642
f 3637/3637 3638/3638 3643/3643
f 1753/1753 1758/1758 1759/1759
f 1753/1753 1759/1759 1754/1754
f 3638/3638 3644/3644 3643/3643
f 3638/3638 3639/3639 3644/3644
f 1754/1754 1759/1759 1760/1760
f 1754/1754 1760/1760 1755/1755
f 3639/3639 3645/3645 3644/3644
f 3639/3639 3640/3640 3645/3645
f 1751/1751 3641/3641 1756/1756
f 1751/1751 3636/3636 3641/3641
f 1755/1755 1760/1760 3645/3645
f 1755/1755 3645/3645 3640/3640
f 1756/1756 1761/1761 1762/1762
f 1756/1756 1762/1762 1757/1757
f 3641/3641 3647/3647 3646/3646
f 3641/3641 3642/3642 3647/3647
f 1757/1757 1762/1762 1763/1763
f 1757/1757 1763/1763 1758/1758
f 3642/3642 3648/3648 3647/3647
f 3642/3642 3643/3643 3648/3648
f 1758/1758 1763/1763 1764/1764
f 1758/1758 1764/1764 1759/1759
f 3643/3643 3649/3649 3648/3648
f 3643/3643 3644/3644 3649/3649
f 1759/1759 1764/1764 1765/1765
f 1759/1759 1765/1765 1760/1760
f 3644/3644 3650/3650 3649/3649
f 3644/3644 3645/3645 3650/3650
f 1756/1756 3646/3646 1761/1761
f 1756/1756 3641/3641 3646/3646
f 1760/1760 1765/1765 3650/3650
f 1760/1760 3650/3650 3645/3645
f 1761/1761 1766/1766 1767/1767
f 1761/1761 1767/1767 1762/1762
f 3646/3646 3652/3652 3651/3651
f 3646/3646 3647/3647 3652/3652
f 1762/1762 1767/1767 1768/1768
f 1762/1762 1768/1768 1763/1763
f 3647/3647 3653/3653 3652/3652
f 3647/3647 3648/3648 3653/3653
f 1763/1763 1768/1768 1769/1769
f 1763/1763 1769/1769 1764/1764
f 3648/3648 3654/3654 3653/3653
f 3648/3648 3649/3649 3654/3654
f 1764/1764 1769/1769 1770/1770
f 1764/1764 1770/1770 1765/1765
f 3649/3649 3655/3655 3654/3654
f 3649/3649 3650/3650 3655/3655
f 1761/1761 3651/3651 1766/1766
f 1761/1761 3646/3646 3651/3651
f 1765/1765 1770/1770 3655/3655
f 1765/1765 3655/3655 3650/3650
f 1766/1766 1771/1771 1772/1772
f 1766/1766 1772/1772 1767/1767
f 3651/3651 3657/3657 3656/3656
f 3651/3651 3652/3652 3657/3657
f 1767/1767 1772/1772 1773/1773
f 1767/1767 1773/1773 1768/1768
f 3652/3652 3658/3658 3657/3657
f 3652/3652 3653/3653 3658/3658
f 1768/1768 1773/1773 1774/1774
f 1768/1768 1774/1774 1769/1769
f 3653/3653 3659/3659 3658/3658
f 3653/3653 3654/3654 3659/3659
f 1769/1769 1774/1774 1775/1775
f 1769/1769 1775/1775 1770/1770
f 3654/3654 3660/3660 3659/3659
f 3654/3654 3655/3655 3660/3660
f 1766/1766 3656/3656 1771/1771
f 1766/1766 3651/3651 3656/3656
f 1770/1770 1775/1775 3660/3660
f 1770/1770 3660/3660 3655/3655
f 1771/1771 1776/1776 1777/1777
f 1771/1771 1777/1777 1772/1772
f 3656/3656 3662/3662 3661/3661
f 3656/3656 3657/3657 3662/3662
f 1772/1772 1777/1777 1778/1778
f 1772/1772 1778/1778 1773/1773
f 3657/3657 3663/3663 3662/3662
f 3657/3657 3658/3658 3663/3663
f 1773/1773 1778/1778 1779/1779
f 1773/1773 1779/1779 1774/1774
f 3658/3658 3664/3664 3663/3663
f 3658/3658 3659/3659 3664/3664
f 1774/1774 1779/1779 1780/1780
f 1774/1774 1780/1780 1775/1775
f 3659/3659 3665/3665 3664/3664
f 3659/3659 3660/3660 3665/3665
f 1771/1771 3661/3661 1776/1776
f 1771/1771 3656/3656 3661/3661
f 1775/1775 1780/1780 3665/3665
f 1775/1775 3665/3665 3660/3660
f 1776/1776 1781/1781 1782/1782
f 1776/1776 1782/1782 1777/1777
f 3661/3661 3667/3667 3666/3666
f 3661/3661 3662/3662 3667/3667
f 1777/1777 1782/1782 1783/1783
f 1777/1777 1783/1783 1778/1778
f 3662/3662 3668/3668 3667/3667
f 3662/3662 3663/3663 3668/3668
f 1778/1778 1783/1783 1784/1784
f 1778/1778 1784/1784 1779/1779
f 3663/3663 3669/3669 3668/3668
f 3663/3663 3664/3664 3669/3669
f 1779/1779 1784/1784 1785/1785
f 1779/1779 1785/1785 1780/1780
f 3664/3664 3670/3670 3669/3669
f 3664/3664 3665/3665 3670/3670
f 1776/1776 3666/3666 1781/1781
f 1776/1776 3661/3661 3666/3666
f 1780/1780 1785/1785 3670/3670
f 1780/1780 3670/3670 3665/3665
f 1781/1781 1786/1786 1787/1787
f 1781/1781 1787/1787 1782/1782
f 3666/3666 3672/3672 3671/3671
f 3666/3666 3667/3667 3672/3672
f 1782/1782 1787/1787 1788/1788
f 1782/1782 1788/1788 1783/1783
f 3667/3667 3673/3673 3672/3672
f 3667/3667 3668/3668 3673/3673
f 1783/1783 1788/1788 1789/1789
f 1783/1783 1789/1789 1784/1784
f 3668/3668 3674/3674 3673/3673
f 3668/3668 3669/3669 3674/3674
f 1784/1784 1789/1789 1790/1790
f 1784/1784 1790/1790 1785/1785
f 3669/3669 3675/3675 3674/3674
f 3669/3669 3670/3670 3675/3675
f 1781/1781 3671/3671 1786/1786
f 1781/1781 3666/3666 3671/3671
f 1785/1785 1790/1790 3675/3675
f 1785/1785 3675/3675 3670/3670
f 1786/1786 1791/1791 1792/1792
f 1786/1786 1792/1792 1787/1787
f 3671/3671 3677/3677 3676/3676
f 3671/3671 3672/3672 3677/3677
f 1787/1787 1792/1792 1793/1793
f 1787/1787 1793/1793 1788/1788
f 3672/3672 3678/3678 3677/3677
f 3672/3672 3673/3673 3678/3678
f 1788/1788 1793/1793 1794/1794
f 1788/1788 1794/1794 1789/1789
f 3673/3673 3679/3679 3678/3678
f 3673/3673 3674/3674 3679/3679
f 1789/1789 1794/1794 1795/1795
f 1789/1789 1795/1795 1790/1790
f 3674/3674 3680/3680 3679/3679
f 3674/3674 3675/3675 3680/3680
f 1786/1786 3676/3676 1791/1791
f 1786/1786 3671/3671 3676/3676
f 1790/1790 1795/1795 3680/3680
f 1790/1790 3680/3680 3675/3675
f 1791/1791 1796/1796 1797/1797
f 1791/1791 1797/1797 1792/1792
f 3676/3676 3682/3682 3681/3681
f 3676/3676 3677/3677 3682/3682
f 1792/1792 1797/1797 1798/1798
f 1792/1792 1798/1798 1793/1793
f 3677/3677 3683/3683 3682/3682
f 3677/3677 3678/3678 3683/3683
f 1793/1793 1798/1798 1799/1799
f 1793/1793 1799/1799 1794/1794
f 3678/3678 3684/3684 3683/3683
f 3678/3678 3679/3679 3684/3684
f 1794/1794 1799/1799 1800/1800
f 1794/1794 1800/1800 1795/1795
f 3679/3679 3685/3685 3684/3684
f 3679/3679 3680/3680 3685/3685
f 1791/1791 3681/3681 1796/1796
f 1791/1791 3676/3676 3681/3681
f 1795/1795 1800/1800 3685/3685
f 1795/1795 3685/3685 3680/3680
f 1796/1796 1801/1801 1802/1802
f 1796/1796 1802/1802 1797/1797
f 3681/3681 3687/3687 3686/3686
f 3681/3681 3682/3682 3687/3687
f 1797/1797 1802/1802 1803/1803
f 1797/1797 1803/1803 1798/1798
f 3682/3682 3688/3688 3687/3687
f 3682/3682 3683/3683 3688/3688
f 1798/1798 1803/1803 1804/1804
f 1798/1798 1804/1804 1799/1799
f 3683/3683 3689/3689 3688/3688
f 3683/3683 3684/3684 3689/3689
f 1799/1799 1804/1804 1805/1805
f 1799/1799 1805/1805 1800/1800
f 3684/3684 3690/3690 3689/3689
f 3684/3684 3685/3685 3690/3690
f 1796/1796 3686/3686 1801/1801
f 1796/1796 3681/3681 3686/3686
f 1800/1800 1805/1805 3690/3690
f 1800/1800 3690/3690 3685/3685
f 1801/1801 1806/1806 1807/1807
f 1801/1801 1807/1807 1802/1802
f 3686/3686 3692/3692 3691/3691
f 3686/3686 3687/3687 3692/3692
f 1802/1802 1807/1807 1808/1808
f 1802/1802 1808/1808 1803/1803
f 3687/3687 3693/3693 3692/3692
f 3687/3687 3688/3688 3693/3693
f 1803/1803 1808/1808 1809/1809
f 1803/1803 1809/1809 1804/1804
f 3688/3688 3694/3694 3693/3693
f 3688/3688 3689/3689 3694/3694
f 1804/1804 1809/1809 1810/1810
f 1804/1804 1810/1810 1805/1805
f 3689/3689 3695/3695 3694/3694
f 3689/3689 3690/3690 3695/3695
f 1801/1801 3691/3691 1806/1806
f 1801/1801 3686/3686 3691/3691
f 1805/1805 1810/1810 3695/3695
f 1805/1805 3695/3695 3690/3690
f 1806/1806 1811/1811 1812/1812
f 1806/1806 1812/1812 1807/1807
f 3691/3691 3697/3697 3696/3696
f 3691/3691 3692/3692 3697/3697
f 1807/1807 1812/1812 1813/1813
f 1807/1807 1813/1813 1808/1808
f 3692/3692 3698/3698 3697/3697
f 3692/3692 3693/3693 3698/3698
f 1808/1808 1813/1813 1814/1814
f 1808/1808 1814/1814 1809/1809
f 3693/3693 3699/3699 3698/3698
f 3693/3693 3694/3694 3699/3699
f 1809/1809 1814/1814 1815/1815
f 1809/1809 1815/1815 1810/1810
f 3694/3694 3700/3700 3699/3699
f 3694/3694 3695/3695 3700/3700
f 1806/1806 3696/3696 1811/1811
f 1806/1806 3691/3691 3696/3696
f 1810/1810 1815/1815 3700/3700
f 1810/1810 3700/3700 3695/3695
f 1811/1811 1816/1816 1817/1817
f 1811/1811 1817/1817 1812/1812
f 3696/3696 3702/3702 3701/3701
f 3696/3696 3697/3697 3702/3702
f 1812/1812 1817/1817 1818/1818
f 1812/1812 1818/1818 1813/1813
f 3697/3697 3703/3703 3702/3702
f 3697/3697 3698/3698 3703/3703
f 1813/1813 1818/1818 1819/1819
f 1813/1813 1819/1819 1814/1814
f 3698/3698 3704/3704 3703/3703
f 3698/3698 3699/3699 3704/3704
f 1814/1814 1819/1819 1820/1820
f 1814/1814 1820/1820 1815/1815
f 3699/3699 3705/3705 3704/3704
f 3699/3699 3700/3700 3705/3705
f 1811/1811 3701/3701 1816/1816
f 1811/1811 3696/3696 3701/3701
f 1815/1815 1820/1820 3705/3705
f 1815/1815 3705/3705 3700/3700
f 1816/1816 1821/1821 1822/1822
f 1816/1816 1822/1822 1817/1817
f 3701/3701 3707/3707 3706/3706
f 3701/3701 3702/3702 3707/3707
f 1817/1817 1822/1822 1823/1823
f 1817/1817 1823/1823 1818/1818
f 3702/3702 3708/3708 3707/3707
f 3702/3702 3703/3703 3708/3708
f 1818/1818 1823/1823 1824/1824
f 1818/1818 1824/1824 1819/1819
f 3703/3703 3709/3709 3708/3708
f 3703/3703 3704/3704 3709/3709
f 1819/1819 1824/1824 1825/1825
f 1819/1819 1825/1825 1820/1820
f 3704/3704 3710/3710 3709/3709
f 3704/3704 3705/3705 3710/3710
f 1816/1816 3706/3706 1821/1821
f 1816/1816 3701/3701 3706/3706
f 1820/1820 1825/1825 3710/3710
f 1820/1820 3710/3710 3705/3705
f 1821/1821 1826/1826 1827/1827
f 1821/1821 1827/1827 1822/1822
f 3706/3706 3712/3712 3711/3711
f 3706/3706 3707/3707 3712/3712
f 1822/1822 1827/1827 1828/1828
f 1822/1822 1828/1828 1823/1823
f 3707/3707 3713/3713 3712/3712
f 3707/3707 3708/3708 3713/3713
f 1823/1823 1828/1828 1829/1829
f 1823/1823 1829/1829 1824/1824
f 3708/3708 3714/3714 3713/3713
f 3708/3708 3709/3709 3714/3714
f 1824/1824 1829/1829 1830/1830
f 1824/1824 1830/1830 1825/1825
f 3709/3709 3715/3715 3714/3714
f 3709/3709 3710/3710 3715/3715
f 1821/1821 3711/3711 1826/1826
f 1821/1821 3706/3706 3711/3711
f 1825/1825 1830/1830 3715/3715
f 1825/1825 3715/3715 3710/3710
f 1826/1826 1831/1831 1832/1832
f 1826/1826 1832/1832 1827/1827
f 3711/3711 3717/3717 3716/3716
f 3711/3711 3712/3712 3717/3717
f 1827/1827 1832/1832 1833/1833
f 1827/1827 1833/1833 1828/1828
f 3712/3712 3718/3718 3717/3717
f 3712/3712 3713/3713 3718/3718
f 1828/1828 1833/1833 1834/1834
f 1828/1828 1834/1834 1829/1829
f 3713/3713 3719/3719 3718/3718
f 3713/3713 3714/3714 3719/3719
f 1829/1829 1834/1834 1835/1835
f 1829/1829 1835/1835 1830/1830
f 3714/3714 3720/3720 3719/3719
f 3714/3714 3715/3715 3720/3720
f 1826/1826 3716/3716 1831/1831
f 1826/1826 3711/3711 3716/3716
f 1830/1830 1835/1835 3720/3720
f 1830/1830 3720/3720 3715/3715
f 1831/1831 1836/1836 1837/1837
f 1831/1831 1837/1837 1832/1832
f 3716/3716 3722/3722 3721/3721
f 3716/3716 3717/3717 3722/3722
f 1832/1832 1837/1837 1838/1838
f 1832/1832 1838/1838 1833/1833
f 3717/3717 3723/3723 3722/3722
f 3717/3717 3718/3718 3723/3723
f 1833/1833 1838/1838 1839/1839
f 1833/1833 1839/1839 1834/1834
f 3718/3718 3724/3724 3723/3723
f 3718/3718 3719/3719 3724/3724
f 1834/1834 1839/1839 1840/1840
f 1834/1834 1840/1840 1835/1835
f 3719/3719 3725/3725 3724/3724
f 3719/3719 3720/3720 3725/3725
f 1831/1831 3721/3721 1836/1836
f 1831/1831 3716/3716 3721/3721
f 1835/1835 1840/1840 3725/3725
f 1835/1835 3725/3725 3720/3720
f 1836/1836 1841/1841 1842/1842
f 1836/1836 1842/1842 1837/1837
f 3721/3721 3727/3727 3726/3726
f 3721/3721 3722/3722 3727/3727
f 1837/1837 1842/1842 1843/1843
f 1837/1837 1843/1843 1838/1838
f 3722/3722 3728/3728 3727/3727
f 3722/3722 3723/3723 3728/3728
f 1838/1838 1843/1843 1844/1844
f 1838/1838 1844/1844 1839/1839
f 3723/3723 3729/3729 3728/3728
f 3723/3723 3724/3724 3729/3729
f 1839/1839 1844/1844 1845/1845
f 1839/1839 1845/1845 1840/1840
f 3724/3724 3730/3730 3729/3729
f 3724/3724 3725/3725 3730/3730
f 1836/1836 3726/3726 1841/1841
f 1836/1836 3721/3721 3726/3726
f 1840/1840 1845/1845 3730/3730
f 1840/1840 3730/3730 3725/3725
f 1841/1841 1846/1846 1847/1847
f 1841/1841 1847/1847 1842/1842
f 3726/3726 3732/3732 3731/3731
f 3726/3726 3727/3727 3732/3732
f 1842/1842 1847/1847 1848/1848
f 1842/1842 1848/1848 1843/1843
f 3727/3727 3733/3733 3732/3732
f 3727/3727 3728/3728 3733/3733
f 1843/1843 1848/1848 1849/1849
f 1843/1843 1849/1849 1844/1844
f 3728/3728 3734/3734 3733/3733
f 3728/3728 3729/3729 3734/3734
f 1844/1844 1849/1849 1850/1850
f 1844/1844 1850/1850 1845/1845
f 3729/3729 3735/3735 3734/3734
f 3729/3729 3730/3730 3735/3735
f 1841/1841 3731/3731 1846/1846
f 1841/1841 3726/3726 3731/3731
f 1845/1845 1850/1850 3735/3735
f 1845/1845 3735/3735 3730/3730
f 1846/1846 1851/1851 1852/1852
f 1846/1846 1852/1852 1847/1847
f 3731/3731 3737/3737 3736/3736
f 3731/3731 3732/3732 3737/3737
f 1847/1847 1852/1852 1853/1853
f 1847/1847 1853/1853 1848/1848
f 3732/3732 3738/3738 3737/3737
f 3732/3732 3733/3733 3738/3738
f 1848/1848 1853/1853 1854/1854
f 1848/1848 1854/1854 1849/1849
f 3733/3733 3739/3739 3738/3738
f 3733/3733 3734/3734 3739/3739
f 1849/1849 1854/1854 1855/1855
f 1849/1849 1855/1855 1850/1850
f 3734/3734 3740/3740 3739/3739
f 3734/3734 3735/3735 3740/3740
f 1846/1846 3736/3736 1851/1851
f 1846/1846 3731/3731 3736/3736
f 1850/1850 1855/1855 3740/3740
f 1850/1850 3740/3740 3735/3735
f 1851/1851 1856/1856 1857/1857
f 1851/1851 1857/1857 1852/1852
f 3736/3736 3742/3742 3741/3741
f 3736/3736 3737/3737 3742/3742
f 1852/1852 1857/1857 1858/1858
f 1852/1852 1858/1858 1853/1853
f 3737/3737 3743/3743 3742/3742
f 3737/3737 3738/3738 3743/3743
f 1853/1853 1858/1858 1859/1859
f 1853/1853 1859/1859 1854/1854
f 3738/3738 3744/3744 3743/3743
f 3738/3738 3739/3739 3744/3744
f 1854/1854 1859/1859 1860/1860
f 1854/1854 1860/1860 1855/1855
f 3739/3739 3745/3745 3744/3744
f 3739/3739 3740/3740 3745/3745
f 1851/1851 3741/3741 1856/1856
f 1851/1851 3736/3736 3741/3741
f 1855/1855 1860/1860 3745/3745
f 1855/1855 3745/3745 3740/3740
f 1856/1856 1861/1861 1862/1862
f 1856/1856 1862/1862 1857/1857
f 3741/3741 3747/3747 3746/3746
f 3741/3741 3742/3742 3747/3747
f 1857/1857 1862/1862 1863/1863
f 1857/1857 1863/1863 1858/1858
f 3742/3742 3748/3748 3747/3747
f 3742/3742 3743/3743 3748/3748
f 1858/1858 1863/1863 1864/1864
f 1858/1858 1864/1864 1859/1859
f 3743/3743 3749/3749 3748/3748
f 3743/3743 3744/3744 3749/3749
f 1859/1859 1864/1864 1865/1865
f 1859/1859 1865/1865 1860/1860
f 3744/3744 3750/3750 3749/3749
f 3744/3744 3745/3745 3750/3750
f 1856/1856 3746/3746 1861/1861
f 1856/1856 3741/3741 3746/3746
f 1860/1860 1865/1865 3750/3750
f 1860/1860 3750/3750 3745/3745
f 1861/1861 1866/1866 1867/1867
f 1861/1861 1867/1867 1862/1862
f 3746/3746 3752/3752 3751/3751
f 3746/3746 3747/3747 3752/3752
f 1862/1862 1867/1867 1868/1868
f 1862/1862 1868/1868 1863/1863
f 3747/3747 3753/3753 3752/3752
f 3747/3747 3748/3748 3753/3753
f 1863/1863 1868/1868 1869/1869
f 1863/1863 1869/1869 1864/1864
f 3748/3748 3754/3754 3753/3753
f 3748/3748 3749/3749 3754/3754
f 1864/1864 1869/1869 1870/1870
f 1864/1864 1870/1870 1865/1865
f 3749/3749 3755/3755 3754/3754
f 3749/3749 3750/3750 3755/3755
f 1861/1861 3751/3751 1866/1866
f 1861/1861 3746/3746 3751/3751
f 1865/1865 1870/1870 3755/3755
f 1865/1865 3755/3755 3750/3750
f 1866/1866 1871/1871 1872/1872
f 1866/1866 1872/1872 1867/1867
f 3751/3751 3757/3757 3756/3756
f 3751/3751 3752/3752 3757/3757
f 1867/1867 1872/1872 1873/1873
f 1867/1867 1873/1873 1868/1868
f 3752/3752 3758/3758 3757/3757
f 3752/3752 3753/3753 3758/3758
f 1868/1868 1873/1873 1874/1874
f 1868/1868 1874/1874 1869/1869
f 3753/3753 3759/3759 3758/3758
f 3753/3753 3754/3754 3759/3759
f 1869/1869 1874/1874 1875/1875
f 1869/1869 1875/1875 1870/1870
f 3754/3754 3760/3760 3759/3759
f 3754/3754 3755/3755 3760/3760
f 1866/1866 3756/3756 1871/1871
f 1866/1866 3751/3751 3756/3756
f 1870/1870 1875/1875 3760/3760
f 1870/1870 3760/3760 3755/3755
f 1871/1871 1876/1876 1877/1877
f 1871/1871 1877/1877 1872/1872
f 3756/3756 3762/3762 3761/3761
f 3756/3756 3757/3757 3762/3762
f 1872/1872 1877/1877 1878/1878
f 1872/1872 1878/1878 1873/1873
f 3757/3757 3763/3763 3762/3762
f 3757/3757 3758/3758 3763/3763
f 1873/1873 1878/1878 1879/1879
f 1873/1873 1879/1879 1874/1874
f 3758/3758 3764/3764 3763/3763
f 3758/3758 3759/3759 3764/3764
f 1874/1874 1879/1879 1880/1880
f 1874/1874 1880/1880 1875/1875
f 3759/3759 3765/3765 3764/3764
f 3759/3759 3760/3760 3765/3765
f 1871/1871 3761/3761 1876/1876
f 1871/1871 3756/3756 3761/3761
f 1875/1875 1880/1880 3765/3765
f 1875/1875 3765/3765 3760/3760
f 1876/1876 1881/1881 1882/1882
f 1876/1876 1882/1882 1877/1877
f 3761/3761 3767/3767 3766/3766
f 3761/3761 3762/3762 3767/3767
f 1877/1877 1882/1882 1883/1883
f 1877/1877 1883/1883 1878/1878
f 3762/3762 3768/3768 3767/3767
f 3762/3762 3763/3763 3768/3768
f 1878/1878 1883/1883 1884/1884
f 1878/1878 1884/1884 1879/1879
f 3763/3763 3769/3769 3768/3768
f 3763/3763 3764/3764 3769/3769
f 1879/1879 1884/1884 1885/1885
f 1879/1879 1885/1885 1880/1880
f 3764/3764 3770/3770 3769/3769
f 3764/3764 3765/3765 3770/3770
f 1876/1876 3766/3766 1881/1881
f 1876/1876 3761/3761 3766/3766
f 1880/1880 1885/1885 3770/3770
f 1880/1880 3770/3770 3765/3765
f 1/1 2/2 1887/1887
f 1/1 1887/1887 1886/1886
f 2/2 3/3 1888/1888
f 2/2 1888/1888 1887/1887
f 3/3 4/4 1889/1889
f 3/3 1889/1889 1888/1888
f 4/4 5/5 1890/1890
f 4/4 1890/1890 1889/1889
f 1881/1881 3767/3767 1882/1882
f 1881/1881 3766/3766 3767/3767
f 1882/1882 3768/3768 1883/1883
f 1882/1882 3767/3767 3768/3768
f 1883/1883 3769/3769 1884/1884
f 1883/1883 3768/3768 3769/3769
f 1884/1884 3770/3770 1885/1885
f 1884/1884 3769/3769 3770/3770
