# 13000 vertices, 25996 faces
v -0.412006 1.6516 0.359584
v -0.404825 1.64715 0.3571
v -0.42503 1.65068 0.358406
v 1.3369 0.557203 -0.681102
v 1.35659 0.571859 -0.661882
v 1.19049 0.0300072 -1.14619
v -1.08628 0.336292 -1.19817
v 1.20425 0.0141236 -1.16847
v -1.10454 0.33727 -1.19691
v -1.15426 1.3457 -0.0571821
v 1.20778 0.0173685 -1.16168
v 1.34835 0.576876 -0.648283
v -1.15795 1.32343 -0.0789694
v -0.443748 1.63587 0.346682
v -0.39683 1.62833 0.347725
v -0.427703 1.65547 0.3741
v -0.444346 1.62746 0.340517
v 1.37744 0.544494 -0.688371
v -1.09274 0.712766 -0.662365
v -1.0878 0.342518 -1.17326
v -1.13851 1.33246 -0.0722325
v 1.40663 1.0724 -0.00474574
v 1.41452 1.06734 -0.0140917
v -1.07132 0.337874 -1.18499
v -0.451232 1.6324 0.350274
v -1.1255 1.30334 -0.0818077
v 1.36625 0.532834 -0.695477
v -1.08636 0.322543 -1.20589
v 1.34143 0.543562 -0.693932
v -0.411681 1.65893 0.394181
v -1.11491 0.711466 -0.672701
v 1.42477 1.05744 -0.0217276
v 1.36541 0.573553 -0.648402
v -1.14016 1.34679 -0.0515693
v -1.16042 1.33726 -0.0683777
v -1.12456 0.333798 -1.18857
v 1.20068 0.0362936 -1.13743
v -0.396197 1.64846 0.366002
v 1.33322 0.567472 -0.663919
v 0.787769 1.5194 0.41105
v 1.20766 0.0260208 -1.14909
v 1.37513 0.559092 -0.671557
v 1.41001 0.52948 -0.66597
v -1.17319 1.33596 -0.0496319
v -0.432331 1.62959 0.338488
v 1.34734 0.530193 -0.698423
v -0.434035 1.65486 0.400063
v 1.42266 1.05692 -0.00219049
v -1.1761 1.32226 -0.0681824
v 1.21289 0.0100954 -1.16915
v -0.417276 1.6172 0.336194
v -0.446165 1.59968 0.336956
v -1.14324 1.30402 -0.0866312
v -1.10637 0.695545 -0.691238
v 0.806712 1.52199 0.424091
v 1.40809 0.51149 -0.676365
v -0.395397 1.6512 0.376636
v -0.375617 1.59139 0.351498
v 1.34829 0.576415 -0.622067
v -1.10855 0.342411 -1.17635
v -1.10064 0.319166 -1.20801
v 1.32132 0.535471 -0.685252
v -1.07075 0.32967 -1.1992
v -1.0856 0.715949 -0.647434
v -0.454499 1.64316 0.375778
v 1.40773 1.06836 -0.0236071
v -1.12034 1.33388 -0.0538535
v 1.38973 1.07147 -0.0268221
v 0.785895 1.49919 0.379292
v -1.12076 0.340974 -1.16915
v -1.17076 1.3003 -0.0856525
v 0.773388 1.51518 0.398094
v -0.384407 1.57873 0.340501
v 0.810535 1.49342 0.378966
v 0.781773 1.50854 0.387955
v 0.835772 1.49679 0.385581
v 0.834415 1.51238 0.412574
v 1.22015 0.0179425 -1.15785
v 0.845252 1.50486 0.400141
v -1.10505 0.34497 -1.148
v 1.18589 0.0390901 -1.1293
v 1.2021 0.00668908 -1.17493
v 1.22584 0.024799 -1.14021
v 1.39341 1.07075 0.00873407
v -1.13287 1.3422 -0.0289648
v 0.836111 1.48027 0.372269
v -0.393458 1.6525 0.412142
v 1.39335 0.553639 -0.644008
v -0.402487 1.65776 0.410171
v 1.3169 0.550261 -0.670204
v 1.32966 0.572443 -0.642112
v 1.21287 0.0332361 -1.1339
v 1.39708 0.503648 -0.685665
v -1.12292 0.316025 -1.20329
v -0.461907 1.60239 0.344603
v 0.76006 1.4964 0.383801
v 1.43299 1.05036 -0.0101014
v -1.08247 0.69645 -0.691301
v 1.41689 1.04363 -0.0503335
v 1.20429 0.0393691 -1.11725
v 1.37215 1.06471 -0.0354306
v -1.09069 0.691361 -0.698078
v 1.40715 1.05718 -0.0389226
v -0.45993 1.63934 0.383331
v 1.44102 1.03847 -0.0164138
v 1.37042 1.07451 -0.0220843
v -1.09667 0.682781 -0.700785
v 1.3875 1.06205 -0.038831
v 0.78165 1.47357 0.367046
v -1.1467 1.34656 -0.0179385
v -1.15832 1.34464 -0.0296345
v -1.14594 0.314419 -1.18391
v 0.779956 1.52117 0.428962
v -1.11285 1.3107 -0.0684315
v -1.06374 0.336216 -1.16044
v -1.08692 0.294439 -1.2082
v -1.12871 0.706372 -0.686159
v -1.13673 0.332672 -1.17219
v -1.05155 0.326766 -1.17934
v 1.36817 0.497753 -0.697078
v -0.397911 1.57413 0.333157
v 1.38746 0.553121 -0.605697
v -0.36836 1.6177 0.381866
v 1.43612 1.04107 0.00221441
v 1.36606 0.568996 -0.615174
v -1.19374 1.30529 -0.0699404
v 1.2276 0.00663128 -1.16753
v -1.1877 1.32486 -0.017231
v -1.16911 1.27556 -0.0957619
v -1.05015 0.295803 -1.19627
v -1.10904 1.32162 -0.028889
v 1.23911 0.0159832 -1.13716
v -1.09934 1.30645 -0.0482706
v -0.41158 1.65486 0.421271
v -0.470996 1.59177 0.344376
v 0.849491 1.50966 0.414293
v -1.12749 0.339076 -1.1563
v 0.764682 1.51822 0.414177
v 1.29189 0.542529 -0.648689
v -1.06717 0.686418 -0.693968
v -0.443168 1.64555 0.423431
v -1.19641 1.31492 -0.0455958
v 1.32175 0.568929 -0.616765
v -1.14137 0.71026 -0.671818
v 1.43067 1.04393 -0.0379201
v 1.29915 0.523608 -0.669377
v 1.19944 -0.00412786 -1.18298
v 0.754555 1.51229 0.401728
v 0.813086 1.46656 0.362771
v 0.7523 1.45992 0.369532
v 0.797667 1.51802 0.447369
v 0.741127 1.46741 0.379267
v 1.33804 0.490992 -0.698471
v -1.13953 0.288338 -1.20075
v -1.07703 0.34427 -1.14091
v -1.14033 1.33929 -0.00439096
v 1.35157 0.571077 -0.605597
v -1.08161 0.683006 -0.700875
v -0.471313 1.63361 0.399974
v -1.14718 0.326758 -1.15333
v 1.41747 0.492247 -0.658833
v 0.822801 1.52185 0.436987
v 1.29016 0.526793 -0.65837
v 1.35294 1.06636 -0.0239978
v -0.467014 1.63311 0.414649
v 0.835713 1.45622 0.363204
v -1.09406 1.27646 -0.055157
v -0.480151 1.61451 0.367816
v 1.23507 0.0141914 -1.1528
v -1.15581 1.34138 -0.00380696
v -1.19559 1.28098 -0.0759916
v -1.21149 1.29457 -0.0551869
v 0.854698 1.48806 0.387365
v 1.31014 0.501569 -0.68234
v 1.42109 0.498877 -0.649664
v 1.42766 1.02905 -0.0493948
v -1.14111 1.2727 -0.0963878
v 1.42077 0.508039 -0.63867
v -0.47694 1.62546 0.382145
v 1.38702 0.47758 -0.685356
v 1.41265 0.528768 -0.637231
v 1.40403 1.04558 -0.0507162
v -1.05025 0.68304 -0.682015
v -0.48755 1.58188 0.358599
v -1.15889 0.290164 -1.1845
v -1.12529 0.337805 -1.13712
v -0.421755 1.6485 0.431318
v 1.28926 0.537305 -0.63274
v -1.11539 0.289199 -1.2107
v -0.41273 1.64434 0.436453
v -1.10033 1.30066 -0.00256322
v -0.400775 1.65154 0.425187
v 1.38615 1.04632 -0.0452569
v -1.11134 1.27165 -0.0732151
v 0.740963 1.49738 0.400466
v -1.15057 1.332 0.0130174
v 0.790527 1.44503 0.356299
v 1.37558 1.06908 0.0133702
v 1.36015 1.07187 -0.00329471
v 1.35631 1.04558 -0.0377806
v 1.37648 0.552009 -0.594517
v -1.04055 0.313787 -1.14473
v -1.05412 0.67823 -0.691076
v 1.28645 0.522526 -0.635554
v 1.22207 0.0315041 -1.12019
v 0.736237 1.47765 0.391341
v 0.867444 1.4792 0.407779
v 1.21743 0.0357455 -1.10298
v 1.38679 1.06754 0.0192002
v -0.48215 1.5745 0.34908
v 0.758318 1.51347 0.431424
v 0.742185 1.50057 0.420485
v -0.361842 1.57496 0.36357
v 1.21389 -0.00599346 -1.18009
v 1.32945 0.486571 -0.694534
v -1.17265 1.33348 0.000719535
v -0.366851 1.61637 0.410785
v -1.04199 0.307843 -1.1815
v 1.19779 0.0447367 -1.10441
v -1.12766 1.27142 -0.0923855
v -1.11014 0.258504 -1.21236
v -0.451218 1.57572 0.332529
v -1.05778 0.333858 -1.13358
v -0.43074 1.57932 0.329603
v -1.09456 1.23521 -0.0562832
v -0.405102 1.56109 0.334368
v -1.16275 1.24615 -0.0961067
v -1.16625 0.301706 -1.16002
v 1.16998 0.0396581 -1.11204
v -1.0923 0.666265 -0.704494
v -1.14555 0.702077 -0.684425
v 1.40161 0.479663 -0.675948
v 1.16886 0.0333477 -1.12923
v 1.24081 0.0028901 -1.1608
v 0.858933 1.5008 0.411638
v -1.12148 1.32328 -0.000454443
v 1.3055 0.560211 -0.624749
v -1.02671 0.286181 -1.16552
v -1.0206 0.294762 -1.14887
v 1.29174 0.462009 -0.664519
v -1.13657 0.326234 -1.12081
v -1.21755 1.30063 -0.0340055
v 0.76923 1.51204 0.446032
v -1.04798 0.235852 -1.19182
v 0.82536 1.51307 0.454848
v -1.1829 1.26493 -0.0896748
v 1.40465 1.02595 -0.0536063
v -1.08534 0.72087 -0.604706
v 0.851233 1.46527 0.371334
v 1.33656 1.05969 0.0074146
v 1.38241 0.455804 -0.678707
v -0.361505 1.59059 0.369873
v 1.34691 0.564464 -0.594338
v -1.08658 0.34379 -1.11899
v -1.06852 0.664557 -0.701698
v -1.21683 1.27097 -0.0564147
v -0.363568 1.61507 0.395294
v 0.81417 1.43083 0.357314
v -1.12863 0.256798 -1.20553
v -0.426028 1.53591 0.331086
v -1.09 1.2938 -0.0232085
v -1.12365 1.31786 0.0204858
v 1.3138 0.558213 -0.605892
v 1.28195 0.475084 -0.655303
v -1.03524 0.243629 -1.18006
v -1.08113 1.27189 -0.0394887
v 1.40388 0.538892 -0.617114
v 1.41908 0.506784 -0.606321
v -1.10828 0.335568 -1.10988
v 1.33835 1.06316 -0.00934797
v -1.1334 0.690474 -0.693235
v -0.492684 1.60028 0.393444
v 1.20345 -0.0263158 -1.18932
v -1.14504 1.23641 -0.0937229
v 1.35367 1.05988 0.0255026
v 1.24625 0.00330866 -1.14251
v -1.13697 1.3246 0.016645
v -1.16462 1.32909 0.0168084
v -0.468298 1.53121 0.341472
v 1.45227 1.01786 -0.00884171
v 0.724199 1.46581 0.413525
v 1.39271 0.526472 -0.577691
v -0.392806 1.63015 0.44373
v 1.41912 0.485656 -0.645538
v -1.16862 0.277027 -1.17083
v -1.06779 0.711028 -0.618519
v 1.29843 0.547787 -0.617193
v 0.8634 1.45959 0.384995
v -1.09646 0.235571 -1.21126
v -1.22666 1.27973 -0.00772952
v -0.494093 1.56353 0.366855
v -1.08346 0.332289 -1.0949
v 1.33446 1.0463 -0.0214864
v -1.16038 0.315029 -1.1358
v 1.26634 0.501406 -0.612007
v -1.14823 0.23712 -1.19403
v -1.13809 1.20048 -0.0743552
v 1.29203 0.509437 -0.659791
v 1.19158 0.0448902 -1.09134
v 1.44391 1.01556 -0.0313366
v 1.34093 1.01451 -0.0321319
v -0.340764 1.56456 0.407378
v -1.11583 0.670309 -0.698409
v 0.847855 1.43053 0.37073
v -0.396517 1.53535 0.338106
v 1.37349 1.01627 -0.046397
v -0.482694 1.53319 0.352177
v -0.375416 1.60817 0.440772
v -1.17583 1.32602 0.017498
v -1.11307 1.29387 0.0315419
v 0.871424 1.45079 0.40919
v -0.425996 1.61422 0.465348
v 1.35536 0.535707 -0.566409
v -1.20832 1.30614 -0.0196068
v -1.20547 1.25157 -0.0678555
v -1.04987 0.664186 -0.69276
v -1.06747 0.334901 -1.11053
v 0.747457 1.49348 0.447899
v 1.30183 0.534012 -0.58967
v 1.44201 1.02672 0.0194872
v -0.349166 1.52314 0.382232
v -1.08542 1.28513 -0.00409397
v 1.38027 1.06409 0.0299892
v -1.15736 0.681708 -0.682037
v 1.20607 0.0419363 -1.09596
v 0.864169 1.48797 0.431621
v -1.22505 1.27826 -0.0372065
v -1.07433 0.640141 -0.704719
v 0.803756 1.50543 0.467297
v -1.13545 0.233219 -1.20251
v -1.08376 0.226618 -1.20585
v -1.14092 0.667224 -0.693458
v -0.444377 1.52681 0.331917
v 1.18788 0.0447985 -1.10931
v -1.04737 0.314522 -1.10901
v -1.15817 0.700777 -0.672215
v 0.82531 1.39297 0.364439
v -0.35446 1.59354 0.415389
v -1.16667 1.22032 -0.0891266
v 0.759111 1.42257 0.36134
v -0.343218 1.55436 0.389936
v -1.22865 1.2478 -0.0386536
v 1.42425 1.00036 -0.0481869
v -1.16069 0.703763 -0.648255
v -1.08695 0.64781 -0.706731
v 1.17638 0.0441168 -1.09328
v 0.739371 1.43302 0.371154
v -1.17564 0.275068 -1.14465
v 1.28469 0.518436 -0.610456
v 1.24727 -0.0126367 -1.15452
v -1.15316 0.258921 -1.18818
v 0.846284 1.50833 0.434848
v 1.16916 -0.0156843 -1.17813
v 1.23436 -0.00948749 -1.17278
v 0.737914 1.44943 0.374844
v 0.772593 1.49432 0.467249
v -1.10194 0.31415 -1.07587
v -1.1327 1.30851 0.0322276
v -1.12639 0.317911 -1.08913
v -0.507417 1.53352 0.390157
v -1.1497 0.309107 -1.1069
v -0.503768 1.5626 0.40564
v -1.14765 0.709985 -0.629848
v -1.02628 0.232097 -1.16432
v 1.40964 0.503401 -0.569505
v 1.2229 -0.023643 -1.18324
v -1.04362 0.67357 -0.680128
v -1.18731 1.31425 0.0182016
v -0.479073 1.62224 0.420892
v 1.26638 0.49617 -0.620235
v -1.118 0.219424 -1.20188
v -1.14126 0.712927 -0.61
v -1.068 1.25613 -0.0167028
v -1.0717 0.243101 -1.21002
v -1.1075 0.644131 -0.702449
v 0.79039 1.39702 0.353182
v -1.12027 1.21226 -0.071507
v -1.17365 0.687052 -0.661197
v -1.01729 0.237514 -1.14252
v -1.07116 1.26287 -0.0072372
v -1.06508 0.715116 -0.593825
v 0.856085 1.47528 0.461441
v 0.818037 1.48981 0.479782
v -1.17731 1.22307 -0.0883493
v -1.05452 0.642863 -0.693261
v 1.39554 0.989267 -0.0510232
v -1.04486 0.203911 -1.17857
v 1.45831 0.993195 -0.0073269
v -0.340745 1.55911 0.419913
v -0.492489 1.59211 0.425277
v -1.17403 1.31626 0.0291402
v -0.361115 1.57641 0.452308
v -1.17076 0.295488 -1.12721
v 0.725861 1.43631 0.389787
v -1.02002 0.288671 -1.12941
v 1.37362 1.0535 0.0549418
v -1.20062 1.28787 0.0360864
v -1.04033 0.656736 -0.683175
v -1.03072 0.663102 -0.668591
v -1.1568 1.20959 -0.0812616
v -1.0729 1.24283 -0.0307207
v 1.3964 0.493826 -0.540857
v -0.452077 1.61725 0.458479
v 0.842212 1.49668 0.462958
v -1.02858 0.286026 -1.10811
v -1.03685 0.28126 -1.08006
v -1.13108 0.304393 -1.07338
v 1.22968 0.0238862 -1.09901
v -0.352086 1.50566 0.381238
v 1.2966 0.442155 -0.656104
v -1.17738 1.2033 -0.0753837
v -1.02929 0.671469 -0.650067
v -1.13445 0.641357 -0.693759
v -1.12064 0.308252 -1.0718
v -1.09387 0.622954 -0.706493
v -0.365569 1.5503 0.358621
v -0.336158 1.53701 0.410502
v 1.26326 0.490621 -0.598338
v 1.18361 -0.0317851 -1.19384
v 1.32765 0.443239 -0.675416
v 0.783095 1.41414 0.354095
v -0.459781 1.50262 0.344848
v -1.23382 1.26009 -0.022461
v 1.32256 1.04299 -0.000831152
v 1.32134 1.01952 -0.013438
v -1.24101 1.24439 -0.00403617
v -1.20682 1.29862 0.007881
v -1.0883 1.27397 0.0151581
v -1.13514 1.28887 0.051077
v -1.16831 0.247093 -1.15936
v 1.14771 0.0238024 -1.11887
v 1.25181 -0.0130214 -1.13383
v 1.13335 -0.00277449 -1.14561
v 0.726927 1.46842 0.443552
v 1.43671 0.449049 -0.609167
v -0.466364 1.59772 0.463974
v 1.41757 0.501575 -0.590168
v -1.18342 0.687399 -0.637087
v 1.36209 0.425821 -0.671326
v 0.738791 1.37404 0.369564
v 1.43728 0.459476 -0.597076
v -1.0947 0.723266 -0.574452
v -1.15872 0.646798 -0.681551
v -0.428279 1.59185 0.483655
v -1.17568 0.272405 -1.1156
v -0.39974 1.49499 0.348251
v -1.05527 0.203232 -1.18495
v -1.07036 1.25 0.00393851
v 0.791524 1.48818 0.482001
v -1.15941 0.286209 -1.09038
v -1.0352 0.682876 -0.627817
v -1.0312 0.637324 -0.671667
v -1.06762 1.23225 -0.014594
v -1.18792 1.19713 -0.0693743
v 1.44769 1.01239 0.0440132
v -1.14157 0.304491 -1.08466
v -1.07202 1.22347 -0.0241572
v -1.23958 1.24011 -0.0186282
v -0.345542 1.51541 0.393687
v -0.50683 1.54997 0.411394
v -1.17707 0.661149 -0.666128
v -0.502082 1.51881 0.377373
v 1.4157 0.967162 -0.0438458
v 1.28806 0.430517 -0.644484
v 1.32314 0.976403 -0.0170855
v 0.768702 1.4725 0.490994
v -1.03901 0.682531 -0.592147
v 0.731518 1.45324 0.47646
v 1.36016 1.03315 0.0815845
v -1.1454 0.209365 -1.18064
v -1.21673 1.22613 -0.0553464
v 0.875409 1.42116 0.42424
v 0.853017 1.3812 0.386562
v 1.20158 0.0419642 -1.07655
v -1.0799 0.179132 -1.18239
v 0.83881 1.4756 0.482092
v 0.714518 1.44316 0.439337
v 1.46654 0.985083 0.0405451
v 1.42982 1.01393 0.0718897
v 1.33905 1.04072 0.052245
v -0.40624 1.59142 0.48086
v 1.19129 -0.0520656 -1.19298
v 1.41207 0.489925 -0.55212
v 1.21475 -0.0450596 -1.18486
v -1.07114 0.622142 -0.702525
v -1.01769 0.25693 -1.10441
v 1.43193 0.424852 -0.615655
v 1.25173 -0.0374876 -1.12861
v 0.730226 1.40022 0.37771
v 1.31755 0.525224 -0.566894
v 1.31189 0.418717 -0.660094
v 1.37955 0.50209 -0.542218
v 1.46755 0.982522 0.0150006
v 1.22125 0.0359389 -1.07916
v 1.40376 0.417605 -0.648343
v -0.395973 1.5981 0.472075
v 1.41844 0.425149 -0.638
v -1.11725 0.204465 -1.19618
v 1.26161 0.461138 -0.614044
v 1.32156 1.03777 0.0247731
v -1.18143 1.29146 0.0482886
v 1.30961 1.00756 0.00670503
v 0.867886 1.42126 0.39586
v -1.14094 0.296327 -1.07224
v 1.39396 0.953146 -0.0427296
v -0.439295 1.58001 0.489385
v 1.36089 0.974471 -0.0437242
v -1.14201 1.17013 -0.0623743
v -1.18772 0.672745 -0.650272
v 1.35156 0.952006 -0.0416652
v 0.824854 1.36096 0.366983
v -0.480065 1.49732 0.356736
v -0.437692 1.49638 0.342843
v -1.205 1.17642 -0.0495183
v 1.10632 -0.00148292 -1.1255
v 1.26793 0.485435 -0.575235
v -0.338839 1.54316 0.426401
v -1.01527 0.225605 -1.12759
v -0.499202 1.55682 0.4343
v 0.841714 1.45132 0.491917
v 1.12196 0.0113591 -1.11008
v -1.22114 1.26298 0.0373102
v -1.06612 0.30576 -1.07499
v 1.23673 -0.0354346 -1.16773
v -0.362845 1.56751 0.459231
v 1.25927 0.468357 -0.594234
v 1.44198 0.969217 -0.025397
v -1.12141 0.614901 -0.695963
v 1.34378 0.40512 -0.662711
v 1.46346 0.961009 0.00392057
v -1.06022 0.175702 -1.16969
v -1.17954 1.17532 -0.062741
v -1.01887 0.668083 -0.613931
v -1.01603 0.651679 -0.652909
v 1.27724 0.429977 -0.633171
v -1.01414 0.661743 -0.632872
v -1.11036 1.17973 -0.0485576
v -0.51709 1.53812 0.420286
v -0.523429 1.49426 0.398317
v 0.710155 1.41903 0.42145
v -1.19507 0.671852 -0.636758
v 0.808769 1.35261 0.361553
v -1.03335 0.184883 -1.15716
v -1.19367 0.680148 -0.620897
v -0.381042 1.56936 0.472796
v 0.882931 1.37558 0.42388
v -1.05524 0.612936 -0.68016
v 1.29442 0.402332 -0.636372
v -1.19801 1.26087 0.0672436
v 1.3135 1.01994 0.0495343
v 1.20054 -0.0722365 -1.18261
v 1.22156 -0.0622567 -1.17011
v 1.30491 1.01334 0.0303998
v -1.23965 1.24431 0.0217196
v -1.08164 0.601639 -0.689103
v -1.18178 1.26595 0.0730358
v -1.1563 0.195536 -1.16549
v -1.01697 0.243974 -1.07415
v 0.87208 1.42686 0.449791
v 0.813949 1.45642 0.509841
v -1.1937 0.650818 -0.647121
v 1.15176 0.0409238 -1.05169
v -0.409405 1.57641 0.488321
v -1.08576 0.719234 -0.559688
v 0.879674 1.40008 0.451653
v -1.02188 0.629087 -0.65016
v -1.139 1.26195 0.0774586
v 1.1535 0.0356718 -1.08337
v -1.17139 0.255638 -1.08923
v -1.10387 0.599988 -0.692948
v -1.076 1.22667 0.0372284
v 1.29768 0.485528 -0.538824
v 1.1789 0.0410474 -1.06586
v 1.25346 0.447818 -0.586335
v 1.20504 0.0349403 -1.05371
v 1.25194 -0.0202267 -1.11158
v -0.370301 1.47711 0.368041
v 1.13554 -0.02567 -1.1683
v -1.24891 1.22657 0.0161407
v -1.09304 0.28492 -1.04932
v 1.36562 0.390604 -0.653176
v -1.2049 0.663596 -0.630482
v -1.10401 0.157769 -1.18057
v 1.41631 0.927508 -0.0258534
v 0.8301 1.33766 0.373391
v -1.13073 0.175517 -1.17591
v -1.0706 1.21161 0.022469
v 1.38263 1.04275 0.0795674
v -1.02322 0.246073 -1.0603
v -1.17923 0.622736 -0.66184
v -0.363658 1.53798 0.469125
v -0.428512 1.4594 0.351021
v -1.1743 0.695692 -0.603395
v -0.459541 1.46354 0.352149
v -0.456737 1.56421 0.485925
v 0.744364 1.44874 0.491153
v -0.501514 1.5201 0.478764
v 0.782435 1.46821 0.499459
v -0.531778 1.50654 0.429413
v -0.500519 1.4762 0.371902
v 0.878357 1.35096 0.420222
v 0.86929 1.39897 0.479698
v -0.346373 1.49393 0.420862
v -0.52661 1.50879 0.450387
v 0.706667 1.41808 0.45301
v 0.726517 1.34925 0.377022
v 0.860215 1.43803 0.473039
v -0.344494 1.51258 0.442572
v -0.486557 1.54912 0.467417
v -0.401602 1.46159 0.356227
v 1.36482 0.905781 -0.0321658
v 1.3028 0.960525 0.00033286
v -1.24969 1.20569 -0.00634028
v 1.46026 0.995796 0.0572239
v 1.12589 0.0201071 -1.08682
v -1.08288 0.140778 -1.17104
v -1.10147 1.23996 0.0626772
v -1.18082 0.220361 -1.11978
v -1.15942 0.604778 -0.675254
v -1.17506 0.21202 -1.13814
v -1.07939 1.20873 -0.0313805
v 0.779619 1.35493 0.356351
v 1.17959 -0.0728325 -1.18402
v 1.34312 0.932742 -0.0322176
v 1.40767 0.382238 -0.628012
v 1.43549 0.467329 -0.574125
v -0.35088 1.48604 0.392599
v -1.01637 0.19315 -1.13151
v -1.02274 0.648885 -0.592984
v 1.14115 -0.0636519 -1.16405
v 1.32925 1.0129 0.0779689
v -0.481835 1.45922 0.361181
v 1.22635 0.0258753 -1.04979
v 1.23552 0.00565463 -1.06674
v -1.22421 1.16032 -0.0250721
v 1.16451 -0.0503116 -1.18403
v 1.11925 -0.0307825 -1.15657
v -1.0571 0.710364 -0.57919
v -1.04924 0.271007 -1.05187
v -1.12158 1.26839 0.0625577
v -1.11554 0.708501 -0.539139
v -1.15825 0.267107 -1.07467
v 1.44783 0.917618 0.00421954
v 1.35479 0.383161 -0.649122
v 0.738671 1.33954 0.370417
v 1.46788 0.938925 0.023934
v 1.18582 0.0349243 -1.03588
v -1.07293 1.17811 0.0141894
v 1.11524 -0.0217854 -1.14772
v -0.3888 1.44667 0.366072
v -1.16446 1.14018 -0.0620614
v -1.15462 1.14442 -0.0618361
v -1.17115 0.699059 -0.566942
v -1.12679 1.15259 -0.0533552
v 1.47205 0.963567 0.0265989
v -0.446949 1.55694 0.494422
v 1.29738 0.994736 0.0188454
v -0.34253 1.48302 0.439301
v 0.825655 1.44438 0.511324
v -1.03821 0.607642 -0.648259
v 0.771963 1.44828 0.511711
v -1.11681 0.586431 -0.680225
v 1.26266 0.465686 -0.565261
v -1.17807 0.24041 -1.1181
v 1.10034 0.00112614 -1.08827
v -1.07728 0.702025 -0.543592
v -1.11207 0.25925 -1.03145
v -1.02053 0.175742 -1.13484
v -1.18467 0.591703 -0.654954
v -1.07898 1.18041 -0.0164576
v 1.2895 0.968209 0.0267763
v -1.18337 1.14014 -0.0542721
v 0.762739 1.37014 0.360563
v 1.32154 0.939674 -0.0211814
v 0.807296 1.33179 0.368206
v 0.842812 1.41949 0.50361
v -1.20803 0.665536 -0.537682
v 1.23667 -0.0664045 -1.14327
v 1.39086 0.455521 -0.501729
v -1.13156 0.573455 -0.669197
v 1.20319 -0.0936013 -1.14849
v 1.30042 1.0028 0.049899
v -0.520941 1.50067 0.465003
v 1.25553 0.428701 -0.586542
v -1.15837 0.247227 -1.06016
v 1.38332 0.391355 -0.645245
v 0.799618 1.43258 0.524626
v -1.09281 0.14368 -1.17396
v -1.13053 0.283128 -1.0618
v -0.353499 1.51249 0.465621
v -1.24531 1.21204 0.0658603
v -0.411813 1.54702 0.498755
v -1.11656 0.15997 -1.179
v -0.498618 1.44645 0.375268
v -0.441471 1.54674 0.502279
v 1.10801 0.0167127 -1.0673
v 0.698586 1.37554 0.433272
v 1.11906 -0.0520975 -1.14743
v 1.08729 -0.0253392 -1.10191
v 1.38591 1.0209 0.101917
v 1.47125 0.948317 0.0529586
v 0.882612 1.33535 0.441204
v 1.1828 -0.0891745 -1.17083
v -1.21802 1.23249 0.0815944
v 1.25445 -0.0348247 -1.10386
v 1.46355 0.921586 0.0181678
v -1.20389 0.674724 -0.599271
v 0.819127 1.4358 0.517597
v 1.43296 0.458738 -0.553149
v 1.44272 0.433064 -0.582016
v 1.40766 0.452821 -0.510373
v 1.30596 0.999242 0.0620733
v 1.28584 0.477865 -0.548901
v -1.00339 0.19448 -1.09751
v 1.23389 0.00459227 -1.03073
v 1.20629 0.0131928 -1.01879
v 1.39191 0.36771 -0.63113
v -1.01889 0.636567 -0.606879
v 1.16544 0.0400906 -1.03911
v -1.05749 0.266084 -1.03744
v -1.06778 0.273048 -1.04091
v -1.00842 0.177163 -1.11636
v -1.1766 0.221866 -1.07074
v -1.12416 1.24465 0.0844427
v -1.14486 0.699906 -0.536699
v 1.45 0.998447 0.0729421
v 0.852172 1.3215 0.395644
v 0.709085 1.3798 0.408736
v 0.722586 1.33794 0.385182
v 1.09821 -0.0391259 -1.12214
v -1.21955 0.632979 -0.612484
v -1.10966 1.14064 -0.0364272
v 0.716409 1.35975 0.387534
v -0.389051 1.41607 0.377018
v -1.10213 0.577364 -0.668806
v 1.29386 0.941799 0.00953134
v 0.814384 1.30012 0.375226
v 0.752482 1.28987 0.375073
v -0.488586 1.51008 0.49722
v -1.25227 1.18446 0.0121085
v -1.1846 0.205934 -1.09269
v 1.25564 -0.0532077 -1.08763
v 0.884675 1.37022 0.452663
v 1.29716 0.907718 0.00507063
v 1.35416 0.994323 0.113455
v 1.16108 -0.0835218 -1.16819
v -1.02289 0.622431 -0.626745
v -0.346455 1.48099 0.452001
v -1.13252 0.136516 -1.15494
v -1.17151 0.592323 -0.663515
v -1.16713 0.687176 -0.521035
v -1.13712 1.12043 -0.0440212
v -1.0579 0.168351 -1.16727
v -1.12865 1.13213 -0.0449918
v 1.16785 0.0316097 -1.02285
v -1.13716 0.24228 -1.03148
v 1.42588 0.390879 -0.611178
v 1.40887 1.00138 0.103573
v 0.720342 1.44079 0.471582
v -1.04064 0.173284 -1.15647
v -0.361057 1.44497 0.383833
v -1.08388 0.247554 -1.01714
v 0.698192 1.35902 0.440865
v -0.418379 1.42599 0.360545
v -0.446981 1.42785 0.355964
v -0.354745 1.44145 0.395832
v -0.3772 1.54849 0.479232
v 0.735279 1.43575 0.495203
v 1.23029 -0.0997482 -1.11285
v 1.12491 0.0258714 -1.04944
v -0.521344 1.42131 0.402224
v -1.02809 0.628762 -0.562893
v 1.38616 0.898304 -0.0289149
v 0.881135 1.3659 0.469007
v -1.24766 1.22836 0.0336946
v -1.19048 1.25271 0.0830056
v -0.473113 1.42218 0.362089
v -1.03002 0.614648 -0.577643
v 0.851084 1.40832 0.503882
v 1.30951 0.880964 -0.00711163
v 1.46321 0.974065 0.0724538
v 1.43301 0.877581 0.00968083
v -1.08008 0.124866 -1.15619
v -0.41613 1.49737 0.524975
v -1.12902 1.11933 -0.0353668
v 0.694405 1.31695 0.423286
v 1.09647 -0.00413184 -1.04002
v -0.538326 1.46563 0.427418
v 1.46636 0.941215 0.0814629
v -0.998359 0.158052 -1.08452
v -1.08585 0.117238 -1.15145
v -1.12305 1.21821 0.108006
v -1.1125 1.20152 0.109461
v -0.466264 1.51035 0.513843
v 1.2513 0.425408 -0.566665
v 1.31362 0.963901 0.106738
v -1.11423 0.223977 -0.998288
v -1.13303 0.111129 -1.13287
v 1.27034 0.434575 -0.529936
v 0.782369 1.43288 0.522422
v -1.08846 0.681641 -0.522972
v 1.28692 0.429722 -0.501829
v -1.16698 0.215526 -1.03698
v -1.15925 0.174042 -1.14759
v -1.18605 0.168022 -1.07395
v -1.25837 1.16805 0.0413742
v -1.21115 1.12249 -0.0222518
v -1.15604 0.682765 -0.512727
v 1.2616 0.435936 -0.537981
v -1.0263 0.218338 -1.0261
v -0.529871 1.43328 0.40795
v -0.498713 1.4066 0.37759
v 1.43648 0.359273 -0.576146
v -1.05029 0.240059 -1.01947
v 1.44207 0.408678 -0.53534
v 1.44052 0.38758 -0.571133
v 1.1455 0.0248369 -1.01797
v -1.186 0.56206 -0.641958
v -1.14697 1.11383 -0.0353828
v 1.34003 0.908531 -0.0294551
v -1.1528 0.565325 -0.659744
v 0.830044 1.28932 0.386422
v 0.810282 1.41083 0.527626
v 1.26828 0.421033 -0.615547
v -1.21792 0.655084 -0.579642
v -1.08868 1.11013 0.00036475
v 0.783579 1.30316 0.368137
v 1.34453 0.865451 -0.0190826
v 0.717743 1.39178 0.4986
v -1.06994 0.581033 -0.652542
v 0.707093 1.37977 0.484723
v -0.352064 1.45104 0.477586
v 1.10502 -0.087839 -1.1232
v 1.16788 -0.105385 -1.15091
v -0.367491 1.40679 0.396205
v 1.43393 0.992087 0.0976773
v -0.356353 1.415 0.406924
v -1.04367 0.125855 -1.13616
v -1.05294 0.575269 -0.613773
v -1.0659 0.674744 -0.535946
v 1.28603 0.958651 0.051382
v -1.25668 1.19971 0.0307008
v -1.07529 1.19039 0.0570067
v -1.05958 0.244048 -1.01726
v 1.44961 0.978141 0.0939242
v -1.05756 0.10794 -1.13562
v 1.34933 0.330215 -0.609298
v -1.12507 0.547373 -0.644442
v 1.40213 0.348289 -0.607455
v -1.08079 0.671982 -0.51831
v 1.30793 0.471618 -0.521306
v 1.25551 0.40498 -0.558957
v -1.20763 0.611678 -0.634289
v 0.753644 1.37057 0.542422
v -1.03289 0.216548 -1.01381
v -1.03784 0.591141 -0.588681
v -1.17329 1.1152 -0.037661
v -0.44782 1.39564 0.364595
v 0.750064 1.27568 0.380999
v 0.80132 1.27068 0.382753
v -1.16299 0.544971 -0.641376
v 1.41969 0.981104 0.11618
v 1.13685 -0.103675 -1.14147
v 1.46888 0.920259 0.045229
v 0.696147 1.33946 0.458623
v -1.13759 0.121719 -1.14039
v -1.15148 1.24274 0.100516
v -1.18359 0.182475 -1.04414
v 0.7425 1.37897 0.533347
v -1.06934 1.16717 0.0327578
v 1.25237 -0.0545033 -1.05043
v -1.1853 1.22626 0.11031
v -1.25402 1.18022 0.0633569
v -0.366488 1.50207 0.483928
v -0.523869 1.48028 0.473944
v 1.07619 -0.0395565 -1.07431
v -0.539478 1.41869 0.437031
v 1.1826 0.0232623 -1.01544
v 1.386 0.989964 0.127392
v 1.43373 0.432167 -0.529994
v -0.37714 1.38107 0.395754
v 1.45613 0.948735 0.0988832
v -0.345983 1.4468 0.417717
v 0.774066 1.24671 0.382107
v -1.24843 1.1812 0.0852399
v 1.44694 0.391186 -0.538411
v -0.446574 1.49201 0.52953
v -1.23273 1.19171 0.0990666
v 1.32665 0.445575 -0.489732
v 1.33586 0.459761 -0.499538
v 1.28658 0.336649 -0.580718
v -1.03339 0.616273 -0.560549
v -1.24134 1.14518 0.00912474
v 1.29838 0.358125 -0.606576
v 1.36848 0.320147 -0.603462
v -1.0846 0.548696 -0.628495
v 1.28156 0.912709 0.0378164
v -0.47747 1.3748 0.373299
v -0.503329 1.37258 0.385601
v 1.19567 -0.131992 -1.10669
v -0.41497 1.38822 0.37521
v -1.0628 0.648249 -0.522924
v 0.876742 1.30018 0.444862
v -1.09403 0.550306 -0.637649
v 1.46232 0.921152 0.095453
v -1.23498 0.627893 -0.578962
v -0.356503 1.48047 0.480057
v -0.348233 1.42153 0.474801
v -1.08356 0.211073 -0.981818
v -1.00214 0.187805 -1.05775
v 1.42825 0.335383 -0.577942
v 1.41356 0.345189 -0.599673
v 1.38568 0.85683 -0.0100117
v 1.08016 -0.064792 -1.09206
v 0.859627 1.37931 0.505428
v -1.12638 1.09824 -0.0216219
v -0.511719 1.48241 0.495357
v -1.2523 1.10783 0.0359389
v 0.692495 1.3198 0.43708
v 0.818769 1.27661 0.386207
v 1.23833 -0.0179266 -1.03172
v 1.26241 0.378302 -0.528703
v 1.1763 -0.121597 -1.1327
v 1.25127 -0.0739666 -1.10412
v 1.32064 0.313338 -0.594962
v -1.16988 1.08801 -0.0249724
v 1.16456 0.0138187 -0.997618
v 1.18697 0.00796471 -0.996211
v -1.02756 0.101646 -1.10746
v 1.26903 0.359407 -0.552973
v -1.10917 0.104962 -1.13707
v -1.25924 1.16267 0.0512564
v 1.42819 0.862953 0.00988613
v 1.34478 0.843879 -0.0149488
v -1.23511 0.637141 -0.539027
v 1.05917 -0.0588205 -1.05588
v -1.10656 1.1015 -0.0149886
v -1.01586 0.131278 -1.10919
v 1.42004 0.407077 -0.477494
v -1.07255 0.54299 -0.60402
v 1.39532 0.961902 0.134292
v 1.11961 -0.100091 -1.12814
v -1.1067 0.687889 -0.517999
v -1.15573 0.531991 -0.633222
v -0.353644 1.39915 0.423638
v 1.29169 0.327277 -0.58012
v -0.406549 1.36025 0.390594
v 1.29662 0.958251 0.0898282
v -1.00016 0.189291 -1.07433
v -1.17265 0.665211 -0.495957
v -0.537245 1.47377 0.442996
v -0.369048 1.46301 0.504077
v -1.2305 1.11711 0.00286419
v 0.852665 1.24722 0.426985
v 0.697036 1.32531 0.49783
v 0.880071 1.31064 0.471445
v 0.793637 1.40972 0.531116
v 0.723814 1.38154 0.51189
v 1.43905 0.83891 0.0339038
v -1.19572 1.21398 0.115893
v 1.10624 -0.108331 -1.11449
v 1.37508 0.839739 -0.0114667
v -1.21287 0.653092 -0.51651
v -0.373833 1.44468 0.513204
v 1.26187 0.406461 -0.530144
v -1.05312 0.218597 -0.999932
v 1.08679 -0.0181319 -1.00875
v -1.18687 0.665524 -0.504763
v -1.19894 0.589399 -0.63904
v 0.774369 1.36393 0.5516
v 1.39854 0.839611 0.000263099
v -1.1897 1.10007 -0.0240058
v 0.786005 1.23822 0.385232
v -0.441709 1.35721 0.378689
v 0.716433 1.28211 0.396789
v 1.43367 0.95369 0.119469
v 1.14318 -0.00863641 -0.965685
v 1.35144 0.828448 -0.00945361
v 1.34138 0.818231 -0.00431123
v -0.405543 1.50524 0.516165
v 1.07553 -0.0276911 -1.04678
v -1.03939 0.629631 -0.545953
v -1.17158 0.17223 -1.12949
v -1.07689 1.11759 0.0213588
v -1.14122 0.209084 -1.00211
v 1.19948 -0.00713754 -0.983885
v -1.06109 0.096029 -1.12657
v -1.19512 1.19283 0.133628
v -1.08741 1.08761 0.0167167
v -1.20746 1.10245 -0.0120966
v 1.36479 0.96614 0.138575
v -1.25669 0.584318 -0.552126
v -1.10523 1.07953 0.0017221
v -0.470775 1.46976 0.531744
v 0.806337 1.37239 0.54707
v -1.17634 1.21632 0.121783
v 1.37838 0.306783 -0.594991
v -0.541796 1.42847 0.461046
v 0.826153 1.37984 0.533349
v -1.09387 1.17053 0.106676
v 1.45435 0.882251 0.0351137
v -0.484905 1.45829 0.531108
v -1.01332 0.107109 -1.0923
v 1.25394 -0.0997482 -1.0899
v -1.19215 0.52059 -0.610981
v 1.2417 -0.048161 -1.0196
v 1.3244 0.423266 -0.469988
v -1.0728 1.13189 0.0664603
v 1.34368 0.423262 -0.467755
v 1.29626 0.418558 -0.478592
v 1.43477 0.41153 -0.501163
v -1.10202 0.640603 -0.482078
v -1.14469 1.20887 0.127226
v 1.14538 -0.1268 -1.13027
v -0.493603 1.33579 0.38983
v 1.32994 0.947456 0.135894
v -1.21395 0.632868 -0.471851
v 1.28361 0.932975 0.0762448
v 1.2881 0.902669 0.132464
v -1.24235 0.55226 -0.587071
v 1.46206 0.884699 0.0543996
v 0.69044 1.29475 0.432181
v 1.08634 -0.0903305 -1.10113
v 1.28004 0.895986 0.0338959
v 1.43674 0.392992 -0.487854
v -0.46584 1.32987 0.384016
v -1.17883 1.08354 -0.0170596
v 1.33056 0.837497 -0.0100037
v -1.23679 0.628714 -0.518896
v 1.37139 0.810447 0.0034741
v -1.1522 1.06829 -0.010813
v 0.718185 1.22153 0.405431
v -1.14023 1.07494 -0.0146857
v 1.06546 -0.0921842 -1.07
v 0.817722 1.22725 0.399306
v 1.34391 0.932224 0.153187
v 1.05762 -0.0553683 -1.03181
v 1.27309 0.885277 0.0635204
v -1.25805 1.13918 0.044061
v -1.21592 0.539709 -0.610313
v -1.09305 0.629675 -0.48274
v 1.16529 -0.143004 -1.11581
v 0.681999 1.29816 0.465627
v 1.39308 0.301477 -0.585305
v 1.065 -0.0444856 -0.997134
v 1.46707 0.909645 0.07471
v 1.45072 0.909982 0.11603
v 1.23928 -0.0807573 -0.986207
v -1.15554 1.20171 0.135577
v -1.2009 1.07198 -0.0024516
v 1.46174 0.894717 0.0972229
v 0.845551 1.35703 0.525569
v -1.26052 1.14156 0.0710725
v -1.12 1.16906 0.1395
v -1.07919 0.077644 -1.11948
v 1.19544 -0.0195729 -0.966935
v -1.24954 0.569286 -0.577906
v 0.805975 1.21879 0.399637
v 1.39606 0.801388 0.0146299
v 0.760166 1.24 0.386091
v 1.25735 -0.101335 -1.05804
v -1.09624 0.191765 -0.966582
v -1.068 0.535443 -0.564271
v 0.713352 1.25056 0.406184
v 1.11578 -0.00401026 -0.991192
v -0.352716 1.37497 0.497139
v -1.22151 1.06288 0.0170336
v 1.32755 0.800701 0.00894336
v -0.520736 1.33892 0.413334
v 1.33811 0.301662 -0.594358
v 0.68999 1.27875 0.430379
v -1.04935 0.0637795 -1.1017
v 0.685703 1.30847 0.48788
v -0.997915 0.0911656 -1.05165
v -0.356899 1.39886 0.506913
v 1.14108 -0.1519 -1.10116
v -1.13006 0.662412 -0.49254
v 0.877739 1.31066 0.492108
v -1.17438 1.03979 -0.00289608
v 1.29244 0.916141 0.132058
v -1.16276 0.631835 -0.466338
v -0.351107 1.39377 0.443008
v -1.04517 0.176164 -0.971679
v -1.15962 0.183057 -1.00111
v 1.1039 -0.131615 -1.09533
v 1.26926 0.392121 -0.499558
v -1.25017 1.15483 0.0936332
v 0.675191 1.28783 0.465025
v -1.21303 0.518111 -0.60052
v -0.382376 1.33998 0.415203
v 1.41477 0.394781 -0.458565
v 1.36359 0.277651 -0.588621
v 0.774317 1.2144 0.394381
v 0.802465 1.34332 0.555553
v -0.999051 0.129793 -1.05103
v -1.09393 1.11101 0.150086
v -1.14804 0.500136 -0.603656
v 1.26159 -0.0909922 -1.04836
v -1.13923 1.16549 0.1536
v -1.11562 0.531435 -0.629248
v 1.26725 0.343027 -0.527937
v 1.05336 -0.0702593 -1.04688
v 0.745817 1.23346 0.39108
v 1.09585 -0.012545 -1.00048
v -1.07602 1.11636 0.104988
v -1.16694 1.18739 0.142249
v -0.52781 1.43544 0.503798
v -0.545575 1.39046 0.450714
v -1.07275 0.589492 -0.48981
v 1.307 0.295569 -0.570149
v 0.87631 1.26922 0.487918
v -0.518117 1.3832 0.399382
v -1.07336 1.1042 0.0908567
v -1.08788 1.06505 0.0346792
v -1.23475 0.625222 -0.482726
v -1.25535 0.599986 -0.526821
v -1.05532 0.562571 -0.549356
v -1.06295 0.58377 -0.509213
v -1.07453 1.11134 0.0442982
v 1.24824 -0.111807 -1.05412
v -1.24725 0.615772 -0.518693
v 0.866318 1.30188 0.512024
v -1.12624 0.0855409 -1.11554
v -0.382761 1.4405 0.530028
v -1.19188 0.637528 -0.473613
v -0.441264 1.32573 0.387757
v 1.12594 -0.018389 -0.954673
v 1.15345 -0.1605 -1.09496
v -0.406115 1.44813 0.538316
v 0.822059 1.3366 0.545202
v -0.543456 1.35525 0.440694
v 1.38407 0.938672 0.15458
v -0.362576 1.34018 0.445545
v 0.710416 1.30442 0.541022
v -1.03276 0.0706001 -1.09266
v -0.543051 1.41361 0.474385
v 1.43526 0.912087 0.13439
v 1.22738 -0.134079 -1.07093
v -1.22701 1.17684 0.115363
v -0.999793 0.130487 -1.01687
v -1.26486 1.11107 0.0688959
v -1.18799 0.129644 -1.01131
v 1.24968 -0.0810124 -1.00728
v -1.2347 1.09303 0.0179106
v 1.04589 -0.0944783 -1.0241
v -1.11528 0.627263 -0.467351
v 1.29172 0.876124 0.0126048
v 1.09355 -0.133397 -1.08374
v 0.72747 1.34009 0.541401
v 1.45703 0.364083 -0.498414
v 1.37658 0.395941 -0.44962
v -1.08412 1.15244 0.101849
v 0.762733 1.19762 0.399152
v 1.42841 0.383612 -0.457658
v 1.28082 0.385563 -0.466217
v 1.05538 -0.109589 -1.051
v 1.22057 -0.0309878 -0.985759
v -1.17958 1.17482 0.150056
v 1.08891 -0.0350778 -0.967613
v -1.12724 0.177663 -0.965022
v 1.3483 0.274954 -0.588264
v -1.12701 1.04503 0.00947753
v 1.33654 0.277421 -0.586395
v -0.409644 1.2994 0.410842
v -0.443094 1.44385 0.546569
v -1.2425 0.50719 -0.569696
v -1.14734 1.03887 0.00174402
v 0.746044 1.32394 0.557352
v 1.25392 -0.101333 -1.03926
v 0.801157 1.32676 0.559306
v -1.24892 1.06507 0.0476766
v 1.27055 0.864402 0.0536023
v 1.34766 0.79336 0.0091367
v 0.673239 1.28768 0.476874
v -1.27972 0.563461 -0.526781
v -1.1877 0.16358 -1.05553
v -1.01362 0.158451 -0.999089
v -1.14973 0.0918254 -1.10082
v 1.27982 0.89488 0.117527
v 0.681511 1.29844 0.479218
v 1.42713 0.825005 0.0262421
v -1.19257 0.483318 -0.58438
v 0.665119 1.26662 0.471339
v -1.20715 0.615734 -0.449231
v 0.87393 1.27336 0.502813
v -1.08785 0.0412068 -1.0991
v -1.15529 0.162212 -0.976875
v -1.24121 1.1413 0.117739
v 1.3094 0.807446 0.0153534
v -0.370808 1.42384 0.519337
v -1.14108 0.057511 -1.08502
v 1.40716 0.286327 -0.571446
v 1.18692 -0.0329391 -0.948325
v 1.36449 0.933856 0.155768
v 1.26582 0.358067 -0.490246
v -1.06428 0.559015 -0.506624
v 1.1697 -0.0133463 -0.956616
v -1.0658 1.07371 0.0941933
v 1.31489 0.283285 -0.569317
v -1.26698 1.06529 0.0812855
v -1.18069 0.62677 -0.458884
v -1.06736 1.06794 0.0812018
v -1.03295 0.13709 -0.952716
v 0.743124 1.1911 0.401664
v -0.44474 1.29821 0.396761
v 0.811663 1.20464 0.40869
v 0.669231 1.26065 0.453606
v 1.30272 0.28429 -0.5645
v -1.13387 0.614885 -0.450223
v 1.45447 0.3606 -0.480151
v 1.45993 0.859681 0.0848373
v 1.39965 0.403771 -0.458979
v 1.43563 0.8604 0.150447
v -1.17344 0.151724 -0.99756
v -1.09466 0.51659 -0.590295
v 1.2737 0.819712 0.043184
v -1.14285 1.14403 0.160953
v -0.527006 1.42225 0.514629
v 1.34551 0.77569 0.0223873
v -0.410745 1.41657 0.554113
v 0.684048 1.26982 0.523193
v 0.870312 1.24838 0.506413
v -0.506204 1.29649 0.410687
v -1.15896 1.16823 0.155577
v 1.30451 0.901776 0.160733
v -1.25984 1.12101 0.0988314
v -0.991818 0.0889712 -1.03484
v 1.45127 0.819855 0.0621092
v 1.30096 0.392569 -0.453779
v 1.28283 0.322838 -0.557316
v 1.45817 0.359728 -0.512267
v -1.11173 0.0579774 -1.10344
v 1.3815 0.258747 -0.574789
v -1.06507 0.189555 -0.97141
v -1.26523 0.59889 -0.498917
v 0.843454 1.22062 0.428978
v -1.22199 0.6165 -0.458266
v -1.12814 1.02467 0.0164915
v 1.38591 0.784297 0.025688
v -1.14898 1.00435 0.0196806
v -1.06449 0.0243825 -1.08503
v -1.16691 1.01437 0.0097207
v -1.28612 0.542396 -0.519442
v 1.16446 -0.163071 -1.08541
v 0.665063 1.21155 0.460624
v -0.396918 1.43324 0.540159
v 1.30638 0.777801 0.0305593
v 1.19365 -0.163853 -1.06587
v 1.40347 0.91068 0.161232
v 1.34981 0.214597 -0.541122
v 1.31096 0.259754 -0.558933
v 1.45225 0.304162 -0.524425
v 1.35892 0.883778 0.189586
v -0.369667 1.3771 0.532591
v 1.29256 0.291487 -0.557181
v -1.07894 1.03639 0.0657049
v -1.11931 0.603462 -0.448453
v -1.16204 0.0349901 -1.04102
v 0.672201 1.27767 0.49511
v -1.08539 0.161869 -0.940655
v -1.1763 0.0907969 -1.06206
v -1.14473 0.158736 -0.96197
v 1.10401 -0.169579 -1.05947
v 1.27119 0.355187 -0.4582
v 1.07254 -0.146578 -1.05764
v -1.01186 0.0564944 -1.06071
v -1.24667 1.11632 0.129548
v -0.988928 0.082597 -1.02024
v 1.41468 0.916629 0.148575
v 1.10358 -0.143985 -1.08344
v 0.790938 1.19198 0.403366
v 1.37296 0.782762 0.0216359
v 1.42902 0.27146 -0.541192
v 0.777093 1.31237 0.569108
v -1.16666 0.477546 -0.580513
v 1.11218 -0.0342208 -0.942349
v 1.45843 0.871159 0.111476
v -0.487587 1.42148 0.551492
v -1.19417 1.13149 0.162762
v 1.27733 0.29663 -0.527176
v 1.39665 0.372757 -0.428494
v 1.26562 0.319553 -0.494476
v -1.07468 0.012846 -1.08837
v 1.45489 0.308497 -0.456779
v 0.745089 1.29973 0.568436
v -0.476262 1.44255 0.545559
v -1.06898 0.532563 -0.522564
v 1.0381 -0.106722 -1.01321
v 0.816779 1.31768 0.555768
v -1.08711 0.593327 -0.471724
v -0.364756 1.3159 0.44779
v 1.20436 -0.166701 -1.04382
v -1.15803 0.133 -0.963367
v -1.23266 0.610285 -0.451358
v 1.2847 0.782505 0.0433873
v -0.477496 1.29684 0.396143
v 0.723326 1.14055 0.42023
v -1.26326 0.594605 -0.467199
v 1.44301 0.288757 -0.534146
v -0.552569 1.33146 0.470612
v -1.26492 1.09187 0.117127
v 0.66317 1.25218 0.497244
v 1.2727 0.369239 -0.466203
v -1.07453 1.05977 0.0620354
v 1.24996 -0.104163 -1.02314
v -1.1082 1.01988 0.0350579
v 0.863153 1.25055 0.518824
v 0.70759 1.28784 0.543807
v -1.1064 0.0244343 -1.08903
v 1.25288 0.817059 0.0780865
v -1.25132 0.59934 -0.452394
v 1.24152 -0.128673 -1.00273
v -1.12506 0.480065 -0.558182
v -1.2822 0.568524 -0.493085
v -0.449998 1.27521 0.403629
v -1.09211 0.556713 -0.453875
v -1.10899 0.148888 -0.932653
v -0.548024 1.3593 0.489656
v 1.45372 0.832713 0.11602
v -1.13352 0.151411 -0.948514
v -0.462848 1.40963 0.564141
v -1.05777 0.157461 -0.947685
v 1.08069 -0.173998 -1.04526
v -1.08566 0.0174064 -1.09113
v 1.44497 0.341336 -0.439857
v 1.12883 -0.0360704 -0.925527
v 1.459 0.834664 0.101524
v -0.994847 0.100322 -0.99876
v 1.44565 0.797912 0.0777058
v -0.984927 0.074724 -0.997148
v 1.19362 -0.0624859 -0.931634
v 1.25499 0.850295 0.0853894
v 1.22882 -0.151118 -1.03309
v 1.03397 -0.0999037 -0.989932
v -1.01112 0.104406 -0.964007
v 1.22095 -0.0772294 -0.953256
v 1.09719 -0.0513042 -0.927454
v -0.466153 1.2779 0.401417
v 1.25555 0.857769 0.115464
v 0.799666 1.27597 0.572132
v -1.05949 1.0499 0.0944285
v -1.19669 1.01983 0.0134061
v -1.14017 0.481923 -0.573698
v -0.477048 1.2802 0.40031
v 1.06504 -0.0644771 -0.947091
v -1.08917 1.01469 0.061874
v -1.19152 0.101863 -1.02959
v -1.10896 0.494388 -0.572467
v 0.865933 1.23171 0.507202
v -0.992786 0.0776739 -0.978794
v -1.16214 1.13711 0.166033
v -1.21484 1.01649 0.028028
v -1.22041 0.48517 -0.576327
v 0.659755 1.22613 0.476655
v -1.1388 0.587198 -0.429937
v 1.37433 0.771782 0.03153
v 1.30988 0.894928 0.170841
v 1.38539 0.240936 -0.561442
v 0.827022 1.27149 0.55582
v 1.04279 -0.130658 -1.02271
v -0.546262 1.32373 0.45288
v 1.30171 0.26399 -0.547416
v 1.44788 0.275227 -0.514756
v 1.45614 0.318979 -0.442685
v 0.7599 1.29702 0.572477
v 1.05175 -0.0719614 -0.976339
v -1.18148 0.0616229 -1.03141
v -1.26999 1.09192 0.0926027
v 0.86388 1.22554 0.463879
v 1.28293 0.355345 -0.436201
v 1.34461 0.762531 0.0272885
v -1.00148 0.0617524 -1.04486
v -1.11561 1.12946 0.157189
v -1.21095 0.486168 -0.584739
v 0.666795 1.2537 0.510493
v -1.09878 0.577952 -0.456655
v -1.1417 0.0413304 -1.07143
v 1.18355 -0.174725 -1.05487
v -1.21691 1.13707 0.145406
v -1.1652 0.463739 -0.566142
v -0.545218 1.37939 0.497274
v 1.397 0.887477 0.178116
v 0.711544 1.17819 0.419208
v 0.7815 1.29134 0.575925
v -0.361709 1.3641 0.518597
v -1.21721 0.602649 -0.43197
v 1.41301 0.246434 -0.541184
v -1.06339 1.06448 0.111042
v 1.15439 -0.044948 -0.914172
v 1.28442 0.884645 0.149294
v 1.31398 0.246852 -0.550462
v 1.45121 0.803387 0.0852539
v 1.29886 0.773271 0.0365787
v 0.748826 1.15965 0.407275
v -0.425309 1.42257 0.557859
v -0.487984 1.27118 0.409646
v 1.25999 0.803013 0.0636419
v 0.706222 1.26383 0.556198
v -1.18974 0.455344 -0.561709
v -1.17717 0.591509 -0.428466
v 1.03637 -0.119475 -1.01033
v 0.829907 1.17424 0.438458
v 1.1659 -0.0744011 -0.901168
v -1.27173 1.06749 0.108287
v -0.517363 1.28231 0.423114
v 1.23275 -0.107123 -0.952048
v -1.17899 0.117037 -0.984347
v 1.22629 -0.159613 -1.0124
v -0.378804 1.30546 0.429963
v 1.37113 0.230484 -0.552509
v 1.26929 0.329338 -0.452657
v -1.25343 1.08982 0.141734
v -1.2052 0.605328 -0.436781
v 0.811163 1.17723 0.417946
v -1.10933 1.01244 0.0351276
v 1.37972 0.881368 0.189262
v -0.376793 1.38958 0.537622
v -1.1964 1.1108 0.180545
v 1.30382 0.890431 0.169958
v -1.13422 1.11697 0.175335
v -0.397771 1.38078 0.558407
v -1.09302 0.498141 -0.523078
v 1.0414 -0.095138 -0.927965
v -0.434555 1.2709 0.410468
v 1.23748 -0.120493 -0.963003
v -1.24179 1.03631 0.0468156
v -1.01125 0.00894734 -1.02405
v -0.423397 1.25712 0.417083
v 1.43902 0.820965 0.149504
v 1.19199 -0.0744011 -0.914776
v -1.02428 0.038243 -1.06142
v 1.39216 0.239864 -0.549976
v 1.10069 -0.18279 -1.04763
v 0.867801 1.22644 0.491127
v 1.24776 0.802251 0.0898621
v -1.30258 0.520277 -0.493108
v 1.4244 0.834461 0.17266
v -1.07296 0.537801 -0.499166
v 0.710771 1.15039 0.427089
v 0.820451 1.16902 0.428956
v 1.27067 0.769033 0.057206
v 1.29925 0.752277 0.0427376
v 1.4566 0.291019 -0.499455
v 1.24434 0.812572 0.116288
v 1.26514 0.295071 -0.465286
v 0.839418 1.21956 0.549236
v 0.656899 1.16494 0.479427
v -1.08557 0.138478 -0.920086
v -1.10589 -0.0108727 -1.07088
v 1.3852 0.858646 0.199229
v 0.841359 1.17476 0.466633
v -0.549035 1.33105 0.515009
v -1.22941 1.10153 0.160261
v -1.13757 0.00768567 -1.056
v 1.23631 -0.137292 -0.966899
v -1.21173 0.463057 -0.565243
v -1.11711 0.986366 0.0470289
v -1.12206 1.1036 0.179306
v -0.529306 1.29127 0.439257
v 1.33014 0.224493 -0.544048
v -1.06198 1.04318 0.140883
v -1.23795 0.459621 -0.547747
v 1.30511 0.359502 -0.42039
v 1.44887 0.295749 -0.416856
v -1.07761 1.07962 0.137469
v -1.1692 0.564741 -0.404008
v -0.36008 1.3225 0.51544
v 1.1449 -0.0696613 -0.898177
v -1.10023 0.52763 -0.442291
v -0.365205 1.35425 0.531256
v -0.980778 0.0613378 -1.00058
v -1.13612 0.998852 0.0274539
v -0.985763 0.0397638 -1.00309
v -1.09345 0.499941 -0.50156
v -1.18943 0.0836633 -0.985567
v 1.02673 -0.112696 -0.929051
v -1.0781 0.997556 0.0960449
v -1.18618 1.09531 0.191799
v -1.27782 0.524341 -0.537514
v 0.803094 1.258 0.574795
v -0.513082 1.40557 0.542515
v -0.482202 1.37737 0.567153
v 0.744025 1.28076 0.572096
v 1.41002 0.867526 0.178281
v -1.2737 0.568542 -0.434914
v 0.823789 1.19963 0.568277
v -0.464178 1.34693 0.581866
v 1.34378 0.751346 0.0352273
v -1.06358 0.127511 -0.923059
v 0.846962 1.20684 0.53295
v 1.03083 -0.151549 -0.993705
v 1.24431 0.798612 0.110669
v 1.02671 -0.107173 -0.971352
v 0.813403 1.11746 0.447684
v 1.38617 0.206451 -0.528326
v 1.32711 0.864568 0.195331
v 1.06928 -0.184157 -1.02601
v -0.984708 0.03502 -0.966479
v 1.02589 -0.116391 -0.981904
v -1.15578 0.104817 -0.945391
v 0.848543 1.18571 0.480821
v -1.04342 -0.000354784 -1.05199
v -0.414586 1.23716 0.432789
v -0.524868 1.37816 0.540373
v -0.465591 1.2507 0.416559
v -1.19081 0.065392 -0.994108
v 1.19432 -0.189772 -1.01615
v -1.28446 0.565658 -0.468465
v -1.13321 0.12027 -0.933225
v 1.31684 0.206373 -0.521914
v 1.27885 0.250326 -0.508332
v 1.27041 0.266555 -0.487516
v -1.3045 0.535001 -0.471696
v 1.11553 -0.0664124 -0.898517
v -0.431366 1.23462 0.42968
v -0.39055 1.31975 0.565514
v -1.09856 0.487396 -0.488664
v 0.764612 1.12412 0.41786
v -1.11752 0.579317 -0.435358
v -1.0802 0.119124 -0.911806
v 0.734236 1.11475 0.423906
v 1.4471 0.809421 0.117258
v -0.394789 1.26789 0.429335
v -1.12536 1.08661 0.189236
v -1.10177 -0.0197583 -1.06657
v 1.32192 0.33625 -0.394189
v 1.37173 0.727685 0.0550753
v 1.27335 0.858092 0.155613
v -1.18148 0.972689 0.0472102
v 0.820866 1.10717 0.463889
v 1.15995 -0.203469 -1.02647
v -1.07852 -0.00531579 -1.07489
v -1.3022 0.540436 -0.457094
v -0.546017 1.30182 0.544241
v 1.34871 0.711907 0.0570446
v 0.802032 1.11826 0.437326
v 0.776442 1.11635 0.423377
v -1.10787 0.48152 -0.52756
v 1.43282 0.777456 0.0983012
v 0.771048 1.26215 0.581314
v 1.33799 0.836572 0.209636
v -1.2126 0.447549 -0.553155
v -1.29881 0.541457 -0.437322
v -1.10647 0.976066 0.0669147
v 1.08814 -0.197904 -1.02848
v 1.29675 0.335331 -0.405182
v 1.45146 0.257613 -0.448705
v -1.17088 0.442592 -0.538324
v 1.25361 0.825785 0.142721
v 1.34139 0.316607 -0.37763
v 1.42341 0.293995 -0.378557
v 1.38442 0.828404 0.204886
v -1.3109 0.494358 -0.474008
v 1.21717 -0.175738 -0.957268
v -1.17094 0.0916918 -0.958253
v 1.07615 -0.0870637 -0.894531
v -0.359034 1.32814 0.458194
v 1.2281 -0.160727 -0.993632
v 1.2135 -0.107075 -0.921393
v -1.0995 1.08348 0.174829
v -0.406358 1.22633 0.443574
v 1.22465 -0.139733 -0.935154
v -1.10254 0.121625 -0.91593
v 1.41368 0.826355 0.186519
v -0.530941 1.33399 0.554363
v 0.742711 1.10104 0.428797
v 0.722909 1.10228 0.431691
v 0.763478 1.09911 0.429457
v 1.17096 -0.0912773 -0.889066
v 0.655247 1.15982 0.532123
v -1.06483 0.101092 -0.90994
v -1.27018 1.03546 0.118725
v 1.04007 -0.106104 -0.908553
v 1.30346 0.311933 -0.38749
v -0.51958 1.25906 0.434651
v -1.04832 0.0758003 -0.904822
v -1.20881 0.999649 0.0319166
v -1.21622 0.557813 -0.395397
v 1.40783 0.346614 -0.411398
v -1.25021 0.428554 -0.517054
v 1.36935 0.20852 -0.535003
v 1.44029 0.229149 -0.481989
v 1.28208 0.214102 -0.486067
v -1.27312 0.555371 -0.408235
v 1.077 -0.206833 -1.01865
v -0.500681 1.24045 0.429094
v -1.06436 1.02874 0.103029
v 0.667375 1.15898 0.465938
v -1.26726 1.02621 0.103852
v 1.28264 0.315928 -0.41036
v 1.32841 0.308537 -0.374029
v 0.661085 1.10831 0.481612
v -1.17759 0.0395046 -1.01374
v -1.13078 0.554911 -0.413589
v -0.426419 1.3345 0.581388
v 1.15012 -0.10497 -0.874041
v 1.415 0.231136 -0.52696
v -0.457046 1.21525 0.433861
v -1.17424 0.045524 -0.940645
v -1.11135 0.5276 -0.427822
v 1.45045 0.262632 -0.410035
v 1.26903 0.282809 -0.428149
v -1.19045 0.556523 -0.394666
v -1.15112 0.562686 -0.406908
v 1.24652 0.812373 0.130774
v 1.37496 0.709196 0.0713914
v -1.09969 0.501755 -0.454321
v 1.33604 0.702336 0.0637277
v 1.36102 0.841174 0.210391
v 0.80564 1.21669 0.57839
v -0.540831 1.2535 0.458645
v -0.369169 1.2578 0.473217
v -1.13381 -0.0286937 -1.03443
v -1.19639 0.969676 0.051089
v -1.16122 -0.0138266 -1.00766
v -0.555901 1.2838 0.503359
v -1.26597 0.448645 -0.520646
v 1.3054 0.206357 -0.512367
v -1.18523 0.0386874 -0.992681
v -1.29197 0.540516 -0.422389
v 1.29237 0.842723 0.185877
v -1.15716 1.0872 0.202114
v 0.0789814 0.507023 -0.300092
v -1.26202 1.05233 0.145541
v 1.24438 0.77056 0.0988453
v 1.25053 0.787187 0.162716
v -1.31232 0.470456 -0.474566
v -1.21295 0.430421 -0.534437
v 1.13537 -0.221696 -1.01264
v 1.26589 0.257629 -0.449532
v 1.26214 0.252539 -0.432815
v 1.32725 0.194488 -0.518051
v -1.13336 0.462318 -0.52424
v -0.00494904 0.519925 -0.293738
v 0.804962 1.10506 0.441719
v -1.09539 0.0966409 -0.904904
v -0.4132 1.20778 0.450813
v 0.0506863 0.519863 -0.290194
v -0.000360764 0.557492 -0.249427
v -1.12129 0.963184 0.0644432
v 1.02926 -0.121251 -0.907716
v -0.980429 0.0137768 -0.962885
v -1.26515 1.01753 0.147028
v 1.39702 0.715042 0.0829339
v -0.454329 1.33711 0.583842
v 0.740888 1.08213 0.442508
v -0.393763 1.23036 0.448912
v 1.29766 0.713982 0.0576963
v 1.26869 0.757124 0.0650551
v 0.77289 1.09001 0.437308
v -0.431625 1.20089 0.445615
v -0.519068 1.3335 0.566852
v 0.0870856 0.57313 -0.219861
v 0.0748256 0.553025 -0.252276
v -1.31336 0.510162 -0.44004
v -0.370417 1.28719 0.538523
v 1.25834 0.737268 0.0844387
v -1.09296 1.06173 0.179788
v -0.999605 0.0578737 -0.948365
v 1.43818 0.27773 -0.384425
v 0.843436 1.17647 0.526213
v 0.780924 1.19873 0.59649
v 0.132448 0.536464 -0.257458
v 0.125169 0.561123 -0.226853
v 0.0379061 0.576377 -0.218473
v 0.0354426 0.510264 -0.302687
v 1.35831 0.823395 0.211934
v 0.708692 1.08346 0.446345
v -1.20732 1.0697 0.204356
v -1.24143 1.07027 0.168413
v -1.15187 0.0728863 -0.9217
v -0.363885 1.27085 0.513927
v -0.557771 1.2794 0.517322
v 1.3176 0.697819 0.0667074
v 1.27525 0.70979 0.075872
v 1.43125 0.767686 0.152001
v -0.981314 0.0157759 -0.973082
v 1.14329 -0.233865 -0.994704
v 1.28039 0.821591 0.18401
v -1.25492 1.01663 0.0847157
v 0.142837 0.545854 -0.241092
v -1.06966 0.959385 0.129554
v 1.43467 0.195139 -0.468252
v -1.00748 0.0676602 -0.940862
v 1.14044 -0.119004 -0.858054
v 1.17203 -0.208496 -1.00794
v -0.0304477 0.508803 -0.295506
v -1.01268 0.0328574 -0.909496
v -1.2347 0.980724 0.0717781
v 1.10868 -0.0760574 -0.887864
v 1.40973 0.282813 -0.3624
v 1.20306 -0.192911 -0.972582
v -1.15485 0.94437 0.0716047
v 0.649369 1.10803 0.502524
v -1.06356 1.01641 0.153145
v -1.20016 0.54055 -0.380666
v -1.27683 0.469992 -0.518812
v -1.13398 0.523018 -0.404576
v -1.25494 0.547076 -0.391499
v 1.01659 -0.149261 -0.9265
v 1.38493 0.18158 -0.510146
v 1.28729 0.701401 0.0705782
v -1.13844 0.439829 -0.471259
v -1.28923 0.527991 -0.392806
v -1.11038 0.509179 -0.435053
v -0.0373759 0.535908 -0.265753
v 0.689278 1.11159 0.449857
v 0.706382 1.21875 0.5716
v -0.489788 1.21035 0.438476
v 0.728032 1.22544 0.580774
v 0.145454 0.563726 -0.20534
v -0.0031233 0.485624 -0.317295
v -0.0574213 0.529412 -0.271087
v 0.164064 0.55051 -0.221029
v 0.0785309 0.583311 -0.189973
v 0.157395 0.493354 -0.287935
v 0.181412 0.52876 -0.242902
v -1.31853 0.50307 -0.413304
v -0.470071 1.2053 0.435295
v 0.116011 0.589893 -0.159169
v -0.367443 1.26068 0.529877
v -1.08157 -0.0502538 -1.04062
v -1.14865 0.950069 0.0644312
v 1.4274 0.743963 0.128316
v 1.23692 0.757503 0.138489
v -0.367921 1.23449 0.500531
v -1.22737 0.529968 -0.370409
v 1.07514 -0.227817 -0.99995
v 1.19325 -0.200934 -0.986368
v 1.08446 -0.240428 -0.991692
v -0.0654338 0.552102 -0.237321
v -1.11231 1.05523 0.201288
v 1.41275 0.200938 -0.501408
v -1.15468 0.0797986 -0.931919
v 0.83589 1.18179 0.555834
v -1.0613 0.0616428 -0.889835
v 1.02295 -0.143975 -0.88902
v 1.35872 0.694795 0.0731653
v 0.706477 1.1952 0.578643
v 1.05113 -0.171921 -1.0142
v -0.0149009 0.470556 -0.324731
v -1.16245 0.520736 -0.380197
v -0.439398 1.2903 0.598248
v 1.02137 -0.162824 -0.959562
v 1.41432 0.761766 0.194707
v 1.26216 0.241849 -0.410623
v 0.759257 1.22354 0.588759
v 0.79903 1.20167 0.588312
v 1.44525 0.209947 -0.441408
v 0.799814 1.06413 0.470103
v 1.29379 0.189202 -0.478712
v 1.06345 -0.107422 -0.874065
v -0.400615 1.20567 0.464505
v -1.22145 0.950019 0.0812476
v 1.17507 -0.145513 -0.863952
v -1.11235 0.479754 -0.463047
v -1.06728 -0.035895 -1.05009
v -0.071497 0.49978 -0.296343
v 0.184181 0.548391 -0.209052
v -1.16218 0.428113 -0.499511
v -1.12774 0.0864 -0.911836
v -0.079681 0.552288 -0.236021
v -1.08568 0.085529 -0.899976
v -0.0825671 0.526281 -0.265759
v -1.31886 0.479734 -0.457423
v -0.0907291 0.578482 -0.205538
v 0.103165 0.420563 -0.348632
v 0.757393 1.08002 0.442032
v 1.2994 0.69054 0.0733068
v -0.00917855 0.600796 -0.156807
v -0.110842 0.52992 -0.265831
v 0.230741 0.515781 -0.240628
v -1.32008 0.49322 -0.440118
v 0.200882 0.519329 -0.240829
v -0.389436 1.30322 0.562014
v 1.35606 0.785429 0.231395
v -0.120812 0.562844 -0.227839
v -1.1452 0.496541 -0.39157
v -1.18424 0.524497 -0.373375
v -0.99247 -0.00938385 -0.980523
v 0.839522 1.13867 0.49507
v -1.17879 0.0252096 -0.978601
v 0.145565 0.479846 -0.301933
v -0.538882 1.29394 0.55992
v -0.0424924 0.573832 -0.205966
v -1.18435 0.942612 0.0766872
v -1.26134 0.994405 0.128787
v -1.19247 1.04625 0.226773
v 0.269297 0.510196 -0.23069
v -0.105014 0.584912 -0.193553
v -0.146895 0.521148 -0.267486
v -0.420635 1.30129 0.586403
v -0.12132 0.499459 -0.290927
v 0.191049 0.435845 -0.324444
v 0.841385 1.13585 0.513477
v -0.0695617 0.453578 -0.334536
v -0.174082 0.523012 -0.26614
v 1.00883 -0.184175 -0.91598
v -1.14095 -0.0532635 -1.00772
v -1.16035 1.05966 0.222378
v 1.41533 0.727222 0.100815
v 1.01508 -0.193389 -0.935937
v 1.35502 0.681437 0.0804504
v -0.149653 0.494577 -0.296183
v -1.07907 1.00947 0.183224
v -1.24368 0.948104 0.108654
v -1.01412 -0.0329491 -1.00082
v 1.31191 0.299653 -0.374236
v 1.28799 0.274284 -0.384702
v -0.544542 1.22708 0.472874
v 1.03311 -0.142193 -0.855706
v 0.0416334 0.605224 -0.139785
v -0.512737 1.17998 0.456675
v -1.03875 0.0205257 -0.869463
v 1.4249 0.744976 0.171634
v -1.29843 0.443447 -0.483768
v -1.23108 0.406547 -0.506949
v -1.04496 -0.0509474 -1.02523
v 1.40316 0.686199 0.10966
v -1.06277 1.01354 0.128412
v 1.2024 -0.133172 -0.902524
v -0.185857 0.541385 -0.241933
v -1.25872 0.996727 0.163574
v -0.381997 1.20457 0.485748
v -1.19967 0.525653 -0.368368
v -1.19908 0.403804 -0.49388
v -1.13082 0.458531 -0.424292
v 1.42573 0.780378 0.173693
v 0.782262 1.04944 0.467385
v -1.16707 0.0431302 -0.922346
v 0.678003 1.07646 0.469127
v 0.204978 0.551492 -0.199692
v 0.284609 0.469559 -0.267593
v 0.261819 0.529588 -0.210088
v 1.31169 0.815059 0.212492
v 1.26681 0.769165 0.204697
v 0.216026 0.472872 -0.285811
v 0.149558 0.420445 -0.342572
v -0.0292518 0.434451 -0.350174
v 0.272309 0.53541 -0.193377
v -0.150331 0.580348 -0.189277
v 0.170689 0.576192 -0.166641
v -1.3358 0.461158 -0.43473
v 0.254221 0.549318 -0.178536
v 0.805564 1.15332 0.587324
v -0.154335 0.452402 -0.324251
v 1.15669 -0.13482 -0.853637
v -1.1638 0.0264992 -0.912462
v -1.25705 0.399515 -0.485572
v -0.17105 0.500531 -0.286411
v 1.25531 0.716338 0.0924373
v -0.0951301 0.59897 -0.156514
v -1.10804 1.01197 0.219323
v -0.529872 1.21004 0.458531
v -0.369207 1.21988 0.52662
v 1.36488 0.16043 -0.494043
v -1.06427 -0.071788 -1.01996
v 1.23999 0.72392 0.121191
v 1.08247 -0.116674 -0.852728
v 1.20197 -0.19313 -0.914226
v -1.13892 1.02301 0.236209
v 1.44982 0.218806 -0.407404
v -1.11837 0.939864 0.0918373
v 1.39329 0.288001 -0.358591
v -0.560165 1.24567 0.523891
v 1.34631 0.31009 -0.368669
v -1.17653 0.0100835 -0.949903
v -1.13324 0.446068 -0.45003
v 1.37859 0.787318 0.223606
v -1.16537 0.91477 0.0957838
v -1.12034 0.0580232 -0.888749
v -0.00122381 0.607512 -0.138085
v -1.16416 0.41795 -0.463777
v -1.33649 0.473954 -0.421352
v 0.835362 1.12068 0.540504
v 0.262325 0.446546 -0.297564
v -1.27088 0.512787 -0.35907
v 1.37824 0.7704 0.227712
v 1.20438 -0.17383 -0.904523
v 0.170299 0.39705 -0.350208
v -0.474963 1.16804 0.450536
v 0.65257 1.08143 0.503084
v 0.304465 0.473906 -0.248255
v -0.438826 1.18318 0.450235
v 0.241186 0.435761 -0.312158
v 0.719353 1.04991 0.451684
v 0.14475 0.594007 -0.127896
v -0.232918 0.453803 -0.306173
v 0.726052 1.19183 0.590909
v 0.217778 0.405351 -0.338309
v -0.385126 1.26636 0.566932
v 1.29023 0.196132 -0.476629
v -1.02724 -0.0643097 -1.00119
v -1.01034 -0.0638433 -0.967356
v 0.822849 1.0787 0.489331
v -0.558512 1.21797 0.522871
v -0.245581 0.509985 -0.247899
v 1.33401 0.163372 -0.493836
v 1.44318 0.261157 -0.383189
v -1.20523 0.926852 0.0891426
v 0.674627 1.19306 0.550934
v 1.44283 0.215872 -0.364808
v 1.40376 0.169529 -0.489206
v 1.24798 0.743014 0.189903
v -1.07805 0.0651029 -0.889684
v 1.33057 0.298115 -0.362608
v -0.460189 1.29197 0.602191
v -1.13805 0.47807 -0.402535
v -1.25616 1.01067 0.17559
v 1.27382 0.212807 -0.458049
v -1.16659 0.895358 0.105172
v 1.324 0.662514 0.0844267
v 0.741314 1.18253 0.598581
v -0.424549 1.25733 0.603305
v 0.340864 0.486989 -0.212073
v 0.831617 1.12759 0.559585
v 0.657019 1.12869 0.555561
v 0.824796 1.17614 0.56972
v -1.21308 1.03854 0.215159
v 0.0809566 0.601013 -0.140313
v 0.769727 1.04534 0.461341
v -1.29487 0.422783 -0.477129
v 0.320412 0.431986 -0.280838
v -1.17426 -0.00883573 -0.972
v -1.16061 -0.0287136 -0.993066
v 0.159077 0.352702 -0.371507
v -0.52008 1.16428 0.466677
v 1.13293 -0.24112 -0.990472
v -0.0141057 0.39329 -0.366923
v 1.37735 0.672791 0.097187
v 1.30434 0.660332 0.0862007
v -1.07085 0.944368 0.142456
v 0.321309 0.527216 -0.166027
v -0.0434272 0.609904 -0.121605
v -1.19902 0.901934 0.103519
v 0.74732 1.03892 0.455635
v -0.544979 1.27519 0.560512
v -1.13934 0.445406 -0.430509
v 0.236067 0.359901 -0.351795
v 0.295452 0.37757 -0.332646
v -1.17654 0.492885 -0.362909
v 0.794438 1.04249 0.489967
v -1.0009 0.0149229 -0.915535
v -0.395802 1.25843 0.580692
v 0.315226 0.391006 -0.316069
v 1.39293 0.149504 -0.481518
v 1.28039 0.677084 0.0894495
v 1.26392 0.225061 -0.409344
v -1.14609 0.0485656 -0.898488
v -0.241229 0.540943 -0.21001
v -0.208984 0.576315 -0.166358
v -0.438035 1.1523 0.466526
v 0.0944285 0.355647 -0.378685
v -0.523911 1.26677 0.587234
v -0.0072392 0.612171 -0.0969757
v 0.343457 0.408658 -0.288739
v 0.330013 0.514043 -0.180878
v 0.0363913 0.375446 -0.373901
v -0.0631975 0.386801 -0.36901
v -1.30596 0.499566 -0.36776
v 1.29015 0.770644 0.221997
v -0.373144 1.18575 0.530205
v 0.8317 1.09197 0.535934
v -0.559082 1.24351 0.537915
v 1.0715 -0.252116 -0.977856
v 1.1801 -0.184936 -0.862164
v 0.820118 1.10131 0.572467
v 0.0722425 0.608069 -0.0995948
v -0.416684 1.16033 0.473914
v 1.03462 -0.215573 -0.958534
v -1.16057 0.475722 -0.370899
v -1.14735 0.461549 -0.390006
v 1.29587 0.258865 -0.358346
v -0.401913 1.15439 0.490493
v -0.248738 0.4762 -0.28303
v 1.01084 -0.215448 -0.918884
v 1.13397 -0.15693 -0.82782
v -0.179011 0.591868 -0.144866
v 1.23624 0.740192 0.154517
v 1.19895 -0.2101 -0.918405
v -1.3048 0.430997 -0.475292
v 1.26931 0.218719 -0.388898
v -0.439277 1.27702 0.605165
v 1.19449 -0.201801 -0.892606
v 1.39924 0.659803 0.126897
v -1.25613 0.966096 0.139281
v 0.822004 1.07548 0.514031
v 1.29801 0.151411 -0.445669
v 1.34685 0.266373 -0.332272
v 1.19465 -0.218898 -0.932142
v 1.2722 0.193625 -0.404654
v -1.08869 0.920564 0.147684
v -0.381084 1.19147 0.499855
v -0.485913 1.15285 0.456968
v -0.15062 0.596849 -0.138364
v 1.34632 0.660828 0.0893539
v -0.460881 1.27327 0.611132
v -1.14535 0.019274 -0.881936
v -0.374748 1.21341 0.558594
v 0.765906 1.11825 0.611656
v 1.32322 0.648414 0.0859475
v 0.162186 0.596901 -0.0942072
v 0.359905 0.493453 -0.191934
v -0.0231387 0.336082 -0.386141
v -0.149589 0.434049 -0.335471
v 0.243452 0.56514 -0.139426
v -0.0365009 0.615645 -0.0942411
v -1.31869 0.498069 -0.395523
v 1.31537 0.766709 0.236751
v -0.483316 1.27634 0.604975
v 1.15599 -0.251787 -0.95274
v 1.33233 0.776972 0.236416
v 1.00573 -0.174847 -0.896756
v -1.33842 0.442189 -0.43532
v 1.24129 0.722182 0.195193
v -1.11356 -0.0835458 -1.00727
v 1.04419 -0.137086 -0.848062
v -0.558518 1.22429 0.542286
v 1.40487 0.145218 -0.474899
v -1.20674 0.500246 -0.350344
v -0.984842 -0.0101273 -0.947994
v 1.24928 0.672582 0.118323
v 1.38372 0.128075 -0.465926
v 1.42973 0.253531 -0.359046
v -1.32772 0.430186 -0.447505
v -1.07318 0.931477 0.172367
v -1.28588 0.395096 -0.461804
v 1.2747 0.745554 0.22405
v -1.1509 0.90137 0.110075
v -1.21621 1.01877 0.225137
v -1.10779 -0.10107 -0.993771
v 1.31783 0.26142 -0.338263
v -1.02983 -0.0964177 -0.969263
v 1.31764 0.15483 -0.473866
v 1.41363 0.690285 0.131786
v 1.09182 -0.273252 -0.963058
v -1.23248 0.388738 -0.479477
v 0.749602 1.14684 0.606173
v 1.38681 0.2672 -0.337994
v -1.08096 0.0352712 -0.863214
v 1.10856 -0.133184 -0.839021
v 0.138735 0.331797 -0.382794
v -1.23337 0.92866 0.109182
v 1.34085 0.138256 -0.473914
v 1.23892 0.709278 0.180354
v -1.09254 0.932368 0.126413
v 1.23731 0.708909 0.134081
v 0.313199 0.364374 -0.33092
v 0.77756 1.14304 0.601431
v -0.391068 1.14913 0.507832
v 0.383576 0.47237 -0.200274
v -1.25112 0.383809 -0.467743
v 0.181576 0.591635 -0.0943587
v -0.144385 0.35251 -0.372841
v 0.743766 1.02385 0.468744
v -0.509245 1.13526 0.478048
v 0.809945 1.11732 0.583138
v -0.0563091 0.367939 -0.378101
v -0.239619 0.582632 -0.111317
v 0.378053 0.42779 -0.248961
v -1.20793 0.886082 0.118462
v 1.11051 -0.276682 -0.958131
v -1.24214 0.509 -0.349024
v 1.40141 0.113523 -0.446624
v 0.371031 0.497994 -0.167959
v 1.02443 -0.170175 -0.833034
v 1.42702 0.167032 -0.461525
v 1.24634 0.685689 0.122658
v -1.07144 0.944905 0.178235
v -0.168144 0.349684 -0.372249
v 1.41801 0.730146 0.186953
v 0.701473 1.00288 0.479987
v 1.06334 -0.251419 -0.965528
v 0.0975837 0.602548 -0.0517567
v -1.16402 1.02184 0.245116
v 0.714524 1.02912 0.466488
v 0.706045 1.13749 0.599175
v 0.721185 1.14728 0.602554
v 0.831326 1.10146 0.546418
v 0.666767 1.1227 0.569343
v -1.22734 1.00631 0.220407
v 0.647797 1.08525 0.553603
v -1.23491 1.0248 0.200395
v -0.547636 1.1873 0.490284
v 0.988216 -0.212837 -0.874695
v 1.29955 0.633559 0.0972129
v -0.2067 0.429975 -0.326465
v 0.00235991 0.614803 -0.0925509
v -1.08797 0.949746 0.214332
v 1.18363 -0.231457 -0.89848
v -1.16377 -0.0661952 -0.949766
v 1.00014 -0.214946 -0.898655
v -1.25705 0.955524 0.158951
v -0.457217 1.12994 0.466037
v 1.37649 0.252997 -0.32466
v 1.18082 -0.202412 -0.864343
v 1.44835 0.171618 -0.374511
v 0.808689 1.03779 0.523875
v 1.2902 0.153099 -0.423513
v -1.16869 0.403998 -0.438344
v 1.01536 -0.17225 -0.848001
v 1.4123 0.711102 0.201296
v 0.765358 1.01643 0.475824
v 0.646668 1.07744 0.532093
v 1.33476 0.11958 -0.451649
v -1.1876 0.478227 -0.349223
v -1.16953 0.448904 -0.363295
v 0.989637 -0.199947 -0.85987
v -1.18926 0.394556 -0.46165
v 0.652445 1.06316 0.517449
v -0.245024 0.560711 -0.175172
v 0.672332 1.04424 0.485604
v 1.27242 0.664135 0.0994333
v 0.359508 0.37589 -0.303251
v 0.324245 0.538499 -0.122726
v 1.36009 0.744663 0.239412
v 0.171301 0.593526 -0.0592789
v -0.311022 0.497902 -0.230719
v -1.19157 0.882333 0.111321
v 0.331717 0.326274 -0.342435
v 0.73318 1.11806 0.616298
v 0.712923 1.0114 0.472968
v 0.415273 0.468499 -0.170769
v 0.749414 1.11646 0.616536
v -0.127796 0.60775 -0.0717542
v 0.408827 0.358077 -0.288089
v -1.14711 0.997467 0.249477
v 1.25279 0.645757 0.131081
v 1.3968 0.644119 0.139759
v -1.34004 0.472962 -0.39514
v -1.24 0.492845 -0.333834
v 1.41732 0.705132 0.166183
v -0.373761 1.18177 0.546888
v 1.41361 0.126634 -0.449061
v -1.00388 -0.0245758 -0.883005
v 1.23216 0.679293 0.166567
v -1.07671 -0.104622 -0.994521
v -0.995242 -0.0655315 -0.940852
v -1.25669 0.500691 -0.339473
v -1.13869 0.868929 0.138139
v 1.39666 0.240749 -0.320988
v -0.411552 1.13259 0.497121
v -0.329704 0.453227 -0.268058
v 1.30918 0.61768 0.103854
v -0.484901 1.12605 0.471955
v -1.14163 -0.081445 -0.9742
v -0.261956 0.376323 -0.339776
v -1.17248 -0.017215 -0.904539
v -1.14818 -0.00112016 -0.872843
v 1.34253 0.629744 0.102176
v 1.3624 0.63738 0.110083
v 1.3082 0.140562 -0.446191
v -0.401604 1.21308 0.593044
v 0.402425 0.344241 -0.305715
v -1.24086 0.378134 -0.457074
v -1.30666 0.391756 -0.444902
v -0.992454 -0.0192839 -0.912466
v 1.27821 0.173508 -0.396828
v 0.994527 -0.224782 -0.888346
v -0.550528 1.21433 0.575795
v -1.17888 0.446163 -0.348181
v -0.289253 0.416746 -0.31124
v 0.353256 0.334089 -0.333153
v 0.823323 1.06705 0.545712
v 1.27618 0.191994 -0.38167
v -0.46939 1.11598 0.476567
v 0.417187 0.447953 -0.200603
v 0.691345 1.1128 0.595597
v -0.286459 0.556326 -0.149536
v -0.448288 1.11816 0.476689
v 0.431398 0.386356 -0.251728
v -0.280519 0.566361 -0.124286
v 1.3372 0.754907 0.238489
v -1.26894 0.391445 -0.465934
v -0.0648638 0.612926 -0.0356
v 0.235395 0.57493 -0.0920307
v -0.340659 0.473382 -0.245423
v -0.425682 1.12683 0.488287
v 1.36772 0.621584 0.125054
v 1.168 -0.248808 -0.919613
v -1.11715 0.976869 0.242051
v 1.14682 -0.168196 -0.82844
v -1.1544 0.876383 0.122229
v 1.24311 0.710791 0.203329
v 0.671651 1.03244 0.496991
v -0.444531 1.23975 0.615314
v 1.07335 -0.275343 -0.948343
v -0.377241 1.19602 0.563778
v 0.363891 0.514204 -0.130178
v 1.4164 0.237708 -0.33332
v 1.35644 0.248754 -0.320057
v -1.07725 0.928321 0.184518
v 1.14889 -0.262463 -0.939196
v 1.26776 0.729754 0.229597
v 1.4288 0.216221 -0.333617
v 1.06443 -0.15164 -0.818583
v -1.20023 0.464554 -0.334434
v -0.556567 1.17551 0.519486
v 0.779619 1.10625 0.607949
v 1.43667 0.160602 -0.429594
v 1.38294 0.637587 0.127704
v -1.22724 0.987724 0.233227
v 1.44743 0.177665 -0.405917
v 0.797719 1.01547 0.518539
v -0.47408 1.24299 0.615886
v -0.383562 1.15095 0.521621
v -0.520798 1.12482 0.491937
v -1.24796 0.908569 0.148974
v -1.04299 0.00645588 -0.853651
v 1.02391 -0.245872 -0.919165
v -0.126566 0.338749 -0.382396
v 1.23802 0.664996 0.139333
v 0.983664 -0.208769 -0.850524
v -0.112684 0.328762 -0.382611
v -1.19942 0.99696 0.246505
v 1.32531 0.240267 -0.321576
v -1.11337 0.895049 0.137911
v 1.38727 0.71675 0.230955
v -1.12161 0.0171572 -0.858708
v 1.40486 0.657667 0.151768
v 1.10578 -0.167064 -0.809405
v 1.16303 -0.185188 -0.834628
v -0.505556 1.23739 0.606934
v 1.05013 -0.270192 -0.932302
v 0.668095 1.10179 0.580684
v -1.17079 0.879905 0.114569
v -1.08257 0.0219946 -0.850881
v 0.787544 1.01623 0.501629
v 1.17055 -0.246755 -0.891641
v -0.539653 1.22274 0.587136
v 1.37391 0.72557 0.240516
v -0.0287634 0.615856 -0.0576405
v 1.11922 -0.282875 -0.941994
v -1.16726 0.99307 0.256651
v 0.455455 0.413643 -0.197964
v -0.325537 0.536807 -0.159705
v 0.265863 0.290248 -0.373833
v -1.16627 -0.0310915 -0.884141
v 1.32262 0.226028 -0.316587
v 1.16794 -0.228716 -0.83821
v -1.15762 0.440098 -0.384106
v -0.992513 -0.0493808 -0.940661
v -0.0705164 0.613438 -0.0975119
v -1.25704 0.937594 0.205161
v -0.302274 0.432353 -0.296819
v -0.314508 0.446841 -0.280822
v -1.34468 0.451128 -0.375198
v 0.199465 0.582022 -0.0107512
v -1.34561 0.440509 -0.405311
v 1.09077 -0.286911 -0.943946
v -0.188664 0.34153 -0.369695
v -1.09021 0.901441 0.181931
v -1.33732 0.462121 -0.360507
v 0.439273 0.446022 -0.178688
v -0.564602 1.1797 0.555335
v 1.31327 0.224072 -0.320627
v -0.194805 0.596879 -0.0889373
v -1.13976 0.956062 0.269072
v 0.141922 0.26977 -0.399679
v -0.526089 1.23003 0.595647
v 0.276315 0.559928 -0.0832488
v 1.28692 0.710492 0.25098
v 1.32327 0.747593 0.24178
v 0.821238 1.0754 0.570727
v 1.36066 0.72032 0.246914
v -0.02628 0.614212 -0.0211157
v -1.08554 0.918888 0.203046
v 0.0884848 0.256346 -0.407639
v -1.20702 0.383163 -0.446357
v -0.456621 1.10614 0.487089
v 0.355341 0.291224 -0.345853
v 1.00798 -0.190527 -0.827453
v 1.0785 -0.288041 -0.929986
v -1.24711 0.954571 0.22115
v -1.16177 0.410525 -0.415841
v 0.664914 1.03554 0.508123
v 0.460335 0.374017 -0.239617
v -1.32268 0.387036 -0.431747
v -1.17657 0.981272 0.257027
v -1.21917 0.884902 0.125468
v 0.756392 1.00171 0.48501
v 0.786639 0.996988 0.514266
v -1.26499 0.479973 -0.322043
v -0.541475 1.14775 0.500093
v 1.43472 0.178744 -0.325407
v 0.80669 1.08934 0.589393
v -1.33741 0.414885 -0.422319
v 1.04479 -0.1752 -0.804191
v 1.4456 0.130732 -0.373283
v 1.34866 0.107318 -0.448525
v 1.3693 0.605322 0.147289
v 0.443676 0.355797 -0.269341
v 0.774189 1.08034 0.612338
v -0.475457 1.21655 0.624498
v -0.44585 1.20337 0.622645
v 1.4134 0.206202 -0.311407
v -1.11362 0.0131589 -0.853958
v -1.2268 0.468891 -0.320897
v 1.43097 0.118865 -0.404072
v 0.671746 0.99538 0.505879
v 1.13288 -0.184508 -0.805279
v 1.16108 -0.208629 -0.828085
v -1.1754 -0.032114 -0.913357
v -1.25522 0.90418 0.16582
v -0.355235 0.535268 -0.128163
v 0.819454 1.0496 0.56449
v 1.29034 0.221413 -0.346309
v -1.23655 0.896771 0.136891
v 0.71733 1.10139 0.613237
v -1.32468 0.469733 -0.349796
v 0.652526 1.0383 0.540488
v 0.70161 1.0966 0.60661
v -0.0669486 0.270384 -0.403753
v 1.36799 0.679845 0.250755
v 0.354041 0.526675 -0.104179
v -0.335997 0.511842 -0.201223
v 0.238409 0.571763 -0.0388768
v -0.27844 0.573322 -0.0930392
v 0.392362 0.503172 -0.0968083
v -0.352016 0.404765 -0.291469
v 1.24695 0.627042 0.139327
v 0.691939 0.994574 0.486236
v 0.404755 0.293783 -0.324528
v -0.438645 1.086 0.504037
v 0.814047 1.03716 0.552477
v -0.322876 0.551022 -0.121801
v -1.10195 0.944336 0.238194
v -1.30028 0.368107 -0.433443
v -1.10026 0.889339 0.164919
v 1.08347 -0.186122 -0.791179
v -1.02201 -0.0039405 -0.871952
v -1.34624 0.406087 -0.401333
v -0.999005 -0.0689099 -0.864556
v 1.39076 0.62938 0.155541
v -0.405847 1.1231 0.519853
v -1.17674 0.400651 -0.388074
v -1.29033 0.466906 -0.310694
v -0.390743 1.13508 0.535507
v 1.16394 -0.244349 -0.838073
v 0.652476 1.06913 0.564494
v 1.30083 0.701233 0.259391
v -1.221 0.970975 0.243669
v -1.17187 0.849824 0.129199
v -1.15122 0.959857 0.271197
v 0.773815 0.997508 0.49677
v 0.0609053 0.272377 -0.404921
v 0.117468 0.258331 -0.405951
v -0.252086 0.332425 -0.361091
v -1.0994 -0.137806 -0.960979
v 1.05744 -0.288982 -0.917885
v 0.215703 0.289825 -0.381312
v 0.286415 0.555331 -0.0421536
v 1.06895 -0.305015 -0.904469
v 1.38881 0.209979 -0.293347
v 0.408311 0.486577 -0.130513
v 0.126367 0.248706 -0.407637
v -1.23136 0.356556 -0.411693
v 1.29002 0.622884 0.109156
v -1.19231 0.419343 -0.335449
v -0.531571 1.11629 0.509845
v 1.44514 0.167745 -0.348612
v 1.14231 -0.281954 -0.915396
v -0.230209 0.586742 -0.0495283
v -1.34047 0.451613 -0.348871
v -1.29839 0.482001 -0.334763
v -0.497183 1.10327 0.490348
v -1.08708 0.902039 0.198871
v 1.16188 -0.267737 -0.894754
v 0.482824 0.373391 -0.211986
v -0.309374 0.396535 -0.313697
v -0.105319 0.284296 -0.394132
v 0.689264 0.961866 0.48461
v -0.383968 1.20521 0.573645
v 0.250597 0.254909 -0.384566
v 1.11991 -0.19724 -0.790328
v 0.439743 0.319434 -0.29717
v -0.374892 0.446365 -0.245465
v -1.19256 0.861311 0.122877
v -0.991704 -0.059538 -0.905589
v -1.34365 0.382388 -0.395812
v 1.23041 0.643541 0.166169
v 1.403 0.688122 0.20484
v 0.0125649 0.607463 -0.010502
v 1.31008 0.207316 -0.317612
v -1.04946 -0.036483 -0.820963
v -1.26191 0.359753 -0.433032
v 0.0678097 0.599771 0.00581408
v -0.509022 1.17836 0.622665
v -1.15635 0.849103 0.135253
v 0.650643 1.05261 0.560733
v -0.530732 1.20017 0.605497
v -0.294383 0.339349 -0.344163
v 0.484711 0.419341 -0.154686
v 0.697636 0.952995 0.481124
v -0.387757 1.15286 0.570742
v 1.34921 0.712212 0.25449
v -0.387241 1.14346 0.561576
v 0.716912 0.959277 0.486997
v -0.407611 1.18971 0.598075
v 1.26404 0.680528 0.249681
v -1.13997 -0.123469 -0.930384
v 1.30901 0.121785 -0.425586
v 0.744105 0.971495 0.488901
v 1.03073 -0.291125 -0.891001
v 1.39565 0.641217 0.190121
v -0.556788 1.14145 0.542513
v -1.03559 -0.146845 -0.928726
v -0.557891 1.13445 0.567254
v -0.997632 -0.093386 -0.906564
v 1.29568 0.193098 -0.327382
v 1.34597 0.0955307 -0.432652
v -1.1731 -0.0613717 -0.914014
v -1.06502 -0.113128 -0.984597
v -1.21398 0.362077 -0.399178
v 1.2382 0.608834 0.158302
v 1.28388 0.172487 -0.350999
v -1.35183 0.416298 -0.369436
v -1.19978 0.439365 -0.326011
v 1.34679 0.607525 0.12386
v 1.16215 -0.263469 -0.859675
v 1.05458 -0.18221 -0.794348
v 1.31153 0.594633 0.119042
v 0.659791 1.00111 0.543771
v -1.18101 0.404923 -0.362177
v 1.38916 0.0917596 -0.429879
v -1.07683 -0.0223973 -0.820824
v -1.11147 0.935317 0.248853
v 1.35183 0.225721 -0.30175
v 0.804727 1.0236 0.571775
v 1.36141 0.213895 -0.292159
v -0.0994672 0.600469 0.00885366
v 0.177743 0.244965 -0.39814
v -0.100318 0.23829 -0.408156
v 0.471277 0.343991 -0.25736
v -0.268767 0.576028 -0.0441627
v 0.761218 1.03823 0.617409
v -0.546492 1.20397 0.58444
v -0.174028 0.301694 -0.384925
v -0.441001 1.17873 0.621425
v -0.397392 0.492006 -0.165573
v 1.30812 0.683831 0.265767
v 0.401385 0.251775 -0.340505
v 1.08038 -0.309882 -0.895665
v -1.16959 0.826183 0.149003
v 0.666331 1.00341 0.515494
v 0.276764 0.55754 -0.0190926
v 0.492369 0.420487 -0.136283
v -1.28095 0.445984 -0.291786
v -1.30382 0.354683 -0.422785
v -1.09286 0.898041 0.219061
v -1.21056 0.446331 -0.31687
v -1.10722 0.853617 0.186629
v -1.25755 0.923043 0.216161
v 0.803752 1.05418 0.593084
v 0.73726 0.949192 0.489614
v -1.16934 -0.0664065 -0.92941
v 1.15283 -0.277023 -0.863557
v 1.39197 0.653447 0.215557
v 0.00813413 0.596987 0.0333956
v -1.09656 -0.0307148 -0.820505
v 0.457716 0.44662 -0.137327
v -0.556874 1.16356 0.582933
v 0.763937 0.976221 0.499612
v -0.471469 1.18305 0.628887
v 0.0888775 0.591143 0.030067
v 0.691409 1.03992 0.611571
v 1.35784 0.0852619 -0.427531
v -1.26214 0.904118 0.194135
v -1.2251 0.937028 0.259834
v 1.30321 0.189076 -0.315098
v -1.16682 0.953049 0.276184
v 0.136991 0.591824 -0.0122181
v 1.39962 0.198346 -0.293098
v 1.00514 -0.234961 -0.898314
v -0.996197 -0.0999177 -0.877952
v 1.2791 0.131061 -0.34333
v -1.35228 0.415449 -0.355183
v 0.745558 1.08134 0.621381
v 0.799056 1.00331 0.542059
v 0.258094 0.225019 -0.39044
v -0.40231 0.468856 -0.195899
v 0.984967 -0.235397 -0.847678
v -1.19685 0.836701 0.13672
v -1.1719 -0.0631656 -0.893933
v 0.427055 0.479762 -0.0845543
v 0.983885 -0.224943 -0.837046
v -0.12777 0.605894 -0.0310795
v 0.343686 0.531393 -0.0638831
v -0.0642658 0.601362 0.0210578
v 0.682565 0.969405 0.490262
v 0.505478 0.391899 -0.1511
v -0.411155 0.350559 -0.287925
v 0.278623 0.222661 -0.384419
v -0.418064 0.471148 -0.183426
v 0.464337 0.276377 -0.298974
v -0.428334 0.448216 -0.201326
v 0.661996 1.0365 0.581097
v 1.32838 0.650884 0.270754
v -0.174281 0.27737 -0.386681
v 1.29528 0.577655 0.13241
v 0.658344 1.01746 0.553099
v -0.196541 0.267731 -0.387275
v -0.487984 1.07666 0.497372
v -1.29406 0.337673 -0.409788
v -1.24744 0.452342 -0.300887
v -1.33075 0.369213 -0.409433
v 1.34115 0.201388 -0.289582
v -0.376695 0.412873 -0.273086
v -1.07082 -0.135021 -0.96492
v -0.409023 1.10633 0.549248
v -1.00793 -0.0477085 -0.857833
v 1.22979 0.659425 0.197442
v -1.24224 0.872849 0.161925
v 0.991636 -0.214483 -0.810385
v 0.659464 0.966343 0.504765
v -0.147772 0.25738 -0.391738
v -0.411873 1.15699 0.601696
v 1.3123 0.0997622 -0.405921
v 0.320546 0.248132 -0.367822
v -1.11652 -0.00811619 -0.840835
v 0.031817 0.235679 -0.411504
v -0.0302364 0.604742 0.015483
v 0.664099 0.978942 0.510539
v 0.225954 0.226229 -0.393179
v 0.781797 1.03895 0.604722
v -1.12273 -0.142298 -0.932393
v 0.391295 0.50603 -0.0458409
v 0.50082 0.345004 -0.213973
v 0.985862 -0.22538 -0.807888
v -1.1637 -0.0921144 -0.897736
v -1.1374 0.939421 0.27427
v 0.21661 0.564771 0.0194195
v -0.285021 0.571221 -0.0649275
v -1.1133 0.90481 0.267954
v 1.37735 0.594208 0.210658
v 1.35377 0.569527 0.179082
v 0.112899 0.225452 -0.409792
v 1.44848 0.141587 -0.350874
v 1.2883 0.124757 -0.3904
v -1.0582 -0.0440571 -0.815239
v -1.34555 0.422564 -0.331576
v 0.0549338 0.59553 0.0322116
v -1.16446 -0.0606562 -0.87801
v -1.09895 0.877597 0.183477
v -1.10166 0.88601 0.257687
v 1.0411 -0.303598 -0.889769
v 1.31854 0.587246 0.125867
v -1.30701 0.456041 -0.308172
v -1.22505 0.435137 -0.29957
v 0.731753 1.07157 0.619418
v 1.3791 0.598838 0.182525
v -0.230072 0.580758 0.00548521
v -0.416359 1.08515 0.527784
v -0.164582 0.596422 -0.000177392
v -0.403918 1.11777 0.565997
v -1.2608 0.879525 0.19894
v 1.10675 -0.31578 -0.818984
v 1.22827 0.589464 0.165718
v 1.11484 -0.298647 -0.903604
v -0.550089 1.15301 0.593672
v -1.13376 -0.0553683 -0.835778
v 0.705399 0.942577 0.478475
v -0.413079 0.384269 -0.266104
v 1.27538 0.662361 0.263107
v 1.295 0.108688 -0.387357
v -0.490121 1.05721 0.498213
v -0.510292 1.06303 0.503455
v 0.428938 0.222805 -0.333356
v -0.469025 1.06546 0.498444
v 0.658506 0.956873 0.49448
v 1.36634 0.662307 0.252463
v 1.26424 0.581482 0.142109
v 0.737479 0.929866 0.487462
v -0.331929 0.309771 -0.340035
v -0.252778 0.310371 -0.362994
v 0.666197 1.01689 0.579359
v 0.652243 0.923723 0.474917
v 0.530556 0.30872 -0.220042
v -0.482142 1.15503 0.628634
v 1.38371 0.0675047 -0.399029
v -1.13494 0.924441 0.275163
v 1.42075 0.173306 -0.301993
v -1.04155 -0.0588404 -0.814723
v -0.52478 1.08689 0.511298
v 1.28122 0.116296 -0.355679
v -1.23275 0.843275 0.172491
v 1.31326 0.545617 0.162928
v -1.23767 0.929386 0.250009
v -1.08439 -0.142719 -0.961039
v -0.412252 1.07769 0.548612
v -1.20918 0.816375 0.167566
v 0.995111 -0.294967 -0.839974
v -0.382543 0.317538 -0.317927
v 0.325543 0.531953 0.005836
v -1.31839 0.441952 -0.292916
v 1.3831 0.66433 0.235677
v 1.36379 0.189708 -0.28013
v -1.19565 0.399007 -0.327795
v 1.43366 0.0935794 -0.364005
v 0.463976 0.449408 -0.069478
v 1.00138 -0.221122 -0.766468
v -1.31777 0.337472 -0.392475
v 1.41354 0.0926605 -0.410009
v -1.09825 0.869021 0.217915
v -1.19659 0.379783 -0.349255
v -1.15141 0.832362 0.155162
v -1.34134 0.363947 -0.383079
v 1.36387 0.644908 0.253099
v 1.31015 0.157716 -0.296773
v -1.26241 0.893269 0.227503
v 0.67318 0.91467 0.469553
v 1.28697 0.165226 -0.32989
v -1.35236 0.390602 -0.368828
v 0.311028 0.185997 -0.3806
v 1.44432 0.146095 -0.331428
v 1.01865 -0.215254 -0.76346
v 0.169601 0.577457 0.0244303
v -1.19829 0.372378 -0.370885
v -1.18329 0.810519 0.159147
v -1.0876 -0.030635 -0.817764
v 1.06871 -0.324837 -0.87508
v -0.344534 0.541192 -0.081441
v 0.704739 1.03806 0.620219
v 1.37643 0.619238 0.228176
v -0.103621 0.220536 -0.410779
v 1.13996 -0.243569 -0.792836
v 1.22823 0.628222 0.17875
v 1.32581 0.0839464 -0.398843
v 0.525199 0.372571 -0.143197
v 1.29096 0.652736 0.271308
v -0.515562 1.14679 0.621646
v 0.759621 0.946358 0.507768
v 0.468162 0.235872 -0.308648
v 0.391654 0.500099 -0.00184169
v -1.2604 0.872429 0.21644
v -0.45123 1.15614 0.624227
v 0.642546 0.899301 0.463289
v 1.12448 -0.302671 -0.874143
v -1.24348 0.422018 -0.275486
v 1.44696 0.121085 -0.333721
v 0.785078 0.958229 0.558471
v -1.10307 -0.155595 -0.936998
v 1.34276 0.581749 0.14706
v 0.0555238 0.584928 0.0526855
v 0.658482 0.991319 0.538882
v -1.15752 -0.0627331 -0.864311
v 0.765603 1.00249 0.612826
v 0.790324 1.00877 0.591798
v -1.18992 0.952257 0.274539
v -0.443975 1.05655 0.504065
v -0.173761 0.224714 -0.395088
v -1.13183 0.823164 0.1757
v -0.410852 1.09156 0.562451
v 0.984537 -0.226187 -0.796433
v -0.433572 0.391608 -0.243109
v 0.392216 0.217198 -0.350471
v -0.44651 1.13946 0.627034
v -1.03146 -0.163356 -0.903325
v -0.994339 -0.0976594 -0.854498
v -1.2659 0.33506 -0.4097
v -1.20328 0.35945 -0.35733
v 1.33594 0.0782638 -0.407982
v 0.27623 0.185496 -0.388736
v -1.21812 0.406384 -0.28939
v 0.650017 0.975773 0.534818
v -1.22885 0.422724 -0.287834
v 0.978288 -0.260171 -0.830544
v -1.20431 0.418689 -0.306761
v 1.05344 -0.321477 -0.87725
v 1.03008 -0.223951 -0.749586
v 1.35527 0.0606462 -0.393805
v -1.02267 -0.0528768 -0.835794
v 1.40545 0.0626912 -0.37116
v 0.174474 0.167076 -0.406643
v 1.31359 0.662751 0.271426
v 1.2649 0.552043 0.152161
v 1.22038 0.597022 0.186702
v -0.548889 1.10749 0.562258
v -0.542144 1.09406 0.535639
v 0.711373 0.910546 0.474155
v 1.08643 -0.238007 -0.749622
v -0.411522 1.12023 0.592693
v -1.22958 0.340031 -0.387227
v 0.553332 0.312404 -0.190908
v 0.65918 0.99285 0.565969
v 1.22215 0.615597 0.207975
v -1.09309 -0.0555995 -0.812074
v 1.40867 0.153955 -0.284641
v 0.729983 0.918764 0.483163
v 1.2414 0.56211 0.154423
v 1.35699 0.170731 -0.276796
v 1.25276 0.553583 0.153058
v 1.24937 0.647191 0.253089
v 0.542135 0.239258 -0.24584
v -0.541377 1.11647 0.596046
v 0.120832 0.579493 0.0442803
v 0.637675 0.923857 0.482399
v 0.675888 1.00396 0.597531
v 0.630386 0.926735 0.492574
v -0.434149 1.0151 0.493926
v 0.793583 0.989912 0.572002
v -0.4161 1.04083 0.518593
v 0.999643 -0.224435 -0.746658
v 1.02303 -0.313249 -0.85933
v 0.495044 0.420274 -0.105405
v -1.10977 0.83355 0.197087
v -1.0936 0.842348 0.241162
v 0.663997 0.991541 0.584557
v -0.409547 1.10804 0.57671
v -1.25204 0.89997 0.248415
v 1.00651 -0.330637 -0.824553
v 1.11424 -0.222109 -0.772188
v -1.10123 0.858297 0.26725
v 1.42986 0.075023 -0.338568
v -0.0551172 0.592978 0.0458031
v 1.36642 0.57078 0.207952
v 1.3031 0.556063 0.150773
v 1.22073 0.577025 0.168379
v -1.21707 0.80078 0.200178
v -0.471586 1.03423 0.492746
v -1.19877 0.379043 -0.319202
v -1.34954 0.341831 -0.33442
v -1.31147 0.432654 -0.286106
v 1.04901 -0.223981 -0.750247
v 0.771732 0.932531 0.534519
v 0.616512 0.928242 0.532057
v -1.19848 0.807282 0.168265
v 0.740804 1.02998 0.625898
v -1.07422 -0.180874 -0.919452
v -1.32594 0.432592 -0.293692
v -1.28353 0.32924 -0.402048
v -1.12886 -0.0862963 -0.81602
v -1.14916 0.804017 0.170956
v 1.11593 -0.24343 -0.764686
v 1.21518 0.566216 0.167056
v 0.695647 1.02437 0.613546
v 1.13249 -0.289953 -0.815303
v -0.532822 1.05868 0.523078
v -1.23836 0.828049 0.21007
v -0.101411 0.594806 0.0370889
v 0.66909 0.886279 0.456769
v 0.488024 0.302135 -0.268604
v 0.753853 0.916432 0.509716
v 1.28096 0.545916 0.154204
v -0.416929 0.498091 -0.104392
v 0.976704 -0.241927 -0.783175
v -1.10119 0.811805 0.205657
v 0.413575 0.166438 -0.349686
v -0.52137 1.02069 0.508005
v -0.0613976 0.215199 -0.41143
v -0.268624 0.248526 -0.371332
v -0.212448 0.210901 -0.390695
v 1.27912 0.644125 0.268339
v -1.15697 0.903965 0.290377
v -1.01308 -0.0812536 -0.821471
v -0.469011 0.993681 0.479447
v -0.28088 0.567697 -0.000464409
v 1.37738 0.176992 -0.276537
v -0.200023 0.581083 0.0375135
v -1.12778 0.900762 0.282243
v -1.0402 -0.0739586 -0.806447
v 1.22391 0.555808 0.157536
v 0.548873 0.364099 -0.1131
v -0.345024 0.269696 -0.345397
v 1.30826 0.142542 -0.290969
v 1.33375 0.549113 0.179896
v 1.2879 0.115524 -0.317171
v -0.545862 1.09074 0.550548
v -1.1533 -0.125406 -0.888873
v -0.499301 1.03651 0.496961
v -1.25685 0.88659 0.240719
v 0.428311 0.481289 -0.0314124
v 1.25278 0.63465 0.258126
v -1.00553 -0.128685 -0.891145
v -1.344 0.372356 -0.277705
v 1.43261 0.134206 -0.304311
v -1.22836 0.895289 0.276014
v 0.520594 0.397468 -0.0933801
v 0.770247 0.929258 0.58032
v 0.764678 0.978505 0.607967
v -0.54343 1.10121 0.588139
v -1.12483 -0.156532 -0.907224
v 1.03629 -0.324893 -0.85569
v -1.09518 -0.0813094 -0.800109
v -1.09811 0.840791 0.215229
v 1.2211 0.536382 0.147341
v -1.21309 0.396721 -0.277513
v 0.163095 0.560675 0.0652783
v 0.327574 0.528216 0.0172629
v -0.450516 0.462531 -0.147608
v 0.242997 0.548289 0.0459805
v -1.15595 -0.119885 -0.852103
v 0.516309 0.283004 -0.24877
v 1.09309 -0.252431 -0.746688
v -0.518844 1.12711 0.621708
v 1.33288 0.0531937 -0.3619
v -0.475844 1.13232 0.632708
v -0.338913 0.538672 -0.0153634
v -0.139343 0.198321 -0.405794
v 1.44388 0.100364 -0.341773
v -1.12245 0.81085 0.186373
v 0.619053 0.88331 0.468176
v 1.31733 0.0714073 -0.371306
v -1.06166 -0.0714512 -0.800752
v 1.31144 0.635584 0.27206
v -1.28812 0.307604 -0.366751
v 1.21682 0.595767 0.201101
v 0.426877 0.47759 -0.00862844
v -1.35399 0.383438 -0.315479
v -1.20259 0.38512 -0.303408
v 0.774468 0.924052 0.557649
v -1.22092 0.31978 -0.358402
v -1.09542 -0.175475 -0.921228
v 1.1938 0.547331 0.158178
v -1.15797 0.803694 0.168036
v 1.13465 -0.270236 -0.793234
v -1.15076 -0.100284 -0.840688
v 1.36664 0.158417 -0.270027
v -0.482985 0.437045 -0.135103
v -1.23624 0.865718 0.267199
v 0.645616 0.850275 0.44238
v 0.970222 -0.245782 -0.76705
v -0.538144 1.03652 0.52835
v 1.20578 0.565839 0.177297
v 0.62993 0.870023 0.45411
v -1.19771 0.902273 0.288581
v -0.406049 1.04712 0.538708
v -0.433844 0.956268 0.467548
v 0.640099 0.960196 0.580451
v 0.643687 0.973327 0.554612
v 0.966076 -0.267631 -0.797001
v -0.410137 1.07144 0.578524
v -0.479003 1.1152 0.639122
v 1.24191 0.544959 0.15285
v 1.00974 -0.225683 -0.738563
v 0.989771 -0.22408 -0.736481
v -0.443082 0.482371 -0.0883194
v -1.14597 -0.149296 -0.857067
v 1.18672 0.536607 0.150771
v -1.10963 0.806507 0.195959
v -0.995144 -0.133634 -0.855893
v -1.13583 0.888787 0.290913
v -1.00616 -0.0959273 -0.802191
v 0.979632 -0.235599 -0.761766
v 0.536845 0.284392 -0.230253
v 0.722522 1.01423 0.62692
v -1.25555 0.868919 0.234905
v -1.19145 0.374997 -0.27038
v 1.35757 0.58675 0.250257
v 0.600584 0.901408 0.503329
v 0.565044 0.310257 -0.172575
v -0.495648 1.12303 0.632397
v 0.554472 0.346254 -0.136556
v 0.779882 0.966881 0.585707
v 1.34765 0.637137 0.261865
v -0.276184 0.189738 -0.377228
v 0.494701 0.195915 -0.300773
v -0.414065 1.07828 0.59194
v 0.626737 0.852114 0.442033
v -0.433875 1.13337 0.623007
v 1.11927 -0.278904 -0.778475
v 0.211954 0.545011 0.0696155
v 1.1816 0.555724 0.173639
v -0.530201 1.11874 0.610357
v 0.697181 0.874394 0.461696
v -0.46699 0.405871 -0.199389
v 0.595697 0.902203 0.519811
v 1.22913 0.616478 0.237648
v -1.23991 0.31459 -0.367786
v 1.2119 0.590676 0.228589
v -0.393183 0.512594 -0.103607
v -0.431625 1.08712 0.616189
v -1.11068 0.861745 0.282452
v 1.37543 0.0424785 -0.364041
v -0.490436 0.3152 -0.23978
v -1.25771 0.31218 -0.371675
v 0.340727 0.154891 -0.375942
v 1.29773 0.0856605 -0.357348
v 1.30635 0.128263 -0.277537
v -0.548648 1.05659 0.55624
v -1.14903 0.874831 0.30402
v -0.395636 0.995077 0.506088
v 0.767335 0.90875 0.545724
v 1.037 -0.242003 -0.711646
v -1.20827 0.889891 0.291665
v 1.3209 0.538369 0.175732
v 1.20382 0.583296 0.210873
v 1.02869 -0.231475 -0.731667
v 1.17996 0.526237 0.146935
v 1.30035 0.137983 -0.301505
v 1.43789 0.0962462 -0.314658
v 0.565042 0.335929 -0.128053
v 0.953609 -0.302655 -0.790815
v -1.26499 0.41159 -0.258676
v 0.60421 0.857305 0.453287
v 1.28727 0.090175 -0.337918
v -1.18208 0.363397 -0.276955
v -0.0764461 0.573324 0.0821047
v -1.20448 0.344003 -0.343912
v -0.49337 1.00976 0.489212
v 1.11265 -0.307132 -0.806875
v -0.997706 -0.106427 -0.815621
v -0.992597 -0.12602 -0.839388
v -0.408746 0.987542 0.49198
v -1.14151 0.791941 0.178439
v -0.402798 1.01617 0.516965
v -0.393412 1.02191 0.546615
v 0.155653 0.128874 -0.415923
v 0.744081 0.982984 0.621409
v 0.373084 0.18044 -0.363116
v 0.94729 -0.258696 -0.751212
v -0.449606 0.980608 0.473041
v -0.252025 0.558877 0.0532974
v 0.0307985 0.140684 -0.418153
v 1.25965 0.531997 0.152222
v 0.654127 0.840261 0.439335
v 1.28198 0.527963 0.15591
v -1.08416 0.822305 0.239432
v -1.12216 0.779888 0.184322
v 0.764945 0.95213 0.599875
v -1.09059 0.801863 0.210192
v 1.28605 0.106278 -0.320211
v -0.541447 1.02038 0.53107
v 0.711664 0.986081 0.62691
v -0.418105 0.273367 -0.310131
v -1.19082 0.360519 -0.304911
v 0.60527 0.916617 0.553195
v -1.29777 0.405991 -0.253818
v 1.08426 -0.334725 -0.823658
v 0.637663 0.942816 0.592339
v -0.407829 1.04902 0.590178
v 0.597407 0.874928 0.474919
v 0.56386 0.355735 -0.0684973
v 0.759071 0.899442 0.526311
v 1.29795 0.528422 0.164387
v -0.308483 0.549786 0.0225707
v -1.13805 -0.140339 -0.810304
v -0.0052819 0.575526 0.0744549
v -1.17872 0.783555 0.189903
v -1.01458 -0.0912553 -0.801065
v 0.979851 -0.224184 -0.716425
v -1.04517 -0.177607 -0.904435
v -0.40389 1.05495 0.564177
v -0.991634 -0.166635 -0.843203
v 1.11414 -0.261149 -0.763355
v -1.21779 0.312888 -0.352381
v -1.10606 -0.0902926 -0.798783
v 0.744503 0.879249 0.502704
v -1.04272 -0.0848473 -0.789078
v 1.11448 -0.299316 -0.785742
v 0.278488 0.142518 -0.393051
v -1.22836 0.307975 -0.358185
v 1.19944 0.518452 0.14021
v -1.3483 0.375075 -0.295041
v -1.09784 0.84341 0.275522
v -1.35172 0.349359 -0.324616
v 1.32326 0.13422 -0.268661
v 1.28412 0.0882835 -0.325349
v -1.24789 0.85706 0.24512
v -1.21258 0.877788 0.292055
v 0.983476 -0.306492 -0.822934
v 1.14575 0.528366 0.174747
v -1.01366 -0.145792 -0.894541
v -1.18386 0.871749 0.30594
v 0.533821 0.195815 -0.272347
v -0.34019 0.233962 -0.351619
v -1.22531 0.395605 -0.257484
v 1.40082 0.0487051 -0.355177
v 1.2999 0.595571 0.284457
v 0.972988 -0.29474 -0.811731
v -1.06227 -0.0868484 -0.785764
v -1.23336 0.811366 0.244193
v -1.06125 0.778977 0.208695
v 1.31408 0.577246 0.279259
v 1.35506 0.557362 0.235645
v 0.671045 0.831284 0.444479
v 0.729208 0.84815 0.481456
v 0.595392 0.835749 0.447716
v 0.597885 0.888285 0.488855
v -0.401074 0.947729 0.481141
v 1.14155 0.542059 0.214202
v -0.504569 0.975001 0.487623
v 1.01902 -0.335229 -0.830293
v 1.29266 0.119046 -0.291162
v 1.09301 -0.267193 -0.741159
v 1.09518 -0.329864 -0.79394
v 0.596175 0.824579 0.442259
v -1.0823 -0.190075 -0.908298
v 1.07509 -0.254416 -0.730411
v -1.08424 0.747612 0.177689
v -1.28833 0.291541 -0.353698
v 1.33691 0.13312 -0.260149
v 1.24016 0.597778 0.268426
v 1.25803 0.586835 0.283913
v 1.3159 0.0561357 -0.356827
v -1.13164 0.76341 0.180165
v -0.423011 0.364575 -0.272983
v 1.05518 -0.254372 -0.710055
v 0.140307 0.549041 0.09341
v 0.335626 0.105572 -0.380359
v -0.990189 -0.113529 -0.809813
v -0.442508 0.256314 -0.305282
v -0.520604 1.08305 0.625453
v -1.05464 0.757828 0.190186
v 1.00112 -0.226618 -0.711299
v -1.20627 0.381513 -0.239081
v -0.458993 1.08312 0.63448
v -0.470006 0.921584 0.446779
v -0.554006 1.02291 0.571239
v -1.33342 0.33089 -0.35842
v -0.399677 0.231513 -0.329633
v 0.752777 0.870926 0.524098
v -0.466653 0.949814 0.460313
v -1.15729 0.785255 0.18158
v -0.552999 1.04127 0.581243
v 0.45755 0.449857 -0.00979444
v -1.04351 -0.0903624 -0.78162
v -0.509961 0.4038 -0.141376
v 1.34674 0.0411869 -0.357395
v 1.35311 0.123921 -0.247709
v -1.21571 0.778104 0.225163
v 1.22463 0.59354 0.257621
v 1.2656 0.0838587 -0.312583
v 1.20753 0.508617 0.138384
v 1.36417 0.0365069 -0.354462
v -1.28508 0.397666 -0.246776
v -1.21239 0.783167 0.213606
v 0.948413 -0.229458 -0.696203
v 0.970624 -0.22367 -0.694781
v -0.553982 1.01485 0.548184
v -0.510421 0.408777 -0.119907
v 1.1863 0.566589 0.251283
v -0.500653 1.08375 0.633924
v 0.580816 0.278587 -0.174576
v -0.387995 0.994738 0.524244
v -1.19713 0.340165 -0.332351
v -0.988174 -0.139024 -0.837054
v 1.30242 0.123178 -0.269206
v 1.13365 0.529715 0.198492
v 0.582265 0.852575 0.470038
v 1.2766 0.103994 -0.296084
v -0.534915 1.08956 0.609101
v -1.0768 0.810399 0.239065
v -1.10201 -0.105485 -0.782999
v -0.977479 -0.111123 -0.786872
v 0.749871 0.969353 0.619304
v 0.564107 0.236302 -0.21819
v 0.399561 0.476916 0.0439873
v -1.11231 -0.114769 -0.785477
v -1.31415 0.317255 -0.361107
v 1.09116 -0.278293 -0.733104
v 1.295 0.0695497 -0.344187
v -0.392029 0.975966 0.502435
v 0.216375 0.120238 -0.406206
v -0.348121 0.523319 0.045249
v -0.432367 0.907337 0.446516
v -1.06016 0.795881 0.235794
v 0.568488 0.812921 0.453
v -0.45999 0.471724 -0.0626374
v -0.460574 0.28727 -0.280854
v 0.751483 0.923604 0.604599
v -1.10436 0.743086 0.172678
v 0.583216 0.807039 0.438177
v 0.628825 0.793358 0.428031
v -1.11538 -0.187502 -0.867946
v -1.13708 0.732915 0.175222
v 0.611256 0.804525 0.430533
v 0.628935 0.937414 0.57975
v -1.12709 -0.179918 -0.852764
v -0.395698 1.02758 0.57162
v 0.567733 0.865564 0.526311
v 0.670879 0.798713 0.441653
v 0.753672 0.895087 0.590292
v -1.17107 0.852854 0.314016
v -1.0559 -0.19093 -0.89777
v 1.06157 -0.354184 -0.804988
v -0.487534 0.922186 0.45245
v 0.604128 0.909908 0.562937
v 0.507633 0.411452 -0.044645
v 0.938006 -0.290572 -0.765429
v 0.75997 0.887603 0.557685
v 1.3478 0.541798 0.213213
v -0.548313 1.07675 0.590381
v -1.06006 0.796435 0.271492
v -1.25848 0.298577 -0.363383
v 0.965097 -0.319796 -0.795199
v -1.31347 0.402463 -0.261831
v -1.15903 0.310781 -0.300815
v -1.13004 -0.103019 -0.811743
v 1.41173 0.118747 -0.272899
v 1.02752 -0.241206 -0.698198
v 0.168517 0.540608 0.0976275
v -1.18107 0.310939 -0.326055
v -0.0339517 0.557801 0.103081
v -1.15233 -0.135049 -0.853829
v 1.10218 -0.300574 -0.756693
v 0.76045 0.892289 0.539639
v 1.28405 0.0336228 -0.336852
v -0.983086 -0.124946 -0.812935
v 1.27662 0.0677638 -0.329258
v -0.33609 0.177075 -0.36028
v 0.332363 0.500238 0.0681545
v -1.32423 0.380144 -0.254259
v 0.946852 -0.305085 -0.77814
v -1.08633 0.725727 0.165531
v 1.28517 0.115167 -0.268295
v 1.35324 0.548166 0.223678
v 1.30531 0.119239 -0.252078
v 0.726483 0.966736 0.625401
v -1.03249 0.773253 0.226713
v 1.2911 0.0209702 -0.339399
v 1.16438 0.473711 0.133614
v 0.11327 0.0960868 -0.41747
v 0.940811 -0.254347 -0.741065
v -1.09701 0.717067 0.165324
v -0.456701 0.259941 -0.289729
v -1.19213 0.2923 -0.335058
v -1.16333 0.774271 0.186826
v -0.103111 0.135255 -0.414974
v -0.16298 0.101217 -0.409296
v 0.274553 0.103262 -0.396944
v 1.25969 0.105999 -0.270902
v -1.00453 -0.096025 -0.772633
v -0.48928 0.435705 -0.115231
v -0.502249 0.944175 0.470675
v 0.190509 0.527164 0.110503
v 1.39109 0.123098 -0.259525
v -1.16623 0.348061 -0.276592
v -1.03806 0.726923 0.178839
v 1.38609 0.0301666 -0.340968
v 1.41833 0.090472 -0.276489
v 1.07348 -0.273314 -0.713326
v 1.42003 0.0567157 -0.330553
v 1.27342 0.11139 -0.246127
v 0.655568 0.951171 0.607068
v -1.11325 0.840199 0.300401
v 1.42701 0.06189 -0.298633
v -0.378342 0.51123 0.030366
v 0.53598 0.375549 -0.00863043
v -0.412704 0.919575 0.460889
v -1.01151 -0.182166 -0.861554
v -1.07577 -0.198568 -0.888241
v -0.419397 1.04288 0.610676
v 0.551126 0.156115 -0.270099
v -1.09625 0.826749 0.298248
v -0.383791 0.948552 0.502971
v -0.383237 0.989135 0.556856
v -1.19359 0.849472 0.305045
v 0.567041 0.853868 0.508119
v -0.479796 0.453801 -0.0683578
v 0.592524 0.304016 -0.0830594
v -1.24011 0.388144 -0.235364
v 0.725943 0.920919 0.620988
v 1.34345 0.550249 0.250639
v 0.59724 0.288775 -0.11023
v 1.36486 0.0281854 -0.340139
v -1.21836 0.836081 0.288392
v 1.12189 0.515781 0.18736
v 0.629569 0.765362 0.424637
v -0.201549 0.566501 0.0701397
v -1.3526 0.336174 -0.294296
v -1.28909 0.281659 -0.348954
v 1.22028 0.581394 0.27272
v 0.992958 -0.355641 -0.78858
v 0.930715 -0.302043 -0.763056
v -0.430469 0.224481 -0.31701
v -1.06197 -0.0972787 -0.767622
v 1.12984 0.484683 0.148041
v 0.130208 0.537203 0.109893
v -0.103003 0.561566 0.103735
v -1.16993 0.298511 -0.315202
v -1.21281 0.265464 -0.340808
v -1.25374 0.389535 -0.23576
v -1.23584 0.824983 0.257282
v 0.260651 0.0657647 -0.399976
v -0.524806 0.965187 0.499453
v 0.596446 0.264566 -0.153406
v 0.448234 0.140074 -0.337922
v 0.695629 0.955173 0.623583
v -0.437641 1.03637 0.62921
v 1.3404 0.531449 0.244454
v 0.632487 0.92464 0.593696
v 0.741045 0.835364 0.503144
v 1.38901 0.0917556 -0.237741
v 0.569038 0.869758 0.545943
v 0.968039 -0.345319 -0.781122
v 1.22435 0.477257 0.140357
v 1.24103 0.0820608 -0.29776
v 1.29919 0.0404135 -0.342983
v -0.534981 0.987082 0.519917
v 1.08753 -0.289321 -0.725668
v -0.122379 0.0998997 -0.416529
v 0.0571602 0.54704 0.106756
v 0.588807 0.313813 -0.0566977
v -0.521581 0.360062 -0.167468
v 1.0212 -0.366712 -0.796068
v 1.19216 0.562449 0.278049
v 0.923759 -0.26431 -0.730112
v -1.1586 0.834248 0.316093
v 1.00898 -0.229308 -0.697137
v -0.545425 1.01028 0.593965
v 0.921088 -0.233835 -0.67953
v -0.46456 0.877228 0.441762
v 1.37897 0.106264 -0.241373
v -1.08398 0.821011 0.282982
v 0.725863 0.802004 0.487934
v 0.519863 0.389798 0.00553703
v -0.312599 0.148802 -0.372711
v 0.520734 0.159356 -0.295436
v 0.538023 0.381519 -0.0495622
v -1.06926 0.698535 0.163113
v 0.721117 0.821145 0.476282
v -0.391353 0.899763 0.468537
v -1.01739 0.7413 0.208021
v -1.13295 -0.17206 -0.82075
v 1.29198 0.574902 0.28598
v 0.554379 0.796128 0.45635
v 0.910482 -0.293642 -0.740493
v 0.573037 0.864811 0.56904
v -0.484936 1.05145 0.6362
v 1.27808 0.470053 0.166749
v 0.745837 0.898519 0.604351
v -1.12304 0.823644 0.315401
v -1.16652 0.728347 0.187444
v 0.30246 0.0797986 -0.390835
v 1.20501 0.567476 0.285472
v 1.08393 -0.306241 -0.724725
v 0.32738 0.487446 0.0943388
v 1.08776 -0.321038 -0.737694
v 1.33663 0.513784 0.234658
v -1.28663 0.375681 -0.227036
v 1.34422 0.0241811 -0.345696
v -0.975394 -0.178598 -0.822016
v 1.34968 0.101518 -0.230676
v -0.551801 0.973628 0.547436
v 1.044 -0.264837 -0.68071
v -1.12841 -0.17269 -0.785118
v -1.13981 0.709958 0.178187
v 1.11815 0.451772 0.132946
v 1.2987 0.110802 -0.236227
v 1.21513 0.0743094 -0.286845
v 0.56677 0.17285 -0.248449
v -0.454752 1.04876 0.633051
v -1.27125 0.274918 -0.350069
v -1.26611 0.3778 -0.220831
v -1.10699 -0.120983 -0.770438
v -1.15506 0.286845 -0.308802
v -0.0822921 0.549475 0.118087
v -0.380726 0.91947 0.49104
v -1.32019 0.287088 -0.31525
v -0.940143 -0.123176 -0.740029
v 0.938361 -0.331032 -0.770253
v 0.957398 -0.332987 -0.780145
v -1.20869 0.377186 -0.211408
v 0.892566 -0.251626 -0.692218
v -1.04659 0.778798 0.273044
v -1.00915 0.695529 0.171108
v -1.02098 -0.0965253 -0.724833
v -1.04011 0.684483 0.15583
v 1.16118 0.445858 0.131493
v 0.894302 -0.242196 -0.680775
v -1.02061 0.69165 0.16682
v 1.14108 0.446151 0.13303
v -0.964559 -0.158587 -0.803431
v 0.675532 0.926545 0.621096
v 0.590044 0.19779 -0.208035
v -1.06943 0.686994 0.15598
v -1.12747 0.303412 -0.282488
v 1.176 0.44369 0.131557
v -1.00551 0.747565 0.2324
v -0.282572 0.122965 -0.381419
v 1.2345 0.0509813 -0.308579
v -0.0965751 0.0856745 -0.41956
v -1.0611 -0.109646 -0.718307
v 0.705856 0.922146 0.623825
v -0.439253 0.482132 -0.0191723
v 0.950127 -0.223139 -0.676333
v -1.08119 -0.111083 -0.749984
v -1.03238 0.777307 0.247679
v 0.614981 0.746732 0.415313
v -1.17705 0.368137 -0.226028
v 0.564133 0.827654 0.4757
v -0.991684 0.714542 0.195438
v -0.52606 1.03717 0.622075
v -1.22033 0.780492 0.241194
v -0.992402 0.736451 0.229027
v 1.42398 0.0613976 -0.277447
v 1.08643 0.484125 0.166406
v 1.26643 0.573971 0.28997
v 1.2262 0.0914367 -0.270685
v 0.583339 0.751306 0.413067
v -0.528366 0.371982 -0.138274
v -0.436403 0.873001 0.44301
v 0.487775 0.115993 -0.319711
v 0.00312729 0.0587607 -0.423704
v -1.22292 0.264121 -0.342363
v -0.499752 0.258877 -0.260783
v 1.22257 0.446088 0.144706
v -0.53645 1.05868 0.616302
v -0.966325 -0.104004 -0.743911
v 1.08421 -0.333856 -0.75364
v -0.523606 0.944061 0.493507
v 1.249 0.578787 0.286006
v 1.23685 0.101963 -0.242258
v -0.378687 0.963323 0.525723
v -0.407972 0.493089 0.0192042
v -1.27175 0.374682 -0.214878
v -0.526518 0.303119 -0.212514
v 0.549661 0.829958 0.504051
v -0.366259 0.911591 0.518302
v -1.04649 -0.212195 -0.86857
v 1.32781 0.503258 0.231909
v -0.491851 0.881294 0.448828
v 0.248128 0.518021 0.103021
v 0.980642 -0.356514 -0.775892
v 1.07245 -0.285281 -0.701612
v 0.552094 0.740573 0.421647
v 1.1721 0.55804 0.255279
v 1.30841 0.489674 0.195656
v 0.162067 0.526428 0.119196
v 1.04255 -0.276008 -0.662528
v 0.604963 0.88205 0.594503
v 0.885249 -0.264655 -0.698881
v -1.33338 0.348474 -0.250217
v -1.19245 0.737812 0.206797
v -0.399146 1.02282 0.59362
v -0.538491 0.952692 0.525402
v 1.41081 0.0348725 -0.299139
v -0.500993 0.34262 -0.20907
v 1.2581 0.465513 0.156442
v -0.42668 1.02654 0.622124
v 0.574191 0.329547 -0.0291342
v -1.21068 0.813246 0.291776
v 0.243414 0.510585 0.112409
v -0.553213 0.971376 0.563105
v -1.25722 0.374327 -0.212161
v -0.392294 0.495963 0.0424824
v 1.02478 -0.248821 -0.668364
v 0.698242 0.774255 0.460869
v -1.34695 0.321028 -0.282751
v 0.598063 0.889666 0.581268
v -1.21703 0.77939 0.268382
v -1.08274 0.810365 0.301678
v -1.01771 -0.20827 -0.848612
v 0.748252 0.843004 0.529807
v -0.0480015 0.0834959 -0.422187
v 1.30891 0.0153235 -0.340149
v 1.33975 0.00792285 -0.334566
v 1.19431 0.0766793 -0.265004
v -0.22424 0.554797 0.0775603
v 1.32109 0.104584 -0.228106
v 0.448145 0.443913 0.0380696
v 1.2796 0.0160091 -0.337621
v 0.542565 0.137158 -0.282472
v 0.472503 0.431516 0.0176176
v -0.981671 0.714458 0.207094
v 0.60117 0.263563 -0.135665
v -0.472732 1.03783 0.63924
v -1.34247 0.337982 -0.261113
v 1.11082 0.523203 0.223259
v 1.37197 0.0138067 -0.324632
v 1.07084 -0.355839 -0.778612
v 1.35198 0.00185963 -0.321809
v -1.07848 -0.216486 -0.860583
v 1.18844 0.054292 -0.279283
v -0.506999 0.896307 0.461367
v -1.09337 -0.114635 -0.761262
v -1.10919 0.306012 -0.259698
v 1.03539 -0.365621 -0.798032
v -0.40396 0.880316 0.450221
v 0.731683 0.9007 0.613897
v 0.706814 0.910279 0.62798
v -1.18653 0.268464 -0.331193
v -0.518444 0.910704 0.478058
v 1.31924 0.539914 0.271372
v 1.29149 0.557771 0.289426
v 0.690688 0.912555 0.626338
v -1.02182 0.671493 0.160729
v 1.25457 0.545601 0.30237
v -0.944635 -0.167406 -0.783342
v -1.03121 0.640962 0.152428
v 0.559417 0.844389 0.543183
v -1.21855 0.371746 -0.200551
v -1.10367 0.820387 0.31163
v 0.91178 -0.227893 -0.658576
v -1.08185 0.68602 0.157618
v -0.963897 -0.103047 -0.725813
v -1.03928 0.78089 0.261901
v -1.19807 0.819373 0.303891
v -1.16169 0.817138 0.319818
v -0.95902 0.689625 0.210272
v 1.07357 0.487272 0.1925
v -0.972707 0.680195 0.183031
v 0.527754 0.790458 0.492463
v 0.20534 0.519111 0.115662
v 1.32123 -0.00393651 -0.336192
v -1.0429 0.770315 0.284065
v 0.475909 0.0870458 -0.327614
v -1.05712 -0.218906 -0.863224
v 1.22251 0.564344 0.29352
v -1.11611 -0.142729 -0.765224
v 0.186248 0.525023 0.119212
v -0.451172 1.02409 0.633944
v 0.950278 -0.223702 -0.646419
v 1.10259 0.509389 0.193244
v -1.20429 0.736289 0.225593
v 1.39994 0.0275636 -0.310373
v 0.735249 0.795162 0.520234
v 0.543649 0.826438 0.521846
v -0.142167 0.54062 0.118251
v 0.663901 0.769328 0.43654
v 1.40692 0.0580152 -0.254452
v -1.2415 0.260444 -0.343651
v 1.04981 0.445472 0.15708
v 1.332 0.0958057 -0.21959
v 1.08912 0.430455 0.133758
v 0.631931 0.906263 0.605099
v 0.712397 0.880421 0.618044
v 1.28584 -0.00226823 -0.33493
v -1.09633 0.68874 0.164785
v 0.588709 0.233809 -0.181915
v 1.26647 0.544086 0.29816
v 0.987708 -0.23344 -0.648215
v -0.539209 0.370706 -0.110778
v -0.980012 -0.203905 -0.81851
v 1.20553 0.558331 0.293789
v -1.30094 0.268951 -0.316617
v 0.610939 0.24923 -0.121247
v -1.02201 -0.224451 -0.836141
v -1.09537 -0.128581 -0.737148
v 0.871173 -0.250125 -0.662099
v -0.983104 0.666118 0.171201
v 1.08306 0.450359 0.142853
v -0.945301 -0.148984 -0.778959
v 1.05767 -0.363118 -0.786918
v -1.03967 -0.0984547 -0.730641
v -1.13138 0.339565 -0.206604
v 1.2178 0.430965 0.150086
v 1.26631 0.447437 0.173404
v -1.15199 0.352126 -0.20385
v -0.388007 0.853711 0.449869
v -1.12565 0.290736 -0.285904
v 0.186802 0.0815625 -0.411484
v -0.544227 0.346363 -0.141053
v 1.14333 0.417801 0.130068
v 0.656732 0.905217 0.618481
v 0.930446 -0.223831 -0.646306
v -1.12153 0.669281 0.180735
v -1.13759 0.338558 -0.243621
v -0.49729 0.437979 -0.0302703
v 0.70501 0.885785 0.620052
v -0.488333 0.843528 0.450052
v -0.469699 0.461495 -0.0246495
v -1.08427 0.651199 0.160974
v -1.07031 0.656519 0.156597
v -0.533293 0.988214 0.610781
v 0.886084 -0.297489 -0.712648
v -0.929533 -0.122698 -0.71272
v -0.41086 0.834477 0.436032
v -0.189971 0.536964 0.114131
v 1.36595 0.0804822 -0.222069
v -0.47326 0.84111 0.444814
v 1.1429 0.524888 0.271093
v 1.07004 0.422353 0.133744
v 1.05063 0.436473 0.147869
v -0.536462 0.888147 0.51659
v -0.394668 0.978691 0.602546
v -1.24444 0.240584 -0.331925
v -1.11031 0.27775 -0.274585
v -1.29085 0.351005 -0.211565
v 1.33989 -0.00951141 -0.325864
v 1.17362 0.542852 0.283566
v -1.06682 0.77986 0.301359
v -1.19221 0.249627 -0.329098
v -0.960025 0.640189 0.163025
v 0.964541 -0.375595 -0.754933
v -0.469077 1.01008 0.635088
v -0.91116 -0.16236 -0.734493
v -1.09633 0.798233 0.319687
v -1.01501 0.643405 0.1529
v -1.00277 -0.23129 -0.8196
v 1.07862 -0.321955 -0.709346
v 0.53923 0.770701 0.45344
v -1.16192 0.712899 0.189437
v 1.28373 -0.0181279 -0.325128
v 0.233285 0.501255 0.131737
v -0.204071 0.530674 0.116078
v -1.09554 0.288822 -0.259015
v 1.38301 0.0702334 -0.227861
v 0.328835 0.468545 0.130591
v -0.446598 0.840841 0.438282
v 1.23595 0.426684 0.16006
v -1.28315 0.251536 -0.324241
v -1.11375 -0.175441 -0.74664
v 1.26468 0.102592 -0.216953
v 1.10126 0.511496 0.241804
v -0.359329 0.869778 0.485249
v 1.17816 0.0186122 -0.289452
v 0.291376 0.485819 0.121827
v 1.40429 0.0316256 -0.269389
v -1.21511 0.749351 0.252407
v -0.950924 0.66883 0.190888
v -0.549344 0.972342 0.58773
v -1.17135 0.36146 -0.202564
v -0.526679 1.00121 0.613711
v 0.674617 0.721707 0.450857
v -0.957302 -0.106742 -0.672504
v 0.897415 -0.235852 -0.668033
v -1.33712 0.305308 -0.279756
v 1.22387 0.0987556 -0.217256
v -0.215701 0.0835059 -0.39927
v 0.385366 0.00888954 -0.366757
v -0.937823 0.645036 0.173386
v 1.03753 -0.374501 -0.754479
v -1.20518 0.779603 0.291728
v 1.25809 -0.00616089 -0.324751
v 0.633936 0.743788 0.419566
v 1.18651 0.0898681 -0.222093
v 0.668472 0.71509 0.440929
v -0.374567 0.846157 0.454138
v 0.904332 -0.320875 -0.739544
v 0.928313 -0.347577 -0.75765
v -0.943222 0.675635 0.209961
v 1.22208 0.5411 0.306528
v -0.501442 0.225364 -0.272478
v -1.07152 0.640687 0.152942
v 1.31859 -0.0182814 -0.327653
v 1.22131 0.404199 0.161993
v -1.12472 -0.190758 -0.798028
v 0.216126 0.499558 0.137511
v 0.612077 0.267151 -0.0874823
v 1.31923 0.0811679 -0.193882
v 0.613103 0.273621 -0.0348187
v -1.33724 0.324293 -0.255959
v 0.33382 0.00699005 -0.381393
v -0.996759 0.722385 0.29186
v -0.522566 0.87615 0.481672
v -1.10997 -0.143441 -0.752711
v -0.542958 0.939718 0.557661
v -0.161796 0.0451991 -0.406964
v 1.40048 0.0480514 -0.241255
v -1.20788 0.732421 0.243872
v 1.20413 0.543936 0.30066
v -1.31774 0.285314 -0.254494
v 0.623326 0.214334 -0.127105
v 0.881878 -0.313468 -0.710221
v 0.7354 0.794729 0.542445
v 0.547066 0.68459 0.405634
v -0.975141 -0.231696 -0.79502
v 0.999284 -0.379637 -0.753072
v 1.29975 0.0881759 -0.187298
v 1.30228 0.506112 0.275464
v 0.175702 0.0141655 -0.408666
v 0.523506 0.774955 0.48856
v -0.19254 0.0307068 -0.401351
v -0.497462 1.01114 0.629677
v 1.31204 0.484861 0.247905
v 0.542071 0.819793 0.538993
v -0.553075 0.357184 -0.109888
v 0.598619 0.159715 -0.211304
v -1.08758 0.625381 0.165963
v -1.26134 0.252688 -0.333631
v 0.530783 0.800778 0.520184
v -0.455386 1.00118 0.637364
v 1.21016 0.0993576 -0.200533
v -0.352654 0.87896 0.528304
v 0.733925 0.875231 0.605406
v -0.439245 0.145629 -0.323324
v 0.71682 0.761391 0.498414
v 0.620347 0.85931 0.613323
v 1.14166 0.388286 0.133289
v 1.25147 -0.0199098 -0.315573
v -0.391096 0.474614 0.0764222
v -1.10059 -0.145448 -0.721006
v -1.21164 0.342624 -0.169202
v -0.558299 0.356208 -0.0830953
v 1.06333 0.482062 0.207503
v -1.18025 0.350366 -0.181337
v 1.35093 -0.0127025 -0.309725
v 0.869431 -0.309757 -0.700328
v 1.28854 0.522169 0.291475
v -0.919159 -0.178403 -0.753074
v 0.640228 0.842041 0.621851
v -1.02635 -0.235302 -0.829219
v 1.19466 0.0867886 -0.234584
v -0.520431 0.250462 -0.247257
v 1.07363 -0.337928 -0.708732
v -1.04548 0.639866 0.151118
v -1.07866 0.778363 0.314042
v -0.931281 0.598059 0.158226
v 0.846671 -0.280176 -0.667774
v -1.25145 0.357675 -0.18855
v -0.11029 0.512829 0.152916
v 0.840953 -0.276949 -0.655012
v -0.510487 0.418263 -0.0851024
v 0.534501 0.732733 0.431314
v -0.925637 0.656022 0.198372
v -0.370343 0.940898 0.550825
v 0.391806 0.423395 0.121803
v -0.353923 0.0370052 -0.363084
v -1.14107 0.773996 0.327103
v 0.523572 0.712678 0.426208
v 1.11806 0.524054 0.254235
v -0.0748196 0.0432558 -0.419686
v -0.505735 0.963228 0.625034
v 1.15592 0.0338819 -0.269457
v 0.940288 -0.226647 -0.611339
v -0.564428 0.326182 -0.134501
v 1.06754 -0.353449 -0.735129
v 0.513038 0.730041 0.451461
v 1.18702 -0.0100117 -0.296387
v -0.529093 0.222081 -0.248024
v -0.241616 0.51296 0.139442
v 0.841664 -0.239966 -0.588243
v -0.352761 0.86382 0.48964
v -1.20868 0.756107 0.28359
v 1.04676 0.405798 0.136909
v 1.25109 0.0977152 -0.188209
v 0.740668 0.833436 0.563041
v -0.394877 0.802451 0.432602
v 0.725133 0.839059 0.597308
v 0.707189 0.849192 0.613454
v -1.17979 0.785471 0.313996
v 0.518541 0.685525 0.417659
v -1.08698 0.787494 0.319727
v -0.952102 0.691331 0.234949
v 1.25139 0.528489 0.304762
v -0.954743 -0.23538 -0.778612
v 1.09908 0.398056 0.128448
v 0.680032 0.866587 0.625666
v 1.03559 0.427802 0.155796
v -0.96849 0.61001 0.150897
v 0.727717 0.772316 0.539308
v -0.423009 0.97607 0.626438
v 1.28656 0.453283 0.198404
v -0.537642 0.924676 0.575442
v 0.577302 0.681662 0.400757
v -0.314447 0.491815 0.122219
v -1.11731 -0.200948 -0.789284
v 0.486607 0.413844 0.0289747
v -1.1114 0.790288 0.326603
v 0.427561 0.447844 0.0598729
v 0.372964 0.445344 0.114268
v 0.493571 0.385495 0.059839
v -0.452994 0.805532 0.431258
v 0.241584 0.479529 0.150845
v 0.592913 0.868923 0.594226
v 0.564372 0.828001 0.571376
v 1.02988 -0.316641 -0.617566
v 0.637366 0.178128 -0.122755
v 1.30521 -0.0268281 -0.317203
v -0.511595 0.861144 0.464694
v -1.02932 -0.24509 -0.814555
v -0.953802 -0.195163 -0.794556
v 0.9959 -0.257418 -0.613663
v -0.162449 0.516935 0.150052
v 1.40314 0.0340792 -0.25264
v -1.16702 0.689402 0.205077
v 1.24427 0.413457 0.177105
v -0.403095 0.464933 0.0804842
v -1.01226 0.620185 0.151449
v 0.460062 0.0488128 -0.334604
v 1.2793 0.453094 0.182754
v 1.10901 0.350338 0.135934
v -0.995898 0.73772 0.265295
v -0.362239 0.837247 0.462105
v -0.423965 0.7955 0.424603
v 1.30989 0.476013 0.227674
v -1.15194 0.344241 -0.18514
v -0.924857 -0.120338 -0.691927
v 1.30415 0.468748 0.215647
v 0.618816 0.191255 -0.166753
v -1.0639 -0.118544 -0.700735
v -1.01289 -0.106782 -0.655775
v -1.20686 0.739793 0.27504
v -0.269859 0.509789 0.118857
v 0.849137 -0.301774 -0.677776
v 0.580918 0.840361 0.590868
v 1.04631 0.457772 0.179541
v 1.2183 0.0156125 -0.309962
v 1.30708 0.489702 0.262991
v -1.04201 0.618856 0.157265
v -1.03104 -0.109072 -0.669105
v 0.823805 -0.261311 -0.620165
v -0.412469 0.120238 -0.338379
v 1.22742 0.0964774 -0.192777
v 0.300261 0.473472 0.144248
v 1.05817 -0.356516 -0.714185
v 1.21965 0.514314 0.30884
v 0.870842 -0.234662 -0.596118
v 1.18039 0.51085 0.299986
v -0.936798 0.671675 0.238132
v -0.558211 0.297395 -0.175909
v 1.03013 0.455434 0.208346
v 0.71788 0.751071 0.530225
v -1.2692 0.235013 -0.311794
v -0.393137 0.963632 0.607865
v 1.05983 -0.327548 -0.677459
v -1.3057 0.263276 -0.294465
v 0.95781 -0.234656 -0.599161
v 1.15601 0.517082 0.286146
v -1.09081 -0.141294 -0.706027
v 0.702946 0.740048 0.477121
v -0.374824 0.946387 0.583457
v 1.33869 0.0664144 -0.196266
v -1.09958 -0.226883 -0.770492
v -0.891609 -0.150805 -0.693749
v 0.499923 0.703988 0.447943
v -1.22681 0.217186 -0.312872
v -0.446624 0.470881 0.00697012
v 0.586327 0.12091 -0.240903
v -1.04698 0.745597 0.310554
v -0.405879 0.968484 0.61705
v -0.437914 0.467458 0.02977
v 1.10924 0.50147 0.273626
v 0.082589 -0.00967684 -0.41605
v -1.13507 0.246934 -0.295906
v -1.10021 0.315288 -0.21704
v 0.604856 0.667465 0.406523
v -0.553332 0.261787 -0.207467
v 1.37922 0.0413423 -0.218155
v 1.39227 0.0255664 -0.2342
v 0.688069 0.72313 0.467841
v 0.977009 -0.262361 -0.579058
v 0.629148 0.230034 -0.0765657
v -0.956834 0.684108 0.281185
v -0.577155 0.296042 -0.146313
v -1.06588 0.615316 0.160885
v 0.655939 0.835886 0.623884
v -0.537435 0.8936 0.536888
v -1.19567 0.767849 0.301736
v -0.536482 0.946222 0.597164
v -0.572626 0.324833 -0.11094
v -0.464299 0.789062 0.432383
v -0.923039 0.638413 0.185048
v -0.514268 0.408933 0.021883
v -1.05942 -0.240199 -0.819333
v -1.19868 0.737802 0.287858
v -1.30559 0.333581 -0.220086
v 1.01648 0.38764 0.138818
v -0.395347 0.778971 0.421061
v 1.38335 0.00286817 -0.293457
v -1.17113 0.681182 0.220437
v -1.0615 0.265642 -0.229272
v -0.906823 0.63404 0.20305
v -0.443353 0.108478 -0.3252
v 1.01901 0.406519 0.148988
v -1.06097 0.6077 0.157895
v -0.52477 0.406499 -0.039985
v -0.379384 0.911844 0.603723
v 1.1759 0.399621 0.138081
v 1.16544 0.0679811 -0.248172
v 0.830213 -0.294196 -0.654081
v -0.981575 0.724524 0.261594
v 1.13203 0.0244163 -0.254444
v 1.19931 0.0897206 -0.175881
v -0.542394 0.205061 -0.245134
v 1.20557 0.37523 0.171706
v -0.304604 0.487542 0.142637
v 1.25699 -0.038237 -0.304941
v -0.533066 0.873966 0.500746
v 1.15157 -0.0159812 -0.282167
v 0.338273 0.461802 0.151927
v 0.508406 0.339102 0.0945082
v 1.07556 0.489539 0.243388
v 0.501227 0.737995 0.483774
v -0.92236 -0.113475 -0.643866
v -0.89067 -0.166157 -0.706932
v 0.634177 0.151044 -0.159976
v 0.824081 -0.249515 -0.601081
v 1.05166 -0.342363 -0.66319
v -0.369386 0.760542 0.426965
v 0.261524 0.478455 0.151882
v 1.08123 0.363271 0.126339
v 0.970296 -0.385262 -0.736921
v -1.19128 0.707998 0.263384
v 0.931945 -0.240634 -0.576405
v 1.05892 0.356305 0.124826
v 1.16414 0.0795195 -0.18508
v 0.638606 0.665801 0.422634
v 0.882339 -0.233677 -0.572518
v 0.352147 0.454403 0.147148
v 1.28803 0.457853 0.253198
v -0.427808 0.76132 0.413888
v 1.27752 0.470436 0.278988
v 0.53222 0.777554 0.553791
v 0.525621 0.781014 0.524076
v 0.979851 0.407416 0.207724
v 0.50366 0.0906534 -0.310205
v -0.913012 -0.222661 -0.735737
v 0.445569 0.385208 0.11428
v 0.493645 0.372105 0.0743552
v -1.23474 0.340762 -0.170914
v 1.13626 0.059823 -0.209133
v 0.50594 0.680907 0.426303
v -1.07296 0.743987 0.323733
v 1.32478 -0.0364631 -0.29593
v -1.06755 0.213499 -0.247249
v -0.229864 0.513839 0.16574
v 1.01344 -0.275119 -0.621315
v 0.10984 0.516138 0.133024
v -1.20528 0.308896 -0.141966
v 1.3609 0.0226743 -0.202985
v -1.11257 -0.203941 -0.759878
v -1.183 0.203222 -0.304786
v -0.943306 0.579782 0.150367
v -0.521535 0.944891 0.61289
v 0.640125 0.195241 -0.0893798
v -1.12667 0.626515 0.216711
v 1.27569 0.0873069 -0.177209
v -1.06998 0.598202 0.171895
v 1.29009 -0.0419064 -0.305133
v -0.882861 -0.141234 -0.649989
v 0.894972 -0.345875 -0.715726
v -0.948464 -0.23169 -0.771154
v -0.27556 0.50317 0.143728
v 0.875193 -0.323191 -0.705357
v 0.526145 0.664988 0.407342
v -1.04068 -0.12423 -0.651536
v 1.26124 0.419032 0.216741
v -0.35797 0.884069 0.563806
v -0.344839 0.797721 0.467235
v -0.555985 0.367581 -0.0390901
v 0.860272 -0.232434 -0.568104
v -1.263 0.348335 -0.188983
v 0.226731 -0.000597951 -0.403197
v -0.900222 0.605838 0.187579
v 1.02014 0.427615 0.169441
v 1.01268 0.369482 0.134384
v 0.902805 -0.237454 -0.567986
v -0.531611 0.904531 0.579195
v 1.3886 0.00433913 -0.254877
v -1.07654 0.617391 0.163452
v -1.31091 0.291248 -0.230953
v -0.572556 0.195187 -0.215587
v 1.19734 0.0840002 -0.163757
v -1.16278 0.751045 0.319607
v -1.11239 0.74947 0.329579
v -1.06789 0.283525 -0.21833
v 0.682266 0.833704 0.618722
v -0.358374 0.0659162 -0.362414
v -0.443532 0.964272 0.633906
v -1.11427 0.325604 -0.186116
v 1.13475 0.000851084 -0.270069
v 0.553741 0.652255 0.400011
v 1.13497 0.0644472 -0.18216
v -1.01616 0.580166 0.146604
v -0.366265 0.780239 0.436209
v -0.903714 0.572399 0.165264
v 0.813501 -0.284581 -0.635222
v 1.24675 0.493559 0.302824
v -0.202502 0.517483 0.148404
v 0.590993 0.828246 0.601292
v -0.357866 0.796738 0.450746
v -1.18933 0.715718 0.280804
v 0.360182 0.470167 0.197274
v -1.21372 0.192935 -0.287447
v 1.04425 -0.356588 -0.663122
v -0.352957 0.871574 0.56332
v -0.50088 0.918385 0.619651
v 0.189893 0.446622 0.185839
v -0.894936 -0.126204 -0.634952
v -0.410886 0.736534 0.410089
v 0.691172 0.708813 0.486762
v 0.702348 0.72265 0.51367
v -0.508833 0.827754 0.473404
v 0.241265 0.468216 0.170468
v 0.0515275 0.483671 0.167697
v 1.09924 0.482455 0.292833
v -0.0831651 0.482874 0.181203
v 1.21984 -0.0393233 -0.296984
v 1.28821 0.0616946 -0.157335
v 0.368236 0.454788 0.172084
v 1.02972 0.453907 0.241678
v 0.712798 0.756189 0.557827
v 0.657784 0.682936 0.440355
v -0.335929 0.81613 0.489662
v 0.818892 -0.294662 -0.646043
v -0.333978 0.826785 0.512931
v -0.899777 -0.19788 -0.7284
v 0.311377 0.471915 0.182212
v -0.476609 0.950784 0.632507
v 0.507089 0.751565 0.522247
v -1.03975 0.734593 0.314441
v 0.956136 -0.253834 -0.570067
v -1.05875 0.579949 0.16109
v -0.414651 0.449544 0.0908587
v 0.511129 0.617365 0.386948
v -0.883945 0.579883 0.185431
v 1.27472 0.072376 -0.16277
v 1.04428 0.453586 0.260944
v -0.931483 0.660906 0.25862
v 0.660419 0.814912 0.618288
v -0.592757 0.283919 -0.11338
v 0.118733 0.446432 0.192498
v 0.345781 -0.0145023 -0.377381
v 0.491602 0.633784 0.403083
v -0.370281 0.467805 0.102814
v -1.12526 0.324592 -0.175977
v 0.375521 0.43596 0.130383
v 1.03703 -0.37593 -0.712915
v 0.591615 0.298228 0.00740264
v 0.638857 0.654141 0.43073
v -1.10326 -0.213843 -0.724127
v 1.21047 0.492413 0.307774
v -0.471794 0.424406 0.0578657
v 1.17358 0.382382 0.144786
v -0.184093 0.511099 0.165682
v -1.07107 -0.144029 -0.670363
v 1.22612 0.486192 0.304397
v -1.14772 0.649495 0.223564
v 0.0194653 -0.032983 -0.416619
v 1.11063 -0.00507461 -0.251564
v -1.07482 0.734665 0.329352
v -1.29902 0.253759 -0.233133
v -0.873226 -0.163281 -0.671726
v 0.646005 0.145753 -0.117031
v 1.13018 -0.0217076 -0.273296
v 1.37042 0.0125311 -0.212855
v -1.08435 0.733579 0.328622
v 1.02191 0.358603 0.128187
v 0.37604 0.440154 0.157963
v 0.606719 0.0387572 -0.227821
v 0.558957 0.622559 0.388335
v -0.202161 0.511968 0.177938
v -1.24694 0.210762 -0.290841
v 1.3349 -0.0371368 -0.280718
v 0.572562 0.646413 0.399495
v -1.16017 0.710691 0.311897
v -0.236575 0.0253073 -0.395198
v -1.04169 -0.255845 -0.79452
v -0.149448 -0.0283269 -0.401821
v 0.410432 0.401211 0.129114
v 0.95219 -0.384825 -0.734119
v -0.507754 0.797811 0.470169
v -0.915376 -0.117368 -0.590854
v -1.31495 0.271199 -0.278189
v -0.329752 0.770757 0.47684
v 0.518039 0.349538 0.0761072
v -0.955678 -0.247241 -0.767839
v 0.534303 0.766253 0.563394
v -0.475114 0.773243 0.435219
v 1.38357 0.000550115 -0.241441
v -0.171108 0.50732 0.177045
v 1.15764 0.0733487 -0.177145
v -0.295908 0.496194 0.164602
v 0.716635 0.799559 0.585408
v 1.31868 0.0671998 -0.176354
v 0.628674 0.0648498 -0.199632
v -0.331546 0.752486 0.454682
v -1.24718 0.314827 -0.159798
v 0.331532 0.472443 0.191386
v 1.30625 -0.0502817 -0.287846
v 0.918706 -0.240915 -0.547899
v -0.478062 0.930817 0.627608
v 0.254046 -0.0110501 -0.398447
v -0.141222 0.500916 0.171975
v 0.973435 0.381736 0.17381
v 0.579971 0.775868 0.596233
v -0.994821 0.555953 0.144483
v -1.05568 0.709326 0.333236
v -1.16122 0.673237 0.277631
v -1.27281 0.215247 -0.225868
v 0.486509 0.68457 0.457608
v 0.977866 0.357411 0.1442
v 0.60953 0.279024 0.0106455
v -1.00031 -0.257488 -0.792102
v 1.11276 0.471116 0.305232
v -0.956513 -0.110647 -0.607796
v 0.529723 0.615934 0.385431
v 0.375918 0.436277 0.144726
v 1.07262 0.343001 0.126558
v -0.366694 0.87978 0.585492
v 1.20736 0.0682442 -0.145579
v 0.550857 0.325648 0.0590278
v -0.458088 0.913937 0.630739
v 0.458348 0.0290325 -0.336836
v 0.983556 -0.305547 -0.551905
v -0.518398 0.823501 0.490487
v 1.06638 0.441581 0.292556
v 0.393454 0.442779 0.181492
v 0.91346 -0.375228 -0.712148
v 0.628754 0.806925 0.61574
v 1.1932 -0.0297879 -0.294746
v -1.06075 0.242954 -0.238132
v 1.03524 -0.370501 -0.671651
v -1.06569 -0.153821 -0.653798
v -1.0709 -0.247946 -0.792158
v -1.16047 0.693671 0.303219
v -0.577176 0.335078 -0.0510152
v -0.264783 0.510636 0.170857
v -0.857424 0.575249 0.224965
v 0.305162 0.476063 0.21134
v 0.623747 0.637412 0.421233
v 1.22909 0.395585 0.185614
v 1.24066 0.397743 0.203762
v 0.780211 -0.278721 -0.582387
v 1.25556 0.463366 0.290076
v -0.859858 -0.161281 -0.622754
v 0.827557 -0.331977 -0.653864
v 1.26041 0.0664184 -0.152151
v -1.10744 0.213385 -0.276331
v -0.408177 0.93334 0.62298
v 1.09372 0.472445 0.291358
v -0.970628 0.546039 0.14313
v -1.2621 0.285117 -0.161313
v -0.904718 0.639363 0.236743
v -1.01536 0.56395 0.148611
v 0.899273 -0.239727 -0.52763
v 1.35949 -0.0215761 -0.239513
v -1.2103 0.281647 -0.125478
v 0.395912 0.453767 0.197346
v 0.58794 0.758039 0.602518
v -1.1414 0.308943 -0.148571
v -1.29966 0.291033 -0.203832
v -1.13422 0.737176 0.325118
v 0.801059 -0.249681 -0.560625
v 0.628343 0.265136 0.0101313
v 1.11894 -0.0229693 -0.265441
v 0.442386 -0.0292099 -0.341506
v 1.11543 0.0251219 -0.233093
v 0.494422 0.0135815 -0.314445
v -0.539633 0.391973 0.0159155
v -0.233311 0.517525 0.197113
v 1.03462 0.329826 0.12326
v 1.08393 0.0200294 -0.207647
v -1.27043 0.215819 -0.261526
v -1.28459 0.251193 -0.199534
v -0.474853 0.754019 0.43494
v -0.364627 0.729636 0.419995
v 0.591304 0.638871 0.405353
v 0.321799 0.478443 0.207228
v -0.897015 0.543773 0.155047
v 0.577222 0.0210618 -0.256631
v -0.157347 0.498707 0.191819
v 1.2406 0.455663 0.295508
v 0.556332 0.603287 0.387144
v -0.507009 0.410157 0.0454224
v 0.37235 0.478315 0.234461
v -0.538184 0.878125 0.549127
v 0.65094 0.798873 0.620143
v 1.24938 0.414023 0.250436
v 0.410822 0.463283 0.227951
v -0.524134 0.888691 0.591137
v 0.589606 0.295884 0.0491038
v 1.18021 0.474853 0.309689
v 1.20928 0.467999 0.308292
v 0.490067 0.71389 0.507107
v -0.533078 0.845045 0.526383
v 0.224431 0.442317 0.199578
v 0.66788 0.673333 0.464239
v -1.14253 0.711853 0.321708
v -0.931686 -0.236041 -0.747256
v -0.967786 0.679986 0.305364
v -0.431105 0.733467 0.410324
v 1.2459 0.401622 0.22236
v -0.515625 0.793242 0.485311
v -0.362548 0.442279 0.13645
v 1.34487 -0.0141156 -0.204194
v -0.384024 0.439347 0.128001
v 1.10792 0.329176 0.140808
v -1.09329 0.582153 0.202634
v -1.16899 0.195155 -0.299061
v 0.789744 -0.30473 -0.615549
v 0.690181 0.79922 0.606663
v -1.07681 0.702489 0.337342
v -1.08045 0.584111 0.184496
v -1.18046 0.178813 -0.286963
v -0.891464 -0.199678 -0.716439
v 1.13544 0.327775 0.153968
v -1.16359 0.667234 0.24972
v 0.958924 0.344757 0.150979
v 0.952887 -0.266503 -0.552278
v 0.936828 -0.249974 -0.549613
v -0.977589 -0.110697 -0.602779
v 0.990803 0.351745 0.133387
v -0.419246 0.0711781 -0.338401
v 1.3085 0.027155 -0.154748
v 0.270683 0.467074 0.181843
v -1.07734 0.292 -0.156149
v -1.05502 -0.149777 -0.636643
v 0.618537 0.276588 0.0287296
v -1.1408 0.206853 -0.294824
v -0.606677 0.221967 -0.140381
v -0.993408 -0.112993 -0.611678
v -0.903596 -0.118484 -0.612234
v -0.483007 0.751886 0.446805
v -0.956447 -0.1144 -0.591145
v 0.834989 -0.234628 -0.54236
v 0.515964 0.582837 0.380211
v -0.558267 0.376901 0.00644791
v 0.391289 0.41572 0.164044
v 0.696428 0.723027 0.551024
v 1.32633 -0.0485178 -0.230757
v -0.877358 0.557833 0.176635
v -0.927749 0.528956 0.145029
v 1.21652 0.429062 0.293381
v 0.172202 -0.0482507 -0.404947
v 1.0823 -0.0109824 -0.229077
v 0.483613 0.649104 0.423625
v 1.25193 0.436299 0.274753
v 0.77984 -0.289193 -0.592707
v 0.931933 -0.395553 -0.695902
v 1.19321 0.452801 0.307225
v -0.389828 0.893291 0.616057
v -0.18982 0.509289 0.206275
v 1.19942 0.439727 0.303516
v -0.500118 0.410199 0.0605186
v 0.653828 0.781132 0.612874
v -0.310652 0.484057 0.161849
v -0.513851 0.902239 0.605111
v -0.577826 0.368577 0.0188534
v -0.411701 0.705473 0.40692
v -0.983062 -0.266718 -0.762651
v 1.10456 0.0489882 -0.168764
v 0.400783 0.477468 0.241413
v 0.409987 0.445352 0.204075
v 0.486419 0.695001 0.496531
v 0.542346 0.748053 0.578394
v 0.520859 0.761242 0.544283
v -1.15669 0.293674 -0.123066
v -1.00951 0.69458 0.32749
v -0.400031 0.426674 0.125109
v -1.06697 0.565136 0.175162
v -0.340964 0.843775 0.531296
v -0.459095 0.0695019 -0.319874
v 1.07205 0.0233659 -0.199979
v 0.857366 -0.3637 -0.675027
v -0.52022 0.7827 0.502893
v -1.00814 0.191263 -0.184548
v -0.359399 0.846378 0.584922
v 0.610592 0.767763 0.610157
v 1.21089 0.364455 0.203531
v 1.10756 0.0519739 -0.148902
v 1.02228 0.441936 0.25625
v 0.279953 0.46695 0.190842
v 1.01758 -0.309436 -0.605908
v 0.521441 0.734155 0.567486
v -0.868064 -0.175778 -0.669157
v -1.03812 -0.138775 -0.614375
v 0.525424 0.33457 0.0815047
v 0.399529 0.399866 0.153915
v 0.391122 0.412818 0.13668
v -1.03591 0.701825 0.336238
v -0.531599 0.408156 0.0653282
v -0.452454 0.0518683 -0.320757
v -1.20507 0.171474 -0.258745
v 0.688352 0.694692 0.529729
v -1.09343 0.169402 -0.25457
v -0.859619 -0.145892 -0.584448
v 0.975972 0.4011 0.221312
v 0.578107 0.306155 0.0388389
v -0.93977 0.507635 0.140839
v -1.07265 -0.253159 -0.752428
v -0.475557 0.413461 0.0727448
v -0.588115 0.309797 -0.0739566
v -1.0525 -0.260898 -0.76999
v 0.300279 -0.0302224 -0.386803
v 0.638305 0.225687 -0.0255066
v 1.28218 -0.0683219 -0.272313
v 0.479441 0.599434 0.395995
v 1.10422 0.45992 0.304082
v -0.495359 0.752145 0.458302
v 0.997578 0.321393 0.125205
v 0.684519 0.684963 0.502779
v 1.1352 -0.0390422 -0.27266
v 0.846298 -0.381618 -0.652889
v 0.795596 -0.326316 -0.623789
v -0.527301 0.859182 0.571127
v -1.16504 0.298422 -0.133445
v 0.962422 -0.400878 -0.689504
v 1.33391 -0.00416573 -0.184273
v 0.502415 0.735287 0.533004
v 1.03989 0.317271 0.125095
v -1.06001 0.178698 -0.239408
v -0.953122 -0.113778 -0.576483
v 0.908774 -0.241638 -0.513168
v 1.29762 -0.0677299 -0.253503
v -1.09672 0.291184 -0.132329
v -0.471475 0.722574 0.426479
v 1.21726 0.372998 0.221033
v 0.785429 -0.256898 -0.549284
v 1.32509 0.0142253 -0.170107
v -0.558732 0.418197 0.0737453
v -1.08275 -0.245298 -0.73948
v 1.02854 -0.358912 -0.631351
v -1.14503 0.641747 0.274264
v 1.00026 -0.391108 -0.687772
v -0.584896 0.198081 -0.197336
v -1.12157 0.610474 0.227801
v 0.404149 0.496186 0.276792
v -0.330452 0.805903 0.51086
v 0.608376 0.620673 0.414603
v -0.568977 0.122311 -0.233203
v -1.02503 0.243583 -0.176178
v 1.06593 0.299978 0.136301
v 1.09125 0.0461319 -0.162565
v 1.24131 -0.0688381 -0.279128
v -0.466045 0.864867 0.625455
v -0.251351 0.526811 0.234662
v 0.670154 0.653322 0.492875
v -0.00197922 0.449608 0.198785
v -0.335772 0.462503 0.140485
v -0.270643 0.51945 0.206221
v -0.116511 0.481712 0.188028
v 0.881023 -0.379322 -0.679372
v -0.45233 0.419646 0.0896728
v -0.979544 0.512199 0.149845
v -1.15071 0.160909 -0.273776
v -1.01775 -0.266039 -0.774319
v -0.571261 0.354493 -0.00720133
v 0.639945 0.274575 0.0578598
v 0.696781 0.756512 0.581916
v 0.364627 0.488763 0.253071
v -0.49616 0.8826 0.617586
v -0.538232 0.420778 0.0819273
v 1.01529 0.430744 0.267858
v 0.998034 0.425899 0.237118
v 0.467781 0.624644 0.426967
v 1.05887 0.0125052 -0.202596
v 0.985816 0.402503 0.26315
v -0.911559 0.487843 0.139608
v 0.477209 0.672404 0.46335
v -0.294595 0.526317 0.241405
v -0.518976 0.410392 0.0738928
v 0.422478 0.483101 0.264055
v -0.263366 -0.0604768 -0.380883
v -0.59431 0.403854 0.065077
v -0.344516 0.736233 0.436606
v -0.475204 0.403067 0.103041
v -0.86094 0.51839 0.15583
v -0.37488 0.698557 0.412252
v -1.09127 -0.223257 -0.709069
v -1.05502 0.274675 -0.161232
v -1.14274 0.689882 0.316745
v 1.2263 0.418034 0.276718
v 0.775644 -0.311202 -0.598362
v 0.910249 -0.392172 -0.689611
v 0.491827 -0.046698 -0.314267
v 0.770819 -0.264878 -0.545222
v 1.02355 -0.340822 -0.605808
v -0.839841 0.525137 0.172623
v 1.29451 0.0236211 -0.148097
v 0.642158 0.248106 0.00501482
v -0.998914 0.520192 0.156623
v 0.262281 0.458979 0.208047
v 0.48674 0.682529 0.526088
v 0.43603 0.436257 0.236428
v -0.14998 0.489836 0.201759
v -1.17048 0.173725 -0.281804
v -0.163777 0.49319 0.222988
v -0.911272 0.633206 0.278595
v 0.679663 0.716473 0.573477
v -1.08632 0.293484 -0.145928
v 0.821669 -0.36468 -0.638624
v -0.35303 0.429038 0.148852
v 0.764246 -0.279977 -0.560147
v 1.26907 0.0378045 -0.137096
v 0.976359 0.400374 0.237427
v 0.636477 0.624829 0.439127
v 1.12789 0.452354 0.313685
v -0.425664 0.424462 0.107508
v 0.402601 0.393665 0.165672
v 0.976048 -0.282791 -0.559645
v -0.3146 0.486306 0.183828
v -0.225176 0.524924 0.249762
v 1.04417 0.423625 0.295115
v 1.13318 0.30715 0.171036
v -1.14863 0.284097 -0.112399
v -0.337017 0.442689 0.164211
v -0.573876 0.42142 0.0962801
v -1.01828 0.534529 0.155067
v -0.322651 0.724765 0.461909
v 0.419194 0.370889 0.164845
v 0.396416 0.50363 0.297144
v -0.489951 0.845914 0.616127
v -0.865152 0.588836 0.255973
v -1.13005 0.618304 0.251187
v -0.436708 0.904876 0.631395
v 0.465288 0.646447 0.455531
v 0.889337 -0.240149 -0.512811
v 1.0594 0.422861 0.302936
v 0.850117 -0.236898 -0.484133
v -0.302996 0.506014 0.204035
v 1.23249 0.399437 0.250623
v 1.17977 0.329864 0.21083
v -0.371395 0.864448 0.596634
v 1.14175 0.435023 0.316095
v -0.565524 0.422098 0.0847656
v -0.345795 0.706968 0.42496
v -1.28235 0.2674 -0.185076
v 0.781078 -0.252068 -0.504729
v 0.495385 0.569806 0.381638
v 0.325706 0.485686 0.266987
v 0.554408 0.571325 0.385563
v 0.344559 0.493649 0.273357
v 0.66245 0.757281 0.605657
v -0.192076 0.507565 0.247642
v 1.10511 -0.0409597 -0.253976
v -1.04708 -0.270473 -0.691216
v 0.476312 -0.0470109 -0.32057
v 1.2037 0.427284 0.301084
v -1.13493 0.624923 0.26376
v -0.579881 0.334693 -0.0231028
v 0.577234 0.584671 0.399427
v -0.439038 0.697608 0.41028
v -0.596259 0.374314 0.0352851
v -0.324177 0.469017 0.166332
v 0.669076 0.275434 0.0707277
v 0.304674 0.477665 0.259836
v -0.140489 0.489457 0.189716
v 0.196854 0.434362 0.200419
v -1.13006 0.670794 0.318531
v -1.2538 0.193407 -0.218278
v 1.25202 -0.0881261 -0.25209
v -0.924098 0.646044 0.272947
v -0.339943 0.820614 0.552262
v 0.942983 0.35615 0.18632
v -0.97877 0.675089 0.321082
v -0.878201 -0.131641 -0.583758
v 0.482553 0.658141 0.530777
v 0.646044 0.283642 0.0776579
v -0.320823 0.490268 0.205749
v 0.137068 0.436341 0.195843
v 0.92585 -0.408411 -0.668916
v 0.657288 0.260408 0.0469033
v 0.637278 0.601272 0.457961
v 0.940147 -0.40811 -0.673789
v 0.916847 -0.25041 -0.507467
v -0.357242 0.823301 0.582939
v -0.50609 0.758786 0.478662
v -0.99634 -0.124802 -0.582721
v 0.151971 -0.0936451 -0.401453
v -0.333697 0.793332 0.559166
v 0.65039 0.159876 -0.0833484
v 0.953184 0.377301 0.205002
v 0.504966 0.704636 0.555034
v 0.620711 0.284001 0.0684674
v 0.419004 0.371671 0.173705
v 0.591097 0.287138 0.0787263
v -0.614174 0.382396 0.0527234
v -1.08701 -0.204155 -0.668175
v 1.12881 0.051667 -0.130098
v -0.461778 0.0989111 -0.316685
v -1.07675 -0.185494 -0.645652
v -0.522177 0.801364 0.554737
v -0.848246 0.569676 0.238766
v -0.939348 0.637841 0.306303
v -0.0852938 0.460755 0.201254
v 0.530337 0.302553 0.118751
v 0.22546 0.424159 0.224632
v -1.05694 -0.168883 -0.623522
v -0.615746 0.405564 0.0789096
v 0.653146 0.223325 0.00528988
v -0.350421 0.653001 0.409652
v 0.410284 -0.0450716 -0.35198
v 0.930402 0.317897 0.155585
v 0.434611 0.413302 0.220823
v 1.18545 0.0486114 -0.127342
v -0.998437 0.667658 0.334771
v 0.608272 0.57971 0.425538
v -0.021887 0.451324 0.198528
v 1.21618 0.386643 0.264155
v -1.04258 -0.152665 -0.60242
v 0.635485 0.0670264 -0.180017
v 0.670656 0.237797 0.0287814
v -1.04918 0.545334 0.175491
v 1.04608 -0.0248867 -0.215045
v 0.99364 -0.317917 -0.56105
v 1.33009 -0.0281376 -0.200848
v 0.763273 -0.26794 -0.527375
v -1.08728 0.277226 -0.0904959
v -0.587164 0.339551 0.000683658
v -0.489941 0.404201 0.103587
v 1.06236 0.0316994 -0.129195
v -0.403185 0.865592 0.619723
v -0.608059 0.256294 -0.103545
v -0.841708 -0.156001 -0.575476
v 0.658314 0.0935734 -0.124192
v -0.518157 0.41496 0.115646
v -0.585384 0.118428 -0.211523
v -1.02168 0.229262 -0.189559
v -0.607646 0.352134 0.0262022
v 0.672851 0.215795 0.021606
v -0.218796 0.520234 0.234164
v 1.04446 0.277671 0.132727
v -1.1199 0.614385 0.295398
v 0.212472 -0.107081 -0.393
v 0.927785 0.34677 0.190382
v 0.539416 -0.0290664 -0.280316
v -0.880242 0.501101 0.144714
v 0.648596 0.289727 0.108532
v 0.444772 0.497372 0.314708
v 0.674172 0.739957 0.593365
v -0.296709 0.542862 0.280714
v 0.675276 0.664866 0.520947
v 0.365454 0.500487 0.29368
v -1.25518 0.197192 -0.242475
v -0.592241 0.318278 -0.00826169
v -0.270479 0.536488 0.263417
v -0.631205 0.403836 0.0774646
v -0.369576 0.831248 0.597122
v -0.290694 0.55568 0.29775
v -1.03403 -0.27253 -0.743132
v -0.24229 0.531625 0.270866
v 0.708885 0.270958 0.0893877
v 1.10712 0.310353 0.149709
v -0.360599 0.810324 0.586668
v -0.593811 0.418899 0.102555
v 0.579602 0.722827 0.596546
v 0.453261 0.620933 0.484325
v 1.09904 -0.0730397 -0.24939
v 0.959955 0.323522 0.135504
v 0.991565 -0.391991 -0.639648
v 0.69568 0.246135 0.0492871
v -0.337105 0.665855 0.420992
v 1.05344 0.0198002 -0.184305
v -0.438984 0.394785 0.127324
v 0.524116 0.567789 0.379538
v 0.0963678 0.435721 0.201561
v 0.464873 0.572463 0.398411
v 0.455137 0.347434 0.130453
v -0.481353 0.704961 0.443112
v -0.565536 0.422453 0.108426
v 0.465854 0.654848 0.49265
v -0.644564 0.367383 0.0577461
v -0.506903 0.733738 0.508873
v -0.901071 -0.12019 -0.574087
v 0.761288 -0.314829 -0.576084
v -0.636067 0.424641 0.103603
v -0.387953 0.66186 0.402613
v 0.425656 0.504354 0.319501
v -1.0597 0.268058 -0.0968781
v 1.08032 0.420166 0.314479
v -0.83539 -0.152868 -0.523028
v 1.0678 -0.0579654 -0.233809
v 0.303337 0.475734 0.292265
v -1.2799 0.234427 -0.196026
v -0.317231 0.747983 0.51536
v -0.31702 0.731717 0.48146
v 1.15213 0.399808 0.316372
v -0.515892 0.816437 0.573738
v 0.58141 0.287979 0.0965831
v 0.656283 0.632636 0.471417
v -0.605876 0.243552 -0.123377
v 0.67759 0.688078 0.55038
v -1.23413 0.178176 -0.234413
v -0.448284 0.670834 0.414109
v 0.447301 0.44776 0.251433
v 0.428412 0.371976 0.143215
v 0.455336 0.580391 0.413282
v 1.11226 -0.085806 -0.253619
v 0.738047 0.23572 0.061884
v 1.01786 0.398022 0.293732
v -1.02016 -0.280381 -0.709981
v 1.186 -0.0691212 -0.272805
v -1.12316 0.157767 -0.261771
v 0.946045 -0.27083 -0.528978
v 0.481391 0.541977 0.376335
v -1.09712 0.672031 0.335913
v -1.04921 0.680871 0.344039
v -0.50208 0.71736 0.486557
v -0.153729 0.474058 0.239844
v -0.498807 0.72333 0.469665
v 0.996261 -0.364423 -0.584745
v -0.324705 0.511896 0.24058
v -0.563284 0.0713974 -0.247823
v -0.671477 0.403623 0.0888875
v 0.100211 -0.111889 -0.402744
v 0.868496 -0.246561 -0.478345
v -0.846894 -0.218065 -0.639001
v 1.09612 0.0416672 -0.120688
v -0.458092 0.681326 0.418022
v -1.11802 0.282831 -0.102872
v -0.672408 0.417527 0.102921
v -0.607423 0.429227 0.133054
v -1.22987 0.280333 -0.133052
v 0.79978 -0.245571 -0.484143
v -0.140802 0.476011 0.213728
v -0.07121 -0.0796531 -0.407037
v -0.848597 -0.180615 -0.619109
v -0.60772 0.266459 -0.0786625
v 1.24565 0.0418227 -0.127425
v -0.642088 0.429833 0.122779
v 0.661199 0.190565 0.00937986
v -0.234146 0.532838 0.285605
v 1.31224 -0.0418107 -0.185387
v -0.989133 -0.278149 -0.735315
v -1.04566 0.18573 -0.228936
v 0.622336 0.577384 0.445852
v -0.261921 0.548895 0.301172
v -0.595165 0.309181 -0.00106037
v -0.610126 0.179332 -0.158082
v 0.516716 0.683978 0.571265
v 0.465451 0.43824 0.271892
v -0.335319 0.43486 0.184368
v 0.461983 0.471166 0.295456
v -0.822091 0.485929 0.165009
v 1.01181 0.280876 0.121687
v 0.966764 0.30423 0.125436
v -0.505648 0.823435 0.593411
v 0.0257916 -0.108702 -0.407087
v 1.00125 -0.340986 -0.577515
v -0.401554 0.0142332 -0.344274
v 0.535493 0.732905 0.579194
v -0.839671 0.555714 0.251616
v 0.629844 0.736303 0.603293
v -1.25258 0.247847 -0.149952
v 0.712274 0.220371 0.0395864
v 0.76301 -0.259527 -0.500266
v -0.394429 -0.0104681 -0.347121
v -0.334309 0.525677 0.276437
v -0.0255604 -0.0840361 -0.41198
v -0.374264 -0.0171453 -0.352008
v 0.973218 -0.403492 -0.63963
v 0.622924 0.285021 0.117565
v -0.459958 0.40152 0.110141
v -0.849613 0.470141 0.149809
v -0.419275 0.648093 0.400679
v 0.990243 0.263978 0.122321
v 0.925413 0.282422 0.136056
v 0.2488 0.445972 0.226374
v 0.690498 0.282201 0.0996326
v 1.04185 0.0214206 -0.150937
v -0.332214 0.491821 0.225673
v 0.651081 0.715674 0.594198
v 1.01861 -0.374212 -0.632906
v -0.835083 0.547381 0.217612
v -0.827058 0.532802 0.209979
v 0.491751 0.530975 0.370088
v 1.20436 0.0156643 -0.103808
v -0.615712 0.203038 -0.128265
v 0.661844 0.289723 0.108602
v -0.804039 0.498502 0.191356
v 0.667202 0.660338 0.541317
v -0.332409 0.452031 0.181484
v 0.887942 -0.268992 -0.468142
v 1.27403 0.011381 -0.131352
v 0.450369 0.415552 0.238583
v -1.16719 0.280894 -0.116551
v -0.227052 0.525629 0.279175
v 0.664272 0.108309 -0.0859854
v -1.02108 0.51193 0.171054
v 1.20496 -0.103573 -0.248008
v -0.903879 -0.243005 -0.706479
v 0.20708 0.419618 0.216941
v -0.0428811 0.441637 0.214029
v -0.80685 0.484622 0.177081
v -0.337803 0.783856 0.569515
v 0.134756 0.411986 0.222197
v 0.558556 0.0101054 -0.269068
v 1.13532 -0.0699563 -0.261095
v 1.11665 0.293678 0.176316
v -1.01712 -0.15585 -0.558243
v -0.95449 0.455834 0.161686
v -1.21208 0.256856 -0.114605
v 0.478839 0.521485 0.367525
v 1.15172 0.31879 0.175487
v -1.1153 0.278757 -0.091056
v 0.463311 0.541114 0.380929
v 0.819534 -0.381778 -0.62449
v -0.113505 0.449161 0.215534
v -1.08043 -0.229021 -0.676412
v 0.604359 0.0148471 -0.22536
v 1.18622 0.395098 0.300301
v 1.02559 -0.00777137 -0.194822
v 1.16918 -0.0919171 -0.255198
v -0.53926 0.0514537 -0.266738
v -1.07766 0.142966 -0.23182
v -0.904041 -0.124031 -0.524431
v 0.738884 0.245206 0.0730597
v 1.25395 0.0182295 -0.12034
v -0.889753 0.597001 0.297136
v 1.31668 -0.0506305 -0.214653
v -0.816237 -0.180234 -0.556916
v -0.332455 0.46817 0.201828
v -0.880764 -0.130347 -0.528659
v -0.417882 0.817027 0.622754
v 0.841929 -0.394319 -0.637332
v 0.927052 0.36064 0.227654
v -0.684415 0.427047 0.132355
v -0.957019 0.628835 0.326563
v 0.540899 0.296412 0.116921
v -0.435087 0.858116 0.627801
v 0.294742 -0.0912813 -0.379251
v 0.879275 -0.393962 -0.661376
v -0.592911 0.305936 -0.0304736
v 0.654862 0.163763 -0.00272666
v 0.634604 0.00741659 -0.186904
v -0.946547 0.480119 0.148782
v 0.435014 0.554668 0.412365
v -1.01509 0.226109 -0.173067
v -1.23572 0.253179 -0.130395
v 0.447664 0.519984 0.362253
v 0.754084 -0.277469 -0.529015
v -0.579941 0.424017 0.132299
v 0.407574 0.510866 0.331759
v 0.46407 0.493573 0.33515
v -1.03385 0.153386 -0.220445
v -0.206383 0.509175 0.293098
v -0.667326 0.43082 0.130732
v 0.547199 0.535495 0.382898
v 1.05509 0.251381 0.151017
v -0.313938 0.55977 0.323185
v 1.00978 -0.0300052 -0.199
v 0.460062 0.509622 0.354928
v -0.709395 0.394229 0.101044
v 0.904541 0.332124 0.210284
v 0.747648 0.256862 0.0981677
v -0.314672 0.626643 0.42727
v -0.329061 0.681643 0.433563
v -0.27374 0.55458 0.322076
v 0.452079 0.532344 0.378904
v -0.674936 0.376221 0.0751366
v -0.922115 0.459547 0.142322
v 0.741862 0.221376 0.0585016
v -0.606424 0.325295 0.0129337
v 1.08243 -0.0824037 -0.243956
v -1.06173 0.664318 0.344382
v -1.05902 0.527357 0.209149
v 0.504934 0.508817 0.370381
v -0.637187 0.330414 0.0394329
v 0.44434 0.592875 0.449
v 0.490645 0.50782 0.364284
v 0.776308 -0.249326 -0.471008
v -0.989968 0.16 -0.177968
v 0.629675 0.69825 0.594288
v 0.419694 0.387742 0.187998
v 1.1718 0.323133 0.2405
v 0.448896 0.609085 0.469384
v 0.483011 0.491107 0.34605
v 0.778923 -0.249136 -0.45766
v 0.976638 -0.354753 -0.545082
v 0.173653 0.424922 0.204394
v -0.601031 0.313191 0.00676283
v -0.618258 0.227578 -0.0945959
v 0.268825 0.445803 0.285167
v -1.0328 -0.154632 -0.588745
v 1.06339 -0.0934458 -0.231728
v -0.0146418 0.421444 0.225252
v -0.317636 0.736686 0.529165
v 0.0655434 0.422229 0.21479
v 0.753877 -0.271382 -0.510015
v 0.630574 0.58036 0.47456
v -0.320004 0.556439 0.312236
v -1.08674 0.64255 0.336059
v -0.342823 0.407695 0.171241
v 1.28257 -0.0790133 -0.221549
v 1.30137 -0.014012 -0.156964
v -1.19149 0.266754 -0.111891
v -0.482286 0.395589 0.14078
v 0.955002 -0.310873 -0.517666
v -1.22369 0.168523 -0.224628
v 0.981764 0.274051 0.120491
v 0.533167 0.514491 0.38167
v -0.848142 -0.147503 -0.557039
v -0.314895 0.688583 0.46572
v 0.33616 0.488813 0.3228
v -0.843171 -0.241636 -0.622922
v 0.436289 0.523054 0.37178
v -0.727814 0.398718 0.107862
v -0.596981 0.428984 0.144896
v 0.580112 0.696535 0.595565
v -0.1939 0.502993 0.282594
v 0.66371 0.689514 0.571984
v 1.23417 0.0108628 -0.10917
v -0.65681 0.429237 0.178176
v 1.1605 0.317686 0.192807
v 0.751645 0.227811 0.0706599
v 0.804964 -0.387273 -0.604156
v 0.849017 -0.402208 -0.630524
v 0.657715 0.627638 0.503589
v -0.924199 0.607323 0.315212
v 0.67289 0.191968 0.0202387
v 0.755862 0.246278 0.0886463
v -1.0306 0.503816 0.186868
v 1.12298 -0.101056 -0.242796
v 0.431288 0.336912 0.163978
v -1.07841 -0.216961 -0.648335
v 0.840175 -0.240402 -0.468832
v 1.08365 0.279732 0.156225
v -0.462555 0.391076 0.125715
v -1.03289 -0.278934 -0.700133
v 0.209787 0.402423 0.230987
v -0.862501 -0.249694 -0.648197
v -0.806104 0.462485 0.168537
v -1.13234 0.13607 -0.239151
v 0.430272 0.575863 0.447471
v -0.459073 0.843325 0.627283
v -0.916217 0.438581 0.146018
v -0.508404 0.794316 0.580415
v -0.333005 0.560246 0.337127
v 1.26703 -0.0873348 -0.233169
v -0.959696 -0.12946 -0.53752
v 0.669524 0.170869 0.0169798
v -0.389721 0.808053 0.610044
v -0.374284 0.796463 0.597483
v -1.2543 0.202975 -0.189674
v 0.666092 0.2836 0.142288
v 0.612788 0.70691 0.598454
v -0.814523 0.444491 0.156829
v -0.43902 0.00857063 -0.325437
v -0.792367 0.492752 0.207228
v 1.01067 0.000336846 -0.155445
v -0.735825 0.43372 0.150144
v 0.438516 0.514996 0.355992
v -0.73495 0.414538 0.125067
v -1.10782 0.635265 0.32235
v 0.966218 -0.330334 -0.522211
v 0.479983 0.472609 0.324283
v 0.976618 -0.371952 -0.562947
v -1.00753 0.634004 0.344536
v 1.10788 0.402575 0.323906
v 1.06793 0.408608 0.314229
v -1.05273 0.636824 0.343035
v -0.717061 0.423346 0.134378
v -0.13247 -0.145073 -0.389155
v 1.03906 -0.0806098 -0.222944
v 0.79046 0.24995 0.110489
v 0.491707 0.498085 0.361073
v 0.736648 -0.329991 -0.534447
v -0.336278 0.442687 0.195472
v 0.779465 -0.366341 -0.590985
v 0.610937 0.559051 0.442729
v -0.838732 0.53237 0.281272
v -0.143696 0.449402 0.24297
v 0.978952 -0.386097 -0.590764
v -1.07634 0.616896 0.328708
v -1.10357 0.591667 0.291081
v 0.655961 0.64455 0.546101
v -0.239786 0.537014 0.328088
v -1.01752 -0.163406 -0.551909
v -1.0538 -0.255104 -0.657244
v 0.421462 0.517722 0.375416
v -0.350716 0.463974 0.237753
v 1.29521 -0.0632214 -0.193059
v 0.561026 0.284314 0.127202
v 0.789704 0.258606 0.128926
v 0.17524 -0.144467 -0.388654
v 0.704397 0.282197 0.142791
v 1.04747 0.394132 0.312922
v -0.903287 0.445374 0.143163
v -0.856856 0.441396 0.14701
v 0.581262 0.282763 0.127814
v -0.298952 0.562242 0.350611
v 0.724701 0.273973 0.136672
v -0.816287 0.520616 0.248798
v -1.03085 0.247075 -0.0853755
v 0.956505 -0.409652 -0.65073
v -0.400641 0.61688 0.397829
v -0.342233 0.553649 0.332957
v -0.302735 0.621152 0.444132
v -0.363146 0.630934 0.402519
v -0.356514 0.5359 0.311561
v 0.818741 -0.252549 -0.448711
v -1.03253 -0.277603 -0.684909
v 0.638321 0.285751 0.139028
v -0.508364 0.735044 0.526373
v -1.24485 0.225691 -0.148685
v -1.21254 0.235266 -0.108925
v 1.25136 -0.0100954 -0.115809
v -1.1088 0.60712 0.300879
v 0.529928 0.672151 0.577049
v 0.562477 0.714847 0.594868
v 0.97551 -0.340135 -0.533747
v 0.574968 0.271695 0.144742
v 0.402114 0.510118 0.36848
v -0.335516 0.617004 0.408118
v 0.462149 0.630946 0.515769
v 0.617153 0.28121 0.133379
v 0.947565 0.235673 0.132713
v -0.616687 0.430419 0.145165
v 0.504021 0.678613 0.558409
v 0.824222 -0.39388 -0.610544
v 0.73496 -0.271219 -0.479324
v -0.685677 0.437009 0.17404
v 0.484311 0.447483 0.307678
v -1.0054 0.622437 0.342847
v 0.691806 0.181558 0.0292916
v -1.19917 0.247382 -0.102401
v -1.03092 0.629922 0.345618
v -0.348177 0.497336 0.25504
v 0.99699 -0.000203303 -0.123266
v -0.509861 0.402316 0.139255
v -0.57905 0.423106 0.161501
v -0.321217 0.567294 0.349839
v 0.357266 0.496134 0.348456
v 0.96193 0.24342 0.130399
v -0.754403 0.423633 0.144987
v -0.262748 0.550733 0.336174
v 0.785559 0.218595 0.0829099
v 0.375129 0.502482 0.359662
v -0.836075 -0.213345 -0.617704
v -0.320035 0.720481 0.531603
v -0.346642 0.54219 0.315848
v -0.34268 0.441396 0.213377
v -0.677106 0.431143 0.151164
v -0.122357 -0.0855609 -0.397654
v -0.346895 0.565853 0.361747
v -0.480488 0.66421 0.448954
v -0.404068 0.596528 0.397652
v 0.748478 -0.254265 -0.456241
v -1.09604 0.567073 0.253065
v -0.439502 0.649999 0.406882
v -0.512327 0.0214724 -0.282223
v 0.458364 0.617032 0.501486
v -1.04631 0.132873 -0.217768
v -1.03758 -0.180777 -0.575253
v 0.445529 0.595589 0.466559
v 1.00405 0.382956 0.297369
v -0.31571 0.718074 0.512394
v 1.00473 0.238551 0.131679
v -1.16498 0.256188 -0.0924971
v 1.09241 -0.099238 -0.239208
v -1.10463 0.136281 -0.236623
v 0.480938 -0.120694 -0.3019
v 0.245092 0.438191 0.240982
v 0.476627 0.410753 0.280682
v -0.148575 0.457437 0.25216
v -0.410264 0.385453 0.152478
v 0.573447 0.5389 0.406294
v 0.712 0.18612 0.0368517
v 0.492263 0.28499 0.142952
v 0.425731 0.335467 0.176818
v -0.812454 -0.198145 -0.56793
v 0.53121 0.281645 0.139426
v 0.646379 0.608104 0.516658
v 0.661205 0.0483424 -0.122377
v -1.22762 0.168299 -0.198891
v -0.311574 0.693693 0.501428
v 0.425988 0.344655 0.187438
v -0.556996 0.418105 0.159151
v 0.772964 -0.362408 -0.57782
v 0.733146 -0.284796 -0.496642
v -0.431332 0.362851 0.156432
v 0.85806 -0.25035 -0.459486
v 0.79376 -0.391252 -0.586138
v -0.39461 0.802654 0.608537
v 0.444399 0.318879 0.159956
v -0.857663 0.562571 0.28205
v 0.457626 0.398537 0.251462
v 0.916898 -0.263224 -0.493288
v 0.0136552 0.403647 0.238485
v -1.12818 0.263778 -0.0783236
v -0.758926 0.410095 0.131127
v 0.842974 -0.402188 -0.617622
v 0.442791 0.544044 0.397544
v -1.05846 0.258307 -0.077345
v 0.0446829 0.41495 0.225069
v 0.232099 0.415857 0.246364
v -0.891075 0.582375 0.309856
v -0.336989 0.755212 0.568855
v -0.50269 0.700741 0.48847
v -0.606962 0.272383 -0.0386037
v -0.172481 0.486661 0.261131
v 1.14737 0.0072392 -0.0833604
v 0.664772 0.0742536 -0.107811
v -0.625957 0.184564 -0.0974043
v -0.510696 0.765938 0.556535
v -0.992175 -0.160026 -0.523383
v -0.984997 0.479537 0.167113
v -0.82666 0.529673 0.25813
v 0.666638 0.106419 -0.0570924
v -1.10181 0.271544 -0.0810822
v -0.579233 0.103782 -0.226637
v 1.18117 0.344147 0.260069
v 0.310179 0.468533 0.329846
v 0.987558 -0.0286459 -0.169065
v 1.18896 0.377702 0.287276
v -0.787775 0.428374 0.15949
v -0.791317 0.492461 0.220578
v -0.623334 0.306663 0.0299255
v -0.59715 0.296919 -0.00368537
v -0.489182 0.771146 0.589574
v 1.0864 0.0227341 -0.099537
v -0.990991 0.182672 -0.161289
v -1.07639 0.542916 0.246161
v -0.592757 0.1338 -0.198456
v -0.621794 0.166771 -0.129233
v 0.433212 0.368075 0.217309
v 1.16958 -0.106013 -0.238824
v -0.750395 0.396007 0.116393
v 0.890112 0.259463 0.143514
v 1.15922 0.307999 0.23107
v 0.624389 -0.00542541 -0.201432
v 0.465956 -0.138792 -0.308878
v 0.934331 -0.414121 -0.638777
v 0.884719 0.292514 0.18146
v -0.894101 -0.129444 -0.495508
v -0.450088 0.650362 0.415851
v 0.246294 -0.163279 -0.372496
v -0.719595 0.437443 0.167654
v -0.43665 -0.0124713 -0.327175
v -0.601973 0.0646266 -0.197605
v -0.735685 0.43902 0.167833
v -1.00419 0.223789 -0.140371
v 0.0676363 -0.137868 -0.400322
v 0.50428 0.492016 0.367602
v 0.881013 -0.405082 -0.63742
v 0.491197 0.472828 0.344713
v -0.785576 0.464279 0.192032
v 0.952897 -0.404608 -0.600465
v 0.900465 -0.412397 -0.616065
v -0.928337 0.442918 0.152209
v 0.749418 0.264639 0.127419
v -0.669783 0.340338 0.0631377
v -1.22705 0.228724 -0.124314
v 1.02638 -0.0551172 -0.213734
v -0.720438 0.377931 0.0950822
v -1.19492 0.182419 -0.110507
v 1.26755 -0.0838407 -0.201533
v 0.807575 0.224792 0.101108
v 0.808637 0.243364 0.112843
v 0.638138 0.664613 0.577135
v -0.359221 0.520804 0.294373
v 0.778822 -0.254335 -0.421452
v 0.988142 -0.0493828 -0.189897
v -0.328359 0.570958 0.367953
v -0.957627 -0.141752 -0.51245
v 1.29576 -0.0469631 -0.16741
v 0.754571 0.202233 0.0587387
v 1.2335 -0.103075 -0.229549
v -0.441222 0.804266 0.622846
v -0.766275 0.420539 0.149326
v -0.357168 0.775959 0.591657
v -0.957412 0.610072 0.332993
v -0.361284 0.499365 0.279748
v -1.10365 0.249535 -0.0620733
v 0.592576 0.540078 0.427906
v -0.363335 0.477803 0.265303
v 0.444515 0.592042 0.482975
v -0.82772 0.427384 0.153131
v 0.660078 0.124318 -0.0445673
v 0.818111 -0.257731 -0.436229
v -0.476316 0.375775 0.154965
v -0.60351 0.29659 0.0142552
v -0.35259 0.397129 0.172776
v 0.947599 -0.329216 -0.506796
v -0.472346 0.383673 0.144423
v -0.338795 0.40688 0.185997
v 0.662149 0.270918 0.173519
v -0.770193 0.436042 0.174763
v 0.690939 0.278145 0.160355
v 1.04068 0.018393 -0.103693
v 1.18666 -0.00492712 -0.0870956
v -1.06132 0.128562 -0.221236
v 0.958887 -0.342265 -0.518579
v 0.610407 0.272658 0.155986
v -0.334576 0.596484 0.401437
v 1.24142 -0.033286 -0.112403
v 1.05972 0.0253472 -0.1073
v 0.386727 0.502193 0.373865
v -0.477679 0.651133 0.450417
v 0.581428 0.280222 0.136769
v 0.858616 -0.258492 -0.449414
v -0.854052 -0.143805 -0.49546
v -1.00894 0.594563 0.343672
v -1.06194 0.252206 -0.0683518
v 0.774056 0.212627 0.0767391
v 1.1905 -0.116742 -0.216729
v 1.15867 0.378958 0.307674
v -0.506796 0.722006 0.51081
v 0.720133 -0.263788 -0.421952
v 0.908398 0.240249 0.137068
v -1.03492 -0.274551 -0.663116
v 0.60888 0.666467 0.591681
v -1.03081 0.49897 0.20021
v -0.798773 0.429337 0.158064
v -0.717396 0.329748 0.0876437
v 0.912589 -0.414406 -0.602548
v -1.02139 0.141782 -0.205532
v -0.931052 -0.288408 -0.682025
v 0.566371 0.671218 0.590138
v 1.01713 0.36847 0.308218
v 0.959899 0.229514 0.13544
v -0.884378 -0.130397 -0.49966
v 0.818193 0.248897 0.136307
v -1.18211 0.151856 -0.244367
v 0.849745 0.253659 0.157241
v -0.319475 0.573172 0.38301
v -1.06854 -0.237741 -0.651902
v 0.727705 -0.27506 -0.463717
v 1.27085 -0.038223 -0.139026
v -0.327711 0.585797 0.397283
v -0.782124 0.465918 0.204386
v -0.964569 0.154652 -0.143193
v -0.96023 0.167622 -0.123728
v 1.06931 0.380313 0.321018
v -0.376016 0.585263 0.391995
v -1.06102 0.599187 0.330948
v -0.798466 0.403599 0.146462
v -0.750473 0.360684 0.105716
v -0.998916 0.466807 0.188235
v -1.19948 0.15053 -0.219113
v -0.46531 0.787592 0.61186
v 0.725733 -0.301716 -0.492094
v -0.910767 0.427916 0.152308
v -0.884521 0.423898 0.151754
v -0.944962 0.440921 0.165652
v 0.859027 0.244586 0.148828
v 0.719006 0.272859 0.15529
v -0.498167 0.74205 0.557584
v -0.855022 -0.254588 -0.637968
v -1.11334 0.123573 -0.218699
v 0.875 0.294824 0.228415
v 0.923173 0.338694 0.259112
v 1.12097 0.00236191 -0.0793282
v 0.215643 0.388086 0.242477
v -1.06223 0.11433 -0.208053
v 1.13851 0.297754 0.256848
v -0.488108 0.661719 0.474931
v -0.191291 0.478562 0.314566
v -0.431912 0.385732 0.138029
v 0.980594 -0.0160749 -0.134248
v 0.896498 0.324943 0.232854
v 0.425626 0.31175 0.180753
v 0.467329 0.393446 0.270493
v 0.78036 -0.384505 -0.578713
v 0.289931 0.463436 0.300969
v 0.508396 0.468604 0.365127
v 1.02118 0.0122959 -0.121787
v 0.865096 0.275956 0.18207
v 1.09431 0.268825 0.177426
v -0.304592 0.670094 0.497314
v 0.4221 0.562313 0.458174
v -0.927959 0.418528 0.163356
v -0.898822 -0.276991 -0.669309
v 0.501717 0.63639 0.56087
v -0.326868 0.717322 0.550775
v 0.40688 0.507451 0.40223
v -0.0742117 0.427635 0.225109
v 1.1549 0.339296 0.287489
v -0.0427356 -0.132333 -0.399198
v -0.955259 0.587461 0.337294
v 1.26756 -0.0673871 -0.164259
v -0.235262 0.528754 0.337067
v 0.0715449 0.398969 0.238955
v 0.94374 -0.35313 -0.513957
v -1.02243 0.238756 -0.0707635
v 0.16389 0.402603 0.224064
v -0.229882 -0.137331 -0.370441
v 0.830393 0.258568 0.160337
v -0.396904 0.573306 0.39005
v -1.04945 -0.223538 -0.598743
v 0.85294 0.270043 0.17681
v -0.272086 0.550404 0.368687
v 1.08548 0.379488 0.32232
v -0.874117 -0.139949 -0.483577
v 0.466013 0.614963 0.52544
v -0.90781 -0.146881 -0.46334
v 0.957043 -0.0544455 -0.160289
v 0.842617 0.24684 0.145777
v 0.802403 -0.256987 -0.426941
v -0.991666 -0.295844 -0.672
v 0.624558 0.577051 0.507075
v -0.379912 0.761682 0.601539
v 0.953539 0.343993 0.288424
v -0.300692 0.567492 0.394419
v 1.21464 -0.00771756 -0.0954829
v -1.04852 0.514623 0.215727
v -0.379394 0.566926 0.378932
v 0.948207 -0.375175 -0.534228
v 0.244078 0.417396 0.272169
v 0.718889 -0.291312 -0.473243
v 0.854602 0.234178 0.14229
v -0.996171 0.133544 -0.18214
v -0.155902 0.428305 0.275594
v -0.36124 0.534838 0.325337
v 0.873358 0.293277 0.209133
v 0.640932 -0.0205875 -0.173838
v 0.652843 -0.00349602 -0.150759
v -0.82308 -0.256942 -0.582389
v -0.842898 -0.259971 -0.612541
v -0.795684 -0.191887 -0.523199
v -0.66533 0.310731 0.0603652
v -0.865202 0.531541 0.30929
v 0.56807 0.496722 0.420027
v -0.10518 0.429943 0.223369
v 0.937749 -0.305083 -0.492772
v 1.21771 -0.0290844 -0.0959353
v 0.995204 0.230381 0.138808
v -0.605318 0.271093 -0.00356977
v 1.03914 0.0139921 -0.0917656
v -0.588888 0.407964 0.189768
v 0.662961 0.0390422 -0.067993
v -0.625776 0.205177 -0.0416633
v -0.620042 0.236338 -0.0515374
v -0.376787 0.491817 0.299153
v 0.77123 -0.376869 -0.565
v 0.526058 0.279054 0.14069
v 1.13078 0.31232 0.285043
v -0.819963 -0.166151 -0.529922
v -0.820242 -0.24046 -0.58606
v 0.637721 0.618044 0.544961
v -0.428073 0.790912 0.618553
v -1.01375 0.226735 -0.0619298
v -0.633693 0.145107 -0.10619
v -1.03404 0.122187 -0.207676
v 0.719965 -0.330173 -0.502634
v 0.801119 0.194334 0.0912753
v 1.14757 0.295982 0.215633
v 0.484398 0.400574 0.301298
v 0.88447 -0.309231 -0.441222
v 0.0202985 -0.141075 -0.400633
v 0.733397 -0.257051 -0.415217
v -0.33848 0.415054 0.196557
v -0.817878 -0.156703 -0.473185
v 0.83705 -0.268099 -0.429578
v 0.539814 0.270812 0.150076
v -0.806313 0.497619 0.256483
v -1.01681 0.573722 0.33808
v 0.890306 0.306101 0.250233
v 1.13183 -0.125241 -0.220873
v 0.755019 -0.250651 -0.436704
v 1.11559 0.2795 0.192582
v 1.23512 -0.104388 -0.212083
v 0.668751 0.153859 0.0219548
v 0.362113 -0.128785 -0.355028
v -0.309972 0.582317 0.410705
v -0.776633 0.460401 0.21841
v -0.792018 -0.18498 -0.502917
v -1.07773 0.552346 0.277242
v -0.601842 0.41495 0.186575
v -0.310137 -0.0744928 -0.366243
v -0.905037 0.415279 0.152928
v -0.720174 0.430698 0.200942
v 1.00506 -0.0928877 -0.204073
v -0.235714 0.526689 0.355588
v -0.192835 -0.0934817 -0.390203
v 0.891482 -0.417374 -0.590975
v 0.126867 -0.178052 -0.385443
v -0.309795 0.597242 0.425281
v 0.937145 0.210343 0.138302
v 0.842569 0.265608 0.180585
v -0.249081 0.533974 0.363128
v -0.756763 0.437856 0.182927
v -0.155166 -0.130698 -0.38808
v 0.581135 0.643473 0.586209
v -0.3531 -0.0845324 -0.351257
v -0.391493 0.567135 0.385702
v -0.763843 0.442231 0.191871
v 1.0045 -0.0773111 -0.203409
v 0.986241 -0.00832149 -0.0984906
v -0.486079 0.736096 0.569303
v 0.510995 0.61299 0.564462
v -0.368308 0.736624 0.593801
v -0.939134 -0.131485 -0.511418
v 0.987108 0.324359 0.310111
v 0.619609 0.625409 0.566304
v -0.899221 0.569682 0.320647
v -0.879548 0.407556 0.153767
v -0.823353 0.396316 0.151776
v 0.850358 0.272917 0.196742
v -0.134832 0.4267 0.240004
v 0.842631 -0.283194 -0.414306
v -0.471104 0.749323 0.589062
v -1.01531 -0.283509 -0.621788
v -0.417721 0.759147 0.606434
v -1.00651 -0.291836 -0.679143
v 0.192825 0.384461 0.236534
v 0.507537 0.427521 0.351265
v -0.785744 -0.214059 -0.521649
v 0.828304 -0.26546 -0.417978
v -0.33962 0.381886 0.187133
v 0.429883 0.341488 0.22769
v 0.539153 0.258098 0.155637
v -0.528354 0.387664 0.172589
v 0.633982 0.269 0.171022
v -0.461389 0.604367 0.437774
v 0.753512 -0.347298 -0.561917
v 0.274567 0.449131 0.302482
v -1.03312 0.494083 0.243069
v 0.429622 0.565993 0.48337
v -0.305685 0.665002 0.513337
v 1.08419 0.000928818 -0.0769344
v -0.47352 0.619192 0.464076
v -0.300142 0.650796 0.457403
v -0.521441 0.373343 0.179248
v 0.0220963 0.389312 0.247462
v 1.05313 0.0107831 -0.086683
v 0.46393 0.377257 0.272873
v 0.416937 0.519558 0.412477
v -0.609153 0.278841 0.0308363
v 0.402513 0.497009 0.412369
v -1.2224 0.17168 -0.168818
v 1.00528 0.00304357 -0.10105
v 0.448571 0.582977 0.504882
v 0.939366 -0.324785 -0.491576
v -0.417406 0.577284 0.402503
v 0.895392 -0.301433 -0.449677
v -0.303034 0.604196 0.445185
v -0.334843 0.371611 0.200589
v -0.786617 0.461399 0.249031
v -0.230815 0.510613 0.368609
v -0.448362 0.756026 0.602005
v -0.666014 0.43204 0.189385
v 1.06426 -0.119546 -0.216462
v 0.362767 0.489058 0.373861
v 0.510304 0.260603 0.146745
v -1.12355 0.248528 -0.0631656
v -1.16796 0.115877 -0.171365
v -0.124071 0.413613 0.235684
v 0.132707 0.37061 0.24217
v 0.544805 0.494288 0.394728
v -0.645837 0.287668 0.057202
v -0.330707 0.389087 0.198791
v 0.722237 0.266048 0.179483
v -0.499479 0.678314 0.508554
v 1.03059 -0.104855 -0.211523
v -0.604441 0.274547 0.0182236
v -0.620931 0.134581 -0.145661
v -0.333517 0.397966 0.203447
v 0.78875 -0.254966 -0.40861
v 0.656112 0.125984 -0.00724318
v 0.766538 0.180141 0.0669586
v 0.772154 0.253868 0.197469
v -0.216795 0.492485 0.358651
v -0.951663 -0.150548 -0.497408
v 0.847799 -0.416674 -0.584091
v 0.639375 0.278211 0.154943
v -0.444061 0.593586 0.417109
v 0.506903 -0.0793123 -0.294196
v 0.750154 0.264677 0.156843
v -0.617819 0.288195 0.0343682
v -0.7628 0.446141 0.216203
v -0.884994 -0.142324 -0.466438
v 0.730724 0.168359 0.0490818
v -0.78176 0.383598 0.130509
v -0.627729 0.0841218 -0.151628
v -0.799507 0.394403 0.144451
v 0.441176 -0.114067 -0.329441
v 0.939399 -0.364848 -0.513612
v 0.608354 0.643503 0.58185
v 0.598858 0.535421 0.462438
v -0.916745 -0.298519 -0.654101
v -0.502112 0.698826 0.529436
v 1.12208 0.385537 0.320745
v -1.02934 -0.203875 -0.550458
v -0.891717 -0.295486 -0.628411
v 0.921674 -0.410115 -0.579465
v 0.97888 -0.0596676 -0.18964
v -0.985033 0.114247 -0.169422
v 0.706816 -0.318989 -0.485222
v 1.18469 -0.0299972 -0.081124
v -0.963738 -0.304578 -0.656582
v 0.808 0.259704 0.161642
v 1.1925 -0.118548 -0.198843
v -0.73739 0.433188 0.208468
v -0.867398 -0.149163 -0.444373
v -0.397253 0.534818 0.37111
v 0.700574 -0.283977 -0.42741
v 1.06011 0.351161 0.318212
v -1.19038 0.210501 -0.0943547
v -0.98778 0.593259 0.343814
v -1.04609 0.55753 0.317247
v 0.838358 0.197346 0.119479
v 0.808211 -0.264159 -0.40807
v 0.190962 0.370626 0.244504
v 0.850177 0.20497 0.130244
v 0.661035 0.0122122 -0.110065
v -0.364037 0.447574 0.265213
v -0.210018 0.47519 0.361812
v 0.418827 0.298009 0.201504
v -0.346042 0.417386 0.233321
v -0.531539 -0.00479956 -0.260687
v -0.568971 0.394811 0.193786
v 0.526616 0.463506 0.388646
v -0.981916 -0.173954 -0.505496
v 1.13415 0.352187 0.306404
v 0.848096 0.272054 0.207812
v -0.39158 0.546743 0.37243
v -1.02037 0.105142 -0.188303
v -0.121904 0.384469 0.245876
v 0.83764 0.179088 0.116304
v 0.230472 0.365655 0.266499
v 0.548467 0.620151 0.575961
v 1.234 -0.0941295 -0.176414
v 0.428095 0.283716 0.194368
v 0.240665 0.400711 0.27504
v -1.07226 0.541885 0.264506
v 1.16806 -0.012264 -0.0765119
v 1.02118 0.347131 0.313617
v -1.02333 0.226705 -0.0529625
v 0.58552 0.607895 0.570302
v 0.103902 -0.209418 -0.37886
v -0.444467 0.356082 0.162625
v 0.696017 0.266425 0.184382
v 0.927568 -0.388156 -0.5214
v 1.22314 -0.0422791 -0.103157
v -0.0364232 0.409316 0.233454
v -0.288936 0.554688 0.403673
v -0.677891 0.427477 0.200979
v 0.963505 -0.0242828 -0.108227
v -1.16787 0.120077 -0.188341
v 0.740878 -0.379241 -0.523317
v 0.873017 0.203584 0.136767
v -0.297618 0.643418 0.489776
v 0.411016 0.5101 0.448818
v -0.19783 0.467646 0.332303
v -0.998796 0.447234 0.223887
v 1.24015 -0.0532655 -0.124292
v 0.509682 0.436692 0.361495
v 0.935973 -0.342114 -0.491175
v 0.600359 -0.046993 -0.220895
v 0.503599 0.411484 0.347826
v 0.974587 0.214037 0.145352
v 0.170177 0.36593 0.243396
v -0.475722 0.616821 0.484159
v 0.518175 0.463059 0.377427
v -0.851762 -0.272213 -0.613725
v -0.610716 0.240546 0.0265072
v 0.725165 -0.345149 -0.510188
v 0.601499 0.548919 0.503836
v 1.02776 0.00778931 -0.0892861
v -0.617929 0.232194 -0.00802251
v -0.48628 0.712911 0.564725
v -0.932286 0.412499 0.173059
v -1.09274 0.23173 -0.0448503
v 0.666871 0.0848991 -0.0262501
v 1.12778 -0.0232822 -0.0668549
v -1.13588 0.108369 -0.192614
v 0.707293 -0.347495 -0.488773
v 1.01455 0.209632 0.161533
v -1.02285 0.474731 0.234245
v 0.420298 0.319115 0.219594
v 1.04067 -0.00182574 -0.0717821
v -0.327631 0.374622 0.211432
v -0.934295 -0.306566 -0.639997
v -0.274725 0.538166 0.406613
v -0.924357 0.554127 0.333023
v -0.91458 0.40991 0.157538
v 1.05018 0.221902 0.181937
v -0.408801 0.554223 0.394598
v 0.0655215 -0.175857 -0.390602
v 0.470797 -0.156051 -0.295143
v 1.0058 -0.121171 -0.190475
v -0.924616 -0.155968 -0.456037
v 1.05059 0.322832 0.314793
v -0.429606 0.73549 0.599454
v 0.299879 -0.180025 -0.360092
v -0.971515 0.142037 -0.156599
v -1.05585 0.538411 0.288661
v 0.463952 0.58379 0.528368
v 0.737991 0.257368 0.19431
v -1.0632 0.212518 -0.0330966
v 0.689854 -0.280808 -0.40278
v -1.02579 0.546003 0.320857
v -1.1843 0.220839 -0.0892941
v -0.637761 0.40576 0.223472
v -1.17768 0.123583 -0.162974
v 0.8196 -0.412473 -0.58364
v -0.883937 0.379912 0.166814
v -0.00533373 -0.184699 -0.387207
v -0.139255 -0.191404 -0.375119
v 0.966074 -0.100739 -0.180541
v 0.90057 0.199624 0.140407
v 0.962452 -0.0849111 -0.178764
v -0.389432 0.515677 0.345596
v 0.90763 -0.414354 -0.555403
v 1.11703 -0.147636 -0.183782
v 0.570438 0.245431 0.168766
v -0.844522 0.394504 0.153498
v -0.82661 -0.154702 -0.459085
v -0.976062 0.197617 -0.0489264
v -0.835286 0.501213 0.290931
v -0.996797 0.559467 0.336439
v -1.03947 -0.252856 -0.612386
v -1.18339 0.142472 -0.135023
v -0.989406 0.213072 -0.0745745
v -0.296293 0.563669 0.423692
v 0.524098 0.581229 0.561074
v 0.947161 -0.0645728 -0.150028
v 1.08096 0.282598 0.295334
v 0.71785 -0.26844 -0.388981
v 0.93678 0.195119 0.147907
v 0.795676 -0.409254 -0.563531
v -0.341036 0.364547 0.197145
v 0.071786 0.384594 0.248138
v -0.47916 0.67066 0.552106
v 0.304268 0.444692 0.354278
v -0.31518 0.673018 0.531924
v -0.301734 0.633326 0.50774
v -0.484761 0.365864 0.162495
v 0.968743 -0.020725 -0.077925
v 1.06938 0.234275 0.211812
v -0.372171 0.700769 0.589725
v 0.333316 0.454018 0.375675
v 1.00489 -0.00501283 -0.0763544
v 0.800212 0.257249 0.196104
v 0.424051 0.32692 0.241678
v 1.09726 -0.129169 -0.210551
v -0.299853 0.596161 0.466524
v 0.770703 -0.389789 -0.551407
v 0.844664 0.267874 0.225565
v 1.02474 -0.00421556 -0.069745
v -0.784096 -0.205123 -0.51143
v -0.959604 0.418693 0.208579
v 0.701957 0.140758 0.0499369
v -0.374284 0.47336 0.287664
v 0.906211 -0.408066 -0.538898
v -0.444987 0.344484 0.165035
v -0.359825 0.41266 0.266407
v 0.457642 0.360066 0.283798
v 0.952321 0.333637 0.293082
v -0.626882 0.271723 0.0536841
v -0.32217 0.680602 0.544273
v 0.963305 0.192905 0.15122
v 0.660214 0.132424 0.0224411
v 0.72277 -0.354619 -0.498269
v -0.94623 -0.179031 -0.455473
v -0.346222 0.694528 0.574518
v 0.400354 0.483015 0.43186
v 0.349307 0.477014 0.373584
v -0.303592 0.580834 0.438982
v -0.735008 0.426289 0.226333
v -1.01531 0.46575 0.240572
v 0.502251 -0.150231 -0.27421
v -0.865885 0.373016 0.167984
v -0.670806 0.286604 0.0748994
v -0.147068 0.397163 0.259467
v 0.528746 0.240544 0.157393
v 0.904138 -0.316956 -0.455326
v -0.915992 0.395019 0.170928
v 0.66791 3.98634e-05 -0.100175
v 0.863005 -0.291252 -0.425757
v -0.473577 -0.0258534 -0.299008
v 0.423411 0.533773 0.491707
v -0.755187 0.34262 0.109222
v -0.865152 0.505414 0.314907
v -0.988916 -0.215725 -0.486736
v -0.459902 0.347866 0.163743
v 1.12303 0.278645 0.234937
v -1.00548 -0.179732 -0.523955
v -0.785317 -0.226063 -0.521095
v 0.410438 0.29943 0.212261
v -0.410693 0.528734 0.388718
v 0.690705 -0.329728 -0.462206
v -0.812779 0.379827 0.14937
v -1.03053 0.499933 0.278717
v 0.658611 8.76995e-05 -0.118426
v -0.492702 0.665394 0.518777
v -0.636906 0.11486 -0.122134
v -1.03244 -0.242966 -0.565275
v -0.956555 0.182072 -0.0613717
v 0.767544 -0.258223 -0.403781
v 0.833807 0.262554 0.21946
v 0.748153 -0.258365 -0.408042
v 0.687265 -0.315668 -0.453813
v -0.307762 -0.150698 -0.348633
v 0.932276 -0.0756867 -0.145571
v -1.11311 0.224341 -0.0468854
v 0.373128 -0.178213 -0.338656
v 0.950206 -0.0479876 -0.136375
v 0.581025 0.579831 0.557683
v 0.576539 0.587244 0.565383
v 1.04229 0.216209 0.192865
v 0.94622 -0.0385679 -0.11091
v 1.20811 -0.101835 -0.160763
v 0.933312 -0.396408 -0.544309
v -0.964641 -0.307052 -0.639118
v 0.87801 0.174319 0.137694
v 0.474355 0.571667 0.540875
v 0.566678 0.583949 0.56395
v 0.683416 -0.307518 -0.441306
v -0.459061 0.678956 0.5739
v -0.643661 0.146241 -0.0729441
v 1.01979 0.302111 0.31164
v 1.17894 -0.121928 -0.173918
v 0.972883 -0.122315 -0.175343
v -0.199209 -0.198743 -0.362147
v 0.494595 0.573086 0.551931
v 0.654378 -0.0452629 -0.14426
v 0.604001 0.580653 0.540371
v 0.626125 0.251644 0.184213
v 1.09393 0.302484 0.300696
v 0.615346 -0.0659241 -0.198568
v 0.556515 0.46925 0.419824
v 0.24976 0.348845 0.277396
v -0.956329 0.111653 -0.146536
v 0.669135 0.255694 0.196433
v 1.10864 -0.0197623 -0.0635742
v 0.536131 0.449956 0.415586
v 0.875995 0.285087 0.246611
v 0.579465 0.53775 0.52059
v -0.856198 0.36606 0.163611
v -0.638387 0.158172 -0.0589261
v -1.01218 0.212779 -0.0387851
v -0.416603 0.548162 0.403089
v -0.422666 0.360561 0.164614
v 0.357962 0.462543 0.40152
v 0.715658 0.256679 0.201591
v 0.151615 0.350657 0.251259
v -0.397564 0.494067 0.352648
v 0.662446 0.0401863 -0.0403816
v -0.0884609 0.361388 0.254295
v -0.42627 0.695529 0.595462
v -0.41629 0.341964 0.177287
v -0.955391 0.538754 0.336344
v 0.469434 0.365709 0.304443
v -0.18279 0.427868 0.317129
v 0.567436 0.481311 0.447056
v -0.608979 0.263918 0.0408042
v -0.373437 0.352642 0.19725
v -0.54006 0.366702 0.19263
v -0.902285 -0.161529 -0.428504
v -0.447054 0.687415 0.584992
v -0.816154 0.345642 0.157269
v -0.333609 0.38003 0.259856
v -0.817053 -0.160311 -0.417211
v -0.849916 -0.292934 -0.576373
v -0.781544 -0.186989 -0.462948
v 0.450317 0.552603 0.521523
v 0.506891 0.412584 0.364103
v 0.583798 0.520598 0.491855
v -0.322854 0.36892 0.210862
v 0.225178 0.335078 0.26084
v 1.03508 -0.132175 -0.195554
v 1.0324 -0.0194434 -0.0541963
v 1.19822 -0.0585414 -0.0975139
v 0.859083 0.185762 0.12736
v -0.683743 0.26681 0.102666
v -0.652425 0.121396 -0.093968
v -0.429231 0.534082 0.428536
v 0.902077 0.301794 0.269363
v -1.05853 0.0875082 -0.182714
v 1.06239 -0.0161427 -0.0603771
v -0.831393 0.369683 0.155734
v 0.653469 0.107183 0.0347489
v 0.692902 0.242796 0.213305
v 0.67016 0.0187976 -0.0613996
v 0.675639 -0.0119112 -0.0999436
v -0.929226 -0.180165 -0.436413
v -0.786091 0.336112 0.133945
v -0.633777 0.17392 -0.0403737
v -0.994403 0.0920925 -0.169655
v -0.776956 -0.207318 -0.482541
v 0.962125 -0.115213 -0.171837
v -0.393197 0.477767 0.336686
v 0.801318 0.252064 0.213945
v 0.870432 -0.423816 -0.554785
v -1.02559 -0.267135 -0.59313
v 1.1258 -0.034149 -0.0593606
v 0.301314 -0.211117 -0.349556
v 0.673999 -0.320297 -0.444449
v 0.900515 -0.35088 -0.45589
v -0.884904 -0.153414 -0.43191
v -0.251622 -0.213582 -0.345399
v 0.266017 -0.246485 -0.340549
v 1.22414 -0.0788598 -0.138788
v -0.331297 0.38181 0.223078
v 0.840088 -0.426092 -0.555248
v 1.06343 -0.140206 -0.194547
v 0.239511 0.385266 0.276445
v -1.02119 0.505572 0.301981
v -0.14119 0.375761 0.254145
v 0.41223 0.313899 0.250579
v 1.00941 -0.0177851 -0.0557609
v -1.16935 0.197627 -0.0778393
v -1.09495 0.0936232 -0.18554
v 0.523961 0.436 0.410211
v -0.156835 0.37816 0.26911
v 0.910132 -0.372243 -0.47641
v 0.705852 -0.370425 -0.475302
v -0.325244 0.359245 0.209217
v -0.0163121 0.380415 0.247193
v -0.912296 -0.31106 -0.611323
v 1.15298 -0.136185 -0.17817
v -0.650113 0.0970256 -0.115002
v -0.718963 0.416122 0.228946
v -0.979235 -0.207204 -0.47462
v -0.849252 0.499582 0.306125
v -0.571101 0.376396 0.209391
v 0.271857 0.402248 0.321897
v -0.73769 0.303747 0.108865
v -0.419078 -0.077343 -0.322734
v 0.872517 -0.421111 -0.519036
v -0.93408 0.537518 0.332822
v -1.03094 -0.233006 -0.554436
v -0.903801 0.38513 0.176437
v -0.50257 0.352098 0.180647
v 0.683921 -0.0184926 -0.0974142
v 0.0696693 0.363971 0.256936
v 0.187025 0.33499 0.255188
v -0.912388 0.136173 -0.0671599
v 0.984987 -0.0142611 -0.0701417
v 0.41678 0.28128 0.204442
v 0.208384 0.349495 0.254823
v 0.676596 0.00470588 -0.0689936
v -0.332658 0.665486 0.55747
v 0.799822 -0.416806 -0.549129
v 1.13901 -0.043485 -0.0617325
v -0.34444 0.679617 0.574773
v -1.17101 0.128926 -0.125307
v -1.0032 -0.285713 -0.586339
v 0.415923 0.528107 0.469519
v 0.546258 0.564031 0.555628
v 0.941566 -0.0373899 -0.0847297
v 1.03792 0.309707 0.314889
v -0.842948 0.343045 0.172537
v 0.91303 -0.0858857 -0.124408
v -0.219207 0.477681 0.371073
v -0.408185 0.503359 0.370094
v -0.177944 0.405824 0.302258
v -0.299023 0.558534 0.470899
v 0.692707 -0.0355921 -0.107707
v -1.11528 0.086101 -0.167219
v -1.01027 0.513405 0.314877
v -0.318479 0.634353 0.538453
v 0.378212 0.460913 0.419572
v 1.08219 0.265871 0.277001
v -0.278356 0.522898 0.429911
v -0.253878 0.518486 0.398843
v 0.692978 -0.348665 -0.465379
v -0.610588 0.39744 0.217856
v 0.444222 0.338753 0.304375
v 0.902273 0.179338 0.142506
v 0.282679 0.419696 0.335869
v -0.807426 0.444334 0.283172
v -0.896474 0.523624 0.326571
v 0.954456 0.176188 0.161269
v 0.476878 0.255768 0.169884
v -0.778254 0.450967 0.247741
v 0.662592 0.242545 0.207447
v 1.05799 0.228453 0.232609
v 0.550004 0.469653 0.47332
v -0.677628 0.412395 0.225611
v -0.78507 0.319547 0.141481
v -0.626352 0.195169 -0.01283
v -0.433042 0.524798 0.447895
v -0.682633 0.372976 0.25459
v 0.701257 0.126273 0.0617484
v 0.506307 0.223116 0.165064
v 0.392597 0.273587 0.224082
v 1.08634 0.254213 0.253733
v -0.925886 0.124976 -0.108725
v 0.819012 -0.426985 -0.518735
v -0.994919 0.517648 0.322041
v 0.98428 0.18784 0.169762
v -0.465102 0.602243 0.503066
v 0.380722 -0.221491 -0.314293
v -0.979809 -0.301973 -0.620677
v 0.654492 0.105208 0.0484101
v 0.775634 -0.28607 -0.360569
v 1.00986 0.194683 0.182678
v 0.556934 0.466524 0.433802
v -0.601788 0.229278 0.0597353
v -0.642542 0.161806 -0.0191982
v 0.0567894 -0.230122 -0.372904
v 0.872118 -0.341649 -0.421964
v 0.670164 0.0243127 -0.0413543
v -0.799517 -0.258387 -0.529089
v -0.527853 -0.0757345 -0.251961
v -0.386562 0.460991 0.318443
v 0.737846 0.238527 0.222199
v 0.402387 0.470952 0.44661
v -0.605011 0.228471 0.047874
v 0.645096 -0.0568054 -0.15513
v -0.0934598 -0.199205 -0.376747
v -1.13734 0.0931469 -0.165343
v -1.00812 -0.226634 -0.514264
v 0.334103 0.426319 0.392272
v 0.925936 -0.0581906 -0.110569
v 0.75838 -0.28026 -0.355805
v -0.975037 0.0939501 -0.156314
v 0.472776 -0.188289 -0.280118
v -0.149201 0.371615 0.262046
v 0.88381 -0.340816 -0.430515
v -0.935505 -0.311505 -0.615471
v -0.311014 0.357806 0.220239
v 0.558616 0.471229 0.456418
v -0.211029 0.457088 0.362087
v 0.0663507 0.348628 0.261865
v 0.946461 -0.0860591 -0.160982
v -0.916416 0.374682 0.212153
v -0.669833 0.138545 -0.058671
v -0.465934 0.621704 0.527038
v 0.669387 -0.0494087 -0.129048
v -0.318333 0.346136 0.217327
v 0.717314 -0.0108528 -0.0697351
v -0.701277 0.124336 -0.0689358
v -0.367826 0.650972 0.575923
v -0.897393 -0.310219 -0.594258
v 0.256178 0.3526 0.289183
v 0.746046 -0.0253033 -0.0853456
v -0.871502 0.460022 0.315328
v 0.714849 -0.0347749 -0.0992081
v -0.673624 0.119261 -0.0824874
v 1.03783 0.263994 0.298079
v -0.952403 0.48093 0.318756
v -0.35306 0.39278 0.297369
v -0.393223 0.688186 0.595811
v -0.691911 0.1166 -0.0844706
v 0.67834 0.0138047 -0.0349184
v 1.18325 -0.0915822 -0.114516
v -0.308092 0.345612 0.223464
v 1.05219 0.23171 0.246912
v 1.15111 -0.129247 -0.124802
v -0.647856 0.154469 -0.042624
v 0.841276 -0.428729 -0.530586
v 1.02483 0.203142 0.188996
v 0.690096 0.00494107 -0.0504153
v 0.552114 0.208944 0.17441
v -0.977806 0.443795 0.274735
v 0.571394 0.557922 0.545361
v -0.387991 -0.118145 -0.330585
v 0.956794 0.164494 0.173015
v 0.54578 0.519867 0.530474
v 0.991862 -0.0177811 -0.0580969
v 0.392952 0.294698 0.244237
v 0.385222 0.262794 0.223747
v -0.559437 -0.0328176 -0.229139
v 0.668535 -0.0901352 -0.138488
v -0.785287 0.446885 0.259116
v 0.391776 0.280951 0.229324
v -0.713286 0.284206 0.109003
v 0.901097 -0.084365 -0.116359
v 0.899426 0.266286 0.282367
v -0.832862 -0.279275 -0.573204
v -0.790069 -0.175537 -0.446145
v -0.403428 0.47231 0.361763
v 0.823686 -0.318172 -0.371182
v 0.502526 -0.195781 -0.259266
v 0.774072 0.138946 0.0809188
v -0.985143 0.484181 0.303225
v 0.994544 -0.142199 -0.165615
v 0.425819 0.323121 0.282012
v 0.407402 0.260342 0.213168
v 0.667473 0.107864 0.0630958
v 0.827266 0.24445 0.23744
v -0.603486 0.237072 0.0686887
v -0.720637 0.405118 0.246784
v -0.621453 0.194601 0.0252196
v 0.935074 -0.0406846 -0.0564964
v 0.476428 0.534796 0.5369
v -0.418295 0.321229 0.185726
v -1.07514 0.194145 -0.0231248
v 0.790559 0.126869 0.101191
v 0.433832 -0.177673 -0.307289
v -0.308467 0.597654 0.513046
v 0.775947 0.242806 0.224519
v 0.877121 0.15404 0.142011
v 1.00365 0.27147 0.309071
v -0.774919 -0.244498 -0.495195
v -0.30298 0.59887 0.502235
v -0.375531 0.438013 0.302117
v 0.967216 -0.12596 -0.167365
v -0.16451 0.351942 0.260163
v -0.689474 0.396446 0.242772
v 0.438551 0.517134 0.51613
v 0.775172 -0.0351675 -0.0814868
v -0.880063 -0.162828 -0.413906
v -1.02104 -0.256218 -0.549093
v -0.66371 0.150887 -0.012541
v 1.16616 -0.058079 -0.0752422
v 0.767594 -0.069175 -0.105692
v 0.884681 -0.354589 -0.433196
v -0.53579 0.342215 0.19952
v -0.826564 -0.164698 -0.388549
v -0.842749 0.451007 0.305158
v 0.792238 -0.0559643 -0.100649
v -0.662034 0.062163 -0.115628
v -0.675057 0.0853655 -0.107205
v 0.55983 -0.160598 -0.220889
v -0.130959 0.356287 0.262088
v 0.716696 -0.27949 -0.356349
v 0.874775 -0.40567 -0.473247
v 0.503591 0.401088 0.394335
v -0.740186 0.122118 -0.0591414
v -0.122349 0.351713 0.259001
v 0.523239 0.208067 0.169629
v 0.676825 -0.284826 -0.358532
v -0.114312 0.332658 0.264312
v 0.856416 -0.424599 -0.512962
v -0.190932 0.392306 0.312659
v -0.360076 -0.141095 -0.335622
v 0.218057 0.324564 0.259078
v 0.802853 -0.0486832 -0.0905438
v 1.03256 0.275851 0.304642
v -0.449835 0.555997 0.469956
v -0.970487 0.422199 0.245756
v -0.953489 0.0784652 -0.134425
v 0.422199 0.496284 0.491219
v 0.862575 0.240781 0.270419
v 0.738835 -0.0628527 -0.108716
v 0.961649 0.269401 0.306129
v -0.339993 0.38818 0.279496
v 0.93453 -0.134146 -0.14604
v -0.299841 0.338825 0.22985
v 0.7021 0.00211077 -0.0436225
v 0.648683 -0.308286 -0.384016
v 0.752494 0.110515 0.087255
v 0.529601 0.521724 0.540273
v -0.966558 0.458826 0.300748
v -1.01529 0.191205 -0.0194314
v 1.00605 -0.0449161 -0.0288791
v 0.930366 0.165784 0.159529
v 0.557354 0.505907 0.511994
v -0.444377 0.626757 0.560187
v -0.763209 -0.216989 -0.464068
v 0.952648 -0.032114 -0.0600084
v 1.16528 -0.0927044 -0.0959971
v -0.71633 0.135749 -0.0425363
v -0.755745 0.29138 0.132923
v -0.938993 0.159191 -0.0253332
v 0.807338 -0.0405451 -0.077064
v 1.0065 0.190316 0.231959
v 1.13315 -0.142986 -0.131258
v 1.01287 -0.145906 -0.173707
v -0.67082 0.375938 0.253286
v 0.769031 -0.0249984 -0.0670443
v -0.976975 0.191418 -0.0344559
v 1.03113 0.255263 0.299324
v -0.70586 0.088722 -0.0992539
v 0.368368 0.273961 0.234255
v -0.845981 -0.160377 -0.397847
v -0.790832 -0.174402 -0.390404
v -0.00312928 0.34369 0.263117
v -0.612571 0.366797 0.232916
v -0.325535 0.327659 0.223297
v 0.886784 -0.392262 -0.469707
v 1.1164 -0.151393 -0.158762
v -0.817278 0.440812 0.290568
v 0.269632 0.379406 0.314032
v 1.12885 -0.0542721 -0.0532914
v -0.284818 0.335805 0.237658
v 0.719997 -0.0738191 -0.118079
v 0.440861 0.342032 0.345189
v 1.15591 -0.0722943 -0.0696434
v 1.10635 -0.0485835 -0.04554
v 0.528447 -0.18801 -0.240795
v -0.24867 0.477675 0.413164
v -1.10344 0.203726 -0.0338919
v -0.278542 0.503981 0.439646
v 0.798939 -0.084921 -0.110812
v 0.371844 0.263463 0.225657
v -0.77278 -0.19505 -0.442137
v -0.294846 0.540845 0.459039
v 0.824953 0.130013 0.128597
v -1.03969 0.0751087 -0.17102
v 0.631267 -0.100506 -0.159236
v 1.07933 -0.0453426 -0.0395365
v -1.01138 0.0735121 -0.165096
v 0.51883 0.423521 0.424115
v -1.11759 0.0808649 -0.147106
v 0.605244 -0.105046 -0.195632
v -0.639716 0.383115 0.24269
v -0.287228 0.341629 0.247632
v 0.636031 -0.1225 -0.147447
v -0.817692 0.329768 0.167628
v 0.794743 -0.2801 -0.382679
v 0.258903 0.307646 0.263593
v 0.655703 0.095441 0.00604529
v 1.0557 0.24158 0.260934
v 0.659714 -0.332674 -0.415584
v -1.07835 0.0685352 -0.152503
v 0.956198 -0.131414 -0.156871
v -0.911088 0.139044 -0.0435568
v -1.01821 -0.268851 -0.564039
v -0.981611 0.0689398 -0.147126
v -0.563505 -0.0618979 -0.220014
v -0.350356 0.631484 0.56442
v 0.540859 0.190643 0.170444
v 0.790954 -0.419919 -0.518513
v -0.63583 0.0328475 -0.137335
v 0.494342 0.221676 0.173575
v -0.633286 0.171355 -0.000434511
v -0.154291 0.336385 0.259056
v -0.331678 0.374447 0.275034
v 1.03238 -0.15172 -0.175541
v -0.638439 0.054007 -0.137379
v -0.927666 0.474955 0.322832
v 0.644426 0.0844666 0.0554759
v 0.737286 -0.0107133 -0.0362179
v -0.992585 -0.263043 -0.505964
v -0.927992 0.0844806 -0.119738
v 0.690331 0.10031 0.0877513
v -0.90247 -0.197876 -0.388878
v -0.799028 0.323288 0.155111
v 0.896823 0.140202 0.158868
v -0.67243 0.147507 -0.0300809
v 0.694656 -0.371407 -0.456235
v 0.700673 -0.063622 -0.119762
v -0.980672 -0.233835 -0.473412
v -0.738791 0.400936 0.261046
v -0.959668 0.167058 -0.0170436
v -1.06577 0.181763 -0.0155826
v 0.88661 0.142183 0.149691
v 0.284697 0.339634 0.309701
v 0.868442 -0.35535 -0.417661
v -0.902081 0.105154 -0.0929356
v -0.331014 0.613723 0.546585
v -0.396888 0.651125 0.584755
v -0.477195 0.327309 0.173657
v 0.348307 0.276995 0.243338
v -0.751828 0.135755 -0.0294451
v 0.879435 -0.376873 -0.440006
v -0.207354 -0.228352 -0.352596
v -0.216839 0.403735 0.345566
v 0.471225 0.362801 0.349437
v -0.750142 0.101917 -0.0776599
v -0.957695 -0.308708 -0.585408
v 0.854052 -0.32035 -0.40093
v 0.418353 0.322286 0.311559
v 0.914491 -0.0509833 -0.063634
v 0.281727 0.293758 0.266497
v 0.272598 0.317231 0.278255
v -0.613703 0.233524 0.0885267
v -0.191012 0.370616 0.292881
v 1.11892 -0.0768965 -0.0486274
v 0.368527 0.252497 0.227524
v -0.429339 0.654579 0.583531
v 1.01673 0.260458 0.30575
v -0.960079 0.431438 0.278083
v -0.650643 0.155406 0.00228816
v 0.967922 -0.0307706 -0.0489124
v -0.196957 0.335098 0.271982
v 0.645094 0.087855 0.0765457
v -0.726748 0.273152 0.132655
v 0.910791 -0.107595 -0.130282
v -0.460251 0.583511 0.492931
v -0.89597 0.121207 -0.0696872
v 0.903138 -0.0649236 -0.0902169
v -0.892488 0.459294 0.31982
v -0.601007 0.220194 0.0807075
v 0.769667 0.232163 0.234383
v 0.678051 0.0122799 -0.0214047
v -0.39005 0.435904 0.349807
v 1.00383 -0.150171 -0.160161
v 0.673421 -0.361468 -0.437188
v -0.412295 0.463185 0.395244
v -0.887896 0.103762 -0.0834082
v -0.985775 0.160681 0.00195929
v -0.761256 0.120671 -0.0556513
v 0.840554 -0.0734364 -0.0904999
v -0.790179 0.413009 0.282396
v -0.798361 -0.271825 -0.515328
v 0.498697 0.525741 0.543083
v -0.737473 0.0717681 -0.0985344
v 0.825398 0.21945 0.251915
v -0.421946 0.500483 0.420583
v -0.399447 -0.165656 -0.309312
v 1.04243 -0.0454901 -0.0351037
v -0.301158 0.537098 0.47646
v -0.895972 0.357979 0.217832
v -0.961386 0.414492 0.237618
v 0.323683 0.409846 0.384542
v -0.597345 -0.0542023 -0.18084
v 0.660047 0.224874 0.215155
v 0.608234 -0.137355 -0.17391
v 0.662175 0.0243366 0.000882975
v 0.656265 -0.285966 -0.348536
v 1.15777 -0.0873647 -0.0818615
v -0.837911 0.329846 0.181494
v -1.09703 0.06656 -0.124308
v -0.236737 0.462603 0.400105
v -0.882544 0.427451 0.305531
v 0.648751 -0.302689 -0.376602
v 0.275646 0.335233 0.300991
v -0.814507 0.427262 0.296038
v 0.725261 -0.290429 -0.332313
v 0.819664 -0.0867069 -0.104948
v 0.325381 0.38998 0.381609
v -1.13973 0.102616 -0.106575
v 0.409499 0.453365 0.464373
v -0.711596 0.368338 0.262132
v 0.864925 -0.391967 -0.441135
v 0.893098 0.250338 0.28379
v -0.796529 -0.174693 -0.377778
v 0.852322 -0.0648538 -0.0734005
v -0.766233 0.0838427 -0.0879806
v -0.459982 0.294266 0.179945
v 1.02192 0.226265 0.278462
v 0.360096 0.25445 0.233008
v -0.844465 0.429913 0.300752
v -0.857139 0.0911836 -0.0824934
v 0.86088 -0.0824395 -0.0949507
v -0.719517 0.380275 0.264857
v 0.883258 -0.0869242 -0.101285
v 0.320833 0.276198 0.257928
v 0.891621 -0.0622089 -0.0667214
v 0.728221 -0.00640605 -0.0215462
v -0.845272 0.100484 -0.0764182
v -0.854118 0.110083 -0.0661653
v 0.972659 0.167327 0.18554
v -0.898077 0.130317 -0.050788
v 0.320924 0.266015 0.252666
v -0.341287 -0.186039 -0.32874
v 1.08062 -0.157464 -0.165435
v 0.34276 0.262479 0.241403
v -0.931417 0.399258 0.26219
v -0.815285 0.0972946 -0.0764182
v 0.634665 -0.338143 -0.380283
v 0.0620534 0.291601 0.278707
v -0.263423 0.335558 0.261855
v -0.895015 -0.318485 -0.533697
v 0.636629 -0.283696 -0.347701
v 0.783376 -0.424171 -0.489826
v 0.540267 0.452673 0.462764
v 0.925218 -0.135077 -0.139905
v -0.867785 0.350922 0.188082
v -0.566483 0.334498 0.214663
v -0.657304 0.243667 0.118528
v 0.230389 0.289578 0.260613
v -0.419465 0.617849 0.564494
v -0.707303 0.14184 -0.0223993
v -0.606538 0.23357 0.0791169
v -0.937942 -0.312561 -0.547827
v 0.315688 0.293255 0.279016
v 0.79693 0.120673 0.1151
v 0.705672 -0.0928738 -0.127459
v -0.518669 0.303167 0.193744
v -1.03532 0.0560141 -0.148097
v 1.00334 0.185801 0.208787
v -0.446253 0.617433 0.549186
v -0.208683 0.356387 0.292886
v 0.167058 0.336621 0.254111
v -0.614212 -0.0447985 -0.15828
v 0.757493 0.23056 0.234004
v -0.953521 0.0540528 -0.122195
v -0.781526 0.133598 -0.0277609
v 0.765314 0.108941 0.0956443
v 0.920175 0.143821 0.165939
v -0.275648 0.330886 0.24505
v -1.0768 0.173641 -0.0151421
v -0.313699 0.56023 0.510328
v 0.915352 -0.0515833 -0.0429787
v -0.390498 0.621752 0.571785
v 0.872226 0.128149 0.159621
v 0.978551 0.252923 0.30657
v 0.271286 0.282719 0.261018
v -0.961669 -0.225647 -0.444489
v 0.640097 0.0379978 0.0564267
v -0.922109 0.461891 0.319065
v 0.79922 -0.312264 -0.35662
v 0.330643 0.291565 0.278043
v -0.662785 0.3638 0.254516
v 0.661852 0.0151401 0.0216139
v -0.794195 -0.281982 -0.500124
v -0.632256 0.347794 0.245503
v 1.00039 0.237387 0.300506
v 0.308936 0.322288 0.32053
v 0.315527 0.28135 0.265805
v 0.197709 -0.288922 -0.336607
v -0.235459 0.444708 0.394907
v -0.661908 0.0462495 -0.115482
v -0.499228 -0.12963 -0.263918
v 0.28551 0.280186 0.261474
v 0.847197 0.122536 0.144756
v 0.878289 -0.101907 -0.109088
v -0.182971 0.327163 0.268685
v 1.06185 -0.0665998 -0.0258315
v 0.738081 -0.41106 -0.470564
v 0.332353 -0.263188 -0.31514
v 0.376235 0.310428 0.322328
v 0.44408 -0.224503 -0.28371
v 0.490304 0.381866 0.373369
v -0.610811 0.216995 0.0448822
v 0.49019 0.401259 0.451266
v -0.700107 0.0491715 -0.110685
v -0.709017 0.259258 0.138902
v 0.512881 0.492784 0.527762
v -0.317145 0.316476 0.233825
v -0.402868 0.453333 0.382786
v -1.13621 0.122558 -0.0750927
v 0.673391 -0.283618 -0.344924
v 0.386223 0.427244 0.442482
v -0.209458 0.38634 0.320779
v 0.885438 -0.0637516 -0.0450656
v -0.609432 0.231748 0.108867
v 0.637207 0.071808 0.0675286
v 0.618539 -0.266734 -0.313855
v 0.752185 0.0972408 0.105188
v 0.863029 -0.0591573 -0.0562413
v -0.766761 0.14138 0.0014311
v -0.628941 0.165471 0.0194095
v 0.848076 -0.351661 -0.390253
v 0.665352 -0.12796 -0.130694
v -0.855601 -0.313472 -0.535938
v 0.965131 -0.145382 -0.147259
v 0.937293 0.14594 0.186395
v 0.356417 0.405728 0.416722
v -1.03698 0.182212 -0.00958117
v -0.244887 0.331564 0.265026
v 0.639359 -0.269054 -0.315967
v 0.479073 0.180781 0.198889
v -0.310965 0.361623 0.294379
v 0.43495 0.47638 0.506287
v -0.836647 0.0892642 -0.0829099
v 0.70627 0.209939 0.234088
v 0.610343 -0.282929 -0.335608
v -0.915264 0.373991 0.242276
v -0.800549 0.304654 0.186716
v -0.221571 0.354882 0.295362
v -0.373917 0.588264 0.561155
v -0.432446 0.553316 0.516267
v -0.225583 0.335616 0.273335
v -0.596391 0.225545 0.0987596
v -0.239912 0.336551 0.273108
v -0.94751 -0.209275 -0.433393
v -0.441585 0.294224 0.185552
v 0.80561 0.105598 0.152629
v -0.854831 0.12141 -0.0491197
v 0.873184 -0.0612701 -0.0666197
v -0.795931 0.0850307 -0.0837152
v -1.07719 0.0546866 -0.121751
v 0.398054 0.441822 0.449863
v 0.834628 -0.0447268 -0.0391299
v 0.473683 0.493401 0.531776
v -0.465682 -0.108783 -0.288322
v -0.374236 0.303719 0.21597
v -0.426784 0.519542 0.4893
v 0.662111 0.0912015 0.0969
v -0.400613 0.60138 0.567958
v -1.12495 0.134535 -0.0543159
v -0.878034 0.342891 0.224901
v -0.808239 0.406065 0.291607
v -0.368587 0.417101 0.319854
v 0.520967 0.465075 0.50679
v 0.39692 0.420503 0.450688
v -0.82551 0.125388 -0.0418965
v 1.11779 -0.1026 -0.0541943
v -1.05923 0.161772 -0.00321897
v 0.317462 0.336858 0.348289
v -0.197432 0.327295 0.270021
v -0.63733 0.153588 0.0233659
v -0.120441 -0.25615 -0.353895
v -0.738882 0.380108 0.269544
v -0.428213 0.512089 0.457237
v -0.769603 -0.184023 -0.37519
v 1.11015 -0.152181 -0.129062
v -0.278627 0.322381 0.240659
v -0.986725 -0.255548 -0.493788
v 0.814717 -0.0382569 -0.0315778
v 0.752733 -0.307646 -0.323484
v -0.385348 0.600233 0.567358
v -0.971571 -0.30292 -0.550452
v -0.742821 0.270712 0.162049
v 1.15181 -0.110448 -0.0923556
v 0.521581 0.189285 0.172635
v -0.521419 0.279919 0.188538
v -0.90837 0.420631 0.298192
v 0.635295 -0.316091 -0.376197
v -0.709958 0.0448304 -0.106083
v 1.00624 0.208358 0.274484
v 0.798434 -0.427424 -0.465411
v -0.812994 0.305274 0.208161
v 0.895598 0.129279 0.170322
v -0.283339 0.485172 0.45119
v 0.63033 0.0771676 0.0900016
v -0.746275 -0.22818 -0.420352
v -0.928883 0.417785 0.28422
v -0.759671 -0.199383 -0.400731
v -0.235005 0.317191 0.257376
v -0.678958 0.250542 0.131996
v 0.841264 0.195572 0.266587
v -0.956048 -0.302266 -0.517517
v -0.313773 0.522324 0.492849
v 0.888645 -0.124099 -0.117615
v -0.805173 -0.17634 -0.366815
v 0.616687 -0.330476 -0.367933
v -0.745894 -0.220056 -0.409234
v -0.608621 0.330366 0.23278
v -0.351103 0.397133 0.333444
v 0.406186 0.322395 0.339102
v 1.06899 -0.0801693 -0.025405
v -0.889167 0.411588 0.29876
v -0.207226 0.31746 0.265873
v 0.705808 -0.286949 -0.331271
v -0.236207 0.387341 0.348313
v 0.355452 0.222645 0.245618
v -0.585803 0.223207 0.114773
v -0.586698 0.319595 0.224383
v 0.558319 0.17346 0.179308
v -0.674218 0.357033 0.25732
v -0.70273 0.142215 -0.00401425
v 0.495779 0.477783 0.529023
v 0.31356 0.255606 0.253856
v -0.566278 0.315832 0.211896
v -0.973485 -0.242051 -0.45714
v -0.856029 0.411452 0.299707
v -0.828149 0.408303 0.299332
v 0.694708 -0.383486 -0.445733
v -0.29194 0.500182 0.464241
v -0.762015 -0.251614 -0.471421
v 0.824128 -0.330729 -0.366636
v -0.428476 0.573635 0.538345
v -0.492497 0.268117 0.18633
v 0.513134 0.45019 0.499636
v 0.664756 0.200288 0.224577
v 0.455513 0.473631 0.519343
v -0.0652245 0.312212 0.277406
v -0.482794 0.276626 0.190145
v -0.414081 0.465088 0.416076
v 0.992629 -0.160438 -0.140905
v -1.00315 0.0497635 -0.138364
v 0.610026 -0.169998 -0.1344
v -0.0360026 0.314993 0.276794
v -0.877551 -0.184169 -0.37757
v 0.762228 -0.423824 -0.460789
v 0.199618 -0.214184 -0.365143
v 0.91819 0.13423 0.176876
v 0.98407 0.176717 0.244516
v 0.608549 0.151595 0.188014
v -0.632198 0.00446869 -0.135117
v 0.55221 -0.200475 -0.210776
v -0.387706 0.426493 0.392402
v 0.323797 0.307243 0.304447
v 0.499578 0.41499 0.459611
v -0.925533 -0.212488 -0.402896
v 0.70458 -0.121745 -0.126823
v 0.481969 0.387367 0.433453
v -0.56846 0.208769 0.127429
v 0.505303 -0.225302 -0.261229
v -0.241578 0.429006 0.392778
v 0.757869 0.206273 0.245612
v 0.641355 0.0880264 0.104673
v 0.595522 -0.288525 -0.329021
v 0.686635 -0.284356 -0.321261
v -0.260348 0.31521 0.249396
v -0.570996 -0.083189 -0.214429
v -1.1055 0.0733766 -0.104972
v -0.586445 0.210822 0.0993895
v -0.688938 0.136371 0.0214166
v 0.833879 0.110681 0.160323
v -0.341498 0.296658 0.232631
v 0.932447 0.218244 0.29375
v -1.08276 0.150048 -0.0168622
v -0.777325 -0.177105 -0.354073
v -0.356855 0.584282 0.551303
v 0.873744 -0.0592889 -0.0334434
v 0.838828 -0.410651 -0.437543
v -0.875167 0.0628307 -0.0917377
v -0.859561 0.330587 0.226303
v 0.466135 0.479188 0.526335
v 0.435879 0.344675 0.381903
v 0.683101 0.0870816 0.111069
v 0.696779 0.0902647 0.111719
v -0.784143 0.292468 0.178114
v 0.83635 -0.105652 -0.107958
v 0.419935 0.33618 0.362972
v 0.137991 0.284978 0.275703
v 0.968697 0.216147 0.296211
v -0.232469 0.400402 0.357744
v 0.481355 -0.219147 -0.268181
v 0.647382 -0.265592 -0.293447
v -0.70467 0.353722 0.263667
v -0.388539 0.424171 0.375637
v -0.570471 0.272905 0.196391
v -0.245023 0.343495 0.292502
v 0.558227 -0.268761 -0.295625
v -0.248445 0.365693 0.327825
v -0.726694 0.349706 0.265738
v -0.749789 -0.185209 -0.365681
v -1.06712 0.149699 -0.00436704
v 0.256802 0.269291 0.262311
v -0.737599 -0.176166 -0.344607
v 0.741786 -0.106144 -0.120278
v -0.920175 0.390247 0.269531
v -0.919416 0.0596755 -0.106254
v 1.07034 -0.164405 -0.127633
v -0.789473 0.0590596 -0.0906115
v 0.586813 -0.299464 -0.335425
v -0.838208 -0.190141 -0.349239
v 0.491343 -0.244096 -0.272167
v 0.59946 -0.254931 -0.276325
v -1.12154 0.0978547 -0.0753259
v 0.652134 0.176164 0.217102
v -0.599683 0.230664 0.128573
v -0.841993 -0.317267 -0.506327
v 0.77681 -0.0234477 0.000587985
v -0.979149 -0.277079 -0.504268
v -0.612033 0.189012 0.0553563
v 0.352787 0.39166 0.409531
v 0.446341 0.43478 0.488413
v -0.659183 0.23985 0.13957
v -0.948739 -0.234078 -0.426489
v 0.697893 -0.0047577 0.00696015
v 0.90355 -0.061304 -0.0240217
v 1.0627 -0.160277 -0.152751
v -1.02299 0.15587 0.00780924
v 0.37302 0.405509 0.430292
v 0.431312 0.424087 0.472306
v -0.976026 0.0421376 -0.122799
v -0.518486 0.265453 0.183172
v -0.826213 -0.298105 -0.524417
v 0.96191 -0.166382 -0.129239
v -0.505466 0.264177 0.185506
v 0.339951 0.356933 0.380205
v -0.909643 -0.220897 -0.377638
v 0.339744 0.320851 0.344918
v -0.890058 0.388373 0.285611
v 0.775969 -0.10688 -0.116929
v -0.466284 0.255642 0.194785
v -0.161923 -0.225129 -0.36081
v 0.798967 -0.122586 -0.11794
v 0.408528 -0.259443 -0.288226
v -0.933637 0.0462475 -0.109218
v 0.485267 0.451393 0.511135
v 0.759635 0.196527 0.252264
v -0.512219 -0.148483 -0.256236
v 0.801125 -0.339299 -0.343071
v 0.863519 -0.124747 -0.109598
v -0.760459 -0.288525 -0.423754
v -0.273333 0.345357 0.294778
v -0.726329 -0.218764 -0.386257
v -0.388439 0.578075 0.556802
v -0.792638 0.297232 0.193377
v -0.724986 0.137672 0.0177432
v 0.48848 0.416202 0.473298
v -0.15826 0.296697 0.272239
v 0.517353 -0.237307 -0.266692
v 0.487986 0.409674 0.465609
v -0.410789 0.480946 0.457116
v 0.851935 -0.372131 -0.402068
v -0.810728 0.132787 0.0197982
v 0.527704 -0.209596 -0.236747
v 0.909653 0.218256 0.289664
v -0.313916 0.37535 0.33791
v 0.636695 -0.353082 -0.380907
v 0.787073 -0.0293793 -0.00307546
v 0.961023 0.152824 0.213969
v -0.579014 0.227937 0.140038
v 0.813985 0.191598 0.260515
v -0.868301 0.123555 -0.0107153
v 0.354372 0.314028 0.33557
v -0.820315 0.132956 -0.00828362
v -0.563378 0.215743 0.135336
v 0.454838 0.363098 0.414601
v 0.950366 0.193286 0.282709
v -0.64803 -0.162447 -0.310763
v 0.688938 0.184386 0.233944
v -0.802429 0.128936 0.0354725
v -0.957093 -0.245048 -0.439749
v 0.732712 0.0886921 0.135055
v 0.568311 0.143867 0.174879
v -1.02429 0.0378742 -0.120728
v 0.072087 -0.273389 -0.356602
v 0.51193 -0.250177 -0.277382
v -0.705084 -0.154847 -0.309436
v 0.540076 -0.248239 -0.274252
v -0.547105 0.242637 0.163275
v -0.720715 -0.179953 -0.341594
v -0.59482 0.204846 0.0886981
v 1.1112 -0.086101 -0.0441408
v -0.762695 0.0428273 -0.100282
v 0.474668 0.415351 0.47641
v -0.279682 0.371501 0.339214
v -0.225902 -0.241596 -0.343932
v -0.668631 -0.18322 -0.335162
v -0.886668 0.354083 0.248973
v 1.00127 -0.18224 -0.116146
v 0.555106 0.145814 0.176922
v -0.741745 -0.242352 -0.417745
v 0.363967 0.341596 0.37825
v 0.586999 0.121404 0.164961
v -0.632688 -0.14595 -0.287943
v -0.81889 -0.180647 -0.357623
v -0.328746 0.381756 0.337735
v -0.746345 -0.167937 -0.325266
v -0.656373 0.0031811 -0.108211
v 0.52775 -0.228501 -0.250069
v -0.562738 0.262879 0.184643
v -0.476669 0.246194 0.191904
v -0.679492 -0.145964 -0.284581
v -0.609737 0.295111 0.229458
v -0.705305 0.25452 0.160454
v 0.443947 0.420457 0.476053
v -0.94789 0.153339 -0.00311732
v 1.1301 -0.115941 -0.0717103
v -0.371483 0.525767 0.534584
v -0.916719 -0.318756 -0.504994
v -0.536008 0.238011 0.165172
v 0.770709 -0.319164 -0.324973
v -0.413232 0.536273 0.522103
v 0.849627 -0.386938 -0.410123
v 0.836458 -0.422158 -0.465979
v 0.825938 -0.405469 -0.402625
v -0.946066 -0.302017 -0.482369
v 0.599968 -0.344278 -0.356907
v 0.544564 -0.234339 -0.253196
v 0.933817 -0.0485198 -0.0329352
v -0.630811 0.149663 0.0515773
v 0.964489 -0.0622009 -0.009924
v 0.580176 -0.245204 -0.262903
v -0.812349 0.030067 -0.0903943
v -0.884994 0.369384 0.272187
v -1.05005 0.149876 0.00524005
v -0.399196 0.562816 0.54633
v 0.915621 -0.151208 -0.128514
v -1.10768 0.0899717 -0.0689757
v -0.691266 -0.200049 -0.351864
v 0.71797 -0.411765 -0.44062
v 0.883828 -0.149083 -0.109242
v 0.426036 0.407902 0.465356
v 1.12149 -0.139016 -0.0939083
v 0.654448 0.0886164 0.129293
v 0.545304 -0.294007 -0.318584
v -0.828549 0.319641 0.245764
v -0.637914 0.233976 0.149201
v 0.685561 -0.282917 -0.289811
v 0.40107 0.347432 0.395389
v 0.201791 0.290222 0.265289
v 0.843793 -0.0489064 -0.0148132
v -0.754698 0.273381 0.182176
v -0.725508 0.266672 0.194177
v 0.628634 0.0866631 0.123443
v -0.359953 0.401897 0.369956
v 0.864677 0.116836 0.178217
v 0.972496 0.177568 0.258464
v 0.466846 0.381407 0.452268
v -1.05451 0.0455021 -0.118934
v 0.471839 -0.240263 -0.271231
v -0.695633 0.25221 0.170129
v -0.741316 -0.256394 -0.416712
v -0.79285 0.296207 0.216
v -0.845095 0.127437 0.00821186
v 0.379251 0.366084 0.409467
v -0.781648 -0.176264 -0.32989
v -0.921094 0.0369355 -0.102284
v -1.01403 0.147377 0.0108628
v 0.62764 0.0948211 0.139538
v -0.775672 -0.290162 -0.457722
v -0.683797 -0.210616 -0.354282
v 1.0855 -0.126688 -0.0433295
v -0.261424 0.44419 0.420521
v 0.526689 -0.278087 -0.296502
v 0.500999 -0.27132 -0.28595
v -0.367252 0.415889 0.400107
v 0.823947 -0.048442 0.0139502
v -0.95211 0.0336108 -0.108698
v -0.990399 0.027426 -0.108385
v 0.665478 0.147102 0.2167
v -0.289119 0.451661 0.441491
v -0.712602 -0.146181 -0.271727
v -0.849099 -0.320777 -0.490523
v -0.7356 0.33439 0.262688
v -0.940055 0.133393 0.0180262
v 0.725692 0.176059 0.24177
v 0.723469 -0.305216 -0.30481
v -0.595304 -0.153197 -0.272016
v -0.917008 -0.317969 -0.47466
v 0.682478 0.0854712 0.128685
v 0.416513 0.348343 0.40408
v 0.701546 -0.148962 -0.117224
v -0.75344 -0.161921 -0.30342
v -0.533179 -0.1221 -0.248596
v -0.594288 0.263015 0.20248
v -0.276253 0.412393 0.411636
v -0.657396 0.320422 0.251969
v 1.07308 -0.165786 -0.103753
v 0.624853 0.0806776 0.114241
v -0.720575 -0.247446 -0.389382
v -0.696998 0.311881 0.249278
v 0.748035 -0.155876 -0.112499
v -0.416892 -0.208193 -0.283058
v -0.816544 0.373287 0.293993
v -0.626637 -0.16227 -0.299986
v -0.581673 -0.0921184 -0.206614
v -0.764439 0.339981 0.272598
v -0.866906 0.343481 0.265791
v -0.834596 -0.196887 -0.335377
v 0.710408 -0.411076 -0.425125
v 0.616605 -0.360009 -0.365229
v 0.130953 -0.258716 -0.357868
v 0.91775 0.129241 0.212665
v 0.401498 0.378122 0.437836
v -0.739526 0.0147435 -0.103487
v 1.01215 -0.0941255 -0.00171213
v -0.90237 0.119136 0.0259351
v 0.886331 0.118791 0.197697
v -0.339969 0.525115 0.521932
v -0.659652 -0.214098 -0.34556
v -0.555501 -0.104464 -0.233582
v -0.822594 -0.187884 -0.336298
v 0.593082 0.103131 0.152798
v 0.574579 0.113571 0.160247
v -0.318716 0.506228 0.492096
v 1.02192 -0.179037 -0.122159
v -0.591212 -0.0769125 -0.190278
v -1.09259 0.0835517 -0.0460901
v -0.873154 0.381423 0.290014
v -0.419094 0.266298 0.208733
v 0.53988 -0.228356 -0.232063
v 1.08823 -0.157498 -0.0928718
v 0.713406 -0.299285 -0.296141
v -0.962935 -0.263764 -0.460745
v 0.585446 -0.317456 -0.345269
v -0.980885 0.134063 0.0170974
v 0.629041 -0.257825 -0.267655
v 0.783914 0.0965911 0.146422
v 0.924231 0.187858 0.285061
v -0.935712 -0.23528 -0.408413
v 0.669666 -0.386069 -0.409654
v 0.407203 0.209696 0.227913
v 0.453853 -0.254697 -0.275008
v 0.678055 0.161812 0.227317
v 0.773857 -0.134256 -0.117623
v 0.467596 0.3953 0.467867
v 0.833727 0.106495 0.18981
v -0.766962 -0.170986 -0.321728
v -0.628534 -0.133277 -0.255542
v -0.300566 0.464965 0.460921
v 0.821346 0.181243 0.264667
v 0.478102 -0.266029 -0.276212
v 0.605966 0.0817778 0.129189
v 0.613111 0.114619 0.166077
v 0.540761 -0.220355 -0.222546
v -0.624435 0.305984 0.239222
v -0.38701 0.52891 0.532818
v 0.440567 0.380277 0.458258
v -0.937404 -0.263115 -0.420117
v -0.580856 -0.128376 -0.242025
v 0.612647 0.100262 0.151625
v 0.856916 0.187797 0.273393
v -0.22477 0.297178 0.260539
v 0.446961 0.373203 0.448559
v -0.00249944 -0.29726 -0.346473
v -0.825832 0.361043 0.290375
v 0.519851 -0.321094 -0.314939
v 0.970252 -0.182305 -0.11385
v 0.507152 -0.294848 -0.297752
v -0.711389 0.0121384 -0.102935
v -0.566114 -0.124607 -0.238186
v -0.397739 0.439861 0.40731
v 1.01077 -0.0809367 -0.00660736
v -0.749705 0.136337 0.018971
v 0.787175 -0.0370969 0.0181797
v 0.807278 -0.152529 -0.109014
v 0.918967 0.131153 0.224104
v -0.771491 0.288958 0.22229
v 0.797906 0.175883 0.262379
v 0.527784 0.148113 0.181281
v 0.424222 0.361348 0.433557
v -0.855559 0.357884 0.28368
v -0.54063 -0.14708 -0.250733
v -0.358872 0.526476 0.531483
v 0.948068 -0.0643894 -0.00684256
v -0.495084 -0.167681 -0.258891
v 0.813971 -0.0486453 0.0229892
v 0.632256 -0.367266 -0.370168
v 1.09587 -0.139211 -0.0617544
v -1.0373 0.0337364 -0.104833
v -0.979927 0.147849 0.00997981
v 0.930757 0.142902 0.240548
v -0.614586 -0.0648697 -0.147959
v 0.654719 -0.00809028 0.0543498
v -0.875578 -0.215302 -0.34666
v 0.904756 -0.0758182 0.00543538
v -0.581645 -0.107685 -0.218621
v 0.872144 0.187675 0.279464
v 0.402971 0.359345 0.425484
v -0.973132 0.0246117 -0.106958
v -0.313315 0.43942 0.44425
v -0.614869 -0.186541 -0.306552
v -0.326715 0.384849 0.370239
v -0.566164 -0.139095 -0.246846
v 0.676391 -0.14944 -0.115482
v 0.424368 0.376004 0.450219
v 0.954452 -0.075019 -0.00314522
v -0.809801 0.308445 0.234817
v -0.624542 -0.0382131 -0.138312
v -0.405674 0.506792 0.508763
v -0.611892 0.278059 0.222817
v 0.928489 -0.167434 -0.126351
v 0.768906 0.0925509 0.167145
v 0.724251 -0.035899 0.0317432
v 0.816778 -0.363851 -0.358868
v -0.755149 0.276333 0.201535
v 0.554761 -0.229322 -0.218139
v -0.66315 -0.00562672 -0.104921
v 0.558076 -0.235041 -0.228513
v -0.196951 -0.26038 -0.341482
v 0.634901 0.121079 0.185172
v -0.395429 0.453929 0.436471
v -0.667122 0.246314 0.179164
v -0.289161 0.391726 0.389252
v -0.292169 0.261231 0.258267
v 0.274157 0.22779 0.266603
v -0.548564 0.199975 0.145984
v 0.716659 0.149492 0.23404
v -0.814156 -0.308758 -0.483567
v -0.711767 0.305051 0.244472
v 0.0792624 -0.308433 -0.340005
v 0.862162 0.167496 0.271251
v -0.615214 0.248558 0.191663
v -0.516516 -0.174855 -0.252499
v 0.65664 0.110029 0.17792
v -0.349094 0.39871 0.385786
v 0.672456 0.127696 0.201561
v -0.846829 0.338434 0.268925
v -0.810465 0.122606 0.0420718
v -0.606552 -0.122078 -0.231557
v 0.797179 0.0991842 0.174424
v -0.739851 0.307168 0.245435
v 0.872706 0.118486 0.211856
v -0.65438 0.261745 0.203248
v -0.661661 0.302368 0.244648
v -0.717386 -0.0150385 -0.093103
v 0.642435 0.111484 0.178339
v -0.599988 -0.0987915 -0.198992
v -0.389597 0.513949 0.520347
v -0.741984 0.28717 0.227223
v -0.825039 0.346238 0.279933
v -0.376735 0.429955 0.426961
v -0.318008 0.392254 0.390849
v -0.683688 -0.240087 -0.361591
v -0.703161 0.27431 0.215898
v -0.7949 0.348087 0.2808
v 1.04714 -0.101056 -0.0158776
v -0.330972 0.40462 0.408134
v -0.349249 0.495839 0.50612
v 0.737696 0.142713 0.236593
v 0.746875 0.161301 0.247715
v 0.571773 -0.351886 -0.343469
v -0.331179 0.47913 0.487179
v 0.560183 -0.230871 -0.205366
v -0.351974 0.417655 0.417171
v 0.669133 0.0929037 0.152705
v -0.327813 0.459765 0.467773
v -1.07364 0.0503395 -0.0966449
v 0.934612 0.175648 0.277808
v 0.546197 -0.333567 -0.330623
v 0.919366 0.145049 0.252206
v -0.797119 0.310823 0.246499
v -0.769027 0.309268 0.249415
v 0.633683 -0.159496 -0.119247
v -0.755073 0.0126985 -0.100705
v 0.17556 0.241654 0.283959
v 0.893752 0.127804 0.230785
v -1.03103 0.137034 0.0137748
v -0.568124 -0.173438 -0.272684
v -0.405849 0.484502 0.475921
v 0.70571 0.104911 0.189861
v 0.764812 -0.426531 -0.401283
v -0.890513 0.114749 0.0267185
v 0.889524 0.136512 0.244442
v 0.543193 0.101225 0.172371
v -0.803509 -0.188243 -0.316817
v -0.499235 0.200282 0.184625
v 1.0667 -0.139139 -0.0459645
v 0.53885 0.113665 0.177958
v 0.669317 -0.397536 -0.388601
v 0.720071 -0.422397 -0.402537
v 0.761965 -0.344239 -0.308112
v -0.642917 -0.219562 -0.33323
v -0.714837 -0.146018 -0.249059
v 0.311588 0.239507 0.254642
v 0.573599 -0.204721 -0.182927
v 0.740425 0.0926665 0.168168
v -0.535824 -0.166621 -0.254636
v -0.10329 0.250053 0.291629
v 0.841461 -0.169276 -0.103139
v 0.632738 0.0502179 0.0719355
v 0.309876 -0.29543 -0.310747
v -0.3695 0.493485 0.510007
v 1.01197 -0.184123 -0.10518
v -0.619527 -0.0677399 -0.14075
v 0.890152 0.15874 0.26921
v 0.905185 0.154182 0.26805
v 0.458318 -0.275504 -0.273044
v -0.256256 0.292119 0.254966
v 0.87374 0.137939 0.250779
v 0.235246 -0.337551 -0.307433
v 0.588597 0.0841118 0.142625
v 0.952726 -0.0897086 0.00905298
v -0.673473 -0.132193 -0.24564
v -0.765786 -0.167668 -0.298027
v 0.808053 -0.394734 -0.365781
v 0.707177 0.118992 0.205004
v 0.617905 -0.261279 -0.228922
v -0.972853 0.122504 0.0270952
v 0.416629 -0.286566 -0.275351
v -0.605434 -0.0974421 -0.186453
v 0.461728 0.153865 0.214375
v -0.703091 -0.253627 -0.377686
v -0.78978 0.00214665 -0.0921582
v 0.778618 0.126112 0.247205
v -0.604465 -0.0852599 -0.171566
v -0.552854 -0.161254 -0.259716
v -0.61299 -0.10851 -0.196774
v 0.609962 -0.254544 -0.247556
v 0.719439 0.0978687 0.180986
v -0.821752 0.12372 0.0426877
v 0.781397 -0.0441547 0.0270832
v 0.797254 -0.401345 -0.354974
v 0.732427 -0.315732 -0.302888
v 1.00492 -0.183597 -0.10337
v -0.378986 0.446596 0.446957
v -0.936158 0.016639 -0.0915643
v -0.0661274 0.236031 0.296801
v 0.658281 -0.152824 -0.114898
v 0.591854 -0.367772 -0.347974
v 0.702529 -0.305288 -0.272429
v -0.795201 -0.185624 -0.292243
v 0.68476 -0.40854 -0.39634
v 0.67349 -0.0210519 0.0470946
v -0.690111 0.124625 0.0407384
v 1.06429 -0.157991 -0.0679831
v 0.484345 -0.298101 -0.285039
v 0.745695 -0.0446909 0.0386695
v -0.719327 0.119451 0.0467837
v -0.883274 0.0260707 -0.0863701
v -1.06583 0.111524 -0.00575827
v 0.719905 -0.167683 -0.105989
v -0.735408 -0.0126168 -0.0911617
v 0.737954 -0.177444 -0.0993556
v 0.280696 -0.313825 -0.307349
v -0.863878 0.022182 -0.0848553
v 0.551622 -0.212169 -0.211234
v -0.755593 0.117709 0.053708
v -0.5667 -0.195602 -0.278348
v 0.777498 0.0963379 0.201364
v -0.92525 -0.254723 -0.395278
v -0.611495 0.138009 0.0844307
v -0.896975 -0.24227 -0.359078
v 0.793571 -0.415265 -0.387247
v -0.877458 0.118494 0.0219907
v 0.982235 -0.0892323 0.00669705
v -0.893433 -0.221308 -0.360604
v 0.639892 -0.266003 -0.237646
v -1.04029 0.0304995 -0.0830833
v 0.950268 -0.18744 -0.10749
v -0.918505 -0.239906 -0.384734
v 0.832833 0.164879 0.26782
v 0.919061 -0.181137 -0.110011
v 0.867336 0.12621 0.23348
v -0.819839 -0.319314 -0.460815
v 1.03101 -0.180799 -0.090183
v 0.582016 0.0534469 0.145167
v 0.854616 0.157261 0.26514
v -0.74143 -0.15922 -0.268887
v 1.0468 -0.172286 -0.0781163
v -0.63381 -0.120665 -0.218946
v -0.882377 -0.326049 -0.4758
v -0.945178 -0.288627 -0.456133
v -0.695096 -0.138551 -0.220487
v 0.57734 0.0892721 0.152733
v -0.466677 -0.205348 -0.252469
v -1.00296 0.124687 0.0269955
v 0.497645 -0.307548 -0.296355
v 0.762523 0.113142 0.231062
v -0.776892 -0.00647781 -0.090175
v -0.304612 -0.216209 -0.330231
v 0.931407 -0.0941674 0.0166111
v 0.796864 -0.178957 -0.100892
v 0.918647 -0.0781901 0.00502877
v 0.694449 -0.167666 -0.101227
v -0.923924 -0.309428 -0.451007
v -1.08175 0.0568074 -0.0813433
v -0.390239 0.465088 0.462061
v 0.831168 -0.185799 -0.0969299
v -0.788419 -0.307241 -0.44604
v 0.666351 -0.164632 -0.101817
v 0.808823 -0.0556892 0.0327817
v -0.835047 -0.210975 -0.317333
v -0.864109 -0.21823 -0.338672
v -0.609398 -0.201735 -0.307247
v 0.740583 0.0966489 0.192853
v -0.531684 -0.187731 -0.254384
v -1.0132 0.0211236 -0.0921044
v 0.64437 -0.164492 -0.10733
v 0.438755 -0.274035 -0.274372
v -0.842246 0.113529 0.051089
v 0.575839 -0.366203 -0.342857
v 0.579489 -0.247596 -0.193756
v -0.720535 -0.150632 -0.233679
v -0.845479 -0.328413 -0.449524
v 0.466217 -0.291276 -0.27617
v -0.919591 -0.295687 -0.419271
v 0.815566 0.125444 0.255722
v 0.847967 0.125791 0.250428
v -0.658442 -0.125715 -0.204844
v 0.779711 -0.418801 -0.369994
v -1.07565 0.0889931 -0.0227421
v -0.646635 -0.244122 -0.336794
v 0.773448 -0.424308 -0.381278
v -0.959538 0.0199018 -0.0951859
v 0.972275 -0.08755 0.00777935
v 0.558415 0.0750728 0.163388
v 0.720464 -0.182062 -0.0881121
v 0.768947 -0.185255 -0.0918094
v 0.61241 -0.383404 -0.350995
v 0.573507 -0.231953 -0.178766
v 0.779507 -0.171841 -0.105223
v -0.656359 -0.025088 -0.096318
v 0.878931 -0.181652 -0.0850725
v 0.688457 -0.0380098 0.0512564
v 0.792738 -0.185937 -0.0958496
v -0.767122 -0.013424 -0.084632
v -0.827505 -0.0111976 -0.0790492
v -1.03797 0.0970395 0.0153833
v -0.790856 0.112493 0.0603233
v 0.653218 -0.045813 0.0722704
v 0.80103 -0.384128 -0.346345
v -0.943531 0.104227 0.0386177
v 0.373092 -0.293162 -0.286315
v 0.642431 -0.394299 -0.358577
v 0.529679 0.0923954 0.183882
v -0.286991 0.230676 0.26916
v -1.01402 0.0135556 -0.074122
v 0.772107 -0.370552 -0.315784
v 0.889923 -0.181082 -0.0870458
v -0.809146 -0.323115 -0.430609
v -0.614748 -0.100966 -0.159436
v 0.628471 -0.382444 -0.359389
v -0.568333 0.184163 0.127497
v -0.677586 -0.138019 -0.191763
v -0.633723 -0.12032 -0.173753
v -0.756966 -0.297413 -0.403816
v -0.747429 -0.16996 -0.245563
v 0.610688 0.0578797 0.110442
v 0.748298 -0.353718 -0.296618
v -0.721711 -0.265074 -0.3883
v -0.866495 0.00150285 -0.0808789
v -0.643866 -0.050204 -0.0941753
v 0.809359 -0.181359 -0.0984168
v 0.8364 0.118032 0.24864
v -0.0313167 -0.301882 -0.340302
v 0.776848 0.100298 0.220016
v 0.134156 0.216606 0.294535
v -0.44017 -0.215448 -0.263346
v -0.386306 -0.22307 -0.293765
v -0.88267 0.106441 0.0390343
v 0.805759 0.120495 0.250811
v 0.133939 -0.341966 -0.321411
v -0.547488 -0.178947 -0.265807
v 0.959815 -0.104584 0.0126526
v 0.692384 -0.42252 -0.360411
v -0.479898 0.165268 0.205049
v 0.498426 -0.342923 -0.297108
v 0.0029479 -0.31575 -0.333009
v 0.955769 -0.194968 -0.0887699
v 0.669396 -0.410055 -0.369819
v -0.892149 -0.326436 -0.457241
v 0.806824 -0.0723162 0.0455559
v -0.701503 -0.276965 -0.367437
v 0.832848 -0.0677997 0.0328534
v -0.683335 0.108502 0.0630759
v 0.776882 -0.407504 -0.348492
v -0.899528 -0.276678 -0.373821
v 0.625361 -0.274047 -0.221298
v -0.901316 -0.321839 -0.44535
v -0.638064 -0.245746 -0.328144
v -0.245888 -0.26919 -0.325592
v -0.616695 -0.10687 -0.17102
v 0.653581 -0.286441 -0.223289
v -0.976175 0.0017221 -0.0776001
v -1.07114 0.0625477 -0.0301866
v -0.654601 -0.132066 -0.173737
v 1.0482 -0.159087 -0.048747
v -0.594766 -0.230963 -0.298693
v -0.454104 0.192783 0.214399
v -0.606376 0.112427 0.106431
v 0.633886 -0.0229374 0.0785788
v -0.0206154 -0.337438 -0.321277
v 0.928152 -0.116421 0.0187298
v 0.88017 -0.0857123 0.017817
v 0.724587 -0.0488646 0.0420599
v -0.908264 -0.313287 -0.427023
v -0.623667 0.13132 0.0753558
v 0.709142 -0.345134 -0.26494
v 0.698375 -0.181945 -0.0816184
v -0.722668 -0.0275875 -0.0776021
v -0.859501 -0.0249465 -0.056624
v -1.01695 0.0141136 -0.0438577
v -1.04444 0.0456536 -0.00893339
v 0.828424 -0.192502 -0.0903823
v -0.834481 -0.235083 -0.301106
v -0.925184 0.00807832 -0.0736297
v -0.585655 0.146542 0.11735
v -0.675161 -0.272654 -0.349823
v -0.80554 -0.197487 -0.292635
v 0.581053 -0.247275 -0.179627
v 0.803916 -0.191653 -0.0868225
v -0.249545 -0.303227 -0.307098
v 0.0140957 0.216851 0.299472
v 1.0448 -0.126829 -0.0233002
v -1.05168 0.0348267 -0.0535545
v -0.758411 -0.0249585 -0.0765039
v -0.70863 -0.0266188 -0.082025
v -0.0707835 -0.3239 -0.326495
v -0.292285 -0.268675 -0.306432
v -0.975589 0.100603 0.0355801
v 0.728598 -0.426537 -0.365569
v -0.757036 0.102367 0.0674688
v -0.681276 0.0728384 0.0860492
v -0.657344 -0.0382629 -0.0826289
v 0.667318 -0.281639 -0.239509
v -0.737641 -0.2923 -0.387973
v 0.636085 -0.171174 -0.0985683
v -0.166842 -0.295366 -0.329635
v 0.741192 -0.388951 -0.297644
v 0.600337 -0.271763 -0.18333
v -0.44832 -0.245943 -0.237425
v 0.692748 -0.295958 -0.262116
v 0.738029 -0.377417 -0.291154
v -0.694855 -0.141946 -0.203656
v 0.77226 -0.391638 -0.327079
v 1.01587 -0.187047 -0.0837371
v 0.642511 -0.176669 -0.0825711
v 0.673921 -0.176583 -0.0852798
v -0.891693 -0.321821 -0.424227
v -0.575343 -0.250888 -0.281141
v -0.704883 -0.147142 -0.20843
v 0.46187 -0.320247 -0.276427
v -0.875341 -0.234507 -0.339495
v -0.947211 -0.00251737 -0.0639947
v 0.729463 -0.346011 -0.284772
v 0.13065 0.182339 0.301451
v -0.898256 -0.307251 -0.39915
v 1.00128 -0.183499 -0.0416274
v 0.733005 -0.422949 -0.337811
v -0.783288 -0.191554 -0.25331
v 0.517146 -0.361912 -0.304907
v -0.490085 -0.195127 -0.250057
v -0.327151 0.236045 0.255873
v 0.77411 -0.0683957 0.0495522
v 1.00484 -0.167534 -0.0170476
v 0.884167 -0.191386 -0.0711522
v -0.625258 -0.116447 -0.141027
v 0.582052 -0.391822 -0.331102
v 0.358912 0.148659 0.262576
v 0.66718 -0.410836 -0.359034
v 0.83757 -0.196048 -0.0822721
v 0.579168 -0.233331 -0.15115
v -0.845964 -0.00550912 -0.0733846
v 0.437084 -0.303831 -0.267783
v 0.670788 -0.303841 -0.221505
v 0.588282 -0.182084 -0.166394
v -1.03302 0.0296644 -0.0335869
v -0.815936 -0.215723 -0.288175
v -0.395116 -0.260878 -0.264512
v 0.740529 -0.186603 -0.0880523
v 0.610562 -0.19569 -0.104705
v -0.9889 0.001752 -0.0721428
v 0.571797 -0.0053417 0.156169
v -0.620514 -0.096302 -0.135079
v 0.841953 -0.0933561 0.0407484
v -0.869326 -0.261725 -0.332858
v -0.904431 -0.00589779 -0.0584697
v -0.655273 0.0934578 0.0826947
v -0.845866 -0.243251 -0.31113
v 0.346116 -0.35128 -0.263812
v -0.779748 -0.0297899 -0.071222
v 0.996416 -0.159591 -0.00599745
v -0.528862 -0.228338 -0.250845
v -0.714496 0.0909603 0.0725076
v -0.838774 -0.0292378 -0.0577222
v 0.407344 -0.306964 -0.264532
v 0.160446 -0.360032 -0.309133
v -0.662751 -0.0499827 -0.0630221
v -0.936448 0.0890031 0.0487709
v -0.719385 -0.0377646 -0.0672635
v 0.308059 0.138033 0.278934
v -0.981049 0.0638413 0.0357635
v 0.755322 -0.405369 -0.318704
v -0.699587 -0.0411789 -0.0681505
v -0.439301 0.210196 0.217254
v 0.899682 -0.195185 -0.0659361
v -0.982914 -0.0052241 -0.0480334
v 0.467273 -0.339676 -0.277352
v 0.948397 -0.198695 -0.0762129
v 0.191514 -0.331221 -0.317674
v -0.805375 -0.329625 -0.408369
v -0.749366 -0.0336248 -0.0663268
v 0.949164 -0.198432 -0.0575169
v -0.833169 -0.3304 -0.413513
v -0.818701 -0.0289986 -0.0664025
v -0.8568 0.0866431 0.0638213
v 0.651151 -0.178913 -0.0719236
v 0.69337 -0.421984 -0.342325
v 0.65494 -0.313765 -0.199973
v 0.753971 -0.415845 -0.329856
v 0.434406 -0.350667 -0.252254
v -0.880017 -0.322334 -0.405146
v -0.861409 -0.3299 -0.421181
v 0.716521 -0.0568951 0.0527612
v -0.890274 -0.300233 -0.375274
v 0.854393 -0.113202 0.0442404
v -0.792164 0.0979225 0.072394
v -0.526089 0.166916 0.170215
v 0.67993 -0.320602 -0.223185
v -0.708421 -0.299466 -0.355028
v -0.815319 0.0909683 0.0728225
v 0.635435 -0.0383486 0.0809786
v 0.739377 -0.411113 -0.318921
v -1.03622 0.056046 0.00587188
v -0.346594 -0.238011 -0.304208
v 0.604447 -0.402696 -0.323609
v -0.681975 -0.0457413 -0.0625995
v 0.720625 -0.398999 -0.302803
v -0.630145 -0.0833444 -0.0994233
v -1.02677 0.0669267 0.0158876
v 0.871089 -0.199919 -0.0579036
v -0.769009 -0.315104 -0.392722
v -0.694283 -0.299376 -0.351669
v 0.693213 -0.329577 -0.23627
v 0.964266 -0.137571 0.0111777
v 0.659393 -0.412814 -0.330432
v -0.720888 -0.158039 -0.217198
v -0.635957 -0.130551 -0.139233
v 0.499162 0.0997921 0.203921
v 0.639682 -0.404941 -0.340667
v 0.441908 0.10273 0.235372
v -0.635034 -0.279191 -0.307413
v 0.624022 -0.283873 -0.202474
v 0.927666 -0.19681 -0.04554
v -0.628178 0.0946138 0.0961067
v 0.74147 -0.192955 -0.068589
v 0.611082 -0.0544275 0.104155
v 0.718464 -0.376897 -0.278685
v -0.881779 -0.312545 -0.381455
v 0.673644 -0.417195 -0.313024
v 0.0786206 0.194416 0.304076
v -1.00925 0.0418845 0.0114069
v 0.811803 -0.102575 0.0518763
v -0.204093 0.155388 0.299996
v 0.649624 -0.0774387 0.0805879
v 0.750588 -0.0723362 0.0564586
v 0.682978 -0.187049 -0.0638313
v 0.92057 -0.143116 0.0178309
v 0.71044 -0.191043 -0.0608595
v 0.565295 -0.385003 -0.32561
v 0.952227 -0.173035 -0.00335251
v -1.01025 0.0282233 -0.00239579
v -0.266768 -0.310887 -0.293933
v -0.888857 0.077634 0.0604808
v -0.809853 -0.0410434 -0.051657
v 0.616717 -0.415335 -0.306562
v -0.606592 -0.268652 -0.293859
v 0.707558 -0.359054 -0.262975
v 0.950505 -0.187139 -0.0193876
v -0.782286 -0.203216 -0.237901
v 0.400795 -0.332551 -0.252445
v 0.709674 -0.408795 -0.304359
v 0.608372 -0.287236 -0.177352
v 0.583403 -0.263533 -0.153177
v 0.613935 -0.301772 -0.177801
v 0.584274 -0.240321 -0.126857
v -0.937283 -0.0127065 -0.0371427
v -0.656182 -0.290407 -0.322553
v -0.636406 -0.0764341 -0.0768906
v -0.798725 -0.332441 -0.378483
v -0.183434 -0.342475 -0.297786
v -0.0189232 0.189648 0.308806
v -0.247909 0.204448 0.283943
v 0.282494 -0.351203 -0.286315
v 0.159063 -0.374826 -0.296161
v -0.805576 -0.220447 -0.259226
v -0.508185 -0.215492 -0.240327
v 0.471106 -0.359277 -0.27273
v 0.708578 -0.413824 -0.312549
v -0.22226 -0.307221 -0.312043
v -0.786493 0.0769444 0.0827724
v -0.880505 -0.0287914 -0.0274081
v 0.689876 -0.35498 -0.234245
v 0.693332 -0.081724 0.0704646
v -0.918587 0.058946 0.0583959
v -0.832587 -0.251225 -0.293445
v -0.716368 0.0657547 0.0865594
v 0.659351 -0.193716 -0.042036
v -0.985045 0.0500924 0.0326362
v -0.872389 -0.304114 -0.360644
v 0.704845 -0.394221 -0.27668
v -0.0847476 0.200086 0.304439
v 0.787803 -0.124487 0.0584717
v -0.856458 -0.32749 -0.37601
v 0.54469 -0.389069 -0.302531
v -0.703071 -0.157722 -0.192062
v 0.836831 -0.207268 -0.0501322
v 0.580595 -0.261305 -0.140359
v -0.752894 0.0745864 0.0848134
v -0.0622966 -0.354458 -0.304178
v -0.825091 -0.333206 -0.37988
v 0.58139 -0.414306 -0.294294
v -0.646782 -0.139058 -0.147977
v -0.785768 -0.327767 -0.358133
v -0.819965 0.0617863 0.0786525
v 0.87791 -0.200057 -0.0362358
v 0.633055 -0.310652 -0.188965
v -0.979653 -0.00517228 -0.0226643
v -0.556563 0.141408 0.14883
v 0.640697 -0.190406 -0.0568991
v 0.396031 0.102772 0.256027
v -0.751563 -0.321945 -0.351143
v -0.800936 -0.243314 -0.247339
v -0.61301 0.0784034 0.112461
v 0.693472 -0.380435 -0.260527
v 0.194976 -0.366016 -0.296554
v 0.922109 -0.189317 -0.0106096
v 0.489818 -0.373167 -0.273555
v -0.736405 -0.321447 -0.338662
v 0.0777835 -0.344322 -0.324227
v 0.587519 -0.278326 -0.153823
v -0.766998 0.0663925 0.086964
v 0.252312 -0.393189 -0.262712
v -0.876027 0.0612322 0.0673114
v -0.92816 -0.0198061 -0.025977
v 0.904993 -0.168313 0.0131191
v -0.699268 -0.311642 -0.339742
v 0.732678 -0.111592 0.0660836
v -0.913299 -0.0203144 -0.0256063
v 0.851945 -0.132233 0.0456217
v -0.402274 0.198253 0.235704
v -0.962506 0.049913 0.0427455
v 0.689547 -0.373213 -0.245453
v 0.792289 -0.199712 -0.0581767
v 0.674708 -0.414354 -0.298356
v 0.691495 -0.402706 -0.282169
v 0.68308 -0.392695 -0.262437
v -0.842709 -0.278576 -0.307084
v -0.998571 0.019557 0.00365747
v 0.894615 -0.176093 0.0120487
v 0.483505 0.0548062 0.22186
v -0.815193 -0.260872 -0.273722
v 0.899078 -0.199498 -0.0288432
v -0.851578 -0.318146 -0.351872
v 0.901537 -0.189549 -0.00840122
v -0.675966 0.0532575 0.0915882
v 0.667652 -0.371324 -0.217112
v 0.693002 -0.194717 -0.0364451
v -0.847965 -0.291188 -0.324905
v 0.834612 -0.208113 -0.03736
v 0.524477 0.0237446 0.19389
v -0.149514 0.183416 0.301328
v 0.654215 -0.357174 -0.196158
v -0.954829 -0.011957 -0.00693225
v -0.795839 -0.210885 -0.247054
v 0.864905 -0.203899 -0.0258355
v 0.801075 -0.125572 0.0526097
v -0.296807 -0.329136 -0.268046
v -0.830536 0.050794 0.0756986
v -0.636932 -0.294892 -0.294999
v 0.206257 -0.380321 -0.283443
v 0.765457 -0.120637 0.0582405
v -0.588797 -0.271408 -0.282173
v -0.626782 -0.116892 -0.109262
v -0.738249 -0.187017 -0.204788
v 0.573224 -0.274509 -0.114984
v -0.672233 -0.156235 -0.159075
v -0.643198 -0.14426 -0.128378
v -0.627297 -0.111339 -0.0850745
v -0.844845 -0.0431581 -0.0121484
v 0.409373 -0.345861 -0.246806
v -0.837419 -0.0403179 -0.0421396
v -0.649014 0.0503714 0.0972169
v -0.77119 -0.327528 -0.344446
v 0.638526 -0.416916 -0.301595
v -0.750315 0.0353509 0.0873846
v -0.869198 -0.0320342 -0.00791289
v -0.818338 -0.278681 -0.284579
v 0.630015 -0.0859057 0.0898043
v -0.635586 0.0641821 0.0992679
v -0.574045 0.0846101 0.142908
v 0.629417 -0.198213 -0.0566639
v 0.642515 -0.0934757 0.0830255
v -0.837281 -0.329924 -0.363704
v 0.652793 -0.19391 -0.0103625
v 0.103186 0.156785 0.309129
v 0.713946 -0.197788 -0.0240436
v -0.772836 -0.0471544 -0.0197962
v 0.793226 -0.137742 0.0536741
v -0.638401 -0.076183 -0.0524264
v -0.901362 0.0253153 0.0613578
v -0.663842 -0.0573156 -0.0386914
v 0.661683 -0.412505 -0.277758
v -0.814519 -0.312129 -0.314253
v -0.66032 -0.314174 -0.286183
v 0.00568452 0.176368 0.312049
v 0.354033 -0.374561 -0.245138
v -0.22288 -0.351755 -0.284065
v 0.590313 -0.259937 -0.0554879
v -0.613177 0.0373301 0.111851
v 0.447768 -0.375553 -0.242898
v -0.704562 -0.182224 -0.169304
v -0.816176 -0.0472521 -0.0122839
v 0.477087 -0.377572 -0.264197
v 0.600012 -0.0203164 0.125207
v -0.0899538 0.148605 0.311648
v 0.798674 -0.205121 -0.0245339
v -0.984634 0.0039983 -0.000199317
v 0.852912 -0.16983 0.0379839
v -0.651705 -0.162087 -0.127065
v -0.954248 0.0174861 0.0426798
v -0.800119 -0.325423 -0.34309
v -0.963435 0.0115743 0.0333198
v 0.0400827 -0.367927 -0.302793
v 0.755304 -0.14781 0.0550295
v 0.580503 -0.263726 -0.0996845
v -0.350208 0.158128 0.263517
v 0.619515 -0.331317 -0.167799
v 0.610991 -0.216446 -0.0230291
v 0.710667 -0.114914 0.0695437
v -0.954061 -0.000835139 0.0308483
v -0.700918 0.0308742 0.0878809
v -0.804183 -0.259487 -0.253667
v -0.26959 0.18199 0.284304
v 0.637183 -0.198171 -0.0397
v 0.632505 -0.417814 -0.271607
v 0.135847 0.133297 0.308736
v 0.581107 -0.416136 -0.277537
v -0.64797 0.0360106 0.0949766
v -0.799194 -0.0419064 0.00932605
v 0.840446 -0.163031 0.0434432
v 0.612095 -0.419961 -0.290598
v -0.822683 0.0279502 0.0741001
v -0.739676 -0.0447826 -0.00938186
v -0.786332 0.0330488 0.0827784
v 0.645903 -0.140778 0.0702613
v -0.709748 -0.0457512 0.00346612
v -0.652674 -0.0649714 -0.010793
v -0.764626 -0.217756 -0.207369
v 0.672966 -0.191554 -0.00502877
v 0.850992 -0.195183 0.0111199
v -0.917088 -0.0149548 0.0252913
v 0.616705 -0.325399 -0.164016
v 0.844969 -0.183009 0.0295926
v 0.0915902 0.117442 0.310867
v -0.805957 -0.286732 -0.269341
v 0.573732 -0.292488 -0.12785
v 0.71626 -0.128564 0.0669008
v 0.413188 -0.371718 -0.232214
v -0.337538 -0.297987 -0.269086
v 0.294724 -0.393067 -0.247333
v -0.680004 -0.051362 0.00686049
v -0.728347 -0.0363534 0.0239121
v -0.421115 -0.296608 -0.218647
v 0.46003 0.0592071 0.234317
v -0.74422 -0.33039 -0.308652
v 0.0329132 0.164211 0.311391
v -0.883252 0.0248249 0.0648339
v 0.69358 -0.139516 0.0640486
v 0.633244 -0.131185 0.0765158
v 0.525318 -0.400753 -0.267462
v -0.942792 0.0112933 0.04437
v -0.752177 0.0197244 0.0810802
v -0.689442 0.0174084 0.0830973
v -0.726758 -0.213182 -0.168734
v -0.676379 -0.320819 -0.295946
v 0.729552 -0.192779 0.00837331
v 0.803254 -0.17097 0.0375892
v -0.60137 0.0150803 0.118101
v -0.764829 -0.33101 -0.3151
v -0.802273 -0.314255 -0.295755
v 0.776181 -0.161293 0.0466322
v -0.819937 -0.0454224 0.00139921
v 0.789979 -0.195877 0.00848891
v -0.779374 -0.247452 -0.219944
v 0.659389 -0.397679 -0.242567
v -0.81197 -0.300295 -0.29492
v -0.754355 -0.000647781 0.0680209
v -0.875666 -0.00533173 0.0467458
v -0.897031 -0.0137409 0.0352173
v 0.671328 -0.14939 0.0590696
v -0.778405 -0.0369972 0.0245718
v 0.674617 -0.17799 0.0244801
v 0.70924 -0.181369 0.0276014
v -0.681256 -0.0378722 0.0336487
v -0.818288 -0.0322216 0.0251698
v 0.725177 -0.169282 0.0436644
v -0.867161 -0.0175698 0.0366544
v -0.825043 -0.00223434 0.0579873
v 0.751579 -0.185879 0.0273124
v 0.546613 -0.415112 -0.23064
v 0.647406 -0.372765 -0.196058
v -0.63327 -0.149085 -0.109535
v 0.434447 -0.385272 -0.225948
v -0.501067 -0.260296 -0.210862
v 0.561205 -0.297331 -0.102646
v -0.24683 -0.341781 -0.280808
v -0.0571143 -0.380429 -0.285235
v 0.0989689 -0.434123 -0.251821
v -0.394038 0.0842314 0.258921
v -0.574699 -0.29198 -0.249011
v -0.678282 -0.195646 -0.133835
v -0.691192 -0.0112913 0.0644711
v 0.140016 -0.427268 -0.260777
v 0.623577 -0.128259 0.0821326
v 0.464118 -0.392294 -0.229532
v -0.0693165 0.140437 0.310737
v 0.600391 -0.104352 0.107671
v -0.620885 -0.144607 -0.0750788
v -0.433973 0.134027 0.235063
v 0.0430804 0.128458 0.31046
v 0.455721 -0.0172788 0.236266
v -0.653292 -0.0363016 0.0477643
v -0.639894 -0.317119 -0.262214
v -0.643418 -0.0674688 0.00947553
v -0.625483 -0.118805 -0.006713
v -0.754714 -0.235669 -0.195496
v 0.633611 -0.193563 0.00253531
v -0.641552 -0.000695617 0.0841995
v 0.63807 -0.396015 -0.213321
v -0.0258973 -0.405572 -0.267743
v 0.636627 -0.165535 0.0494207
v -0.484085 -0.259961 -0.207938
v -0.32057 0.10271 0.282825
v -0.778951 -0.306301 -0.256344
v 0.358679 0.105253 0.268994
v -0.616843 -0.308666 -0.249087
v -0.516941 -0.282357 -0.191918
v 0.556354 -0.325172 -0.109682
v 0.626982 -0.181337 0.036471
v -0.272221 -0.349666 -0.265281
v 0.56331 -0.0605485 0.154042
v 0.574793 -0.330242 -0.129409
v 0.417609 -0.394652 -0.201609
v -0.742651 -0.330543 -0.29248
v 0.621158 -0.364543 -0.169846
v -0.66962 -0.323514 -0.266495
v -0.556772 -0.295258 -0.221527
v -0.775341 -0.323069 -0.283351
v 0.122901 0.105457 0.311873
v 0.611457 -0.416467 -0.241981
v -0.636479 -0.0511647 0.0511487
v -0.762731 -0.269973 -0.21119
v -0.762503 -0.318748 -0.257063
v -0.697801 -0.212247 -0.138751
v 0.607949 -0.131918 0.0937109
v -0.627034 -0.0332321 0.0748077
v 0.587722 -0.115658 0.119971
v 0.502122 -0.402914 -0.232505
v -0.626996 -0.0869341 0.0164516
v -0.527487 0.0543597 0.187454
v 0.387789 -0.369446 -0.235009
v 0.386853 -0.392651 -0.207106
v 0.0518663 -0.398839 -0.280439
v 0.441774 0.05546 0.241857
v -0.713816 -0.324925 -0.258239
v -0.54466 -0.291336 -0.202992
v 0.617144 -0.386845 -0.18104
v -0.372631 0.104831 0.267224
v 0.598336 -0.366367 -0.156281
v 0.614056 -0.406509 -0.212564
v -0.629172 -0.0470129 0.063911
v 0.560964 -0.416355 -0.230349
v 0.603576 -0.382729 -0.172363
v -0.74306 -0.323908 -0.256535
v -0.480237 0.0765437 0.218342
v -0.778612 -0.296739 -0.244839
v -0.663162 -0.326292 -0.236663
v -0.728157 -0.249523 -0.170755
v -0.371782 -0.315854 -0.238471
v -0.458445 -0.295081 -0.188159
v -0.742444 -0.31418 -0.234933
v 0.604981 -0.172495 0.0714811
v 0.605005 -0.220544 0.00424745
v 0.345957 0.045833 0.277796
v 0.449283 -0.0511767 0.234893
v -0.481779 -0.287168 -0.179142
v -0.265716 0.132968 0.292843
v -0.503764 -0.2791 -0.189076
v 0.207672 0.0693863 0.304682
v 0.23453 -0.404135 -0.255893
v 0.610839 -0.194976 0.0374258
v 0.521756 -0.412365 -0.212105
v 0.597826 -0.244295 -0.0219687
v 0.140835 0.0897904 0.314734
v 0.572391 -0.288185 -0.0287116
v -0.677606 -0.325202 -0.236173
v 0.557006 -0.358416 -0.121988
v -0.0385081 0.100083 0.321598
v 0.447497 -0.397482 -0.210176
v -0.568275 -0.303791 -0.177342
v -0.525661 0.0065974 0.192279
v -0.731396 -0.32 -0.238501
v -0.692469 -0.325953 -0.235027
v 0.55444 -0.309338 -0.100803
v -0.729263 -0.302053 -0.207834
v 0.561957 -0.118976 0.146691
v -0.551315 0.00649774 0.168206
v 0.576278 -0.170486 0.112144
v -0.728171 -0.276439 -0.182792
v 0.584543 -0.411295 -0.206349
v 0.542404 -0.358625 -0.112014
v -0.676404 -0.225015 -0.118175
v -0.642385 -0.192616 -0.0973883
v 0.0742576 0.0858379 0.321449
v -0.618254 -0.15057 -0.0519978
v -0.629001 -0.0620374 0.0506505
v -0.713637 -0.312804 -0.21142
v -0.292006 -0.372099 -0.237929
v 0.390488 -0.409802 -0.176284
v -0.22942 -0.380544 -0.256396
v -0.61862 -0.134978 0.00687046
v -0.467935 0.0378922 0.227915
v -0.614323 -0.180107 -0.0541206
v 0.544313 -0.326069 -0.0676682
v -0.524888 -0.292326 -0.17336
v 0.522462 -0.409342 -0.18095
v -0.439235 0.075296 0.24099
v 0.543968 -0.335493 -0.0987098
v -0.610997 -0.316454 -0.20416
v 0.576869 -0.388834 -0.155693
v -0.468305 -0.30416 -0.167719
v 0.585428 -0.197194 0.0808809
v 0.59199 -0.219855 0.0474654
v 0.543807 -0.329368 -0.0822861
v -0.686669 -0.245134 -0.131679
v 0.558754 -0.382115 -0.139307
v -0.346405 0.0577621 0.277194
v 0.536354 -0.391995 -0.142061
v -0.498376 -0.297022 -0.159033
v -0.699424 -0.291537 -0.173264
v -0.607194 -0.196901 -0.0495941
v -0.6053 -0.0671459 0.0918393
v -0.700352 -0.301072 -0.184103
v -0.611192 -0.314724 -0.186342
v -0.692436 -0.322061 -0.217383
v 0.543243 -0.405154 -0.170468
v -0.504053 0.0311971 0.208021
v -0.428306 0.0446929 0.246826
v -0.379819 -0.348787 -0.204569
v -0.658404 -0.223301 -0.107583
v -0.671031 -0.319737 -0.200587
v -0.57786 -0.0255784 0.1355
v -0.628216 -0.213178 -0.0801474
v -0.695583 -0.257755 -0.144752
v 0.418335 -0.405194 -0.17401
v 0.298713 -0.423166 -0.215292
v -0.433728 -0.332716 -0.17117
v -0.020729 -0.426917 -0.246497
v -0.615681 -0.101706 0.0466442
v 0.0584537 -0.439153 -0.251209
v 0.018373 -0.434902 -0.250496
v -0.260181 -0.386107 -0.239025
v -0.641233 -0.317905 -0.196598
v 0.527541 -0.37185 -0.109501
v -0.179039 0.0911218 0.310458
v -0.600465 -0.193617 -0.007297
v 0.22525 0.0317393 0.304355
v 0.431745 -0.403242 -0.180619
v 0.417745 -0.0225747 0.255046
v 0.168889 0.0335311 0.316689
v 0.2948 0.0405291 0.291296
v 0.59082 -0.254426 -0.00306948
v -0.679336 -0.302266 -0.175857
v -0.670128 -0.311991 -0.187155
v -0.0492792 0.060112 0.325311
v -0.598097 -0.306717 -0.145484
v -0.549625 -0.299117 -0.148001
v -0.599634 -0.229466 -0.0589361
v 0.481757 -0.407263 -0.152404
v -0.511286 -0.297963 -0.149364
v -0.487882 -0.302242 -0.157317
v -0.494872 0.000151481 0.211282
v 0.446735 -0.409527 -0.158533
v 0.130527 -0.451234 -0.236603
v 0.579853 -0.250448 0.0425741
v 0.243882 -0.444722 -0.216424
v -0.644859 -0.255251 -0.10575
v -0.447074 0.00942371 0.236691
v 0.351019 -0.000623862 0.278033
v 0.542535 -0.119943 0.161283
v 0.553362 -0.166541 0.141192
v -0.602986 -0.0476667 0.100113
v 0.476384 -0.0740423 0.213895
v -0.603197 -0.247054 -0.0715768
v -0.557221 -0.295797 -0.117472
v 0.411988 -0.415102 -0.151216
v -0.127944 -0.442564 -0.224696
v 0.309442 -0.44702 -0.180725
v -0.326326 -0.360415 -0.228607
v 0.06713 -0.448481 -0.23936
v -0.629224 -0.294961 -0.131806
v 0.48728 -0.395896 -0.113914
v -0.596391 -0.166753 0.0538076
v -0.597116 -0.293554 -0.122817
v 0.57199 -0.281338 0.00961506
v -0.593317 -0.221784 -0.0395804
v -0.564004 -0.0877713 0.136307
v 0.48387 -0.146749 0.198285
v -0.531337 -0.0347689 0.17929
v -0.518376 -0.299338 -0.120421
v -0.574761 -0.290883 -0.106055
v -0.594804 -0.262548 -0.078788
v -0.557273 -0.291689 -0.10626
v 0.445338 -0.1161 0.23053
v -0.255026 -0.427996 -0.196367
v 0.248467 -0.464604 -0.193234
v -0.585932 -0.252224 -0.0604748
v -0.01985 -0.449901 -0.227578
v -0.21898 -0.41979 -0.221336
v -0.354228 0.0100516 0.276026
v -0.389549 -0.372639 -0.169509
v 0.522839 -0.354938 -0.0779988
v -0.582482 -0.214864 0.0181658
v -0.573344 -0.275895 -0.0798763
v -0.400719 0.0130453 0.257896
v -0.585259 -0.114143 0.102244
v 0.552949 -0.208641 0.122118
v 0.463833 -0.406858 -0.123349
v -0.232487 0.0232025 0.305475
v 0.272761 -0.0497535 0.295039
v -0.176224 0.0331106 0.3147
v -0.553017 -0.283766 -0.0858857
v -0.185768 -0.437326 -0.215779
v -0.0470608 -0.469958 -0.201121
v -0.558291 -0.277318 -0.0638672
v 0.515001 -0.360632 -0.025975
v 0.146211 -0.471554 -0.212803
v -0.413738 -0.0164058 0.253268
v -0.52427 -0.0805839 0.181598
v -0.52774 -0.297521 -0.101837
v 0.497581 -0.381656 -0.0809646
v 0.40985 -0.0745147 0.25211
v -0.574781 -0.253434 -0.0425961
v 0.468592 -0.397877 -0.0852718
v -0.134067 -0.466823 -0.193617
v -0.340675 -0.396679 -0.181343
v -0.500657 -0.317612 -0.0989709
v 0.552399 -0.280465 0.0621212
v -0.466436 -0.0290006 0.223626
v -0.594655 -0.147959 0.0757983
v 0.105046 -0.476151 -0.212448
v -0.535109 -0.290947 -0.0768188
v -0.0890808 -0.479001 -0.182846
v -0.565305 -0.264213 -0.0438757
v 0.522623 -0.177705 0.16705
v 0.434156 -0.0911397 0.237464
v -0.574131 -0.131246 0.116589
v 0.480482 -0.195616 0.18961
v -0.214898 -0.455491 -0.185987
v -0.294955 -0.433588 -0.161465
v 0.380046 -0.432412 -0.137176
v 0.453977 -0.406756 -0.0774088
v 0.547064 -0.305974 0.0373919
v 0.0143867 -0.477558 -0.202696
v 0.346373 -0.425165 -0.17992
v 0.534058 -0.195082 0.150443
v -0.464459 -0.356014 -0.0909165
v -0.211926 -0.0385559 0.309892
v -0.557368 -0.258088 0.0158278
v -0.374993 -0.0355083 0.266525
v 0.542531 -0.27381 0.0859515
v 0.292225 -0.457945 -0.173228
v 0.503064 -0.210004 0.168505
v -0.529972 -0.110842 0.171736
v 0.425512 -0.421839 -0.110471
v 0.514742 -0.355081 0.0171174
v 0.528487 -0.242545 0.126881
v -0.518587 -0.306538 -0.0678396
v -0.156587 -0.45302 -0.207294
v -0.465033 -0.0903185 0.222316
v 0.465886 -0.403131 -0.0206971
v -0.418442 -0.0537518 0.249555
v -0.181697 -0.461646 -0.184845
v 0.453566 -0.165148 0.217481
v 0.259981 -0.0914487 0.294132
v -0.256559 -0.450002 -0.16053
v -0.444746 -0.36129 -0.1221
v 0.0317373 -0.505444 -0.158551
v -0.0290265 -0.494452 -0.167504
v -0.108923 -0.0301627 0.318714
v -0.373516 -0.399782 -0.144794
v 0.267442 -0.479288 -0.153135
v 0.527736 -0.311563 0.0675964
v -0.56044 -0.199154 0.0876577
v -0.544297 -0.283662 -0.0303719
v -0.23518 -0.443068 -0.183776
v -0.0647561 -0.497729 -0.158814
v -0.408608 -0.11862 0.242714
v -0.304397 0.00921642 0.289578
v 0.372354 -0.456267 -0.0915982
v -0.576142 -0.180605 0.0829259
v -0.550673 -0.214975 0.0915424
v 0.517531 -0.336298 0.0477046
v -0.426937 -0.371976 -0.12972
v 0.0765497 -0.501304 -0.165347
v -0.460721 -0.373249 -0.0328395
v -0.149005 -0.488205 -0.156865
v -0.338923 -0.423463 -0.139072
v 0.215378 -0.494701 -0.154445
v -0.332527 -0.0886523 0.277762
v 0.300363 -0.108524 0.283473
v -0.532362 -0.294324 0.00702593
v -0.426572 -0.0995509 0.241231
v 0.490177 -0.382723 0.00598749
v 0.399589 -0.449893 -0.0622069
v 0.46941 -0.386167 0.0452928
v 0.505006 -0.288368 0.117876
v -0.269313 -0.462671 -0.122809
v 0.305111 -0.177336 0.272863
v 0.174725 -0.109028 0.307203
v -0.187242 -0.488618 -0.130686
v 0.411273 -0.157973 0.242399
v 0.366618 -0.117101 0.262208
v -0.45464 -0.371683 -0.082298
v 0.265586 -0.4986 -0.104388
v -0.521774 -0.312555 -0.0177173
v -0.381451 -0.415722 -0.0972548
v -0.434507 -0.393819 -0.0542043
v 0.238086 -0.144993 0.293329
v 0.467279 -0.306314 0.141832
v -0.298125 -0.109276 0.287617
v 0.204077 -0.512223 -0.114428
v -0.527552 -0.236621 0.107898
v -0.121107 -0.496064 -0.148609
v -0.229209 -0.0939262 0.304363
v 0.397466 -0.452832 -0.0376012
v -0.149115 -0.499142 -0.140279
v 0.000713555 -0.508691 -0.154413
v 0.0149149 -0.512839 -0.145864
v -0.48979 -0.346915 -0.00665719
v -0.400265 -0.407791 -0.075005
v 0.380845 -0.458993 -0.054862
v 0.339993 -0.463362 -0.116517
v -0.268197 -0.118753 0.293578
v -0.503826 -0.331157 0.00290405
v 0.447385 -0.413719 0.0162463
v -0.522613 -0.197272 0.138394
v -0.532041 -0.284077 0.0356817
v 0.0531359 -0.520836 -0.133319
v 0.0993237 -0.516293 -0.132771
v -0.0889273 -0.0992719 0.313916
v 0.158937 -0.507698 -0.133375
v 0.461724 -0.284061 0.158802
v -0.382741 -0.421498 -0.0766035
v 0.322764 -0.479912 -0.0624082
v -0.0176734 -0.517648 -0.143502
v -0.100563 -0.508888 -0.142494
v 0.450566 -0.333262 0.136427
v 0.41965 -0.432486 0.0113651
v -0.0901332 -0.518822 -0.142488
v 0.353527 -0.189953 0.255606
v -0.0599167 -0.520857 -0.142681
v -0.32753 -0.45477 -0.0672755
v -0.0197543 -0.529295 -0.143028
v 0.476466 -0.344781 0.0975318
v -0.159137 -0.505378 -0.128025
v 0.0192062 -0.522974 -0.137702
v 0.135775 -0.162587 0.307331
v 0.137692 -0.528734 -0.0814808
v -0.141866 -0.51251 -0.134918
v 0.247634 -0.512606 -0.0632832
v -0.171261 -0.112762 0.31003
v -0.474193 -0.280138 0.140224
v -0.103796 -0.535918 -0.143502
v -0.0675904 -0.52712 -0.14305
v -0.311142 -0.451246 -0.0994214
v -0.493302 -0.319346 0.0619019
v -0.146103 -0.519105 -0.128498
v 0.032401 -0.538425 -0.128765
v 0.323179 -0.234829 0.254347
v 0.00983231 -0.540857 -0.137607
v 0.380644 -0.266575 0.224762
v 0.0722205 -0.528503 -0.118127
v -0.353403 -0.144959 0.263808
v 0.0416413 -0.532438 -0.125765
v -0.194605 -0.496539 -0.112106
v -0.174823 -0.502526 -0.117643
v 0.431199 -0.41329 0.0572199
v -0.0854831 -0.559533 -0.156514
v -0.115289 -0.516375 -0.136261
v -0.10463 -0.547434 -0.148922
v -0.028028 -0.549625 -0.147696
v 0.176384 -0.520459 -0.0913111
v -0.493208 -0.281717 0.115923
v -0.450933 -0.185176 0.209817
v -0.277276 -0.473466 -0.0874564
v -0.139325 -0.533333 -0.134617
v -0.224646 -0.149342 0.297359
v -0.411095 -0.161078 0.23713
v 0.00482746 -0.205012 0.30582
v 0.2901 -0.221842 0.26795
v 0.0694819 -0.173922 0.308168
v -0.164213 -0.513477 -0.118227
v -0.276323 -0.476565 -0.0627271
v -0.227499 -0.478758 -0.122927
v 0.0601619 -0.53761 -0.117519
v 0.0963838 -0.532761 -0.107039
v 0.0740264 -0.535489 -0.110529
v -0.209434 -0.500611 -0.0994891
v 0.12446 -0.524656 -0.108132
v 0.291649 -0.497344 -0.0422752
v -0.475162 -0.359072 0.00959114
v -0.479962 -0.228374 0.167921
v -0.369817 -0.173013 0.253005
v -0.184733 -0.508681 -0.106782
v -0.104873 -0.566387 -0.163659
v -0.43616 -0.392617 -0.0027426
v -0.149289 -0.531878 -0.129431
v -0.145266 -0.548861 -0.141041
v 0.400633 -0.437517 0.042907
v 0.419782 -0.413264 0.076462
v 0.440991 -0.360335 0.12503
v 0.233532 -0.209094 0.28304
v 0.389135 -0.316842 0.194276
v 0.390915 -0.433901 0.0691172
v -0.403647 -0.190386 0.234223
v 0.348261 -0.249565 0.242071
v 0.375545 -0.45634 0.0157979
v -0.201699 -0.510497 -0.0987975
v -0.242489 -0.497272 -0.0753179
v -0.29891 -0.155471 0.278821
v 0.120645 -0.537604 -0.0911896
v 0.0852479 -0.545298 -0.106085
v -0.191025 -0.515928 -0.103952
v 0.0291242 -0.573344 -0.144832
v -0.231674 -0.501595 -0.0879068
v -0.246282 -0.484183 -0.0893678
v -0.219279 -0.510142 -0.092517
v 0.218097 -0.517828 -0.0735101
v -0.016047 -0.574998 -0.156954
v 0.396697 -0.412216 0.101917
v 0.105995 -0.542944 -0.0959353
v 0.377792 -0.337296 0.18733
v -0.32047 -0.459609 -0.0430704
v -0.173936 -0.582261 -0.157088
v -0.450596 -0.251181 0.180298
v 0.337675 -0.475788 -0.0107492
v 0.154539 -0.525067 -0.0720452
v -0.159693 -0.595701 -0.170047
v 0.126997 -0.54691 -0.0778812
v 0.279427 -0.504511 -0.000857063
v -0.241267 -0.206281 0.281318
v -0.252551 -0.489897 -0.0537259
v -0.190976 -0.549954 -0.128129
v 0.061583 -0.582931 -0.138342
v -0.209375 -0.525585 -0.103878
v 0.103438 -0.550647 -0.0974979
v -0.426323 -0.22994 0.2071
v 0.0324747 -0.60883 -0.16281
v -0.301078 -0.227034 0.259752
v -0.429126 -0.392049 0.0346612
v -0.428605 -0.396432 0.0120985
v -0.0784652 -0.177199 0.309506
v -0.221726 -0.580385 -0.141553
v -0.0391279 -0.601214 -0.17627
v -0.429991 -0.377845 0.0675864
v -0.472698 -0.323675 0.0918214
v -0.45587 -0.296955 0.143596
v -0.0848752 -0.617026 -0.187502
v 0.391875 -0.374314 0.149544
v 0.197727 -0.520957 -0.0445514
v -0.190226 -0.190812 0.295358
v -0.240755 -0.52237 -0.0879507
v 0.14468 -0.530767 -0.0526257
v -0.246366 -0.503712 -0.0677658
v 0.119632 -0.553115 -0.087849
v -0.243444 -0.557476 -0.113744
v 0.339158 -0.299948 0.22706
v -0.334855 -0.455404 -0.0281715
v 0.289115 -0.308393 0.237508
v 0.0908647 -0.611166 -0.142871
v 0.102965 -0.565869 -0.105678
v 0.279415 -0.270766 0.254227
v -0.438286 -0.330099 0.122349
v -0.269309 -0.479437 -0.0318768
v 0.286775 -0.494789 0.0392894
v 0.138571 -0.559244 -0.0644113
v -0.392049 -0.418777 0.0252156
v -0.0386655 -0.232749 0.301746
v 0.335217 -0.336991 0.20546
v -0.110998 -0.633938 -0.188054
v -0.0447307 -0.650978 -0.195456
v 0.378956 -0.393261 0.140463
v 0.149466 -0.222912 0.293598
v -0.257279 -0.492082 -0.0385001
v 0.0167406 -0.656762 -0.191107
v -0.255016 -0.500778 -0.0474215
v -0.385693 -0.308501 0.185269
v -0.390681 -0.239888 0.22353
v -0.129006 -0.200551 0.299261
v 0.139219 -0.547235 -0.0544674
v 0.162852 -0.525765 -0.0261863
v 0.226831 -0.520216 -0.00993197
v -0.27014 -0.482614 -0.0251419
v -0.197282 -0.647432 -0.184225
v -0.26902 -0.548275 -0.0904062
v 0.357926 -0.394861 0.153823
v 0.128434 -0.601621 -0.114587
v -0.170484 -0.622864 -0.179158
v 0.130983 -0.576068 -0.0917377
v -0.401985 -0.33377 0.150997
v -0.0112315 -0.242047 0.298942
v 0.358083 -0.448083 0.0750887
v -0.306946 -0.468852 -0.00727507
v 0.210674 -0.282664 0.266029
v 0.353405 -0.432393 0.109957
v 0.14421 -0.544357 -0.0378563
v 0.152611 -0.532958 -0.0257199
v -0.355042 -0.311144 0.201749
v -0.254723 -0.516217 -0.0700161
v 0.145948 -0.550243 -0.0445553
v -0.257964 -0.592221 -0.134398
v -0.279335 -0.480829 -0.0170735
v -0.265445 -0.507057 -0.0373779
v 0.295306 -0.497832 0.00997981
v 0.256407 -0.510842 0.0180521
v 0.340063 -0.415012 0.137196
v -0.381746 -0.415728 0.0630819
v 0.302462 -0.364328 0.203925
v 0.0787043 -0.239294 0.296524
v -0.357176 -0.443176 0.012266
v -0.141511 -0.259395 0.281448
v 0.127732 -0.30989 0.268337
v -0.332814 -0.261833 0.236249
v -0.421107 -0.37114 0.0901053
v -0.057212 -0.67465 -0.199809
v -0.101038 -0.678599 -0.19966
v 0.153034 -0.54583 -0.0234536
v -0.40698 -0.371415 0.108032
v 0.329782 -0.389244 0.171106
v 0.0766733 -0.636114 -0.168098
v -0.275588 -0.492678 -0.0094576
v -0.272646 -0.503397 -0.025387
v -0.312398 -0.463044 0.00803447
v -0.199762 -0.667579 -0.189975
v 0.167329 -0.577545 -0.0532077
v -0.288755 -0.472214 0.0137031
v -0.284906 -0.479268 0.007879
v 0.243145 -0.50973 0.0363156
v 0.191625 -0.525916 0.00857861
v 0.298984 -0.463954 0.0957898
v -0.335381 -0.437896 0.0716585
v -0.318576 -0.455157 0.0378942
v 0.165096 -0.556254 -0.0239579
v 0.17582 -0.54353 0.0111558
v 0.308774 -0.390143 0.183858
v 0.241196 -0.346096 0.23639
v 0.051958 -0.672065 -0.186645
v 0.168778 -0.604911 -0.0848573
v -0.188785 -0.24162 0.280623
v 0.164453 -0.546639 -0.0109166
v -0.278617 -0.492817 0.00523008
v -0.312396 -0.288161 0.234186
v -0.303179 -0.56083 -0.0740583
v -0.227624 -0.621698 -0.162575
v 0.186627 -0.531848 0.0213449
v -0.0524064 -0.704468 -0.201191
v -0.28478 -0.477105 0.0260069
v 0.0911617 -0.313271 0.273577
v -0.289538 -0.581171 -0.105909
v -0.287786 -0.476848 0.0320402
v 0.155734 -0.638749 -0.12778
v -0.280535 -0.502628 -0.000165433
v 0.167849 -0.629404 -0.110517
v 0.0343005 -0.687676 -0.192592
v -0.279927 -0.504701 -0.0130214
v -0.288703 -0.28086 0.243233
v 0.173189 -0.560125 -0.012842
v -0.133712 -0.307706 0.268648
v 0.294501 -0.42075 0.160173
v 0.181877 -0.553398 0.00282632
v 0.195195 -0.501946 0.0834002
v 0.14365 -0.673616 -0.153097
v 0.185973 -0.545722 0.0153873
v -0.28899 -0.617967 -0.137025
v -0.301882 -0.455772 0.0608156
v 0.188187 -0.543077 0.027139
v -0.305178 -0.40381 0.155115
v -0.183262 -0.319547 0.254857
v -0.291284 -0.314742 0.224602
v 0.199548 -0.51959 0.0358332
v 0.182596 -0.570561 -0.023641
v 0.212464 -0.620452 -0.0671519
v -0.0174004 -0.313783 0.27381
v -0.0629742 -0.27623 0.285506
v 0.187687 -0.528994 0.0343483
v 0.264175 -0.45534 0.126423
v -0.338102 -0.418721 0.105367
v 0.257338 -0.394624 0.196094
v -0.28418 -0.497462 0.00945162
v -0.326631 -0.333039 0.19856
v -0.330478 -0.551154 -0.0462137
v -0.109995 -0.709539 -0.203557
v -0.242509 -0.267779 0.260854
v -0.32819 -0.539504 -0.0308124
v -0.338044 -0.409607 0.115048
v 0.201773 -0.511073 0.0573914
v -0.285077 -0.470207 0.0489144
v -0.204467 -0.689721 -0.192756
v 0.191801 -0.567823 -0.00566658
v -0.29479 -0.49792 0.0230351
v -0.228816 -0.675519 -0.182367
v 0.20327 -0.655827 -0.0988453
v 0.187256 -0.522087 0.05196
v 0.197529 -0.433148 0.176015
v 0.213827 -0.648002 -0.0879826
v 0.183336 -0.537664 0.0421994
v 0.246382 -0.425323 0.169489
v -0.284611 -0.487964 0.0329212
v -0.283092 -0.487892 0.0498771
v -0.294216 -0.499833 0.032969
v -0.159761 -0.676588 -0.195544
v -0.29934 -0.656345 -0.148866
v 0.192211 -0.38827 0.21421
v 0.218069 -0.613572 -0.0532994
v 0.199907 -0.456671 0.148156
v -0.296048 -0.413437 0.143905
v -0.300658 -0.442095 0.0911158
v 0.179086 -0.522516 0.0676841
v -0.307251 -0.375462 0.178779
v -0.276307 -0.4559 0.0932266
v 0.0559045 -0.328951 0.26501
v 0.185116 -0.511593 0.0745526
v -0.0790791 -0.311937 0.272016
v -0.280525 -0.358695 0.206483
v -0.0882217 -0.742141 -0.206427
v -0.276257 -0.477209 0.0667812
v 0.190152 -0.552439 0.0461698
v -0.271414 -0.470008 0.0813931
v -0.249894 -0.329565 0.233474
v 0.179692 -0.532705 0.056034
v 0.184031 -0.481385 0.124454
v 0.188592 -0.706043 -0.135163
v 0.0341251 -0.757682 -0.198665
v 0.00421157 -0.354776 0.251445
v -0.265753 -0.467887 0.092234
v 0.134898 -0.4073 0.210182
v -0.263734 -0.448591 0.114647
v -0.252379 -0.367054 0.212496
v -0.282923 -0.431952 0.121761
v -0.325264 -0.523154 0.0188992
v -0.275958 -0.674708 -0.162111
v 0.178108 -0.504189 0.0978567
v -0.338757 -0.531607 0.00311333
v 0.211039 -0.591772 -0.0179326
v -0.273092 -0.409858 0.156023
v -0.28381 -0.396242 0.174351
v -0.263266 -0.461407 0.102222
v -0.209249 -0.34968 0.233153
v -0.264087 -0.384961 0.18794
v -0.136765 -0.74244 -0.204569
v 0.175517 -0.531742 0.07122
v -0.178582 -0.339447 0.245612
v -0.180695 -0.354258 0.233247
v -0.245595 -0.452298 0.123507
v 0.213764 -0.576208 0.0238583
v 0.226181 -0.6288 -0.0613757
v -0.0563549 -0.759191 -0.207354
v -0.391455 -0.592476 -0.0288711
v 0.168919 -0.50374 0.109676
v -0.257167 -0.420248 0.155007
v -0.303385 -0.504699 0.0529127
v -0.351544 -0.642546 -0.108584
v -0.220309 -0.716322 -0.191982
v -0.176705 -0.392792 0.210523
v -0.367214 -0.566369 -0.0261404
v -0.228282 -0.456745 0.131039
v -0.215567 -0.419232 0.173639
v -0.284232 -0.491534 0.0711941
v -0.27197 -0.479411 0.0867986
v 0.172784 -0.519251 0.0886144
v 0.198998 -0.721315 -0.126925
v -0.252294 -0.462639 0.112536
v -0.257701 -0.728281 -0.180266
v -0.229655 -0.432957 0.15074
v -0.201641 -0.397689 0.196535
v 0.0693404 -0.386197 0.23174
v -0.244917 -0.460823 0.118048
v 0.179043 -0.542422 0.0601659
v -0.26142 -0.472059 0.101458
v -0.0864438 -0.778455 -0.207834
v 0.161822 -0.511276 0.108993
v 0.239398 -0.61524 -0.0190049
v -0.35787 -0.603538 -0.0796431
v 0.145226 -0.741302 -0.165933
v 0.138334 -0.500525 0.128741
v 0.258209 -0.642734 -0.0250123
v 0.163829 -0.466912 0.148814
v -0.188239 -0.719024 -0.198271
v -0.179678 -0.413166 0.197866
v -0.361448 -0.656467 -0.107354
v -0.303327 -0.503094 0.084335
v -0.0794019 -0.353148 0.250364
v 0.158029 -0.775166 -0.157126
v -0.00740463 -0.390066 0.233101
v -0.268763 -0.48377 0.106557
v 0.0978189 -0.435942 0.197591
v -0.203222 -0.463311 0.143827
v -0.308591 -0.722953 -0.159224
v -0.229567 -0.468622 0.133682
v -0.215998 -0.462454 0.138611
v 0.227086 -0.717069 -0.103806
v 0.160807 -0.522994 0.110368
v -0.242507 -0.466029 0.122427
v -0.2546 -0.474423 0.114368
v 0.173244 -0.536281 0.0883872
v 0.129403 -0.485648 0.149619
v 0.25407 -0.623966 0.00418367
v -0.214098 -0.450674 0.143628
v 0.235395 -0.756699 -0.109309
v -0.318602 -0.70408 -0.151078
v -0.378419 -0.689753 -0.113324
v -0.153757 -0.400378 0.215783
v 0.00766175 -0.42497 0.213106
v -0.360525 -0.540357 0.0166131
v 0.0525978 -0.444511 0.199927
v -0.0968043 -0.429889 0.203232
v 0.255772 -0.660796 -0.0455998
v 0.184091 -0.549593 0.0725255
v 0.183364 -0.54756 0.0960489
v 0.12717 -0.508528 0.139159
v 0.00987018 -0.445001 0.199512
v -0.0457871 -0.423894 0.214158
v 0.17229 -0.536853 0.110248
v -0.0605844 -0.428619 0.208151
v 0.207932 -0.566371 0.0760594
v -0.19153 -0.456761 0.153992
v -0.192056 -0.467556 0.153243
v -0.127541 -0.443582 0.186981
v -0.154955 -0.46058 0.175493
v 0.0687624 -0.476097 0.179499
v -0.127268 -0.787908 -0.20619
v -0.0415476 -0.799981 -0.20592
v -0.140823 -0.450076 0.181765
v -0.195604 -0.764564 -0.197324
v -0.399258 -0.57145 0.0170376
v -0.0846839 -0.452633 0.191518
v 0.11677 -0.498986 0.148362
v 0.0996566 -0.487769 0.161784
v -0.0592649 -0.453187 0.193019
v 0.0103366 -0.460648 0.192716
v -0.339399 -0.522277 0.0553603
v -0.120409 -0.455756 0.183784
v -0.175128 -0.463273 0.164588
v 0.161698 -0.528431 0.120429
v -0.352413 -0.712226 -0.137696
v 0.272361 -0.707877 -0.0526317
v -0.0433853 -0.466749 0.192028
v -0.214003 -0.473864 0.14958
v 0.0393253 -0.468987 0.18868
v 0.0679273 -0.485724 0.179236
v 0.0958496 -0.495281 0.164829
v 0.252319 -0.769872 -0.0982713
v -0.0106595 -0.468046 0.191077
v 0.283505 -0.676757 -0.0163779
v -0.25815 -0.483956 0.137347
v -0.129151 -0.464006 0.184113
v 0.258636 -0.608571 0.0743891
v -0.183055 -0.472682 0.165654
v 0.271169 -0.629352 0.0374616
v 0.00839922 -0.479093 0.191049
v 0.0474594 -0.484295 0.186864
v -0.101658 -0.464497 0.187663
v -0.151156 -0.469537 0.181805
v -0.163741 -0.468989 0.173219
v 0.129389 -0.51764 0.15707
v 0.0676183 -0.492118 0.18165
v -0.0786764 -0.468798 0.191663
v -0.402132 -0.690703 -0.0936651
v -0.260244 -0.781363 -0.181303
v -0.0436843 -0.830576 -0.20542
v -0.385597 -0.542362 0.0932645
v 0.0781403 -0.825115 -0.186896
v 0.1347 -0.818336 -0.168387
v -0.40566 -0.747278 -0.10845
v 0.199405 -0.781223 -0.135157
v -0.364182 -0.729365 -0.134976
v -0.163879 -0.475549 0.184745
v -0.0857183 -0.813758 -0.206423
v 0.094269 -0.504025 0.170568
v -0.298316 -0.757524 -0.16802
v 0.0754475 -0.50206 0.185839
v -0.265259 -0.488245 0.160392
v -0.424228 -0.579724 0.0410494
v -0.345002 -0.75124 -0.146681
v -0.0147136 -0.480512 0.196559
v -0.0634048 -0.478483 0.205727
v 0.0378065 -0.491032 0.191516
v 0.193563 -0.553199 0.125143
v -0.396655 -0.646531 -0.0741479
v 0.312619 -0.683145 0.0232264
v 0.300524 -0.650641 0.0651986
v 0.161222 -0.533281 0.162665
v -0.137778 -0.472585 0.190184
v 0.219932 -0.794554 -0.12732
v -0.000825173 -0.805052 -0.203152
v -0.196871 -0.480697 0.182752
v -0.238959 -0.487105 0.174695
v -0.447866 -0.633519 -0.00162045
v -0.147839 -0.82655 -0.20014
v -0.390815 -0.741988 -0.117846
v 0.217704 -0.823795 -0.12313
v 0.0160889 -0.494057 0.205394
v -0.147812 -0.483882 0.218446
v 0.175008 -0.820911 -0.147662
v -0.378354 -0.53308 0.143004
v -0.0855648 -0.845696 -0.203692
v 0.30577 -0.720647 -0.0171871
v 0.237062 -0.584294 0.113768
v -0.341867 -0.516516 0.112756
v -0.303574 -0.501837 0.148178
v 0.200537 -0.563164 0.189315
v 0.247647 -0.815781 -0.105624
v -0.2126 -0.819038 -0.190481
v 0.0217295 -0.870187 -0.19085
v 0.291392 -0.776888 -0.0588344
v -0.345791 -0.517904 0.156388
v 0.322914 -0.695956 0.0341988
v 0.232204 -0.573573 0.135091
v -0.161309 -0.899004 -0.18786
v -0.396115 -0.781893 -0.12019
v 0.0465944 -0.502337 0.208709
v -0.314959 -0.798295 -0.159145
v -0.453452 -0.665564 -0.0252515
v 0.310414 -0.701361 0.00219049
v 0.131996 -0.859892 -0.165019
v -0.450164 -0.594702 0.0681684
v -0.420573 -0.558219 0.113862
v -0.430742 -0.706525 -0.0751764
v -0.177609 -0.484028 0.208621
v -0.175198 -0.865712 -0.193435
v -0.456843 -0.616904 0.0373221
v 0.259692 -0.601617 0.155396
v 0.301567 -0.647894 0.0889891
v -0.410826 -0.552431 0.171231
v 0.140517 -0.544861 0.238776
v 0.255337 -0.78848 -0.100266
v -0.32857 -0.512408 0.176222
v -0.202853 -0.489901 0.230305
v -0.439189 -0.745753 -0.0784831
v 0.320633 -0.752075 -0.0111279
v -0.464965 -0.696278 -0.0327877
v 0.0830813 -0.531078 0.261626
v 0.263637 -0.604792 0.133907
v 0.207529 -0.572736 0.211685
v 0.0354705 -0.508292 0.235445
v -0.474564 -0.653676 0.0178767
v -0.460542 -0.599067 0.0981856
v -0.0743174 -0.488173 0.23703
v -0.0446729 -0.493025 0.243269
v 0.275175 -0.832161 -0.0764919
v -0.180795 -0.495805 0.247285
v 0.268817 -0.617237 0.177615
v 0.074437 -0.934686 -0.167261
v 0.319581 -0.799515 -0.0288153
v -0.386932 -0.540139 0.184859
v -0.48751 -0.653884 0.0462615
v -0.205986 -0.509672 0.27893
v 0.107394 -0.899064 -0.166288
v -0.344219 -0.518442 0.18575
v -0.216755 -0.868239 -0.183605
v -0.0440212 -0.89147 -0.192036
v 0.196216 -0.587617 0.271039
v 0.231752 -0.584699 0.185006
v -0.44609 -0.586351 0.168144
v -0.0182853 -0.508281 0.266469
v -0.27659 -0.840287 -0.168867
v 0.00933601 -0.897493 -0.188624
v 0.339678 -0.795201 0.00662729
v 0.317983 -0.822751 -0.0350639
v -0.157534 -0.501444 0.266832
v -0.0758003 -0.503511 0.27841
v -0.474676 -0.615944 0.0897485
v -0.166795 -0.921838 -0.179381
v -0.440489 -0.765531 -0.0823259
v -0.377656 -0.804832 -0.129223
v -0.334749 -0.864085 -0.145462
v -0.480687 -0.614168 0.139169
v -0.471291 -0.603022 0.181127
v -0.118103 -0.496409 0.259609
v 0.0378802 -0.923938 -0.177506
v 0.303269 -0.902101 -0.0468654
v 0.160662 -0.885865 -0.14884
v -0.384172 -0.547713 0.219516
v -0.31353 -0.529071 0.268642
v -0.491773 -0.69805 0.00695019
v 0.337673 -0.696982 0.101781
v -0.283624 -0.515733 0.241991
v -0.264121 -0.519506 0.26982
v -0.426535 -0.587772 0.242322
v -0.41856 -0.78975 -0.103444
v 0.344914 -0.714364 0.0912075
v -0.40398 -0.860486 -0.105624
v -0.434497 -0.57776 0.190563
v -0.481082 -0.629268 0.0684774
v 0.32277 -0.672083 0.13599
v 0.23054 -0.876537 -0.104566
v -0.101349 -0.512618 0.299996
v -0.508265 -0.651878 0.151676
v 0.274244 -0.638468 0.248076
v 0.121005 -0.550231 0.274336
v -0.195327 -0.514085 0.292727
v 0.0774128 -0.53834 0.280764
v -0.495855 -0.77763 -0.0244921
v -0.341538 -0.531726 0.236546
v 0.0225487 -0.536013 0.312938
v 0.343698 -0.705044 0.14663
v -0.275016 -0.524987 0.290742
v -0.108108 -0.964655 -0.169513
v 0.358251 -0.779009 0.0727428
v 0.215733 -0.934807 -0.11018
v 0.349208 -0.773436 0.0437122
v -0.231196 -0.926695 -0.164881
v -0.389171 -0.565772 0.260191
v 0.119817 -0.55971 0.302456
v 0.266288 -0.922388 -0.078513
v -0.530193 -0.718289 0.0799222
v -0.514683 -0.671695 0.10458
v 0.242995 -0.620054 0.26909
v -0.207804 -0.531527 0.328108
v 0.306259 -0.666349 0.208001
v -0.0168283 -0.537692 0.332335
v -0.254183 -0.891129 -0.168371
v -0.257159 -0.943015 -0.156061
v -0.53288 -0.788078 0.0340274
v 0.358181 -0.838952 0.032967
v 0.336772 -0.699238 0.186786
v -0.0761929 -0.531138 0.333021
v 0.367921 -0.756879 0.127569
v 0.112718 -0.957898 -0.147869
v -0.346323 -0.890433 -0.135687
v 0.100466 -0.561781 0.322286
v -0.313901 -0.922738 -0.137605
v -0.348492 -0.557287 0.288944
v -0.238044 -0.968844 -0.150692
v -0.0176954 -0.547092 0.352558
v -0.298707 -0.959253 -0.135402
v 0.119435 -0.573611 0.331741
v -0.518171 -0.668791 0.141445
v 0.211894 -0.629228 0.331209
v -0.188819 -0.545936 0.357527
v -0.3532 -0.907847 -0.123896
v -0.45883 -0.604664 0.220618
v 0.368121 -0.877781 0.0542422
v 0.330826 -0.710663 0.244498
v 0.341994 -0.864506 0.00114408
v 0.0897405 -1.01832 -0.130716
v -0.502642 -0.820397 -0.0196507
v -0.0782957 -0.555405 0.380755
v 0.0129038 -0.971994 -0.16331
v -0.534078 -0.808259 0.0298677
v 0.375884 -0.84119 0.0801394
v 0.380305 -0.81835 0.110328
v -0.549344 -0.740648 0.115913
v 0.185642 -0.591212 0.289265
v 0.29293 -0.653627 0.232774
v 0.371441 -0.758368 0.168389
v -0.208575 -0.983851 -0.149886
v -0.466831 -0.851445 -0.0533193
v 0.368834 -0.772665 0.11855
v 0.278749 -0.930183 -0.0664862
v -0.140355 -0.527232 0.323673
v 0.0474076 -0.585825 0.387821
v -0.290848 -0.541511 0.318387
v -0.311604 -0.974344 -0.124976
v -0.153105 -0.990369 -0.152372
v -0.470518 -0.625326 0.250075
v -0.00773948 -1.05934 -0.126885
v -0.494904 -0.64611 0.233717
v 0.259742 -0.961201 -0.0727687
v 0.383353 -0.806148 0.150144
v 0.0701736 -1.02129 -0.133222
v 0.15689 -1.00734 -0.112806
v -0.237263 -0.544598 0.345805
v 0.39341 -0.856464 0.14638
v -0.246599 -1.0317 -0.122028
v 0.238453 -0.957312 -0.0900495
v 0.278659 -0.667059 0.294353
v -0.308391 -0.566551 0.343669
v -0.435729 -0.894922 -0.0739247
v -0.547917 -0.751447 0.0979624
v 0.0249964 -0.574641 0.384742
v -0.119417 -0.56577 0.394441
v 0.347186 -0.720135 0.210527
v 0.376406 -0.771074 0.186198
v -0.457931 -0.640976 0.302446
v -0.552734 -0.793932 0.0781243
v -0.489919 -0.650312 0.261815
v -0.0694481 -0.568193 0.391562
v 0.325927 -1.00337 0.0170675
v -0.0287634 -0.560384 0.380536
v -0.395445 -0.59244 0.30171
v 0.295059 -0.976353 -0.0314622
v 0.351936 -0.756333 0.275243
v -0.319794 -0.580415 0.356907
v -0.189359 -0.565953 0.386978
v -0.434687 -0.939467 -0.0653062
v -0.339668 -0.998907 -0.0987915
v -0.203889 -1.01891 -0.136919
v 0.31121 -0.689681 0.262106
v 0.212765 -0.65082 0.359807
v 0.3807 -0.792987 0.198444
v 0.264169 -1.00469 -0.0473956
v -0.0403777 -0.577304 0.404498
v -0.160883 -0.573236 0.405839
v 0.385991 -0.887671 0.0968701
v -0.139781 -0.593439 0.424458
v 0.363088 -0.754615 0.228985
v -0.38111 -0.602055 0.341199
v 0.183346 -0.617307 0.339124
v -0.101737 -0.588149 0.415827
v 0.39271 -0.834333 0.181107
v 0.0093121 -1.06945 -0.120457
v -0.557621 -0.748302 0.151563
v 0.145729 -0.601732 0.354535
v 0.389169 -0.857524 0.111861
v 0.35537 -0.930181 0.0288033
v -0.395563 -0.962112 -0.0864438
v -0.361904 -1.01219 -0.0840321
v -0.553085 -0.737264 0.206353
v -0.161291 -0.583413 0.41494
v 0.376773 -0.920873 0.0758103
v 0.185339 -0.641351 0.374148
v -0.31225 -1.04072 -0.0910421
v -0.407221 -0.626685 0.348747
v -0.532962 -0.919324 0.0358691
v -0.21371 -0.582536 0.404634
v 0.301469 -0.71451 0.317058
v -0.539793 -0.710103 0.217553
v -0.0822024 -0.591842 0.425927
v 0.0425901 -1.06954 -0.116421
v -0.563077 -0.790551 0.146394
v 0.393986 -0.898687 0.130321
v 0.0937787 -0.620608 0.415773
v 0.0366524 -0.596369 0.405828
v -0.194974 -1.05232 -0.122327
v 0.374888 -0.787081 0.25687
v -0.15825 -1.06359 -0.117388
v -0.186328 -0.592482 0.424147
v 0.0761331 -0.604911 0.403613
v -0.497075 -0.666199 0.277142
v -0.209713 -1.05876 -0.116622
v 0.256786 -0.680489 0.34309
v 0.15949 -0.649547 0.404675
v -0.0851622 -0.601003 0.430383
v -0.0329073 -0.603678 0.429618
v 0.386432 -0.955263 0.117934
v -0.464885 -0.94217 -0.0352512
v -0.565578 -0.826265 0.107565
v 0.38982 -0.832268 0.23057
v -0.397363 -0.654069 0.396316
v 0.356339 -0.999157 0.0607399
v -0.516662 -0.680102 0.241399
v -0.368266 -0.623468 0.388634
v -0.139514 -1.07655 -0.108674
v 0.227251 -1.11214 -0.0223175
v 0.365976 -0.968384 0.0684754
v -0.559262 -0.755577 0.222868
v -0.571085 -0.817485 0.147365
v -0.209731 -1.0791 -0.0980122
v -0.295087 -0.608657 0.408845
v 0.211045 -0.678998 0.397787
v -0.398869 -1.00052 -0.0700281
v -0.0898322 -1.08496 -0.109274
v -0.433887 -0.65555 0.363094
v -0.188062 -0.617084 0.451814
v 0.387259 -0.844592 0.27252
v -0.480085 -0.987612 -0.00362757
v -0.522155 -0.961089 0.0351476
v -0.427125 -0.983193 -0.0562712
v -0.559557 -0.833353 0.0849768
v -0.557161 -0.751651 0.191647
v -0.510304 -0.697598 0.302135
v -0.547345 -0.740654 0.259164
v -0.5785 -0.847094 0.16474
v 0.0733646 -0.638012 0.445805
v -0.200617 -1.08937 -0.0972069
v 0.152474 -1.10114 -0.0652086
v -0.534566 -0.735301 0.310701
v 0.320372 -1.03632 0.0280818
v 0.0625557 -1.12231 -0.0819492
v 0.393938 -0.942437 0.149087
v 0.398228 -0.876475 0.19716
v -0.252459 -1.06828 -0.101409
v 0.00275855 -0.613524 0.430722
v -0.566601 -0.825761 0.125261
v 0.374335 -1.00429 0.104805
v -0.25506 -1.09122 -0.0827146
v -0.472246 -0.686705 0.358372
v -0.57796 -0.825555 0.183238
v -0.567607 -0.784074 0.233386
v 0.278127 -0.720589 0.364571
v -0.0603712 -0.628756 0.454708
v -0.0850586 -1.11132 -0.0960948
v -0.316555 -0.626434 0.423826
v 0.34027 -1.05474 0.0700659
v 0.321817 -1.05522 0.0383107
v -0.292253 -1.09529 -0.0733009
v 0.397093 -0.910431 0.168375
v 0.293843 -1.05585 0.00403617
v 0.174478 -1.13516 -0.0330308
v -0.0840042 -1.13353 -0.0886363
v -0.237506 -0.616131 0.442269
v 0.263465 -1.07099 -0.0165074
v -0.555399 -0.933175 0.0780247
v 0.39799 -0.886214 0.250611
v -0.431623 -1.03905 -0.0247372
v -0.581976 -0.887053 0.15177
v 0.242892 -0.710093 0.401219
v -0.262612 -1.11414 -0.068595
v 0.305095 -0.770809 0.376277
v -0.382308 -1.0456 -0.0591892
v 0.372892 -0.791801 0.272991
v -0.523024 -0.719929 0.32167
v -0.381884 -0.656391 0.412836
v -0.401634 -1.05071 -0.0397717
v 0.368017 -0.839518 0.328411
v -0.57561 -0.936521 0.129708
v 0.0537977 -1.14393 -0.0691511
v -0.570515 -0.888578 0.112317
v -0.587433 -0.823092 0.229249
v 0.390492 -0.872355 0.293164
v 0.114872 -1.11979 -0.0666496
v -0.0205157 -1.11331 -0.0937867
v -0.166665 -1.12928 -0.083187
v -0.225081 -0.637978 0.474835
v -0.581593 -0.808625 0.245828
v 0.399844 -0.929581 0.216915
v 0.261614 -0.741747 0.408598
v -0.46047 -1.03201 -0.000671699
v -0.527533 -0.73201 0.330274
v -0.550956 -0.951123 0.0727727
v 0.395782 -0.956329 0.181363
v 0.390827 -0.987313 0.165896
v 0.344368 -0.818936 0.366919
v -0.0396023 -1.14048 -0.0802311
v -0.286 -0.643988 0.454397
v -0.495668 -1.00099 0.0220086
v -0.209711 -0.633932 0.471223
v -0.345997 -1.09673 -0.0437541
v -0.596331 -0.841726 0.234431
v 0.323567 -0.799098 0.385298
v -0.547671 -0.763695 0.311188
v -0.494364 -0.7181 0.373389
v -0.429887 -0.67828 0.398467
v -0.124442 -1.13083 -0.0876537
v -0.203415 -1.1207 -0.0788857
v 0.0191723 -1.14356 -0.0710266
v -0.532986 -0.754981 0.345791
v -0.241405 -0.652042 0.482656
v -0.511683 -0.718997 0.343391
v -0.570422 -0.796818 0.26149
v -0.601118 -0.894487 0.207668
v 0.0936252 -0.68249 0.471463
v -0.277491 -1.12411 -0.0557789
v 0.277804 -0.778423 0.419598
v 0.0567516 -1.16207 -0.0539611
v -0.307301 -1.12315 -0.0465226
v -0.000974661 -1.15845 -0.0641123
v 0.0910979 -1.15116 -0.0536123
v 0.344763 -1.08679 0.0961725
v -0.0887679 -1.15412 -0.0774327
v -0.250175 -1.11845 -0.0674509
v -0.560972 -0.784835 0.286449
v 0.239376 -0.734587 0.429754
v -0.213449 -0.649828 0.488138
v 0.353058 -1.07493 0.10864
v 0.3836 -0.888281 0.331301
v -0.513969 -0.734248 0.365829
v 0.380359 -1.04336 0.169687
v -0.208936 -1.16485 -0.0570725
v 0.399653 -0.970389 0.210616
v -0.0941614 -1.19623 -0.0474215
v -0.557603 -0.971828 0.0947215
v -0.509371 -0.745641 0.38596
v -0.495411 -1.031 0.0386974
v 0.244329 -0.772445 0.452924
v -0.180834 -0.64806 0.483966
v 0.226323 -1.13431 -0.0053397
v -0.581697 -0.944928 0.151591
v 0.287001 -1.09197 0.0216797
v -0.250825 -1.14248 -0.0530323
v -0.0343583 -1.17489 -0.0604768
v -0.422899 -1.10085 0.00918055
v 0.333244 -0.835703 0.410805
v 0.340701 -0.85113 0.409254
v -0.385828 -1.10294 -0.0171393
v -0.154144 -1.155 -0.0706599
v 0.368466 -1.05522 0.119588
v -0.585811 -0.831521 0.266499
v -0.600708 -0.911142 0.204087
v 0.403444 -0.961773 0.244044
v -0.467869 -0.720015 0.40744
v -0.428486 -0.707281 0.438593
v 0.40097 -0.930039 0.258054
v -0.533618 -0.769177 0.367204
v 0.404275 -0.985376 0.230642
v 0.30648 -0.804966 0.410446
v -0.44524 -1.14595 0.0601858
v -0.363726 -1.16364 0.0149647
v -0.0481231 -1.20036 -0.0465844
v 0.0734185 -1.18591 -0.030342
v -0.573244 -0.820174 0.293971
v 0.38882 -0.954197 0.342648
v -0.54566 -0.793563 0.359586
v 0.405851 -0.98423 0.255628
v -0.211392 -0.680046 0.51142
v 0.121737 -1.1789 -0.0194254
v -0.513604 -0.763357 0.397927
v -0.601282 -0.881486 0.252915
v 0.309023 -1.09895 0.0545431
v 0.212685 -1.17541 0.0213329
v -0.188357 -1.19338 -0.0410055
v 0.402202 -0.959504 0.275349
v 0.0256501 -1.18255 -0.042606
v -0.603765 -0.917072 0.227375
v -0.600479 -0.888183 0.288753
v -0.354655 -0.722534 0.492744
v 0.367262 -0.869672 0.361218
v -0.571235 -0.98716 0.125626
v -0.53579 -0.788504 0.382468
v -0.2324 -1.1827 -0.0317472
v 0.127453 -0.761196 0.516524
v -0.0160829 -1.21029 -0.0313247
v -0.465379 -1.08913 0.0388529
v 0.266977 -1.21608 0.120262
v -0.545716 -1.02699 0.111639
v -0.581358 -0.991746 0.159749
v 0.401225 -1.00055 0.277172
v 0.397058 -0.917947 0.293879
v -0.576367 -0.861905 0.340159
v -0.517589 -0.782206 0.40619
v -0.237504 -0.716306 0.53805
v -0.284477 -0.694849 0.502542
v 0.401975 -1.00687 0.240913
v -0.131739 -0.68304 0.510599
v 0.322868 -0.833761 0.422197
v -0.498333 -0.762372 0.415911
v -0.450606 -0.761278 0.471214
v -0.460377 -1.12314 0.0544215
v -0.433441 -0.760859 0.484825
v -0.530606 -0.795997 0.401708
v -0.209385 -1.23209 0.000671699
v 0.28065 -0.821677 0.451728
v 0.252724 -0.805476 0.470699
v 0.39637 -1.02953 0.259876
v 0.0562752 -1.23013 0.00544534
v 0.240671 -1.20168 0.0738031
v -0.521081 -0.797254 0.419034
v -0.605278 -0.942351 0.269465
v -0.604634 -0.926691 0.292444
v -0.537293 -0.837052 0.41845
v 0.346114 -0.908625 0.420332
v -0.144908 -0.746407 0.566148
v 0.369602 -0.906809 0.377957
v -0.323691 -1.18138 0.00384682
v 0.33442 -0.852611 0.422355
v -0.575881 -1.0121 0.151114
v 0.380666 -1.06133 0.204017
v 0.310169 -1.15166 0.108329
v -0.582937 -0.887338 0.335345
v 0.333232 -0.879423 0.435719
v 0.39681 -0.975532 0.305673
v 0.345943 -1.15237 0.172316
v -0.599614 -0.905009 0.303157
v -0.0549936 -1.23514 -0.0159533
v 0.378946 -0.951841 0.379406
v 0.170029 -1.18486 0.00912872
v 0.218918 -1.18166 0.0335152
v -0.476665 -1.1244 0.0788518
v 0.0435727 -1.22434 -0.00242968
v 0.304337 -0.864773 0.461586
v -0.519175 -1.09325 0.116515
v 0.198883 -1.18651 0.0257219
v -0.601643 -0.980431 0.291782
v -0.112146 -0.764602 0.579297
v -0.191195 -0.725319 0.550849
v -0.503792 -0.808261 0.456119
v -0.58364 -1.01117 0.204673
v 0.385565 -1.05884 0.268259
v -0.275107 -0.738763 0.542414
v -0.322192 -1.22365 0.0414659
v -0.209391 -1.2649 0.0228039
v 0.284679 -1.22952 0.159621
v -0.244006 -1.2383 0.0154092
v -0.554963 -1.06276 0.158178
v -0.0803666 -0.719246 0.537199
v 0.385535 -1.0215 0.357517
v 0.392836 -1.0359 0.287222
v -0.530965 -0.818225 0.419489
v -0.328331 -0.743513 0.526974
v -0.535844 -1.10474 0.153552
v -0.357555 -0.752516 0.519177
v 0.231565 -1.23451 0.0979325
v -0.555112 -0.843366 0.387799
v -0.597094 -0.95674 0.319661
v -0.476027 -0.801835 0.479906
v 0.0972867 -1.23564 0.0148491
v 0.291627 -0.889524 0.48217
v -0.386085 -0.787191 0.534479
v -0.408084 -1.17949 0.0579953
v 0.319358 -0.902916 0.462143
v 0.384459 -1.06392 0.298055
v -0.600909 -0.99688 0.30347
v 0.249517 -0.83579 0.49381
v -0.549168 -0.869736 0.424338
v -0.270776 -0.77745 0.569283
v 0.0793342 -1.22748 0.00652763
v 0.229261 -0.860936 0.529811
v -0.58491 -0.918615 0.3502
v -0.218583 -0.749038 0.569287
v -0.52313 -0.843564 0.443106
v 0.210889 -1.2222 0.0636778
v -0.474199 -0.821077 0.487512
v -0.231507 -1.25591 0.0260328
v 0.209395 -1.2374 0.0768028
v 0.0328973 -1.26742 0.0364073
v -0.430132 -1.18672 0.080855
v -0.434021 -0.804133 0.510126
v -0.49569 -0.832942 0.472539
v 0.144246 -0.808221 0.542011
v -0.446586 -0.791155 0.492624
v -0.558487 -0.886094 0.425121
v 0.381086 -0.999665 0.378868
v 0.27013 -0.881484 0.503555
v 0.362067 -0.948508 0.414149
v 0.378116 -1.08775 0.264587
v 0.316498 -1.20747 0.178668
v -0.413936 -1.20966 0.0900395
v 0.0340414 -0.766089 0.55568
v -0.0693245 -1.27928 0.0220903
v 0.0621889 -1.27454 0.0421795
v -0.303329 -0.780093 0.564071
v 0.329583 -1.19254 0.184604
v 0.3643 -1.14439 0.212681
v 0.379306 -1.07562 0.354772
v 0.373925 -0.980263 0.401146
v -0.578402 -1.05371 0.213469
v 0.310422 -0.913225 0.472541
v 0.379647 -1.05571 0.377648
v -0.0622029 -0.779958 0.586042
v 0.335018 -0.935256 0.449897
v 0.00732291 -1.30247 0.0669705
v 0.217369 -1.25459 0.104211
v -0.261998 -1.24881 0.0353748
v -0.222538 -0.794426 0.592418
v -0.189168 -0.768728 0.587894
v -0.00899917 -0.811731 0.602801
v -0.586867 -0.959963 0.347721
v -0.375105 -0.81959 0.5611
v -0.263449 -0.812032 0.59422
v -0.194522 -0.802754 0.60412
v 0.0512345 -1.28356 0.0520816
v -0.144613 -0.791693 0.599506
v -0.454014 -0.839587 0.516881
v 0.154879 -1.28411 0.0944982
v 0.387435 -1.03277 0.326974
v -0.285193 -0.806644 0.587421
v 0.262098 -1.25086 0.155451
v -0.486413 -0.845826 0.486116
v -0.0580212 -1.3062 0.0555118
v -0.453492 -1.18849 0.112485
v -0.528262 -1.15866 0.187527
v -0.58556 -1.05675 0.23648
v 0.375519 -1.11018 0.220879
v 0.0318588 -0.821888 0.598719
v 0.340621 -0.974575 0.466203
v -0.591103 -1.04531 0.280407
v -0.568564 -0.905334 0.41262
v -0.264657 -1.27698 0.0689179
v -0.410617 -1.23687 0.119064
v 0.0902169 -0.817481 0.572508
v 0.292326 -1.23412 0.177809
v -0.0894336 -1.27727 0.0217913
v 0.350525 -0.995463 0.456091
v -0.142275 -1.30355 0.0508398
v -0.57665 -0.964707 0.418385
v -0.101538 -0.829129 0.619613
v -0.540462 -0.894974 0.455238
v 0.351854 -1.16951 0.214692
v -0.578863 -0.952489 0.387363
v -0.588314 -1.07109 0.341205
v -0.581089 -1.08716 0.258443
v -0.592769 -1.02858 0.313835
v 0.145515 -1.29738 0.107438
v 0.281589 -0.924487 0.515338
v 0.316007 -0.946196 0.487071
v -0.228734 -1.28085 0.0533612
v -0.19216 -1.29693 0.0527652
v -0.093701 -1.32048 0.0693245
v -0.369129 -1.23576 0.084945
v 0.186324 -0.890104 0.573401
v -0.533582 -0.910118 0.469374
v 0.105032 -1.3339 0.136799
v -0.425379 -0.851214 0.55282
v -0.406972 -0.845073 0.558403
v -0.58655 -1.04366 0.373136
v 0.376803 -1.10241 0.312733
v 0.288169 -0.979548 0.530662
v 0.214067 -1.2755 0.140401
v -0.0491516 -0.822988 0.615366
v 0.306717 -1.21916 0.18457
v -0.175989 -0.830437 0.616639
v -0.28474 -1.28842 0.0905338
v -0.231417 -1.29619 0.0772493
v 0.0471903 -1.32865 0.104596
v -0.125133 -1.33419 0.0920227
v 0.15005 -0.865375 0.580085
v -0.296634 -1.28387 0.0871992
v -0.568562 -1.0877 0.216436
v 0.27717 -1.25525 0.195536
v 0.0344839 -0.840985 0.608284
v 0.368402 -1.16253 0.279116
v -0.44481 -0.888285 0.552276
v -0.510001 -0.943053 0.512006
v 0.120571 -0.886873 0.603602
v -0.567673 -0.956977 0.441073
v -0.496363 -1.20339 0.200744
v -0.21897 -0.849888 0.62229
v -0.268048 -0.838936 0.613175
v -0.138846 -0.852708 0.630418
v -0.571031 -1.12076 0.286333
v -0.448575 -1.22937 0.156635
v -0.0582444 -0.844688 0.627827
v -0.00485138 -1.34401 0.114055
v -0.214507 -1.30985 0.0806258
v 0.356887 -1.06541 0.430033
v 0.184741 -0.917763 0.587698
v -0.13779 -1.33072 0.0831312
v 0.37003 -1.16114 0.318285
v -0.581729 -1.09415 0.302506
v -0.538694 -0.952698 0.481183
v 0.357874 -1.1882 0.302195
v -0.290283 -1.30124 0.108646
v 0.240727 -1.27767 0.177342
v 0.177896 -1.31234 0.153779
v -0.0559224 -1.3605 0.130917
v -0.0392256 -0.871652 0.634311
v -0.582476 -0.994674 0.405652
v 0.365051 -1.12755 0.376636
v -0.179447 -0.867251 0.634966
v 0.328664 -1.00553 0.490163
v -0.256772 -1.31097 0.106551
v 0.246386 -0.91164 0.542667
v -0.320045 -0.87198 0.613474
v -0.53236 -1.17096 0.212512
v -0.232527 -1.31793 0.107087
v -0.353674 -0.867542 0.599398
v -0.58727 -1.06182 0.384702
v -0.585378 -1.03805 0.397221
v -0.551301 -0.985599 0.471443
v -0.416623 -0.912595 0.582147
v -0.445627 -1.24645 0.172045
v -0.337035 -1.29245 0.130782
v 0.0445733 -1.36071 0.157885
v -0.33668 -0.889536 0.619605
v -0.565789 -1.14364 0.346168
v 0.0692009 -0.895703 0.625234
v -0.0059257 -1.36656 0.146474
v -0.112513 -0.897975 0.651827
v -0.27434 -1.31561 0.116399
v -0.569262 -0.974503 0.441794
v 0.253348 -1.29655 0.228551
v -0.29201 -1.33246 0.158537
v -0.58542 -1.07763 0.372532
v 0.280148 -1.2806 0.24587
v 0.326924 -1.04734 0.49264
v -0.475118 -1.2396 0.209235
v 0.347723 -1.202 0.339547
v -0.552762 -1.01347 0.469023
v -0.510975 -0.972602 0.52236
v -0.379067 -1.28769 0.147664
v 0.1862 -1.32694 0.18576
v -0.555473 -1.15871 0.275119
v -0.355968 -1.29685 0.142912
v -0.21671 -1.34275 0.1277
v -0.535435 -1.19255 0.266943
v 0.352943 -1.18309 0.365378
v -0.0611106 -0.885365 0.641418
v -0.139974 -1.3551 0.128986
v 0.133871 -1.34536 0.181691
v 0.273848 -1.05135 0.554695
v 0.309302 -1.05816 0.519293
v 0.351486 -1.13725 0.427509
v 0.203403 -1.31684 0.185319
v -0.221961 -0.873625 0.6403
v 0.316502 -1.24973 0.287142
v -0.195151 -1.33466 0.117316
v -0.271374 -0.89428 0.636633
v -0.567514 -1.12589 0.386223
v 0.318642 -1.09826 0.499305
v -0.252333 -1.34828 0.1541
v 0.320835 -1.24436 0.336774
v -0.493754 -1.01243 0.553697
v -0.0137469 -0.918525 0.655097
v -0.0656949 -0.91404 0.659176
v -0.567077 -1.08773 0.429967
v 0.342092 -1.16305 0.440969
v -0.130955 -0.926814 0.665538
v 0.199686 -1.33589 0.229829
v -0.3455 -1.33731 0.191153
v -0.217499 -1.36053 0.157002
v -0.556589 -1.09196 0.458936
v -0.433734 -0.954827 0.585496
v -0.12011 -1.37165 0.14417
v -0.189704 -1.37665 0.167542
v -0.547773 -1.06351 0.483673
v 0.00795275 -1.38242 0.177765
v 0.174727 -1.01059 0.625712
v -0.195566 -0.913396 0.661193
v -0.0782818 -1.37843 0.15641
v -0.038813 -1.37913 0.15829
v -0.423812 -1.30002 0.224722
v -0.378254 -0.939732 0.619191
v -0.542503 -1.18337 0.283481
v -0.3019 -1.35128 0.190408
v 0.337767 -1.13838 0.460245
v 0.29078 -1.28359 0.291344
v 0.345823 -1.17641 0.409981
v -0.522884 -1.01235 0.519265
v -0.0606602 -0.93453 0.66474
v 0.085519 -0.965637 0.646294
v -0.128412 -1.384 0.161941
v 0.301623 -1.26523 0.402507
v 0.295193 -1.08002 0.538407
v -0.203748 -0.937279 0.665759
v -0.169952 -1.38056 0.166396
v -0.118649 -0.944739 0.669291
v -0.515813 -1.22123 0.273415
v -0.0638751 -1.38438 0.167869
v 0.255018 -1.31823 0.290738
v 0.291358 -1.28511 0.355384
v 0.0638831 -1.37674 0.196313
v -0.40099 -0.967441 0.616922
v 0.00107233 -0.963676 0.667268
v -0.559635 -1.15848 0.370899
v 0.331299 -1.2201 0.389386
v 0.174319 -1.34525 0.220319
v 0.258853 -1.07243 0.573876
v 0.239232 -1.05551 0.58717
v -0.362671 -1.33176 0.204318
v 0.327243 -1.19566 0.445045
v -0.101155 -1.39378 0.178471
v -0.120106 -0.969957 0.680638
v 0.202799 -1.06801 0.615926
v -0.526508 -1.05838 0.524343
v 0.147564 -1.00017 0.63555
v 0.30525 -1.17251 0.49911
v 0.143295 -1.37888 0.265112
v -0.32525 -1.35649 0.216925
v -0.385302 -1.33793 0.25224
v -0.460879 -1.28292 0.269519
v -0.534596 -1.12305 0.498299
v -0.238959 -0.946417 0.661908
v -0.561961 -1.14704 0.394632
v 0.0365428 -0.922733 0.645769
v -0.491281 -1.04436 0.563308
v -0.279734 -1.37282 0.217467
v -0.374808 -0.991168 0.637934
v -0.214802 -1.3867 0.211286
v -0.517238 -1.23414 0.332569
v -0.469689 -1.02249 0.579297
v 0.139432 -1.37831 0.249467
v -0.13024 -1.4036 0.209777
v 0.14367 -1.02919 0.644334
v 0.296841 -1.23986 0.464443
v -0.436582 -1.30628 0.286931
v -0.145904 -1.02215 0.693462
v -0.510521 -1.04096 0.542934
v -0.429841 -1.30879 0.253007
v -0.53772 -1.14641 0.478206
v -0.068286 -0.955584 0.669994
v 0.220734 -1.34048 0.280634
v -0.296779 -1.36845 0.222308
v 0.0395983 -1.40137 0.226974
v -0.429367 -1.0065 0.604325
v -0.334422 -0.976357 0.650892
v 0.315595 -1.23677 0.428061
v -0.101855 -0.990429 0.68883
v 0.0874285 -1.00908 0.658518
v -0.517226 -1.23567 0.379544
v -0.122381 -0.990688 0.689743
v -0.512239 -1.24082 0.326906
v -0.228876 -1.39578 0.242968
v 0.244891 -1.0817 0.585067
v 0.266632 -1.12906 0.555371
v -0.00964097 -1.39932 0.205673
v -0.33857 -1.36351 0.24936
v 0.264189 -1.31808 0.353887
v -0.528611 -1.20586 0.441428
v 0.268958 -1.30693 0.391822
v -0.366861 -1.01287 0.646373
v -0.431735 -1.05808 0.618122
v -0.0750548 -1.01812 0.691571
v 0.0115305 -0.999366 0.675123
v -0.515047 -1.23549 0.420372
v -0.513032 -1.14094 0.527389
v -0.389091 -1.03522 0.634121
v 0.0406906 -1.40825 0.245096
v 0.22129 -1.17714 0.590547
v -0.109706 -1.41294 0.229229
v -0.468798 -1.06931 0.587176
v -0.0520397 -1.40819 0.227714
v -0.497607 -1.25736 0.3848
v 0.263505 -1.18795 0.54694
v 0.280627 -1.21916 0.512349
v 0.202123 -1.35123 0.277699
v 0.22536 -1.34206 0.304915
v 0.233817 -1.34117 0.38246
v -0.405317 -1.33368 0.301664
v 0.2369 -1.33671 0.408532
v -0.473358 -1.27867 0.332686
v 0.159057 -1.37395 0.280052
v -0.431651 -1.07458 0.618453
v 0.26897 -1.29214 0.440142
v -0.500912 -1.12328 0.548893
v -0.276459 -1.01356 0.673477
v -0.307144 -1.02038 0.666421
v 0.199895 -1.10936 0.614102
v -0.237909 -1.0154 0.682611
v -0.161802 -1.41186 0.240562
v 0.0362159 -1.4163 0.277595
v 0.105385 -1.05828 0.661454
v -0.255475 -1.40902 0.304262
v -0.368575 -1.35689 0.294399
v 0.164777 -1.11462 0.637707
v -0.427936 -1.11538 0.614245
v -0.395768 -1.06629 0.636413
v -0.436636 -1.31222 0.332636
v -0.0626972 -1.4228 0.265887
v -0.00436504 -1.08346 0.696866
v 0.205787 -1.35827 0.410992
v -0.278661 -1.39855 0.279512
v 0.238876 -1.32362 0.454535
v -0.241379 -1.39791 0.259232
v -0.345586 -1.08438 0.662363
v -0.480709 -1.14606 0.565008
v -0.153183 -1.42469 0.280082
v -0.477865 -1.27643 0.43245
v -0.0348845 -1.10835 0.70641
v 0.0620474 -1.42268 0.321337
v -0.385934 -1.35314 0.354792
v 0.253027 -1.22682 0.540652
v -0.447475 -1.30643 0.398535
v 0.0256541 -1.42553 0.298822
v -0.292253 -1.07006 0.68234
v -0.297429 -1.39343 0.295874
v -0.392184 -1.12116 0.634873
v 0.191344 -1.1679 0.611248
v -0.0672217 -1.43128 0.299952
v -0.518041 -1.20511 0.461325
v -0.198994 -1.02838 0.691794
v -0.201508 -1.41028 0.273708
v -0.222823 -1.41555 0.294884
v -0.333832 -1.3787 0.309645
v 0.24811 -1.27041 0.508209
v 0.221126 -1.35024 0.421801
v -0.0184647 -1.43383 0.313014
v 0.217146 -1.21462 0.582905
v -0.390512 -1.35749 0.388308
v -0.405122 -1.34581 0.401746
v 0.19686 -1.20392 0.602948
v 0.0928439 -1.41687 0.348875
v -0.0834042 -1.09841 0.707125
v -0.0751884 -1.43946 0.318879
v -0.195337 -1.42848 0.324012
v 0.0576206 -1.10096 0.687496
v -0.125667 -1.4348 0.306761
v -0.434902 -1.13475 0.603191
v -0.24524 -1.41981 0.345407
v 0.00447268 -1.13726 0.700765
v -0.0643535 -1.10506 0.708465
v 0.0262521 -1.43301 0.339983
v 0.122917 -1.15441 0.659821
v -0.269359 -1.07421 0.68946
v 0.206592 -1.35178 0.463528
v -0.213437 -1.42828 0.329742
v 0.0655076 -1.11629 0.684471
v 0.165589 -1.20177 0.627153
v -0.183778 -1.08931 0.707468
v 0.22777 -1.25026 0.55456
v -0.339449 -1.12093 0.666433
v 0.200607 -1.34709 0.481405
v -0.111588 -1.44582 0.355775
v 0.205123 -1.30746 0.529326
v -0.304726 -1.39674 0.358669
v -0.465358 -1.28478 0.465232
v -0.0695358 -1.44481 0.346535
v -0.0334334 -1.15629 0.710671
v -0.136554 -1.11511 0.712413
v 0.171381 -1.24153 0.610638
v 0.119104 -1.1953 0.656947
v -0.374102 -1.36623 0.398361
v 0.0604708 -1.43069 0.407187
v -0.420051 -1.23468 0.589209
v -0.319328 -1.13093 0.679332
v -0.273312 -1.17287 0.691331
v 0.162541 -1.38469 0.456105
v 0.0191942 -1.43747 0.410836
v -0.024239 -1.4397 0.358934
v 0.0189092 -1.18325 0.696035
v -0.0676841 -1.44828 0.390187
v 0.161517 -1.38036 0.473278
v -0.439058 -1.30136 0.496078
v -0.210856 -1.1317 0.706127
v 0.180185 -1.30117 0.567398
v 0.131659 -1.22786 0.645965
v -0.217451 -1.43289 0.369297
v 0.100304 -1.41755 0.45459
v -0.402772 -1.34559 0.436929
v 0.0917377 -1.42223 0.431557
v 0.17817 -1.2782 0.586196
v -0.182459 -1.43814 0.356457
v -0.423744 -1.18341 0.607943
v 0.114189 -1.40684 0.46468
v 0.104177 -1.21138 0.661978
v -0.375236 -1.20072 0.641616
v -0.347085 -1.37985 0.433887
v -0.434503 -1.31493 0.463743
v -0.307662 -1.1768 0.682031
v -0.132376 -1.44617 0.426963
v 0.147367 -1.37189 0.511067
v 0.125757 -1.27605 0.632983
v -0.3952 -1.29042 0.576551
v -0.404177 -1.23656 0.608091
v 0.0415118 -1.43444 0.433628
v 0.14937 -1.31929 0.58603
v -0.0378842 -1.19797 0.708122
v -0.193009 -1.17385 0.709541
v 0.0860372 -1.24473 0.665326
v -0.406904 -1.33514 0.492554
v -0.149372 -1.23255 0.704717
v 0.159226 -1.34279 0.545613
v -0.251654 -1.42026 0.461874
v -0.384606 -1.23416 0.626515
v 0.0332321 -1.43416 0.428125
v -0.326894 -1.3888 0.489561
v 0.0557231 -1.42811 0.468248
v -0.0680229 -1.44901 0.431683
v 0.0874962 -1.28757 0.646136
v -0.209927 -1.434 0.388884
v 0.0925948 -1.315 0.629611
v -0.378882 -1.35783 0.476125
v 0.118887 -1.36951 0.552126
v -0.391716 -1.30967 0.557139
v -0.364543 -1.23717 0.637298
v 0.00465804 -1.22482 0.695031
v 0.0708014 -1.41886 0.49279
v -0.222944 -1.42731 0.468116
v -0.0544554 -1.21336 0.706304
v 0.0349841 -1.25538 0.679745
v -0.124711 -1.44465 0.450612
v -0.347661 -1.37202 0.511633
v 0.0903166 -1.39438 0.529843
v 0.108602 -1.34145 0.598768
v -0.310951 -1.3907 0.512677
v -0.329989 -1.31797 0.605519
v -0.376301 -1.2732 0.609745
v -0.0449181 -1.43488 0.504986
v -0.181682 -1.43868 0.450933
v -0.109565 -1.4373 0.484347
v -0.0816941 -1.44408 0.467076
v -0.146396 -1.44456 0.445015
v -0.0297421 -1.43935 0.4832
v -0.294088 -1.27397 0.658083
v -0.317612 -1.28299 0.641943
v -0.335566 -1.33561 0.580969
v 0.0672655 -1.29212 0.654503
v -0.0255764 -1.27682 0.688965
v -0.0929914 -1.23843 0.703346
v -0.270286 -1.40569 0.515129
v -0.319324 -1.38123 0.531383
v -0.201759 -1.24667 0.696938
v 0.0952676 -1.35514 0.591212
v -0.278462 -1.29831 0.650928
v 0.0415815 -1.32715 0.645811
v -0.24401 -1.26923 0.678441
v -0.165429 -1.42828 0.501715
v 0.00156265 -1.41742 0.539721
v -0.283836 -1.34733 0.6013
v -0.0617644 -1.27762 0.692041
v 0.0538495 -1.34115 0.628453
v -0.297074 -1.37282 0.563888
v -0.00661733 -1.30543 0.67237
v -0.0634147 -1.41952 0.557815
v -0.143405 -1.42618 0.542451
v -0.283644 -1.39549 0.531156
v -0.0386595 -1.40106 0.587136
v -0.24297 -1.41203 0.520449
v 0.0435368 -1.37012 0.599775
v -0.112726 -1.27754 0.693695
v -0.20832 -1.31563 0.667884
v -0.252939 -1.33904 0.631387
v -0.0366584 -1.41111 0.569574
v -0.189497 -1.39529 0.592633
v -0.033842 -1.35195 0.646324
v -0.248014 -1.38842 0.571791
v -0.046118 -1.32876 0.667651
v -0.179346 -1.30494 0.67773
v -0.0370132 -1.37836 0.615884
v -0.216046 -1.38258 0.602266
v -0.0751087 -1.33395 0.662913
v -0.244889 -1.3603 0.614511
v -0.108223 -1.31303 0.677118
v -0.168146 -1.33639 0.660589
v -0.119142 -1.41817 0.56517
v -0.0962562 -1.39035 0.604015
v -0.112592 -1.3492 0.652267
v -0.0709788 -1.36093 0.644693
v -0.174209 -1.38731 0.60007
v -0.168248 -1.4062 0.579807
v -0.0871434 -1.4066 0.590828
v -0.890027 0.0868931 -0.0929565
v -0.520891 0.779489 0.528445
v 1.22548 0.0851682 -0.168289
v 0.492686 0.32274 0.117559
v 1.13399 0.0226185 -0.0971483
v 0.811135 0.158542 0.105432
v 1.11732 -0.263605 -0.972713
v -1.19933 0.766954 0.204641
v -0.171048 -1.106 -0.0904441
v 0.61044 -0.210248 -0.0715303
v 0.39573 -0.991632 0.194809
v -0.637141 -0.0821093 -0.0184064
v 0.984437 -0.0581147 -0.0137526
v -0.10314 -0.476139 0.205026
v 0.953651 0.364401 0.269804
v 1.22585 -0.0109689 -0.311596
v -1.08027 0.719577 -0.630619
v 1.32551 0.390301 -0.438637
v -0.224449 -1.19296 0.701225
v 0.114243 0.0621212 0.321469
v -0.1601 -1.13529 0.712238
v 0.00522809 0.432139 -0.349335
v 1.07961 0.0340368 -0.114879
v -1.03409 0.566421 0.153819
v -0.652042 0.11828 0.0658012
v 0.779196 -0.333475 -0.600993
v 0.180021 -1.05184 -0.0795435
v 1.16999 0.0714456 -0.161113
v 0.395106 0.160382 0.245973
v 1.14248 0.539884 0.24401
v -0.405841 0.502295 -0.0309041
v 1.33696 0.479722 -0.517082
v 0.11911 -0.709736 -0.17393
v 1.33083 0.292486 -0.587898
v 0.567169 -0.361055 -0.339987
v 0.153811 -0.304927 -0.336647
v -0.896486 0.128396 -0.00981186
v -1.12322 0.715801 -0.624317
v -1.11432 0.209939 -0.040497
v -0.79492 0.457265 0.172073
v 0.833472 0.234094 0.130833
v 0.0497832 0.0502345 0.324129
v -0.464283 -0.170269 -0.271671
v -1.15059 0.713749 -0.57961
v -0.608264 -0.00597009 0.106673
v 1.02192 -0.0760584 -0.0101479
v -1.10439 0.716413 -0.642618
v 0.580029 0.778196 0.427639
v 1.25125 0.0252282 -0.327149
v -0.669931 -0.0285968 -0.0896552
v 0.392402 -1.02775 0.305535
v 0.661633 -0.140476 -0.122363
v 0.0988665 -0.778194 0.541371
v -1.05842 0.689988 -0.682446
v -0.334091 -0.405339 0.127301
v 0.978133 -0.0382125 -0.0365524
v 1.45492 0.355986 -0.546284
v -0.970814 -0.292322 -0.694106
v -1.04902 0.696438 -0.618513
v -0.96373 0.110822 0.0361308
v 0.165123 -1.08249 0.638162
v -1.00324 0.226685 -0.127222
v 0.158534 0.304947 -0.388359
v -0.624676 -0.183136 -0.0775172
v 0.0998046 -0.732991 0.50837
v 0.108466 -1.37972 0.222486
v -0.127396 -0.630201 0.461407
v -0.520933 0.224676 0.164651
v 0.707087 1.33785 0.513355
v -0.100756 -1.3457 0.11506
v 0.438689 0.257735 0.195737
v -1.0664 0.704363 -0.65159
v 0.113142 0.548014 0.0993237
v -0.422134 1.06496 0.522843
v -0.45409 0.207908 -0.30754
v -0.281246 -0.494155 0.0909994
v -0.190557 -0.898177 0.654741
v 1.33778 0.514121 -0.546938
v -0.351454 -0.612924 0.384509
v 1.38925 0.440549 -0.488696
v 0.643469 0.206939 -0.0201248
v -0.205067 -0.392085 -0.255843
v 0.0547921 -0.718863 0.514413
v 0.727436 0.118012 0.21778
v 0.0928927 -1.39521 0.256854
v 1.14767 0.490848 0.300347
v -0.069161 -0.658582 0.485
v 1.07417 -0.17408 -0.799915
v 0.488277 0.387285 0.333503
v -0.625923 -0.137625 -0.0940641
v -0.109426 0.611768 -0.0941636
v -1.09828 0.717942 -0.634363
v -0.34502 -0.417611 0.0989189
v 0.876559 0.222753 0.139805
v -0.872642 0.0131726 0.0603648
v -0.00950003 0.269287 0.288151
v -0.292243 -1.23552 0.0369703
v 0.795502 1.50643 0.388694
v 0.183683 -0.339256 0.24514
v -0.623906 0.278916 0.224887
v 0.313619 0.539169 -0.141814
v 1.26731 0.103527 -0.289727
v 0.624361 -0.257833 -0.27149
v 0.961805 -0.397235 -0.587942
v -0.00189187 -0.254966 -0.363325
v -0.091985 -0.148149 0.310733
v 1.40382 1.03588 0.0669865
v -0.0910819 -1.07633 0.70153
v 1.42693 0.341901 -0.419913
v 1.39103 1.07625 -0.0106359
v 0.642497 0.1087 -0.154175
v 0.0565064 0.535087 0.121195
v 1.29448 0.499094 0.169721
v 0.747479 -0.0215037 0.00519183
v -0.400308 0.902807 0.621696
v -0.120241 0.0432123 -0.413976
v -0.745165 -0.0311092 0.0353666
v -0.484675 -0.315178 -0.134753
v -0.0553318 -1.00071 -0.152858
v 1.32215 0.350852 -0.404701
v 0.880655 -0.0739058 0.00213052
v -0.536877 -0.291583 -0.0541907
v 0.152 -0.536213 0.194385
v 0.0120741 -0.306322 -0.343218
v -0.198418 -0.600576 0.434314
v 0.387142 -1.04418 0.224756
v 0.158921 -0.438338 -0.249675
v 0.498131 0.25461 0.155379
v -0.294846 -0.497625 0.120867
v 0.213542 -1.03779 -0.0689667
v -0.39098 0.478634 0.481506
v -0.106971 -0.28894 -0.343065
v -0.334418 -0.589612 0.36488
v -0.0352034 -0.487687 0.219402
v 0.751166 -0.425747 -0.415283
v -1.13918 0.0927644 -0.140781
v 0.169364 -1.124 -0.0441786
v -1.21441 0.233366 -0.32913
v -1.07524 0.701821 -0.681304
v -0.707087 -0.0111125 -0.0940015
v 0.686928 1.20624 0.436032
v 0.977644 -0.192662 -0.0451637
v 0.098068 -0.115751 0.312447
v 0.217307 -0.067364 0.30406
v -0.322505 -1.14989 -0.0213152
v -0.182576 0.257398 0.280856
v 0.132711 -0.453704 0.174365
v 1.27438 0.571091 0.143285
v 0.0716417 0.306002 -0.395852
v -0.466007 1.08403 0.496329
v -0.581526 0.265207 -0.163926
v 0.131732 -0.394532 -0.288679
v 0.661655 0.0352765 -0.00692113
v -1.07511 -0.205091 -0.637855
v 0.0802453 -0.560322 -0.115246
v 1.19126 0.0142663 -1.1629
v 0.210373 -0.726014 0.441649
v -0.501059 0.109852 0.200874
v -0.0488805 -1.13936 0.710563
v 1.32558 0.387156 -0.647503
v -0.330173 -1.17865 0.672709
v 0.0879409 0.582895 0.0509068
v 1.18194 0.567635 0.219631
v 1.35529 0.362636 -0.631008
v -1.03179 0.67956 0.341962
v -0.519725 1.52014 0.39807
v 1.40908 0.77447 0.0496094
v 0.261729 0.554076 0.0183647
v 1.37006 0.0914541 -0.434822
v 0.920847 -0.0656949 -0.0086962
v -0.371399 0.46042 0.466946
v -0.359943 -0.806445 0.559188
v -0.924317 0.0863898 0.0494673
v 0.511326 -0.0113386 0.197835
v 1.24822 -0.0246035 -1.07373
v 1.24731 0.00125437 -1.12333
v 1.19228 -0.01352 -1.18998
v -0.0959477 0.422732 -0.349664
v 0.211661 -0.176956 0.295139
v -0.525866 -1.15875 0.494133
v -0.127628 -0.428255 -0.239318
v -0.351007 0.441748 0.447576
v -0.470928 0.811868 0.616416
v -0.199429 -1.34723 0.646276
v -1.1071 0.717229 0.333715
v -1.16639 1.26019 0.0827236
v 1.01235 -0.20708 -0.789234
v 0.670256 0.138029 0.0339602
v 0.567962 0.0712724 -0.264783
v -0.238557 -1.22676 0.692958
v -0.557524 -1.09033 0.181416
v -0.356289 -0.628628 0.402615
v -0.324709 -0.913791 0.634945
v -1.08009 0.710173 -0.663981
v 1.41443 1.05336 0.020361
v 1.07628 -0.326372 -0.865257
v 0.184263 -0.0149946 0.313004
v -0.245606 -0.0687931 0.30357
v 0.667642 -0.301995 -0.408112
v -0.741986 -0.0325285 -0.0684543
v -0.0394257 -1.09084 -0.108844
v 0.157945 -0.472326 -0.207623
v 0.245961 0.138868 0.292107
v -0.517019 -0.871422 0.0047982
v -0.617664 -0.30649 -0.145698
v -0.0134514 0.27379 -0.405546
v 0.34261 -0.781361 0.325046
v 0.0861187 -0.0620185 -0.41097
v -0.703972 0.291952 0.0913769
v 0.870523 1.24041 0.458904
v -1.22574 0.166177 -0.200752
v 0.128909 -0.689392 0.458977
v 1.17929 -0.0371784 -0.289173
v -0.0512289 -0.517294 0.304034
v -0.0900226 -0.407737 -0.261398
v -0.168447 -0.525406 -0.117625
v -0.487759 -0.631482 0.214531
v 0.673461 0.000846278 0.0186935
v 0.648159 0.178314 -0.0402047
v -0.117436 -0.340774 -0.309083
v -0.314192 -1.26834 0.0827529
v -0.280923 -1.20177 0.00241517
v 0.65308 1.16262 0.498048
v 1.09997 -0.20904 -0.771969
v 1.14848 0.0497679 -0.129052
v -0.300508 -0.389906 -0.217539
v 0.87164 1.44812 0.436881
v -0.305836 0.529984 0.0710924
v -0.861901 0.335772 0.25461
v -1.05114 0.686928 -0.669681
v -1.11719 0.720535 -0.568781
v -0.505773 1.34229 0.57086
v -0.298549 -0.929607 0.647262
v -0.307365 0.522719 -0.199991
v 1.32654 0.346212 -0.613855
v 0.642134 -0.137777 -0.131421
v -0.355113 0.572233 0.377198
v -0.776276 0.139643 -0.0109353
v -0.516443 0.121833 -0.275907
v -0.0253916 -0.687052 0.50387
v -1.11711 0.157995 -0.0400536
v -0.364523 0.328086 0.212777
v 0.319115 -0.928373 -0.0235928
v 0.672185 1.22304 0.535625
v -0.916717 0.0284561 -0.0897738
v 0.338733 -1.11599 0.114727
v 0.994578 0.200391 0.163615
v 1.38365 1.07668 -0.00916691
v 1.34413 0.547626 -0.578496
v 0.185524 -0.412347 -0.266535
v -0.584248 0.0262226 -0.218165
v 0.189152 -0.879943 -0.133196
v 1.40186 1.07406 -0.0186259
v -0.380165 -1.30367 0.166008
v 0.790376 0.990582 0.52604
v -0.532519 -0.693189 0.185791
v 1.08933 -0.325226 -0.843392
v -0.426345 1.3145 0.39627
v -0.626946 -0.199588 -0.323368
v -0.874659 -0.329226 -0.430533
v 1.13089 0.506879 0.285594
v -1.23725 0.607993 -0.586732
v -1.13153 0.713557 -0.656353
v 1.45458 1.01209 0.012266
v -1.09649 0.573547 0.22646
v 1.31911 0.37293 -0.633679
v -0.0846673 0.0958344 0.321724
v -0.11678 0.114516 0.316386
v -1.08865 -0.234676 -0.79807
v 0.0589747 0.427087 0.212528
v 0.139503 -0.558431 0.274812
v 1.37225 0.362861 -0.418167
v 0.0279407 -1.11384 -0.0925539
v -0.270278 0.064144 -0.389571
v -0.0183033 -0.384088 -0.282052
v 1.04703 -0.346804 -0.826329
v 0.828065 1.51851 0.420418
v -0.516054 -1.03879 0.0717868
v -0.447309 -0.814156 -0.0766661
v 0.09212 -0.775656 -0.186327
v -0.0740764 -0.44191 -0.230969
v 0.548792 -0.131334 -0.245497
v -0.489658 -0.156631 0.187703
v 0.749855 0.876078 0.586096
v -1.15087 1.29605 0.0497786
v -0.172376 -0.0807798 0.313681
v -0.60286 0.23768 0.167199
v 0.330848 -0.0520078 0.28206
v -0.482872 -0.226827 -0.232206
v -0.0285464 -0.0213331 -0.416696
v -0.198445 0.114273 -0.403324
v 1.18267 0.352805 0.173207
v 1.14179 0.0625778 -0.15449
v 1.14175 -0.183296 -1.05261
v -0.907445 0.108467 0.0353132
v 0.1828 -0.399627 -0.279843
v 1.17549 0.0285452 -1.14187
v -0.345482 -0.229239 0.245347
v 0.477783 -0.406992 -0.195361
v -0.129103 -0.954771 -0.173216
v 0.72837 -0.381395 -0.497922
v -0.256601 -0.541261 0.333442
v -0.812387 -0.00838551 -0.0819247
v -0.885032 0.359048 0.189178
v -1.19389 1.00022 0.0251851
v -0.632925 0.168327 -0.0717464
v -0.0673496 -1.06223 -0.125638
v 0.823347 0.105064 0.227748
v -0.262048 -0.867528 0.629824
v -0.465356 0.227518 -0.296444
v 0.196192 0.135811 0.301294
v -0.0557649 -0.264133 -0.356748
v -0.144853 -0.141525 0.309629
v 0.461744 0.154488 -0.327845
v -0.499507 -0.897214 0.50611
v -0.996328 -0.29814 -0.634223
v 1.11887 0.492905 0.16101
v 0.0907849 -1.27203 0.0473258
v -0.00569722 -1.24439 0.00363722
v 0.107798 -0.324209 -0.33326
v -0.243904 -0.442416 0.132586
v 0.894344 0.281215 0.157964
v 1.2414 0.0136879 -1.12815
v -0.507928 -0.74999 0.00111969
v -0.567745 0.0300967 0.153477
v -0.54571 0.393888 0.0287758
v -0.454832 0.314602 0.175012
v -1.17589 1.02323 0.240803
v -0.42101 -0.403687 -0.0253705
v -0.933731 -0.119373 -0.544395
v -0.589004 -0.971238 0.217359
v 1.07132 -0.070558 -0.924455
v 0.876624 -0.162248 -0.0993835
v -0.963923 -0.267336 -0.742058
v 0.082424 -1.10822 0.67994
v -1.23543 0.583276 -0.415945
v 1.01141 -0.362622 -0.787976
v 0.0449759 -1.38796 0.57192
v 0.43619 -0.228128 0.207033
v 0.81483 1.50607 0.396025
v 0.577184 0.740296 0.414283
v -0.680648 -0.0513279 -0.0274952
v 0.152854 -1.38973 0.415193
v 1.34503 0.0412887 -0.188539
v 0.388632 0.0685685 -0.363311
v -1.18236 1.07927 0.207138
v 0.0272339 -0.260336 0.294935
v 0.0603413 0.54181 -0.274362
v 0.220094 -0.428916 -0.239009
v 0.0420172 -0.547062 -0.127218
v -1.34557 0.320277 -0.309376
v 1.14474 0.0120072 -1.13663
v 0.101318 -1.06892 -0.10052
v -0.282578 -0.467897 0.0584661
v -0.278719 -1.41007 0.419784
v -1.10831 -0.172381 -0.719824
v -0.187864 -0.400195 -0.252449
v 0.0183839 -0.867761 0.62293
v -1.17856 0.157956 -1.10376
v -0.000728675 -0.554901 -0.145471
v 1.00053 -0.388589 -0.728077
v -1.10737 -0.0331969 -1.0528
v -0.143223 0.009987 0.318477
v 0.953507 0.301108 0.302284
v 0.604377 0.20952 0.194231
v 0.0666237 -0.486591 -0.197838
v -0.508269 1.44838 0.522422
v -1.08153 0.703344 -0.681772
v -0.467863 -1.18285 0.563904
v -0.0454989 -0.947091 -0.177079
v -0.510868 -1.13818 0.138929
v -0.407593 0.488811 0.486936
v 0.705826 1.04583 0.456711
v -1.07072 -0.225057 -0.854173
v -0.611812 0.237614 0.0814936
v 1.39223 0.945477 -0.0410392
v 0.565594 0.328196 0.0230474
v 0.773904 -0.407187 -0.531308
v -0.0370527 0.0477538 -0.423714
v -0.425448 0.479621 -0.156803
v 0.389278 0.299161 0.265921
v -0.268376 0.0826201 0.296066
v -0.578669 -0.277288 -0.271384
v 0.023358 0.0351665 -0.423021
v -0.532177 -0.14406 0.159019
v -0.46059 -0.273882 -0.207561
v -0.897922 0.464215 0.140209
v -0.552357 -0.895709 0.0657158
v -0.850703 0.549697 0.18874
v -0.365671 0.479968 0.493483
v 0.765083 -0.0152318 -0.0348643
v -1.10879 -0.0597397 -1.03075
v 0.933522 -0.370124 -0.747515
v 0.116323 0.0265829 -0.416716
v -0.179635 -0.443156 0.171437
v 0.778804 1.08123 0.447545
v -0.0378846 0.489511 0.173323
v 0.413288 -0.0888097 -0.346034
v -0.359277 0.499136 0.0784731
v -0.416636 0.17177 -0.331265
v -0.50835 0.389338 -0.166383
v 0.716513 0.778903 0.573836
v 0.217301 -0.826066 0.512773
v -0.661207 0.0358131 -0.115505
v 0.211715 -0.9684 0.59018
v 0.313731 -1.23839 0.241034
v 1.23809 0.651627 0.23345
v 0.0724528 0.403063 -0.360716
v 1.0167 0.231834 0.138372
v 0.130734 -0.930705 0.615884
v -0.118539 -0.367626 0.238385
v 0.891982 -0.0970782 0.0223785
v 0.154008 -0.537606 -0.0160984
v 1.35599 0.475505 -0.696751
v -0.292645 -0.504011 0.193555
v -0.00542741 -0.072957 0.315581
v 0.00304148 -0.13195 0.31159
v 0.00457034 -0.107512 0.313182
v 0.106155 -0.0268151 0.316958
v -0.0295698 0.0100359 0.321422
v 0.0739256 -0.0327585 0.318288
v 0.173105 -0.757729 0.485875
v -0.0112516 -0.161036 0.309451
v 0.276989 -1.15403 0.0709708
v 0.283176 0.0873198 0.286838
v 0.24665 -1.1752 0.0574611
v 0.0623282 0.242947 0.291343
v 0.177489 -1.37048 0.346446
v 0.102636 0.15388 -0.412398
v -0.290208 -0.00517437 -0.377907
v 0.0287753 -0.666193 0.472568
v -0.138895 -1.23532 -0.00960708
v -0.13562 -1.04057 -0.131278
v -0.46661 -1.23382 0.514568
v -0.320383 -0.661739 0.452578
v -0.0128928 0.542281 0.119641
v -0.45346 -1.24211 0.529991
v 0.144834 -1.22927 0.0365239
v -0.110035 0.182284 0.304007
v -0.322271 0.0234994 -0.37079
v 0.155956 -1.38184 0.347623
v -0.310995 -0.836986 0.594506
v 0.0221779 -0.0113613 0.319855
v -0.0234367 0.138531 0.311054
v -0.0361561 0.137969 -0.416564
v 0.203955 -1.35475 0.344345
v -0.247054 -0.578696 0.387855
v 0.141165 -0.065373 0.312726
v -0.107278 -1.17433 0.709271
v 0.150837 -1.24712 0.0555018
v -0.0397757 -1.03785 0.688327
v 0.236241 -0.0392366 -0.395875
v -0.463567 0.163215 -0.306565
v -0.355472 -0.675581 0.447679
v -0.149409 -1.25468 0.0112315
v -0.0437972 -0.733505 0.544956
v 0.366383 -1.09981 0.166135
v -0.0967669 -1.14579 0.711454
v 0.0344101 0.609202 -0.0546986
v -0.405661 -0.634551 -0.0524473
v -0.128126 -0.906108 0.656958
v -0.103404 -0.923047 -0.18247
v -0.512531 0.0851542 -0.282254
v -0.287091 -1.22394 0.675575
v -0.266822 0.00183362 -0.385227
v 0.210761 0.190261 0.288033
v 0.126512 -0.362726 0.23844
v 0.0539302 0.56177 0.0868893
v 0.130407 -1.22845 0.0282273
v -0.170735 -0.967775 0.677327
v 0.167429 0.472995 0.165005
v 0.354015 -0.0900455 -0.362642
v 0.520309 -0.089016 -0.279882
v 0.213837 -0.77604 0.477211
v -0.402868 -0.618529 -0.0406318
v -0.011677 -1.05386 0.690766
v -0.0889972 -0.02483 -0.409259
v 0.0105451 0.458299 0.192925
v 0.072373 0.199595 0.300462
v 0.580094 -0.103795 -0.220892
v -0.149412 -1.27109 0.0222976
v -0.206407 -0.0444019 -0.391352
v 0.074126 0.216728 0.297003
v 0.30232 0.122061 0.280551
v 0.241508 -0.472669 0.110122
v -0.333261 0.0929037 -0.367898
v -0.353582 -0.36879 0.153056
v -0.147842 -1.36879 0.625145
v 0.114269 0.463734 -0.321332
v -0.562925 -1.03323 0.450365
v -0.813499 0.00626243 0.0641929
v -0.490899 0.174676 -0.286175
v -0.0611666 -0.255558 -0.35861
v 0.526931 -0.0656408 0.179559
v -0.0152996 0.177941 -0.414792
v 0.0718488 0.183068 -0.413973
v -0.46662 -0.92602 0.545803
v 0.13091 -0.0239265 -0.409818
v 0.0638104 -0.971128 -0.154111
v 0.0093109 0.512299 0.147259
v -0.282688 -0.82381 0.596948
v 0.256376 -0.0686518 -0.389901
v -0.356079 -0.387613 0.131573
v 0.5261 0.37102 0.0260111
v -0.492952 -1.19398 0.512615
v 0.110552 -1.39831 0.300695
v -0.429554 -1.26802 0.542644
v 0.0421047 0.469581 -0.324713
v 0.510922 0.248975 -0.270475
v -0.476374 -0.883172 -0.0345633
v 0.0774831 -0.285113 0.281636
v -0.33011 -0.357477 0.178432
v -0.110228 -1.0263 -0.139005
v -0.360265 0.373547 -0.300811
v -0.0451623 -0.994897 0.681976
v -0.364618 0.160286 -0.351988
v 0.395958 -0.212274 0.233581
v 0.0302792 -0.0730273 -0.411475
v 0.327615 -1.16173 0.146697
v 0.334178 -1.20962 0.250917
v -0.498799 -0.332416 -0.0435151
v 0.0178748 0.0929605 0.321523
v -0.318248 0.079985 -0.372252
v 0.377471 0.467645 0.0771058
v -0.0131181 0.134447 0.310599
v -0.112194 0.266364 0.28452
v -0.23657 -1.39539 0.561895
v -0.0435788 -0.17658 0.308277
v -0.122532 -0.384515 -0.274201
v 0.249445 -0.460313 0.121973
v 0.0345755 -1.05016 0.68131
v -0.0655319 -0.896394 -0.190386
v -0.0743935 0.0109396 -0.415336
v -0.183574 -0.961808 -0.161954
v 0.164225 -0.946353 -0.129025
v 0.0463203 -0.0943542 0.314014
v -0.0571751 -0.0515598 0.317147
v -0.357552 -0.960018 -0.103964
v -0.601175 -0.945786 0.247935
v 0.00432488 -0.726571 0.529775
v 0.209237 -1.00457 -0.0847965
v -0.178921 0.593326 -0.0127972
v -0.237315 0.152005 -0.390276
v 0.246652 -0.946443 0.552759
v -0.10449 -1.13733 0.711401
v 0.247089 -0.48295 0.089595
v -0.130446 0.0644725 0.318212
v 0.379767 -0.203769 0.242235
v 0.264595 0.0396003 -0.397016
v -0.478621 -1.24315 0.235131
v 0.372329 -1.09388 0.191184
v 0.172377 -0.793631 0.514649
v -0.427144 -0.842336 -0.0886841
v 0.301369 0.0247881 -0.388819
v 0.372775 -1.13566 0.269582
v 0.316982 0.256943 -0.365136
v 0.0979085 -1.30297 0.0920626
v 0.499079 0.236096 -0.28566
v 0.135988 0.0777287 -0.41632
v -0.323892 -1.23082 0.657326
v -0.362534 0.13452 -0.355545
v -0.147375 -1.24255 0.700142
v 0.185876 0.188732 0.292626
v -0.15148 0.580654 0.0536143
v 0.215573 -1.35016 0.357954
v 0.203694 -0.451471 -0.221454
v 0.0683139 0.0656266 -0.420245
v 0.544104 -0.0802002 -0.262906
v -0.234783 0.244037 0.275008
v -0.079101 0.0149747 0.322013
v -0.275844 -0.574959 0.371143
v -0.390682 -0.270542 0.204425
v -0.0900883 -0.246072 0.291597
v -0.15265 -0.370485 -0.280766
v -0.0476758 -0.227086 -0.370036
v 0.298585 -1.12182 0.0650043
v 0.226481 0.154797 -0.399847
v 0.162983 0.507848 0.135268
v -0.373123 0.251171 0.232303
v 0.0640783 -0.678437 0.480109
v -0.352283 -0.0424805 -0.356682
v -0.0113165 -0.650288 0.467296
v -0.368269 -0.689463 0.45279
v -0.0242997 -1.33148 0.098944
v -0.366048 0.525633 -0.0594852
v -0.096251 0.0350495 0.321894
v -0.0917975 -1.23675 -0.0128151
v 0.2637 -1.01753 0.558916
v -0.174826 -0.979716 0.67961
v 0.318549 -0.875562 -0.0293283
v -1.18857 0.123621 -1.02055
v -0.160523 -1.29658 0.680789
v -0.3583 1.32291 0.505533
v -0.193334 0.206393 0.290426
v 0.0270782 0.0879252 -0.420587
v 0.343251 -0.396306 -0.225151
v 0.531192 0.0424269 -0.289614
v -0.17899 0.596318 -0.0403039
v -1.17394 0.131513 -1.09578
v -0.586937 -1.06392 0.288842
v 0.0544176 -1.2181 0.678504
v -0.240103 -0.975421 0.669618
v -0.184569 -0.164368 -0.37278
v -0.284365 -1.2027 0.682833
v -0.468342 0.418777 -0.183855
v 0.0981049 0.254103 0.286621
v 0.379535 -0.051656 -0.361708
v 0.351517 -1.13019 0.163704
v 0.0848423 -1.16384 0.673224
v -0.449133 -0.137625 0.215209
v -1.16329 0.166529 -0.0847237
v -0.35552 -1.34545 0.544261
v 0.225352 0.176286 -0.397689
v 0.233497 -1.168 0.0342317
v 0.000364751 -1.43565 0.361925
v -0.522768 0.171957 -0.261965
v 0.218118 -1.1248 0.598158
v -0.527922 -0.750719 0.049541
v 0.128634 -0.494309 -0.170197
v 0.12595 -1.39541 0.314464
v -0.406506 0.271009 -0.317468
v -0.508942 0.173598 -0.274193
v 0.149253 0.0235633 0.317236
v -0.1228 0.458655 -0.322924
v 0.309823 0.18877 0.266788
v 0.0499718 0.608675 -0.0721538
v -0.152276 0.564034 0.0869371
v -1.0966 0.252117 -0.266577
v 0.334158 -1.15426 0.149665
v -0.453281 0.571995 0.455986
v -0.113945 0.0529107 0.3201
v -0.0570964 0.592854 -0.17518
v 0.28768 0.524264 0.0570675
v -0.399771 -0.911299 -0.096034
v -0.500519 0.0751824 -0.291712
v 0.22772 -0.901165 -0.105854
v -0.37872 -0.425483 -0.0313695
v 0.374601 0.136005 -0.365022
v -0.0471238 0.234687 0.296295
v -0.371542 0.330165 -0.31398
v 0.278253 0.0343742 -0.394641
v -0.363478 1.28131 0.479363
v 0.0205297 -1.4291 0.487995
v -0.312131 -1.22631 0.665396
v 0.183676 -0.84572 0.546429
v 0.30785 -0.662855 0.184382
v -0.193187 -1.4191 0.53145
v 0.0985364 -0.348044 0.250038
v 0.393866 0.0506465 0.259827
v -0.168894 0.156297 -0.404559
v 0.33525 0.194083 0.258609
v 0.0254329 -0.707222 -0.194886
v -0.193012 -0.00150983 -0.39851
v -0.318462 -0.0397179 0.28367
v -0.0173954 -1.44159 0.429904
v 0.383395 -0.999312 0.14381
v 0.174108 -0.561915 0.232712
v 0.0695258 -0.401025 -0.277307
v -0.186251 -1.33651 0.118037
v -0.400864 0.0871972 -0.343807
v 0.091073 0.463793 -0.324362
v -0.27001 -0.105912 -0.368342
v 0.401104 0.117503 -0.356499
v 0.574575 -0.0891635 -0.233196
v -0.0140808 -0.773023 0.570861
v 0.283892 0.343087 -0.347115
v -0.537341 -1.19699 0.395635
v 0.297046 0.527157 0.0432596
v 0.497506 0.376473 0.0617415
v 0.381851 0.0116292 0.266421
v 0.116704 0.342624 0.257988
v 0.250631 -0.292018 -0.323991
v -0.00914068 -0.731075 -0.199928
v 0.0849262 -1.05865 0.669229
v 0.228988 -1.14848 0.583309
v -0.41437 -1.26652 0.161322
v 0.00563758 0.0751588 0.322864
v -0.472355 -0.963714 0.553928
v 0.0295637 -0.52331 0.273617
v 0.412662 -0.272485 0.200655
v -0.511777 -1.09095 0.535161
v 0.118363 0.350296 0.255524
v -0.611343 0.0401148 -0.177772
v -1.22461 0.192697 -0.150091
v 0.224859 0.234722 0.275281
v -0.498924 -0.930747 0.00030894
v 0.0619856 -0.965907 0.652144
v 0.0725245 -1.05502 0.673007
v 0.0130254 0.303297 0.27775
v 0.179734 -0.964176 0.606705
v -0.528997 -0.891654 0.465616
v -0.133591 -1.09386 0.707297
v 0.115765 0.377882 -0.366112
v 0.0766175 -0.733709 -0.186298
v -0.286691 -0.961387 0.6564
v -0.366428 -1.1997 0.0499548
v 0.058365 -0.898278 -0.177456
v 0.240887 -0.605602 0.22988
v -0.128992 -0.346298 0.247988
v -0.294835 -1.40039 0.466231
v 0.0208446 -1.28447 0.671734
v 0.613647 0.112282 -0.205468
v -0.187422 0.389829 -0.349357
v -0.197682 0.385752 -0.34808
v -0.329097 0.795879 0.523328
v -0.370943 -0.926272 -0.111065
v 0.0242515 0.321042 -0.390996
v 0.0437381 -0.861304 -0.18776
v -0.539868 -0.268792 -0.241123
v -0.0132406 -1.41955 0.271741
v 0.218176 0.0399651 -0.404321
v 0.312824 -0.00573934 0.286678
v 1.10847 0.265129 0.213723
v -0.541425 -0.179518 0.12528
v 0.190396 -1.32413 0.524401
v -0.0421346 0.162486 0.311849
v -0.150717 0.587945 0.0373012
v 0.000252036 0.0551733 0.32472
v 0.33116 -0.475565 0.0275436
v -0.524338 -0.883475 0.465224
v 0.543567 -0.321633 -0.00579714
v 0.221279 -0.0178124 0.304208
v 0.274507 0.557049 -0.116922
v -0.530331 -0.771961 0.039622
v 0.285192 -0.632566 0.133302
v 1.05117 -0.300961 -0.659589
v -0.474928 -1.19594 0.156614
v -0.450912 -0.357862 0.0632413
v 0.0836384 -0.926719 0.630827
v 0.659208 1.206 0.514684
v 0.184931 -0.68778 0.423162
v -0.462443 -0.874214 0.529465
v 0.239917 -1.30824 0.237849
v 0.0456474 -0.790354 -0.194739
v -0.387505 -0.397728 0.0832527
v -0.271335 -1.12354 0.690396
v -0.275002 -0.0297883 0.296574
v 0.0541963 0.426351 -0.348983
v 0.334723 0.0562812 -0.380876
v 0.121376 0.400056 -0.355462
v -0.185159 -1.32432 0.0951091
v 0.0233869 -0.468246 -0.212708
v -0.205447 0.162587 -0.39701
v 0.197672 -0.982328 -0.101427
v -0.104219 -0.99554 -0.152615
v -0.150778 0.124764 -0.409149
v -0.464424 -1.11933 0.581569
v -0.281503 0.293938 -0.357747
v 0.340582 -0.737482 0.0534708
v -0.154736 -1.18392 0.708478
v -0.247749 -0.496956 0.21193
v 0.283998 -0.685085 0.302598
v 1.38277 0.325431 -0.388379
v -0.499178 0.0604778 -0.293306
v -0.199414 -1.38817 0.204682
v -0.109607 0.474078 -0.31536
v -0.160436 0.134952 0.308191
v -0.300253 -0.890781 -0.152029
v 0.0775274 -0.863929 0.605943
v -0.0429429 -0.115611 0.312753
v -0.59923 -0.00928798 -0.188222
v 0.249942 -0.973974 0.560421
v -0.578226 -1.09919 0.329432
v -0.00860153 0.11209 -0.42017
v 0.86954 -0.237909 -0.628138
v -0.0554243 0.446644 -0.337198
v 0.991298 -0.241739 -0.633763
v -0.590053 -1.00827 0.248883
v 0.106749 -1.35681 0.179643
v -0.236235 0.119004 0.298031
v 0.52096 0.0649395 0.192624
v -0.279207 -1.16294 -0.0266819
v 0.310369 -0.750975 0.344809
v 0.162461 -0.420987 0.194287
v 0.00258215 -1.01567 -0.145098
v -0.101914 -1.22295 0.705511
v 0.415063 -0.338589 0.159653
v 0.102171 0.316803 0.268784
v 0.341257 -0.381257 -0.241171
v 0.291108 0.182911 0.272768
v 0.260059 0.183329 0.279355
v 0.28666 -0.805616 -0.0676652
v 0.297424 -1.19059 0.133975
v 0.800635 -0.424344 -0.433631
v -0.490952 -0.906796 -0.0152265
v -0.537552 0.0972313 0.171891
v -0.307861 -0.867535 0.614611
v 0.418433 0.104321 -0.350617
v 0.0859073 -0.38123 -0.295736
v 0.0505547 -0.123851 0.312019
v -0.0444718 -0.14005 0.311162
v 0.129146 0.00224431 -0.412358
v -0.318599 0.194402 0.266338
v 1.2723 0.846591 0.0453456
v 0.42698 0.185843 -0.339158
v -0.157836 -0.941677 0.670915
v 0.301256 -1.02844 0.522429
v 0.593867 -0.0679871 0.122589
v -0.543218 -0.851984 0.0477918
v 0.274985 -0.36812 0.210124
v 0.17176 0.101342 0.306709
v 0.117247 -0.486815 -0.186485
v 0.794052 1.1605 0.416034
v 0.509459 -0.0969927 0.187589
v -0.0318592 -1.27529 0.0295745
v 0.123773 -1.09535 0.659051
v 0.420225 0.178636 -0.344197
v -0.610039 0.029535 -0.17775
v -0.0481769 0.603241 -0.147299
v 0.0615431 -1.19731 0.679007
v -0.498403 -0.238705 0.139309
v -0.0838358 -0.21665 0.300503
v -0.164428 -1.44135 0.400736
v -0.435339 -0.994968 0.59811
v 0.0779693 0.0117097 0.320544
v 0.374297 -0.0372912 0.268553
v 0.203636 -1.08199 -0.0509305
v -0.491699 -1.24495 0.463279
v 0.0513222 -0.995155 -0.147013
v -0.157799 -0.0353964 0.316079
v -0.0147903 0.225439 -0.411467
v -0.346434 -0.953377 -0.111344
v 0.0346762 0.592054 -0.17339
v -0.208541 -1.42427 0.481794
v -0.462004 0.353404 -0.241445
v -0.81727 0.473234 0.282621
v 1.08633 0.354184 0.317769
v -0.335487 0.107359 -0.367563
v 0.0313077 0.188181 -0.414829
v 0.214147 -1.28579 0.537803
v -0.554159 -0.162332 0.120972
v -0.131853 0.0934781 0.316091
v -0.082163 -0.39576 0.226272
v -0.32105 -0.52074 0.222432
v 0.145616 -1.33042 0.161279
v 0.631426 0.107947 -0.179804
v 0.0112774 0.546444 0.112138
v -0.489654 -0.339893 -0.0503395
v -0.369958 -0.432337 -0.0321688
v -0.506524 -0.953468 0.0161208
v -1.02297 -0.105344 -0.948041
v 0.109474 -0.198417 0.300883
v 0.359593 0.455421 0.108071
v 0.315821 -0.480353 -0.079396
v -0.538436 -1.19631 0.351734
v 0.249006 -0.00900714 0.299697
v 0.179494 -0.0620115 0.310104
v 0.141941 -1.15496 0.647327
v 0.0550743 0.605005 -0.0311293
v -0.173203 0.462541 0.292232
v 0.485678 0.0239343 0.216076
v 0.367207 0.0270331 -0.370346
v -0.496359 -1.08159 0.0753193
v -0.21683 -1.11007 -0.0795195
v -0.18207 -1.43841 0.403695
v -1.00445 -0.105662 -0.917697
v -0.111742 0.304455 0.274822
v -0.141259 -1.19481 -0.0442135
v -0.533505 -0.994958 0.0722798
v 0.143872 0.131581 -0.412056
v -0.43602 -1.20971 0.585997
v 0.506508 -0.36883 -0.0360056
v -0.157242 -1.2621 0.695317
v -0.29508 0.14235 0.283564
v 0.107982 -0.523461 0.212308
v 0.150096 0.569142 -0.18411
v 0.494362 -0.379034 -0.0493479
v -0.390342 0.507444 -0.142483
v 1.05723 -0.21167 -0.989865
v 0.407152 -0.14614 -0.334048
v -0.123437 -0.87235 -0.195776
v 0.296658 0.394626 0.349287
v -1.18504 0.129909 -1.06668
v -0.158867 0.391866 -0.35386
v -0.496865 -1.1708 0.529018
v 0.0513192 -0.111632 0.312815
v -0.0421785 -0.103392 0.313549
v -0.419333 -0.899976 -0.0854652
v 0.566401 -0.229545 0.0823459
v -0.13743 -1.08282 0.704499
v 0.416754 0.420717 -0.223462
v 0.0720342 0.118385 -0.417811
v 0.310602 0.290736 -0.359843
v -0.415491 -1.14017 0.0335879
v -1.07577 0.983076 0.183738
v -0.110329 -0.05399 -0.404429
v 0.251656 -1.14417 0.0328156
v 0.32674 0.0728913 0.280145
v -0.366324 1.30746 0.530566
v 0.552674 -0.244553 0.0921194
v 0.0698407 0.0308747 -0.419868
v 0.271064 -0.486842 0.0660527
v 0.121571 0.598957 -0.11726
v -0.300276 0.279149 -0.355683
v 0.201813 -0.858085 0.543087
v 0.122849 -1.4033 0.382034
v -0.322196 -0.192355 0.262084
v 0.186312 -0.971076 -0.111493
v -0.320651 0.353153 -0.326866
v -0.362797 1.31748 0.516262
v 0.575459 0.30541 -0.144981
v 0.0349782 -0.560919 0.35038
v 0.138599 -0.266401 0.280967
v 0.252998 -0.611584 0.216541
v 1.27743 0.378841 -0.598133
v 0.42888 0.128318 0.235201
v -0.238945 -1.32277 0.648602
v -0.562017 -1.1232 0.245778
v 0.283781 -0.0046122 0.293168
v -0.239047 -0.0227953 0.304523
v -0.0569718 -1.33335 0.0932146
v -0.480446 0.439907 0.0144266
v -0.33888 -0.673049 -0.131095
v -0.191906 -1.01878 0.688037
v 0.290246 0.50913 0.0855878
v 1.34833 0.393063 -0.444077
v -0.0600883 0.519493 0.145705
v 0.0765198 -1.37022 0.190185
v 0.177455 -1.26739 0.0921204
v -0.39157 -0.714908 0.465668
v -0.289067 -0.0787227 0.290666
v -0.235155 -0.561899 0.369038
v -0.391801 -0.077064 0.25462
v 0.251236 0.0549577 0.297989
v -0.582706 -0.998076 0.380249
v -0.551069 -1.17092 0.32719
v 0.543696 -0.324409 -0.0273433
v 0.322429 -0.471436 0.0571891
v -0.529418 0.163447 -0.26052
v 0.165287 0.0874215 0.308278
v 0.363567 0.502566 0.0306251
v -0.417129 -1.29589 0.536314
v -0.34533 -1.37494 0.356731
v -0.9799 0.204379 -0.0942969
v -0.349759 -0.95248 0.636439
v 0.320262 -0.0528918 -0.378316
v 0.376161 -1.10629 0.266806
v -0.588364 -0.915504 0.168688
v -0.100764 0.157301 0.310412
v 0.00484739 -1.36104 0.623049
v 0.0834212 -0.579718 0.359781
v 0.454148 0.0944434 -0.336263
v -0.0178702 -0.268283 0.290221
v -0.311457 -0.86536 -0.152277
v 0.114286 0.481285 0.162761
v 0.128181 -0.725294 0.487751
v 0.203206 -0.468465 -0.200428
v 0.117393 -0.524443 0.204672
v -0.106731 -1.03351 0.695637
v -0.312101 0.0505746 -0.376328
v 0.0116042 0.55242 0.104919
v 0.557611 0.803307 0.577131
v 0.152731 -0.970647 0.620798
v -0.392091 0.146077 0.24929
v 0.409391 -0.348816 0.15618
v -0.10794 -1.42375 0.272985
v -0.350693 0.269882 0.235922
v -1.01542 -0.106188 -0.934789
v 0.0689876 -1.30034 0.0759607
v -0.421559 0.302404 -0.29939
v -0.91526 -0.314995 -0.574584
v 0.365406 -1.02284 0.415589
v 0.0290952 0.289896 -0.400699
v -0.409263 -0.1215 -0.316023
v 0.225473 -1.01196 0.588675
v -0.10184 -0.112363 -0.398096
v -0.521941 -0.248346 0.103733
v -0.36199 -0.847633 -0.132455
v -0.216233 -1.40366 0.556541
v -0.829487 0.0231107 0.0715716
v 0.256155 -0.204882 -0.356522
v -0.1128 -1.06291 -0.121513
v -0.376651 -0.901066 0.600876
v -0.259699 -1.35591 0.173705
v 0.250441 -1.31054 0.263252
v -0.869179 -0.208871 -0.67772
v -0.0876029 -0.138703 -0.394176
v -0.0283778 -0.977475 0.672559
v -1.03445 0.217108 -0.21134
v -0.425864 1.37854 0.569623
v 0.432737 -0.426512 -0.041452
v -0.406008 -0.269221 0.196185
v -1.02311 0.0440929 -0.905163
v -1.08493 1.1986 0.0719525
v 0.027727 -0.907114 0.640166
v -1.16556 0.152489 -0.0928001
v -0.503615 -1.17078 0.169837
v -0.249971 -0.0175848 -0.38804
v -0.0927173 -1.12724 0.711488
v 0.169641 -0.707703 0.450313
v 0.142616 -0.580081 0.314674
v 0.29731 -0.135653 -0.369671
v -0.0111149 -0.758436 -0.203009
v -0.357343 -1.16082 0.654024
v -0.223708 0.086871 0.303262
v -0.550461 -1.12933 0.214474
v -0.32343 -0.610752 -0.108334
v 0.460566 0.416669 0.0598559
v 0.117214 0.602485 -0.096901
v -0.541357 -0.249526 0.0636121
v -0.354861 -1.13019 -0.0143947
v 0.15929 -0.373278 0.227661
v -0.931156 0.136388 -0.108332
v 0.270731 -0.877274 -0.0775025
v -0.153403 0.599809 -0.10831
v -0.594957 -0.984059 0.260415
v 0.422714 0.0288511 -0.35068
v -0.455896 -0.84852 0.519468
v 0.626665 -0.0970804 -0.16452
v 0.103218 -0.274592 0.28243
v -0.544123 -1.18217 0.406163
v -0.0244143 -1.44324 0.42126
v -0.494673 -0.640573 0.110077
v -0.00226823 -1.32795 0.656731
v 1.06131 -0.212019 -0.996029
v -0.602704 -0.948751 0.259579
v -0.240451 0.57439 0.0185245
v -0.0822542 0.175227 -0.413202
v -0.25656 -1.3777 0.583077
v 0.213124 -0.0296504 -0.401697
v 0.658125 1.2074 0.497646
v -0.0317622 -1.00874 0.683347
v -1.23893 0.840152 0.199559
v -0.4523 0.186574 -0.309884
v -0.202419 -0.945341 -0.165037
v -0.467283 0.367114 -0.226089
v 0.313333 -1.17957 0.143498
v -0.544942 -1.13065 0.196964
v 1.108 0.34401 0.31072
v -1.04236 0.255821 -0.136528
v -0.456723 0.339887 -0.256382
v -0.0493968 -0.191952 -0.381977
v 0.815015 -0.418711 -0.426613
v 0.622287 0.0174711 0.0945102
v -0.0679113 0.332422 -0.384376
v -0.5616 -0.787284 0.129564
v 0.18007 -0.252788 0.279813
v -0.146987 0.39328 -0.354156
v -0.432565 -0.13722 -0.298817
v 0.00682143 0.486591 0.17051
v 0.155224 -1.1816 0.634097
v -1.29507 0.497399 -0.50604
v -0.373021 -0.201833 -0.30676
v -1.10131 0.230216 -0.271578
v 0.354864 -1.17885 0.258444
v 0.566562 0.225032 0.175812
v -0.130676 -1.39696 0.595449
v -0.590797 -0.0139899 -0.199502
v 0.0767052 -0.698706 -0.183261
v -0.383064 -0.394376 0.0945121
v -0.100347 0.360225 -0.375471
v -0.47393 -0.341373 0.0507063
v 0.097784 -0.589261 0.367677
v 0.151563 0.0540727 -0.4141
v 0.236642 -0.999496 -0.0708677
v -0.0604599 -0.570693 -0.160307
v -0.876982 -0.224686 -0.682318
v 0.102112 -0.0712833 0.314703
v 0.110199 0.017653 0.319213
v -1.14019 0.654028 0.299308
v -0.373124 1.50575 0.491654
v -0.86823 -0.136529 -0.548558
v -0.537896 -0.708546 0.146504
v -0.247437 0.415063 -0.322974
v -1.03785 0.202381 -0.215898
v -0.512625 -0.282897 0.0758023
v 0.21743 0.578476 -0.0513909
v -0.367884 0.204294 -0.344956
v -0.463744 -0.983629 0.569596
v -0.161287 0.601387 -0.0600084
v 0.0342491 -0.0528577 0.316935
v -0.0692463 -0.0100634 0.320068
v 0.0101067 0.0301352 0.322776
v 0.182884 -1.25316 0.079088
v -0.370567 -0.103636 0.260238
v 0.285397 0.499015 0.103374
v -0.109325 -0.541318 0.352214
v 0.133658 -1.21025 0.0119889
v -0.369688 -1.34085 0.534386
v 0.220397 -1.07497 -0.0456421
v 0.0902687 -1.12768 0.673659
v -0.0748027 -1.36378 0.634076
v 0.0578887 -1.40341 0.532355
v 0.116204 -0.637432 -0.147939
v -0.416704 -1.32979 0.376663
v -0.332236 -0.0111598 -0.364958
v -0.226569 -1.08176 0.698464
v 0.00243864 -1.38559 0.593456
v -0.321145 -0.636308 0.428506
v 0.363471 0.482181 0.069163
v 0.367081 -0.397306 -0.207464
v -0.0864897 -1.42841 0.521081
v 1.44197 0.313723 -0.543738
v 0.212455 0.562755 -0.172589
v 0.4552 -0.373251 0.0851612
v 0.216181 0.255473 0.273135
v -0.53843 -1.19707 0.375221
v 0.111344 -0.655 0.437375
v -0.39111 0.274525 -0.32378
v 0.288387 0.504658 -0.220816
v -0.110202 -1.42799 0.290017
v -1.10202 -0.211089 -0.833008
v -0.120166 0.387621 -0.361252
v -0.444743 1.38475 0.569862
v 0.352347 -0.728058 0.157177
v 0.00358272 -1.04141 0.685995
v 0.297507 0.384693 0.34782
v -0.103791 0.369655 -0.370925
v 0.0424984 -0.460746 -0.224167
v -0.495353 -0.0547923 0.202612
v -1.16066 0.132028 -1.11516
v 1.01308 0.432594 0.193633
v -0.394048 -0.741697 0.488784
v -0.325905 -1.3883 0.396278
v -0.785104 -0.0166718 0.046677
v -0.0368189 -0.191105 0.307663
v -0.364932 -0.591026 0.333295
v -0.157631 -1.35315 0.130743
v -0.0998678 -1.3779 0.621547
v 0.182014 -1.35968 0.272873
v -0.519061 -0.73414 0.0405209
v -0.276445 -0.925191 -0.151887
v 1.08289 0.250701 0.187259
v -0.486559 -1.26187 0.298212
v -1.06828 -0.250201 -0.698362
v -0.555685 0.163686 -0.239169
v -1.28384 0.309349 -0.1907
v -1.27647 0.318061 -0.186439
v 0.556569 0.808957 0.572329
v -0.587282 -1.01399 0.22692
v 0.0739367 -0.573803 0.355053
v -0.195575 -0.979607 -0.151532
v -0.248616 -1.36667 0.187234
v -0.0898053 -1.44742 0.393729
v -0.0471774 -0.0861145 0.314749
v 0.358419 0.518992 -0.0200025
v 0.20698 -1.03305 0.606441
v -0.557461 -0.783457 0.111739
v 0.341018 -0.216304 -0.331925
v -0.807316 -0.302673 -0.485228
v 0.0129905 -1.43373 0.475724
v -0.586709 -1.00181 0.360428
v 0.295794 -0.64466 0.156803
v -0.500715 -0.050794 -0.275484
v 1.41679 0.0746881 -0.370281
v 0.366079 0.434071 0.421067
v 0.370349 -0.0632613 0.267085
v -1.29388 0.243223 -0.252028
v -0.302806 -1.39944 0.454672
v -0.48041 -0.736954 -0.0286399
v -0.554021 -0.236532 0.0536851
v 0.12916 -0.0551346 -0.407958
v 0.937581 0.272239 0.131252
v -0.240509 0.118619 -0.392372
v 0.075299 -0.940918 -0.162688
v 0.0291735 0.398177 -0.363819
v 0.169203 -0.296277 0.267183
v -0.965601 0.439653 0.180647
v 0.115088 0.305474 -0.392106
v -0.342201 -0.045819 -0.359126
v 0.425429 -0.300452 0.176539
v -0.412896 -1.27506 0.169026
v -0.395391 -1.27027 0.142536
v 0.00228617 0.11427 0.316029
v 0.294451 -1.0161 -0.013713
v -0.15601 -1.34821 0.649271
v -0.389526 -0.859378 0.576109
v 0.270518 -0.12728 -0.375873
v 0.559503 0.301284 0.0778802
v -0.54984 -1.14673 0.436419
v -0.00371129 -0.778831 -0.202293
v 0.569887 -0.0380297 -0.250605
v 0.0132875 -1.40781 0.241634
v 1.29161 0.850338 0.0180362
v 0.458881 0.219258 0.197313
v 0.031217 -1.04031 -0.130053
v 0.000812845 -1.27343 0.0353039
v -0.220828 -0.976339 0.674185
v 0.0147002 -0.702958 0.509142
v -0.0680977 -0.165769 -0.387973
v -0.570984 -1.06501 0.428078
v -0.157418 -1.44215 0.39171
v 0.341259 0.450848 -0.248608
v 0.225998 -0.997552 -0.0795081
v -0.513333 -0.319249 -0.030424
v 0.368987 -1.03254 0.40445
v 0.335864 -0.147219 0.267535
v -0.279102 -1.00302 -0.123502
v -0.418144 -0.279841 0.182784
v -0.339695 -0.013146 0.278051
v -0.103729 -0.374256 -0.285241
v 0.0169629 0.0997223 -0.420929
v -0.349443 -0.187099 0.254578
v 0.0618544 0.00873801 0.321209
v 0.0859968 -0.0742549 0.315368
v -0.0174986 -0.0314606 0.318501
v -0.309899 0.170059 0.273911
v 0.278206 0.413384 -0.314114
v -0.45566 0.44263 -0.168215
v -0.265874 -1.17213 -0.0253086
v 0.037929 0.496323 -0.308693
v -0.205763 0.0571621 0.307967
v 0.13669 -0.921881 -0.148355
v -0.364712 0.217149 0.245789
v -0.393312 -1.13225 0.0120726
v -0.22531 0.358926 -0.354736
v -0.291456 -0.52786 -0.0504143
v -1.10787 -0.207297 -0.825417
v -0.197421 0.55885 -0.204146
v 0.0646294 -1.09138 -0.096537
v -0.128053 -1.10866 -0.0932694
v 0.260305 -0.308431 0.245309
v -0.441792 0.325922 -0.276918
v -0.0625945 -0.388521 0.232261
v 0.431676 -0.427982 -0.0291491
v 1.15376 -0.132189 -0.200256
v -0.285276 -1.31101 0.636665
v -0.442233 -0.614374 0.272384
v 0.700043 0.823432 0.461555
v -0.244805 -0.512702 0.260461
v 0.14402 -1.11845 0.648991
v 0.605619 0.712725 0.410162
v -0.519104 -0.999941 0.0534672
v 0.354359 -0.845324 0.368832
v -0.511318 -0.870389 0.474608
v -0.372123 0.12118 0.261219
v 0.515079 0.270697 -0.257222
v 0.00315818 -1.39451 0.579528
v -1.14931 0.215389 -0.0648955
v 0.306587 0.5112 -0.202725
v -0.13044 -1.09548 -0.0998589
v -0.0521543 0.599883 -0.15666
v -0.273109 -1.20178 0.687495
v 0.41985 -0.325052 0.165351
v 0.149588 0.594362 -0.0532127
v 0.511268 -0.312333 0.0827903
v 0.241429 -0.688933 -0.0747031
v 0.600202 -0.0623344 0.116439
v 0.191499 -0.216003 0.288319
v 0.475087 -0.00883274 -0.325552
v 0.346815 0.214286 -0.365469
v -0.571929 -1.07689 0.421819
v 0.0240366 -0.961049 0.660446
v 0.318264 -0.362882 -0.265727
v -0.376363 0.174423 -0.345772
v -0.315905 -0.368425 0.176837
v -0.113632 0.604109 -0.0314502
v 0.238626 0.397831 -0.331977
v 0.441781 -0.0716386 -0.335474
v 0.151007 -0.72356 0.472426
v 0.195203 -0.791897 0.499324
v 0.0591978 -0.286803 0.284256
v 0.502323 0.381691 0.052541
v 0.337765 -1.08183 0.464669
v 0.39344 0.392934 -0.268525
v -0.213054 -1.09861 -0.0865794
v 0.596523 0.0798335 -0.234362
v 0.579458 -0.0184438 -0.244982
v -0.243239 -0.502817 0.236148
v 0.322521 -0.965874 -0.00326262
v -0.339414 -1.38148 0.378515
v 0.762803 1.40942 0.527066
v -0.265038 0.542391 0.0743263
v 0.753118 -0.19875 -0.0411101
v -0.130651 -0.0900258 0.313799
v -0.219416 0.274759 0.267911
v -0.42977 -0.151898 0.226266
v -0.92679 -0.196522 -0.761478
v -0.0461309 -1.44436 0.395309
v 0.360965 0.249954 -0.354164
v 0.283344 -0.653556 0.013705
v -0.285281 0.548759 -0.167438
v 0.00288013 -1.36992 0.158087
v 0.287754 0.502734 0.0986799
v 0.482394 -0.247033 0.163653
v 0.12891 -0.218384 -0.371656
v -0.138323 -0.714723 0.538373
v 0.242662 0.491534 -0.25825
v -1.06711 0.97922 0.153324
v 0.110931 -0.603322 0.379074
v 0.418996 0.424527 0.0944932
v -0.23079 -1.42713 0.425379
v 0.656216 0.143312 -0.063095
v 0.18739 0.321263 -0.376409
v 0.0978916 -0.672925 -0.171014
v 0.245277 -0.648143 0.312781
v -0.552898 1.31935 0.503489
v 0.511715 0.739471 0.468252
v -0.447216 0.564583 0.442835
v -0.00487794 -0.749797 0.550318
v 0.500991 0.215843 -0.290498
v 0.75631 -0.201455 -0.0242888
v -0.0999784 -0.869036 0.635918
v 0.839289 1.16722 0.546267
v -0.186911 -1.21275 0.702971
v -0.373764 -0.0475003 -0.349189
v -0.510983 -0.70817 0.0434362
v 0.143687 0.196264 -0.408217
v 0.436565 0.416526 0.0870766
v 0.253607 -0.0991812 -0.386125
v 0.00415875 -1.39954 0.570747
v 0.0294621 0.317646 0.270912
v 0.495106 -0.263303 0.142842
v -0.572466 -0.883619 0.376389
v -0.497502 -0.10058 0.197026
v -0.106881 -0.492967 -0.157839
v 0.230815 -0.799256 0.482849
v 0.28354 -1.26747 0.234793
v -0.597755 0.14888 -0.184803
v 0.855195 -0.234666 -0.526118
v 0.310225 0.544466 -0.0414879
v 1.44157 0.309533 -0.412141
v -0.961614 -0.124061 -0.776482
v -0.584702 -1.07912 0.299824
v -0.0178329 -0.680615 -0.196149
v -0.276126 0.519422 -0.220365
v -0.177574 -0.0142844 0.314185
v -0.987129 -0.285559 -0.540778
v -0.467522 -0.761691 -0.0514876
v -0.246624 -0.0989041 -0.375662
v -0.208315 0.505258 -0.267155
v 0.361226 0.0377793 -0.372352
v 0.401645 -0.121426 -0.342234
v -0.279692 -0.18214 -0.347016
v -0.103408 -0.785826 0.592774
v 0.377939 -1.07677 0.195283
v 1.00012 -0.264964 -0.869144
v -0.508852 -0.686086 0.0630918
v 0.225241 -1.20808 0.0657238
v -0.27988 0.487051 -0.256875
v -0.215242 0.230923 0.282399
v 0.158611 -0.568924 0.272688
v -0.0873008 -0.950931 -0.175148
v -0.307391 0.0701911 0.28663
v -0.234177 -1.05129 0.690627
v -0.46963 -0.0673184 -0.293665
v -0.389093 -0.423431 -0.00655225
v 0.0495562 0.103155 -0.419199
v -0.351695 0.735244 0.583087
v 0.537318 -0.0359436 0.175938
v 0.0695806 -1.23338 0.670861
v -0.0428814 -0.657904 0.479289
v 0.460688 -0.398006 0.0316037
v 0.129104 -1.03813 -0.106663
v 0.00174502 -1.43676 0.455663
v 0.00569548 -0.495012 0.214056
v -0.465917 -0.601045 0.139656
v 0.163243 -0.196118 -0.375293
v -0.341455 -0.573449 0.326912
v -0.395498 -0.756687 0.502001
v -0.51977 -1.09966 0.525866
v -0.240107 -1.10295 0.697793
v 0.036182 -1.41814 0.516255
v 1.25292 0.690691 0.231524
v -0.0375952 -0.353962 0.250904
v 0.221999 -1.31554 0.491931
v -0.0361691 -1.41106 0.23578
v -0.244751 0.571338 -0.145322
v -0.166045 0.220407 0.291092
v -0.130094 -0.106017 0.311973
v -0.550837 -1.10539 0.464133
v -0.281302 -1.40548 0.487275
v -0.5809 -0.919913 0.361354
v -1.22499 0.581969 -0.61068
v -0.463016 0.0130074 -0.309882
v -1.15589 0.0634077 -1.07092
v -0.306824 0.259111 -0.358364
v 0.130231 -1.13758 -0.0488955
v 0.00997645 -1.21347 -0.0194844
v -0.161467 -0.704179 0.530724
v -0.625021 -0.00597553 -0.147808
v -0.0793888 -1.32595 0.0852861
v -0.300724 -1.31516 0.621621
v 0.728598 -0.424525 -0.380847
v -0.129886 -0.546501 0.359057
v 0.314395 -0.977061 0.498432
v 0.14067 -1.06038 -0.0900318
v 0.30279 -0.480981 -0.110453
v 0.110642 0.357314 0.254097
v 0.188197 -0.910336 -0.12951
v 0.285414 -0.66294 -0.000892941
v -0.491983 0.435214 -0.00138326
v -0.240752 -0.175457 -0.35792
v -0.490202 -1.26014 0.442802
v -0.505716 -1.08212 0.545914
v 0.0386575 -0.815083 -0.195024
v -0.989142 -0.101634 -0.698668
v 0.332793 -1.20395 0.227863
v 0.137725 -0.128178 -0.395699
v -1.12269 -0.0472063 -0.828428
v -0.446504 -0.0642758 0.232429
v 0.377721 0.33073 0.36548
v 0.0922908 -1.41955 0.390216
v 0.303717 -0.471325 -0.134826
v -0.0142116 0.229468 0.298478
v 0.0843331 0.566471 0.0760046
v -0.54781 1.37254 0.472498
v -0.0434033 -0.371607 0.241733
v 0.443138 0.195238 0.213401
v 0.751963 -0.196833 -0.00777735
v 0.619396 0.705626 0.413045
v 0.42976 0.0164427 0.248452
v -0.488346 -1.25208 0.271467
v 0.535746 0.383594 -0.0565712
v -0.370535 -0.388377 0.117667
v 0.527847 -0.105323 -0.269846
v -0.248085 -1.42148 0.39454
v 0.0615073 -0.548897 0.317612
v -0.372861 -0.275516 0.212639
v -0.398212 -0.547396 0.132248
v 0.00326182 -1.37424 0.607829
v -1.09767 1.20524 0.0846769
v 0.744461 1.40316 0.518812
v 0.480304 -0.0312576 0.216364
v 0.119754 -0.61117 0.385154
v 0.945081 0.25715 0.12878
v 0.292637 -1.11366 0.527338
v -0.420781 -0.302728 0.164433
v 0.423731 -0.193051 0.224716
v 0.225262 -0.596395 0.240387
v 0.0422084 -1.14977 0.690253
v -0.533757 -0.704719 0.128679
v 0.336061 -0.734696 0.0389555
v -0.528811 0.12563 0.174852
v -0.175833 -1.28423 0.0368218
v 0.360969 -1.09648 0.403334
v 0.665822 0.0795764 -0.0670303
v -0.186024 -0.280584 0.26774
v 0.158441 -0.490012 -0.170499
v -1.20598 0.553755 -0.61978
v -0.545286 -1.17645 0.41803
v -0.999978 0.159889 -1.0456
v 0.75761 1.33 0.367818
v -0.213403 0.306032 -0.37396
v -0.533236 0.392922 -0.0620962
v 0.362402 -1.02719 0.0901641
v 0.129956 -1.30901 0.115649
v -0.0944845 -0.884372 -0.193081
v 0.165286 -0.23645 -0.361505
v 0.268319 0.406666 -0.322402
v 0.0927672 -0.862089 -0.176592
v -0.261979 -1.41494 0.382595
v -1.15278 0.160092 -0.076466
v 0.256473 -0.23993 0.268634
v -0.0544385 0.169127 0.310227
v -0.536829 -1.00531 0.0832542
v -1.19685 0.141027 -0.186059
v -0.374098 -1.26173 0.116305
v -0.286387 0.0459183 0.292822
v 0.580744 0.300247 -0.14073
v 0.0417659 -0.222153 0.301172
v -0.268822 -0.144015 -0.359537
v 0.567644 0.312421 -0.155566
v 0.388984 -1.01575 0.195326
v -1.14037 -0.15387 -0.819473
v -0.308187 0.21185 -0.364423
v -1.15899 0.130112 -0.21849
v 0.105394 -0.852177 0.588055
v -1.08893 0.245624 -0.260917
v 0.0726346 0.445072 -0.336672
v -0.303088 -0.516541 0.231098
v -0.127695 -1.4064 0.585318
v 0.565106 0.0348655 0.159779
v 0.104758 -0.369427 -0.306453
v 0.539265 0.342488 -0.167053
v -0.095441 0.476518 -0.312732
v 0.0291152 -0.167479 0.308809
v -0.0516183 -0.154592 0.310092
v 0.0723581 0.230565 -0.410648
v 0.22905 -0.94002 0.566423
v -0.10341 -1.42285 0.550133
v -1.20456 0.154325 -0.167888
v -0.777713 0.376697 0.281769
v -0.126402 0.216734 0.296478
v -1.09253 -0.178938 -0.682738
v 0.167053 -0.79978 -0.151772
v -0.104615 -0.580816 0.40801
v -0.441519 -0.854539 -0.0752954
v -0.38371 -1.16094 0.638244
v -0.33868 0.197087 0.259695
v -1.07744 0.582325 0.309063
v 0.0237725 -0.555327 0.34884
v 0.310626 -0.862426 -0.0409646
v 0.258122 -1.23202 0.128777
v 0.0792644 -0.516569 0.223732
v 0.607501 0.0928798 -0.220267
v -0.209894 0.488366 -0.28472
v 0.567313 -0.293003 -0.061578
v -0.510139 -0.662336 0.200161
v 0.998498 -0.290333 -0.58661
v 0.327996 -0.323355 -0.28728
v -0.234746 -1.32513 0.116858
v -0.552398 -1.11707 0.454086
v -0.0487769 0.176584 -0.413997
v -0.204199 -1.42016 0.511082
v 0.421857 0.018961 -0.351797
v 0.186662 -0.483513 -0.181034
v -0.00229314 0.575105 -0.21222
v -0.0153839 -0.845375 0.619148
v 0.29879 0.308261 -0.358134
v 0.0143638 0.588586 -0.18764
v 0.0415387 -0.99664 -0.148266
v -0.140649 -0.0554712 0.316198
v -0.360912 0.470707 0.107462
v 0.347327 -1.10189 0.445139
v 0.927149 0.302368 0.146734
v -1.08155 0.25116 -0.253132
v -0.666174 -0.272561 -0.339906
v -0.443797 -1.0076 -0.0284715
v 0.491654 0.171575 0.193505
v -0.18475 -0.145434 0.303494
v 0.111005 0.411754 -0.351644
v 0.535811 0.0809629 -0.287494
v 0.227697 -0.106179 0.298695
v -0.154118 -0.555853 0.375984
v 0.174692 -1.08792 -0.061861
v 0.923303 0.275723 0.293037
v 0.843567 -0.31099 -0.396197
v -0.423562 -0.602485 0.00770859
v -0.403091 0.728606 0.5985
v 0.212514 0.578387 -0.116893
v 0.289222 -0.867131 -0.0616787
v -0.485711 0.0454872 -0.301049
v 1.32114 0.520446 0.191467
v -0.41868 -0.570102 0.206777
v -0.282034 -0.0542555 0.29362
v -0.323736 0.76881 0.49616
v -0.165877 -1.39621 0.203479
v 0.0540165 0.340724 -0.384876
v 0.647904 0.0278795 -0.15464
v -0.58514 0.158255 -0.20443
v -0.0450437 0.303233 -0.394947
v 0.285941 -1.15078 0.527241
v 0.0938714 -0.244419 -0.365386
v 0.370441 -0.261316 -0.301683
v -1.08161 1.08495 0.0312001
v -0.386985 0.984604 0.588539
v 0.328428 -0.110033 -0.367139
v 0.346572 -0.365926 0.179642
v -0.0747638 -0.688914 0.5111
v -0.496096 -1.08382 0.556101
v 0.330996 -0.154405 -0.35756
v -0.48218 -1.16333 0.125707
v -0.449465 -1.26981 0.216979
v 0.0851303 0.465052 0.180098
v 0.804617 -0.259104 -0.584725
v -0.381061 0.679237 0.408286
v -0.329123 -1.06873 -0.0673981
v -0.171858 0.55356 0.0941953
v 0.180774 -0.817143 0.527392
v -0.373061 -0.541359 0.0549388
v -1.14715 0.166081 -0.0660776
v -0.193627 0.453103 -0.315212
v -0.57575 -0.896336 0.373983
v 0.852418 1.28436 0.411315
v -0.435865 0.318914 -0.28439
v 0.0403657 -0.330036 -0.328618
v -0.178908 -0.851298 0.626354
v -0.216435 -1.43066 0.4285
v -0.564123 -0.784568 0.169506
v -0.881071 0.607306 0.230854
v -0.337519 -0.692137 0.472661
v -0.452227 -1.16474 0.586476
v 0.118188 0.500188 -0.294014
v 0.231863 -0.267704 -0.338578
v 0.122832 -1.27807 0.070912
v -0.936309 0.151898 -0.095444
v 0.051369 -1.41546 0.283217
v 1.40878 0.314714 -0.386899
v -0.647778 0.252212 0.0920799
v -0.235171 -0.519536 0.291734
v -0.102243 -0.267812 0.283477
v 1.43419 0.317666 -0.409207
v -0.525231 -0.919013 0.483622
v 0.163421 0.159075 0.301372
v -0.0911397 -1.4059 0.218746
v -0.142933 0.253726 0.286242
v -0.385421 0.0930771 -0.350396
v -0.351605 -0.440554 -0.059837
v 0.226817 0.104127 0.298395
v -0.143482 0.303066 -0.384646
v -0.400047 -0.821189 -0.112907
v -0.385727 0.435217 0.35132
v -0.381586 0.377662 -0.289697
v -0.404232 0.418986 -0.244287
v 0.60535 0.0187817 0.117824
v -0.0664503 -0.558006 -0.155678
v -0.330431 -0.117615 -0.349945
v -0.047562 -0.546548 0.356545
v 1.40056 0.317308 -0.384995
v -0.194075 -0.00272267 0.312296
v 1.2787 0.154145 -0.368675
v 0.856419 -0.245045 -0.625171
v -0.0199303 -0.856224 0.625378
v -0.343412 0.530508 0.0264683
v -0.0111936 -0.628988 -0.183689
v 0.229048 -1.26613 0.140777
v 0.0415692 -0.294643 0.279973
v 0.388127 -0.993483 0.334811
v -0.311967 0.554947 -0.0401454
v -0.529602 0.320008 -0.192489
v 0.515262 -0.400525 -0.142191
v 1.43968 0.434077 -0.566208
v -0.471582 -0.795893 -0.0505791
v -0.36146 1.29949 0.486061
v -0.346097 0.341659 -0.320423
v 0.198663 -0.251553 -0.350875
v -0.201984 0.477167 -0.296292
v -0.0712848 -0.749602 0.561621
v 0.690336 1.16528 0.575055
v 0.199575 -1.24589 0.582599
v -1.19201 0.676076 -0.541726
v -0.566578 -0.21492 0.0548541
v 0.356381 0.232665 -0.359146
v -0.214542 -0.379923 0.211509
v -0.10037 0.20676 -0.408612
v -0.663534 0.276613 0.220393
v -1.09539 0.123029 -0.0300371
v 0.281995 -1.123 0.0463253
v 0.271983 -1.18505 0.0956164
v -0.524182 -0.69354 0.110684
v -0.0315357 -1.03003 -0.139872
v -0.882124 0.604644 0.214008
v 0.31814 0.0433943 -0.386114
v 0.197572 0.356301 -0.361651
v -1.19116 0.680614 -0.570538
v 0.513009 0.358788 -0.178585
v -0.077644 0.107299 0.318992
v 0.340649 -0.966778 0.0229354
v -1.01781 0.172865 -0.203452
v 1.02231 -0.14675 -0.877858
v 0.337221 -0.194665 -0.344106
v -0.171565 -0.681543 0.511009
v -0.474976 -0.817277 -0.0481584
v 0.492484 0.696714 0.531891
v -0.249136 0.103235 -0.390345
v 0.238504 -1.05439 -0.0427371
v -0.353082 -1.26411 0.107863
v 0.320927 0.0962866 0.277916
v 0.245424 0.078353 0.29576
v -0.0130025 -0.586954 0.405629
v -0.5324 1.38828 0.421459
v 0.78369 1.15417 0.413372
v 0.200214 0.196652 -0.399911
v 0.26234 -0.738874 -0.0754515
v -0.176148 -1.32028 0.0818785
v -1.04979 -0.265686 -0.730603
v -0.051683 0.0109613 -0.418191
v -0.57809 -0.853756 0.314658
v 0.424347 0.0586906 -0.348957
v -0.783983 0.361223 0.129296
v 0.242466 -0.60278 0.03066
v 0.00386974 -1.33955 0.646067
v -0.492326 -1.21946 0.487947
v -0.563984 -0.916115 0.0977117
v -0.514842 1.30453 0.579047
v -0.489567 0.80853 0.60285
v -0.491925 -0.861434 -0.0242606
v -0.0251239 -0.444634 0.200433
v 0.432861 0.264076 -0.319739
v -0.0253887 0.515896 0.146482
v -0.535442 1.33999 0.542307
v -0.385148 -0.890068 0.590773
v -1.04064 0.106445 -0.928769
v 0.469627 -0.219066 0.187769
v -0.57732 -1.00628 0.419508
v -0.496768 -0.0922589 -0.270141
v -0.098343 -0.291968 0.277077
v -0.554676 -1.05272 0.463979
v -0.371484 0.471119 -0.220661
v 0.331573 -0.723007 0.268674
v -0.369153 0.490349 -0.198561
v 0.434465 0.18178 0.221144
v 0.17149 -1.35739 0.24747
v 0.106782 0.287886 -0.397765
v -0.165682 0.442652 0.284645
v 0.179791 -1.28644 0.123919
v 0.18699 -1.36998 0.418497
v -0.171142 -0.0609043 -0.396012
v -0.426688 -0.616708 0.302078
v -0.244323 -1.42204 0.404334
v 0.586529 -0.418158 -0.260474
v -0.345616 0.523555 -0.164693
v 0.145209 -0.0209049 0.314981
v -0.49147 -0.633911 0.120712
v -1.17743 0.124376 -1.08291
v -0.299554 -0.760481 0.548129
v -0.467516 0.12194 0.217968
v 0.443861 -0.128144 0.227473
v 0.359458 0.45739 -0.230517
v -0.441685 -1.06643 0.00425442
v -0.309331 0.15002 -0.370849
v -0.430722 -0.382897 -0.0919619
v 0.269321 -0.193215 0.277952
v -0.778469 -0.325785 -0.379756
v -0.212886 -0.293663 0.257856
v 0.288776 0.418776 -0.306817
v 0.32204 -0.747935 0.321052
v -0.0592839 -1.25762 0.696156
v 0.250965 0.325074 -0.362814
v 0.222103 -0.245879 0.274534
v 0.370994 0.0743024 0.266912
v 0.42573 -0.0795694 -0.340711
v -0.360853 -1.31382 0.581329
v -0.498887 -0.0318848 0.201458
v -0.346296 -0.433484 -0.0983381
v 0.269303 -0.418895 -0.231879
v -0.271953 -0.241129 -0.325915
v -0.894754 0.529771 0.323965
v -0.392377 -0.56004 0.0288312
v 0.256662 -1.11314 0.00817001
v 0.0111199 -0.934743 -0.175967
v 0.540443 -0.261505 0.0945012
v -0.0740874 0.50117 0.163119
v -0.477345 -0.123475 0.20501
v 0.138635 0.494567 0.149014
v -0.62639 -0.115072 -0.0458938
v 0.225885 0.324863 -0.366553
v 0.542728 0.358997 0.0142922
v 0.0768293 -0.748528 0.527892
v 0.925074 0.344672 0.251329
v -1.14772 0.137714 -0.231533
v 0.0362617 -0.152936 0.309879
v 0.0397428 -1.04537 -0.126839
v -0.561415 -0.214918 -0.273474
v -0.490717 -1.06396 0.0553199
v 0.526489 0.0118434 -0.291756
v -0.446328 -0.0515982 -0.310871
v 0.371961 -1.13635 0.249997
v 0.397732 0.310778 0.302512
v -0.065676 0.274122 0.287103
v 0.503149 0.368452 -0.182537
v 1.34318 0.246009 -0.563758
v -0.169933 0.468 0.283363
v 0.738014 0.139852 0.0654278
v 0.591014 0.0165652 0.135187
v 0.198719 0.500816 -0.264356
v 0.288573 -1.18387 0.114295
v 0.207071 0.570666 -0.153034
v -1.22252 0.311205 -0.148196
v 0.0125211 -0.78891 0.57924
v 1.07832 -0.145377 -0.826322
v -0.332402 -0.941096 -0.124436
v -0.454322 -1.13072 0.589627
v -0.225964 -0.527673 0.313084
v -0.2281 -0.0769792 -0.385543
v 0.176109 0.20602 -0.402391
v 0.279006 -1.03027 -0.0216797
v -0.374381 -0.93498 -0.10517
v -0.976702 0.488013 0.159155
v -0.534393 0.387235 -0.0840989
v -0.164841 -1.05573 0.700465
v -1.1279 0.506679 -0.601473
v -0.804199 -0.241503 -0.551742
v -0.171722 -0.795557 -0.198732
v 0.0494795 -1.00422 0.66682
v 0.377151 0.160665 -0.362814
v 0.230115 -0.582391 0.172355
v 0.0257278 -0.20741 -0.380056
v 0.323953 -0.426571 0.135065
v 0.193193 -0.142992 0.301171
v -0.308949 -0.112595 -0.357438
v 0.219968 -1.14378 -0.000492313
v -0.43472 -1.27324 0.198383
v -0.134844 0.0074427 -0.407898
v 0.110162 -0.654865 -0.160598
v 0.173718 -0.169771 0.301235
v 0.636271 0.704794 0.4211
v -0.581741 0.0650025 -0.222401
v 0.46182 0.20936 -0.317065
v -0.234328 0.403149 -0.333121
v 1.27105 0.370815 -0.569838
v 0.148044 0.52058 0.126118
v 0.448957 -0.256095 0.182917
v -0.0134868 -0.705845 -0.198038
v -0.0500047 0.48119 -0.315021
v -0.274824 -0.971594 -0.137834
v 0.891272 -0.114812 0.0314851
v -0.135233 -1.38883 0.602042
v -0.151535 -0.898076 0.653284
v 1.41329 0.372836 -0.439446
v 1.02178 -0.130323 -0.0109375
v 0.237708 -0.992965 0.574548
v 0.0855339 -0.690901 -0.180287
v 0.229588 -1.34161 0.343687
v 0.862972 1.34059 0.508726
v 1.39596 0.798378 0.207115
v 0.6479 0.0667194 0.031236
v 0.617465 -0.156627 0.065091
v 0.0621291 -0.791785 0.564094
v -0.505241 -0.934908 0.514235
v -0.716466 -0.153943 -0.294001
v 0.0418865 -0.916089 -0.177942
v 0.651522 1.12253 0.542863
v -0.288198 -0.560838 0.345174
v -0.57897 0.156808 -0.213555
v -0.162387 -0.289471 0.268152
v 0.78122 0.143373 0.251719
v -0.459238 -0.740646 0.439327
v 1.04735 -0.369524 -0.749917
v -0.591408 -0.919708 0.17963
v -0.150424 0.30806 -0.384538
v 0.141464 -1.32312 0.145289
v -0.0109774 -0.850381 -0.198135
v -0.44531 0.569225 0.433155
v -0.706136 -0.327029 -0.279487
v 0.232817 -0.230335 -0.352846
v -0.376 -0.394513 0.103475
v -0.23046 -0.910021 0.651104
v 0.139963 -0.779819 -0.16716
v -0.554146 -1.1635 0.314824
v 0.979632 -0.226505 -0.671778
v -0.257709 -0.97999 0.667692
v -0.133147 0.148966 0.308857
v 0.326703 -0.735421 0.29615
v -0.372377 0.520484 -0.0231337
v 0.499041 0.0521174 -0.312325
v -0.299268 -0.345102 0.201691
v -0.273621 -0.837086 0.608623
v -0.245154 -1.21693 0.00154343
v -0.415387 -1.30552 0.526609
v -0.802993 -0.227259 -0.553854
v 0.193582 -1.15528 -0.00584896
v 0.572231 -0.0635966 -0.241901
v 0.296742 -0.442352 0.127982
v 0.236486 -1.15476 0.0260607
v 0.256814 -1.19564 0.0888615
v -0.342959 -1.19365 0.0282153
v -0.515899 -1.19797 0.233844
v -0.158696 -0.258265 -0.347689
v -0.571127 -0.204955 -0.28225
v -0.494545 1.30931 0.587918
v -0.828138 0.00182475 -0.0865186
v 0.0206323 -1.3476 0.125535
v -0.526991 -0.266211 0.0697072
v 0.187429 -0.179326 -0.376899
v 0.129885 0.599724 -0.0729819
v -0.118493 -1.04924 0.697496
v -0.556747 -0.788856 0.102764
v 0.550501 -0.165905 -0.228136
v -0.48239 0.0366704 -0.30149
v 0.349898 -0.0522739 -0.370012
v -0.561014 -0.827734 0.349872
v 0.36878 0.40184 -0.276106
v -0.569797 -1.10423 0.251385
v 0.180563 -0.199934 0.294368
v -0.425054 -0.656047 -0.0496997
v -0.506088 -1.21231 0.23708
v -1.09811 0.993171 0.212637
v -0.268995 0.446473 -0.297135
v 0.887481 -0.128159 0.0310357
v -0.856795 -0.142255 -0.553393
v 0.168366 -0.566239 0.254908
v -0.773561 0.393086 0.280576
v 0.311647 -0.661362 0.100594
v 0.789371 -0.354045 -0.33349
v -0.56756 -0.788603 0.187443
v -1.09147 0.134759 -0.0229059
v -1.22064 0.570829 -0.613056
v 0.165685 -0.596472 0.3219
v -1.17861 0.326568 -0.163553
v 0.271598 -0.161165 0.283096
v -0.0290188 -1.06584 -0.123047
v -0.767376 0.327627 0.263117
v -0.662403 -0.276358 -0.138279
v 0.0303241 -1.29878 0.663437
v 0.405805 0.0140359 0.257436
v 0.470858 0.414704 0.0489543
v -0.551963 1.32155 0.496508
v 0.991713 -0.247566 -0.864429
v 0.136397 -0.11239 0.309825
v -0.484117 -0.669287 0.30229
v -1.00417 0.471864 0.276726
v -0.0898163 0.299573 -0.393182
v -0.347279 -1.04316 -0.0751156
v -0.276195 0.541715 -0.187581
v 0.282948 -0.213255 -0.350321
v -0.826829 0.0121643 -0.0885068
v -0.0484012 -0.333465 0.262087
v 0.281008 -1.01545 0.542679
v -0.192524 -0.134015 -0.379261
v 0.120133 -0.841428 0.576296
v 0.0411052 -0.312092 -0.336507
v -0.988581 0.00786804 -0.939472
v -0.00259421 0.0069167 -0.419858
v 0.0745785 -1.39398 0.233791
v -1.05634 -0.192934 -0.606554
v 0.504871 -0.402619 -0.147432
v 0.348733 -0.0845543 0.272134
v -0.270089 -0.180876 0.280069
v -0.491523 -0.331276 -0.079378
v -0.451711 -0.988661 0.582397
v 1.30946 0.844205 0.00412088
v -1.04478 0.256394 -0.203944
v 0.0309679 -0.388131 0.232421
v 1.39202 0.741833 0.0605004
v -0.0691441 -0.295411 -0.341683
v 0.101137 -0.663702 0.452391
v -0.261778 -0.152407 0.28809
v 0.14555 -1.15145 -0.031802
v -0.589818 -0.994273 0.330778
v 0.242459 0.209025 0.277318
v -0.610243 0.108961 -0.175042
v 1.4342 0.392063 -0.5959
v -0.232928 0.533879 0.108501
v -1.10309 1.18066 -0.0423678
v -0.486446 -0.723134 -0.015834
v 0.884129 -0.235257 -0.632075
v -1.1259 -0.15789 -0.778472
v -0.0143401 -0.526654 0.308486
v 0.457875 0.0209642 0.235292
v 1.34905 0.244775 -0.564693
v 0.49712 0.412648 -0.00783516
v -0.713141 0.0443042 0.0894864
v 0.596141 0.714197 0.408035
v 0.215563 -0.914702 0.565183
v 0.0774701 -1.40894 0.289095
v 0.0264141 0.256117 0.289747
v 0.0982423 0.229776 0.292939
v -0.347358 -1.20791 0.655004
v -0.323704 -0.592354 -0.0927761
v 0.0350976 -0.264178 -0.359964
v -0.407474 1.54082 0.502243
v 0.179917 -1.34494 0.513509
v 0.273356 -0.280155 -0.323949
v -0.362595 -1.30419 0.591035
v 0.202975 0.265616 0.272286
v 0.400387 -0.10412 0.249836
v -0.383671 1.35467 0.551568
v 0.153105 0.211997 0.292705
v -0.249941 -1.36495 0.601783
v -0.124153 -1.17562 -0.0590407
v 0.223726 0.0736636 -0.40573
v 0.538297 -0.157512 0.155863
v 0.0559552 -0.08536 -0.409029
v 0.225935 -0.31438 0.251209
v 0.0682527 -0.861697 -0.182176
v 0.336503 -0.179119 -0.349374
v 0.203009 0.47309 0.161675
v 0.261672 0.410204 0.305454
v -1.21989 0.204055 -0.129596
v -0.356223 -1.04862 0.654368
v 0.164331 -0.273819 -0.347237
v 0.100022 0.288289 0.277205
v -1.03147 0.247371 -0.11205
v -0.232582 0.258129 -0.379303
v -0.294344 -1.10257 0.684396
v -0.242084 -1.15228 0.698729
v 0.0380616 -0.625768 0.438263
v -0.24705 0.532293 0.0982085
v 0.173234 -1.0486 0.63013
v 0.458744 -0.0805391 -0.325005
v 0.301046 -1.20619 0.481776
v -1.13218 -0.111872 -0.953297
v 0.277484 -1.30084 0.322616
v -0.0914377 0.353344 -0.380248
v -1.0675 0.980655 0.16569
v 0.478625 -0.0838527 -0.311235
v 0.243493 -1.29702 0.481372
v 0.191834 -1.36746 0.438953
v -1.08378 -0.163394 -0.675839
v -0.358798 -0.438451 -0.0523875
v -0.319566 -0.708692 0.497643
v -1.00893 0.223111 -1.08937
v 0.582537 -0.132822 -0.20826
v -0.312902 -1.39496 0.426836
v -0.500873 -0.25838 0.124061
v -0.221491 -0.00954729 -0.393275
v -0.595323 -0.975834 0.254571
v -0.600048 -0.879399 0.230903
v -0.0703556 -1.16531 0.709971
v -0.0872752 -0.360601 -0.297159
v 1.20683 0.371792 0.255346
v 0.990205 -0.385723 -0.610424
v -0.422401 -0.568972 0.0774556
v -0.460416 -1.29255 0.36561
v -0.465079 -1.15644 0.0956682
v -0.559452 -0.806868 0.326778
v -0.389903 -1.26229 0.601533
v 0.445341 0.188647 -0.3306
v 0.357182 0.185652 0.254097
v 0.377347 -1.02383 0.137246
v -0.0755561 0.109375 -0.418581
v -0.0374245 0.244494 -0.408488
v -0.371427 0.417185 0.148175
v 0.0259391 0.561283 0.0906056
v -1.12443 0.715845 -0.606986
v 0.03327 0.353831 0.260026
v -0.137039 0.231502 -0.401622
v -0.31149 -0.518712 -0.00388868
v -0.112637 -0.732826 0.551674
v 0.378033 -0.0297869 -0.364681
v -0.347524 0.48082 0.109479
v 0.416502 0.459101 0.478075
v -1.11567 0.704604 0.330516
v -0.216537 -0.360656 0.222871
v -0.175895 0.204611 -0.398245
v 0.310001 0.54566 -0.0735659
v -1.14323 0.177811 -0.0589464
v 0.434773 0.243824 -0.324577
v -0.308616 -1.38103 0.264436
v 0.497416 0.0217338 0.209847
v 0.337188 -1.21897 0.294668
v -0.457105 0.105285 0.226702
v -0.547671 -0.0612701 0.157798
v -0.304407 0.241244 -0.361476
v 0.339354 -1.21628 0.319484
v -1.14685 0.657959 0.210894
v -0.330442 -0.766304 0.541624
v 1.45653 0.334112 -0.484523
v 0.37673 -0.329122 -0.264172
v -0.467999 -1.26126 0.239377
v 0.663609 0.05722 -0.0740961
v 0.844128 0.156291 0.123721
v 0.409683 0.435619 0.0908378
v 0.0421526 0.185392 0.308062
v -0.14598 -0.882613 0.643397
v 0.203183 0.378475 -0.351001
v 0.0262767 0.280444 0.283429
v -0.154063 -1.43647 0.331609
v 0.209312 -1.295 0.165561
v -0.61753 0.0117797 -0.162779
v 0.165172 -1.38011 0.38082
v 0.189806 -1.36086 0.312072
v -0.103432 -1.06939 -0.117156
v 0.886741 -0.156473 0.0279074
v -0.354312 -0.339967 0.177402
v -0.0720003 -0.583801 -0.169965
v 0.311946 -1.13539 0.499208
v 0.0433614 -1.43185 0.373585
v -1.30216 0.376734 -0.236698
v 0.0251628 0.538677 -0.269811
v 0.174637 -0.274532 0.273498
v 0.019252 -0.321367 0.26941
v 0.000133542 -0.49799 0.227424
v -0.406753 -0.0439056 -0.334927
v 0.309596 -1.12531 0.081436
v 0.210767 -0.153873 -0.380575
v -0.452834 -1.26759 0.505323
v 0.172163 -0.672396 -0.131472
v -0.331932 -0.329201 -0.248846
v -0.553316 -0.789199 0.323017
v 0.0806836 0.499904 0.150361
v -0.655313 0.269266 0.0781751
v 0.0385011 -0.405583 0.222423
v -0.439272 -0.921556 0.568886
v 0.286139 -0.8556 0.466949
v 1.10862 -0.104621 -0.863443
v 1.29555 0.1523 -0.316135
v -0.802779 -0.233262 -0.553577
v -1.16651 0.22824 -0.311961
v -1.0995 0.954217 0.0966638
v 0.365962 0.488577 0.0560709
v -0.205039 -1.28115 0.682411
v -0.431865 -0.167963 -0.290492
v -0.410684 0.232275 0.222219
v -0.247935 -0.687448 0.506981
v -0.570766 0.158749 -0.224395
v -0.583211 0.231644 -0.180631
v -0.48481 -0.192502 0.177812
v -1.21097 0.312136 -0.14734
v 0.827425 -0.426011 -0.489187
v 0.0622517 0.140826 0.311129
v 0.822457 1.13873 0.571093
v -0.104619 0.00919116 -0.411617
v -0.529871 -1.20876 0.308025
v 0.134804 -0.982621 -0.130337
v -0.577142 -1.03291 0.182291
v 0.891311 -0.231278 -0.627347
v -0.268442 0.0162095 0.297527
v -0.0523865 0.370901 0.250744
v 0.036776 -0.370487 0.241592
v -0.356203 -0.834459 -0.137342
v -0.404913 -0.561043 0.0671569
v -0.104072 -0.454366 -0.212293
v -0.209831 0.516498 -0.257019
v 0.2362 -0.592389 0.0491237
v -0.127692 -0.212167 -0.368778
v 1.12979 -0.296401 -0.841271
v -0.443957 -1.20877 0.576557
v 0.353706 -1.03044 0.443062
v -0.386568 0.724934 0.598675
v -1.02022 0.102375 -0.946789
v 0.430386 -0.3868 0.100746
v -0.41966 -0.612998 -0.0152458
v 1.27802 0.496967 0.160414
v 1.06502 -0.216495 -0.760777
v -0.158896 -0.221086 0.289942
v -0.324012 0.498051 -0.222707
v -0.0375108 -1.26183 0.0128638
v 0.243961 -1.1531 0.572959
v 0.278536 0.552154 -0.14062
v -0.323989 -1.31466 0.150725
v -0.0180814 -0.922292 -0.182852
v -0.166451 -1.41073 0.567542
v -0.407964 -1.15229 0.621408
v -0.315718 -0.122062 0.278292
v -0.453605 -0.985403 -0.0299494
v -0.482981 1.31713 0.586525
v -0.021214 -0.986353 -0.158084
v -0.326365 -1.05238 0.664392
v -1.04269 -0.269916 -0.735062
v 1.17268 0.562677 0.212538
v 0.480127 -0.110396 0.20609
v 1.42225 0.895231 -0.00798365
v -0.155622 0.0084361 -0.404392
v -0.107672 -0.398758 0.220808
v -0.522012 1.36978 0.548439
v -0.154574 -0.862777 -0.194
v 0.176133 0.583913 -0.1305
v -0.330394 -0.656406 -0.12811
v -1.09453 1.17469 -0.0339038
v 0.276662 -0.445871 -0.198575
v -0.130775 0.273375 0.281934
v -0.224659 0.289051 -0.375135
v 0.0529735 0.0127448 -0.419536
v 0.0630011 -0.110295 -0.404916
v 0.243691 0.0325834 -0.401586
v 0.0082587 0.20681 -0.413148
v -0.542893 -1.1245 0.184472
v -0.571461 -0.207009 0.0529117
v 0.927374 0.25987 0.294959
v -0.845955 -0.305101 -0.54135
v -0.311927 -1.00753 -0.108009
v -1.08806 0.967725 0.0982344
v 0.62517 -0.0809257 -0.175381
v -0.998137 0.124609 -1.06809
v -0.138764 -0.829783 0.618126
v 0.263379 0.418546 0.304019
v -0.168094 0.560866 -0.215605
v -0.399512 0.507444 -0.0672556
v -1.20171 0.14488 -0.181863
v -0.40791 0.298972 0.200761
v 1.27278 0.609048 0.279155
v -0.534688 -0.883566 0.035257
v -0.129229 -0.51182 0.291641
v -0.102207 0.578186 0.0704118
v -0.557894 0.0107115 -0.239426
v -0.0261574 0.347704 0.261993
v 0.105715 0.521743 -0.278775
v -1.06701 0.994061 0.116292
v -0.411385 0.500193 -0.0676482
v 0.25854 -1.28128 0.474175
v 0.387154 0.325104 0.349271
v -0.2801 -1.40288 0.331465
v -0.311487 0.557257 -0.0872401
v -0.0167058 -1.16761 0.704443
v 0.0918184 -0.319421 0.266673
v 0.541817 0.338867 0.0495773
v 0.023727 0.273083 -0.405234
v -0.784344 -0.278352 -0.240266
v 0.141393 -1.36249 0.221402
v 0.513203 -0.133346 0.179784
v 0.316109 -0.460654 -0.144873
v 0.203348 0.584228 -0.0756548
v -0.539863 0.0966151 -0.261865
v -0.594838 -0.205883 -0.0157142
v 0.360072 -0.153527 0.258907
v 0.349561 -0.738234 0.242885
v -0.0036128 -0.219833 -0.375266
v 0.343183 -0.444264 -0.148218
v 0.211731 -1.25645 0.108602
v 0.448747 0.0190906 0.239062
v 0.587294 -0.250129 -0.0911726
v 0.244894 -1.10265 -0.0109236
v 0.490068 0.421484 -0.0135137
v -0.284042 -0.906934 -0.152988
v -1.24101 0.989685 0.210773
v -1.11571 0.599235 0.24511
v 0.777775 1.15805 0.410613
v -0.243391 -1.30697 0.659406
v -0.256812 0.168708 0.288393
v -1.1003 0.111764 -0.038529
v 0.206406 -0.127011 0.300266
v -0.121982 -1.44599 0.391369
v 1.13766 -0.215369 -0.800137
v 0.139149 -0.965439 0.625717
v 0.0388404 0.417601 -0.355026
v 0.12059 0.575508 -0.193011
v 0.494756 0.150989 0.197828
v 0.314514 -0.669216 0.171996
v 0.178513 -0.74824 -0.142025
v -0.299994 -0.191253 0.269286
v 0.360419 -0.461178 -0.0856894
v 0.330767 0.470413 0.351367
v 0.292313 0.472308 0.225339
v -0.974705 -0.114475 -0.778423
v -0.414379 -1.01695 -0.0480215
v 0.428417 0.157124 0.230174
v 0.406791 0.32593 -0.306309
v 0.260905 0.565131 -0.0670921
v 0.144199 -0.669469 0.431826
v 0.345952 -0.985879 0.0427715
v -0.411546 -0.352455 0.120551
v 1.03577 -0.153337 -0.0315061
v -0.367935 1.51371 0.363331
v 0.182137 -1.26076 0.0856505
v -0.11459 0.60035 0.0030047
v 0.227434 -0.413886 0.186055
v -0.226652 -0.746423 -0.188795
v -0.933901 -0.255171 -0.724268
v 0.105108 -0.283574 -0.348936
v 0.384382 -0.0115993 0.26654
v 0.312225 -0.485288 0.0142701
v -0.225486 -0.563567 0.375219
v 0.504577 -0.114772 -0.284203
v 0.375279 0.191514 0.245796
v -0.446761 1.52447 0.511976
v -0.490005 0.142524 -0.291236
v 0.271531 -0.627853 0.212846
v 0.212315 -1.22709 0.578754
v 0.358598 0.516026 0.00199716
v -0.491551 1.21068 0.619275
v 0.566089 0.218524 -0.226937
v -0.146036 -1.29124 0.685713
v -0.0813363 0.394511 0.239702
v 0.093684 0.542122 0.108325
v -0.0624421 0.385352 0.243874
v -0.575605 -1.11063 0.35935
v 1.42863 0.303421 -0.559567
v -0.366695 0.501924 -0.183398
v 1.102 0.280622 0.265136
v -1.12369 -0.0211047 -0.844868
v -0.431539 1.52716 0.509699
v 0.119376 -0.291462 -0.345564
v 0.541561 -0.00834014 0.177002
v -0.706392 -0.321133 -0.317304
v -0.416336 -0.789173 0.513551
v 0.119045 -0.0778318 -0.406211
v -1.0939 1.14077 0.128381
v -0.541477 -0.815308 0.389018
v -1.34477 0.39746 -0.30464
v -0.405185 -0.681836 0.425714
v -0.465088 -0.663841 0.330409
v -0.0871449 0.612347 -0.0648818
v -0.154907 -1.37415 0.155856
v 0.901171 -0.396913 -0.497323
v -1.06601 -0.00724418 -0.835922
v 0.493855 -0.0426904 0.205865
v -0.0622318 0.33819 0.265544
v 0.329286 -1.19433 0.199631
v -0.388607 -1.20763 0.0714701
v -0.484855 -1.0963 0.568035
v -0.185649 -0.371335 -0.275117
v -0.359883 -1.36592 0.332219
v 1.10668 0.420077 0.131906
v 0.551766 0.320362 0.0601718
v -0.409763 -0.774025 0.509652
v 0.540208 0.259653 -0.23348
v -0.465747 -0.305908 0.119136
v 0.633312 0.0136403 0.0752572
v -0.632219 -0.0967239 -0.0517404
v -1.2493 0.982369 0.0966847
v -0.376311 0.411902 0.148943
v -0.586861 -0.854178 0.291362
v 0.622062 -0.184872 -0.0953889
v -0.915407 -0.144666 -0.72348
v 0.133914 -1.34212 0.572191
v -0.356808 -0.836993 0.579293
v 0.113539 -0.14497 -0.394094
v -0.191775 -0.895038 -0.181493
v 0.243779 -0.36537 -0.285072
v -0.459209 0.447643 0.0324179
v -0.132996 0.595614 0.0184558
v -1.16132 -0.0959064 -0.909141
v -0.560631 -1.15117 0.310644
v 1.09621 0.25646 0.223375
v 0.372349 -1.09163 0.377142
v -0.121227 0.166788 -0.410384
v 0.357273 -0.977419 0.433674
v -0.17119 -1.2032 0.707129
v 0.370455 -0.815659 0.300701
v 0.0667174 0.147282 -0.415276
v 0.138555 0.160478 -0.40952
v 0.125975 -1.38458 0.268453
v -0.0033266 -0.605022 -0.16954
v -0.401989 -1.30184 0.195365
v -0.982208 0.195705 -0.13205
v -0.56308 -0.921536 0.433097
v -0.586651 0.245476 0.171259
v -0.412266 -1.07578 -0.0152956
v -1.22139 0.645379 -0.510204
v -0.546219 -0.810715 0.0595021
v 0.0942122 -1.13535 0.672146
v -1.09781 1.05374 0.0258873
v -0.514967 -0.792944 0.00268779
v -0.279425 -1.03621 -0.106535
v 0.670697 1.15788 0.560139
v -0.981737 0.197154 -0.125475
v 0.263817 -1.03784 -0.0319515
v 1.03273 -0.183561 -0.97612
v -1.18788 0.386301 -0.40751
v -0.106557 -0.330427 0.259506
v -0.451345 -0.35076 0.0797039
v 0.0972518 -0.15796 -0.392883
v -0.170994 0.00118992 -0.401586
v -0.522386 1.45779 0.400271
v -0.924121 -0.214785 -0.749777
v 0.413876 -0.0101602 -0.354132
v -0.539896 0.328729 -0.171689
v -0.445104 0.431503 0.0818017
v -0.300173 -0.0398336 -0.372075
v -0.280243 0.0294848 -0.383739
v 0.488036 0.604028 0.550873
v -0.474469 -0.761825 0.443562
v 0.105188 0.318899 -0.389323
v 0.277578 -0.407733 0.176674
v 1.02296 -0.172469 -0.964821
v -1.10453 0.704246 0.17065
v -0.00574252 -1.10234 -0.100699
v -0.35449 -0.435246 -0.0822651
v 0.0927921 -1.37476 0.560527
v 0.378374 -0.365278 0.163896
v 0.825406 1.23556 0.562048
v -0.828339 0.471958 0.294648
v 0.875007 0.219067 0.278591
v 0.559727 -0.297079 0.00434013
v -1.29269 0.243509 -0.269857
v -0.465083 0.714139 0.581481
v -0.320267 -0.630257 -0.122804
v 0.679752 1.07085 0.596128
v 0.299185 -0.254837 -0.327845
v 0.152656 -0.902318 0.59565
v -0.882186 0.537548 0.317777
v -0.373562 0.0354037 0.267545
v -0.0373301 -1.0731 0.697368
v 0.704779 0.0927851 0.160436
v 0.76605 1.3224 0.365712
v 1.11053 -0.219512 -1.00948
v 0.052792 -0.0475008 -0.413794
v -0.00847197 -0.120517 -0.403143
v -1.08383 1.14527 -0.00804643
v -0.0498782 -0.0504931 -0.411867
v 0.282602 -0.626343 0.111448
v -0.0253571 -0.43681 0.203832
v 0.269225 -0.126759 0.288401
v -1.25163 0.982622 0.19837
v -1.22047 1.19322 -0.0402092
v 0.688459 1.2425 0.433206
v 0.555264 0.104215 -0.273627
v -0.553766 -0.252813 -0.261114
v 1.26411 0.615859 0.133729
v -1.03477 0.605273 0.340557
v 0.00491675 -0.287059 0.284373
v -0.09633 0.610338 -0.0536771
v 1.17961 -0.115541 -0.142783
v -0.161436 -0.776236 -0.201757
v 0.306525 -0.288507 -0.311245
v -0.378513 -0.322457 0.176373
v -0.260038 0.473887 0.425648
v -0.393925 0.381716 -0.280506
v -0.967445 -0.108719 -0.637641
v -1.10648 -0.110676 -0.984123
v -0.229724 -0.516795 0.281273
v 0.676591 -0.104195 0.0762846
v 0.114085 -0.231103 0.295061
v 0.126634 -0.635077 0.410224
v 1.04287 -0.193747 -0.986368
v -0.364101 1.29297 0.465705
v 1.38287 0.42358 -0.661976
v -0.436047 -0.606622 0.0197145
v 0.180796 0.476359 -0.293872
v -0.497598 -0.865078 0.489324
v -0.0813244 -0.857247 0.630516
v 1.36175 -0.0163988 -0.267797
v 0.293547 0.358132 0.33116
v -0.502558 -0.0153265 -0.279847
v -0.127817 0.590881 -0.165958
v 0.46957 0.385352 0.0870597
v 0.982518 -0.19274 -0.070627
v 0.0552511 0.455379 0.190113
v -1.11712 0.188127 -0.274697
v -0.453316 -0.592709 0.133165
v -0.477199 -0.784769 0.463666
v 0.725203 1.24976 0.571848
v -0.873746 -0.283933 -0.349363
v 0.359614 0.514157 0.00771058
v -0.494651 -0.0854512 0.201957
v -0.206367 -0.997558 0.681111
v -0.0279612 -1.3834 0.172817
v -0.915876 -0.136991 -0.716889
v 0.348682 -0.897344 0.0149737
v 0.695568 1.30383 0.518274
v 1.19177 0.476154 0.134971
v -0.532527 1.45461 0.473397
v -0.30544 -0.99496 0.662184
v 0.680146 -0.0961765 0.0750658
v 0.294967 0.549548 -0.112531
v -0.483992 0.374246 -0.204229
v 0.199467 -0.0244243 -0.404072
v 0.276737 0.461819 0.243105
v 0.0518758 -1.17354 0.68463
v 0.781623 -0.426977 -0.433347
v 0.0066263 0.355764 -0.380021
v 0.331168 -0.267389 0.240703
v -0.578631 -0.234149 -0.0122151
v 0.474391 0.359769 0.102404
v 0.360163 0.426782 0.417377
v 0.490113 0.411118 0.314254
v 0.107768 0.189666 -0.411095
v 1.15551 0.00143758 -1.15508
v -0.377282 -1.35358 0.502094
v -0.129567 -0.65662 0.486003
v 0.262104 0.36245 0.293073
v 0.0499349 -0.847651 -0.188873
v -0.373815 -1.07372 -0.0417629
v -1.25788 0.96716 0.184367
v 0.105615 -0.742696 -0.180128
v 0.545307 -0.392878 -0.296536
v -1.25291 0.975649 0.192362
v 0.825386 1.14071 0.451173
v -0.127242 0.57111 0.0786744
v 0.192337 -0.0776659 -0.398973
v -0.443517 0.551526 0.491115
v 0.272475 -1.25514 0.486326
v -0.41127 -0.825118 -0.104534
v 0.868683 1.34499 0.498768
v -0.386089 -0.0809377 -0.336995
v 0.372668 0.516353 -0.07501
v 1.1484 -0.266853 -0.826454
v 0.330554 -0.89644 -0.0112243
v -0.594932 -0.992662 0.316748
v -0.14161 0.0722148 -0.411636
v 0.634742 -0.0311154 -0.178281
v 0.1244 -1.39936 0.348249
v 0.321774 -0.724015 0.0115355
v -0.348511 -0.696916 -0.132201
v -1.04646 0.263554 -0.197254
v 0.102119 -0.396749 0.220961
v -0.587415 -0.84441 0.199585
v -0.374777 -1.13329 -0.00108727
v -0.472158 -0.892749 0.529193
v 0.0157669 -0.639859 0.451645
v 0.0417837 -0.692528 0.493491
v -0.452077 -0.721016 -0.0556354
v -0.626484 0.202333 -0.0616419
v -1.02458 -0.185813 -0.875969
v -0.61343 -0.258577 -0.305158
v -0.0989251 -0.0647173 0.316315
v 0.482592 0.430654 -0.0272197
v 0.354186 -1.10133 0.428771
v 0.1233 -0.624958 -0.135325
v 0.220457 -0.682535 -0.0958944
v 0.147561 0.450146 -0.322253
v -0.107935 -0.600163 -0.175856
v -0.281623 0.461521 -0.281926
v -0.163626 -1.21435 -0.0253063
v -0.114164 -1.2563 0.00609213
v -0.160502 -1.43164 0.315386
v 1.27764 0.161528 -0.3625
v -0.583575 -1.08589 0.337519
v 0.334615 0.531673 -0.0290236
v 0.418844 -0.386276 0.113473
v 0.114357 -0.711191 0.483674
v 0.236842 0.549543 0.0439901
v -0.128325 -1.20344 0.706994
v 0.875297 1.27553 0.465174
v 1.16401 -0.230141 -0.98034
v 0.416233 0.464226 0.234065
v -0.48911 0.110372 -0.296296
v 0.224356 -0.0731588 -0.394437
v 0.112273 0.493434 -0.301013
v 0.358216 -0.80898 0.0528549
v 0.1024 0.595798 -0.00320203
v -0.596669 -0.178936 -0.289167
v 0.480467 0.402771 -0.174532
v -0.0528791 -0.703149 0.520535
v -0.10045 -0.670811 0.497799
v -0.506136 -0.176952 0.163048
v 0.352797 -0.72693 0.114675
v -0.405176 -0.40608 0.0375902
v -0.998679 -0.272965 -0.534154
v 0.0625387 -0.462872 -0.224524
v 0.382119 -1.06759 0.319853
v -0.395842 1.1774 0.486168
v 0.281876 -0.742382 -0.055733
v 0.150116 0.519604 -0.264514
v -0.393242 -1.31589 0.21452
v -0.169754 -1.02974 -0.134099
v -0.101485 -1.0514 -0.128458
v -0.530651 -0.964326 0.491724
v -0.0400159 -1.24509 0.697635
v 0.309286 -0.285357 0.240644
v -0.876497 -0.311846 -0.565098
v 0.116542 -0.982905 0.640922
v -0.569114 0.229934 -0.202402
v -1.07483 0.574598 0.304164
v 0.246687 0.561155 0.000163441
v -0.88319 -0.24635 -0.677338
v -1.1718 -0.0376211 -0.950705
v 0.0371547 -0.189467 0.306994
v -1.25967 0.488591 -0.544254
v 0.177862 -1.22574 0.0501008
v -0.294546 -0.298906 -0.287239
v 0.722078 1.41116 0.491736
v -0.251791 -0.648203 -0.162343
v 0.341906 -1.05637 0.461336
v 0.0167815 -0.391464 -0.281245
v 0.120982 -1.31714 0.60782
v -1.15393 0.234684 -0.0762298
v 0.271829 -0.355212 0.220158
v 0.460639 0.287324 0.16492
v 1.28249 0.205909 -0.35814
v -1.12051 -0.109625 -0.96759
v -0.43407 -1.1234 0.0346832
v -0.588004 0.0120633 0.130075
v -0.418123 0.16614 0.235384
v -0.490448 -1.1619 0.545646
v -0.312765 0.472372 -0.255771
v 1.42484 0.213138 -0.497606
v -0.947488 -0.277872 -0.712041
v 1.40649 0.673175 0.178152
v -0.040864 0.574425 0.0782798
v -0.220721 0.32595 -0.366345
v 0.311229 -1.2548 0.369641
v -0.375152 -0.875459 -0.120656
v -1.05031 -0.129987 -0.956661
v 0.653384 0.108504 -0.12008
v -0.143784 -1.30898 0.677424
v -0.913377 0.605406 0.175156
v 0.333179 0.486046 0.240293
v -0.529696 -0.040267 -0.256324
v 0.905565 -0.230655 -0.603728
v -0.532446 -1.06012 0.114077
v 0.191638 -1.36437 0.378719
v -0.397379 0.0486384 0.258409
v -0.472541 -1.2819 0.391667
v 0.0300939 -0.180278 -0.388905
v 0.154313 0.446527 0.189169
v 0.768007 1.40172 0.532422
v -0.367338 -1.0598 0.648242
v 1.17462 -0.22636 -0.969554
v -1.07914 -0.0774377 -1.01757
v 0.298581 -0.748767 -0.0380108
v 0.302255 -1.26099 0.266189
v -0.940445 -0.165356 -0.46691
v -0.376838 -0.666625 -0.101125
v -0.789699 -0.00144106 0.0630041
v -0.937434 0.396342 0.225428
v 0.0999675 -0.913204 0.620559
v 0.481733 -0.392394 -0.0508308
v 1.16641 0.0279253 -0.105351
v -0.510748 -1.00678 0.532647
v -0.376241 0.17819 0.249611
v 0.662726 -0.27446 -0.263728
v 1.00629 -0.171961 -0.874445
v -0.0818705 -0.804543 0.602828
v -0.271794 -0.247406 0.260303
v 0.584032 -0.148977 -0.1974
v 0.0227231 -1.43524 0.37541
v 0.126579 -1.40364 0.434892
v -0.406693 -1.33638 0.469934
v 0.233916 -0.679743 0.370439
v -0.157596 -0.0895213 -0.393928
v 0.260025 0.0361342 0.297826
v -0.17414 -1.23371 -0.00446769
v -0.297732 -0.411747 -0.189502
v -0.748608 0.433545 0.238343
v -0.147023 -1.44198 0.356116
v 0.445427 0.364071 0.250554
v -0.424462 0.492333 -0.0596118
v 0.600987 0.283382 0.0981407
v 0.067722 -0.56135 0.336333
v -0.139208 0.602299 -0.105059
v -0.345382 1.45228 0.457051
v -0.528824 -0.719126 0.280649
v -0.58535 -0.958083 0.184475
v -0.190671 0.183599 -0.397627
v 0.439248 0.076567 -0.34261
v 1.29383 0.505939 -0.569286
v -0.620206 0.0593168 -0.167492
v -0.315851 -1.09549 0.674386
v 0.55883 0.28149 -0.202414
v -0.550766 0.0694849 0.165181
v -0.502283 0.43015 -0.0541714
v -0.139404 -0.574324 -0.160374
v -0.0373623 0.29075 0.282778
v -0.847811 0.0280688 -0.0883822
v 1.30086 0.933285 0.119601
v -1.05884 -0.178878 -0.620137
v 0.164264 -0.216284 -0.368399
v 0.122296 -1.40598 0.423375
v -1.21513 0.974834 0.0565821
v 0.944384 -0.0482327 -0.0288043
v -0.174623 -1.07783 -0.103343
v -0.052526 0.467099 0.189865
v -0.39931 -1.32241 0.524847
v 0.426783 -0.428324 -0.0698078
v -0.376314 0.513637 -0.146868
v -0.64361 0.334892 0.246869
v -1.06681 0.978952 0.135434
v 0.250317 0.471216 -0.276702
v -0.427261 -1.06995 -0.00777835
v -0.612014 -0.278755 -0.105297
v 0.820658 1.1381 0.446422
v -0.0765976 -1.40098 0.203092
v -0.406993 1.28028 0.58266
v 0.136074 0.250792 0.285119
v 0.240482 -0.49665 -0.129417
v 1.14942 0.509571 0.153972
v -0.254787 -0.159736 -0.358728
v 0.354107 -0.728803 0.177588
v -0.404194 -0.393849 -0.113487
v -0.466181 0.459038 -0.101775
v -0.231339 -0.460913 -0.153352
v 0.700126 0.839717 0.462968
v 1.06394 -0.129531 -0.846324
v -0.465984 -1.2593 0.4899
v -0.467237 -1.20834 0.539236
v -0.430963 -0.73407 0.461709
v 1.09892 -0.0672207 -0.0393482
v 0.32291 0.0199526 0.284665
v -0.380323 -0.856307 0.578901
v 0.554452 0.206054 -0.247144
v 1.10973 0.290176 0.276091
v -0.843758 0.0464489 -0.091066
v 0.203977 -1.27572 0.560979
v -0.561754 0.0388381 -0.242451
v -0.164975 -1.31382 0.0679482
v 1.33086 0.607192 0.270562
v -0.374565 -0.209812 0.239785
v 0.216355 -0.900872 0.558034
v 0.422715 -0.124556 0.239932
v 0.0215153 -0.341839 -0.317901
v -0.244595 -0.829662 -0.179674
v 0.386212 -0.921467 0.107402
v 0.516919 -0.00774247 -0.29738
v 0.245044 -0.276715 0.260128
v -0.425123 -1.32601 0.417732
v -0.527239 -1.18231 0.46778
v -0.513135 0.280998 -0.236648
v -1.07571 1.08868 0.0416971
v -0.977924 0.638865 0.333882
v 0.061002 -1.02962 0.669914
v -0.447708 0.72172 0.593499
v 0.0680498 0.160498 0.31026
v 0.851375 -0.327584 -0.67961
v 1.25998 0.425418 0.193258
v -0.216578 -0.324556 0.244165
v -0.478902 0.633818 0.510921
v 0.831112 1.14097 0.465261
v -0.0499868 -0.423741 -0.249356
v 0.109512 -1.20727 -0.00228816
v 0.729595 0.883457 0.482309
v 0.825995 -0.291816 -0.39458
v 0.152609 -0.625639 0.379605
v 0.755993 -0.409123 -0.500936
v -0.413601 -0.389883 -0.102362
v 1.43878 0.438003 -0.554732
v 0.506592 0.0736008 0.202871
v -0.155198 -0.392355 -0.263325
v 0.494422 0.323569 -0.241288
v -0.443222 0.436975 0.0743622
v 0.174254 0.0795883 0.309708
v -0.301714 -1.17583 -0.00945
v 0.189853 0.562723 0.0423489
v 1.35168 0.185946 -0.514419
v 0.28392 0.544243 -0.160175
v 1.29236 0.93046 0.111146
v 0.215739 0.463075 0.168342
v 0.0373012 0.611436 -0.0960728
v 0.529404 -0.345 -0.0541305
v -0.430953 0.419912 -0.222218
v -0.517615 -1.06602 0.0941508
v 1.27972 0.144902 -0.376254
v -0.383409 1.50623 0.353073
v 0.588334 -0.137419 0.109907
v 0.26353 -0.508559 -0.0320701
v -1.11549 0.595998 0.258413
v 0.102253 -1.40061 0.497261
v 0.586278 -0.211202 -0.146626
v 0.0329501 -0.793989 0.577199
v -0.533165 -1.17613 0.459817
v -0.493766 -1.13129 0.108891
v 0.238513 0.0930014 -0.403091
v -0.254362 0.406398 0.38469
v -1.00097 0.159146 -1.03731
v -1.1402 -0.152662 -0.870818
v -0.116528 -1.21578 -0.0285143
v -0.213276 0.503658 0.325817
v 0.412401 -0.222997 -0.299002
v -0.409316 0.496107 -0.130205
v 0.283395 0.460226 -0.27291
v 0.00973365 -0.352683 -0.312035
v 0.131423 -1.40112 0.455348
v 0.123315 -1.01283 -0.121761
v 0.280874 -0.635432 0.205195
v -0.154388 -0.565861 0.390709
v -0.148263 -0.709514 -0.200057
v -0.240536 0.229714 -0.381014
v 0.902914 -0.408759 -0.531672
v 1.28333 0.389579 -0.611061
v 0.793802 1.14679 0.420662
v 0.151963 -1.27713 0.609589
v -0.492898 -1.16706 0.147772
v 0.589466 0.793142 0.601905
v -1.01693 -0.101654 -0.690304
v 0.0623504 -0.829233 0.590396
v 0.0342128 -0.722679 -0.195629
v 1.41796 0.458698 -0.648416
v 0.123135 -0.520119 0.182476
v 0.328953 0.516096 0.0369952
v -0.125141 0.437567 -0.336958
v -0.3488 0.830771 0.478438
v 1.19453 0.348065 0.230766
v -0.11689 -0.120398 0.311773
v 0.595463 -0.397671 -0.184128
v -0.530552 -1.09071 0.511321
v -0.142139 -0.31807 -0.319359
v -0.532003 -0.710378 0.250281
v 0.0612402 -1.27147 0.662941
v 3.48799e-05 -0.409495 -0.266274
v -0.271623 0.261397 0.262063
v -0.20107 -0.472055 -0.158337
v 1.20703 -0.113158 -0.193001
v -0.432576 -0.63383 0.325596
v -0.446903 -0.347408 0.0909633
v 0.33349 -0.112812 0.27284
v 0.355151 -0.878969 0.393605
v -0.552212 1.16437 0.516399
v 0.911314 -0.230162 -0.591929
v -0.640492 0.141875 0.0426053
v -0.342066 -0.267999 -0.286647
v 0.227445 -0.624641 0.30015
v 1.01923 -0.266713 -0.638096
v -0.525548 -0.839841 0.0173329
v -0.527038 0.847281 0.561432
v 0.832941 -0.0539203 -0.0733925
v -0.324854 -0.83119 -0.152303
v -0.285239 -0.669418 0.47847
v -0.250432 0.0529113 0.300771
v -0.472469 -1.21638 0.17869
v -0.514368 -0.782854 0.00476766
v -0.1613 0.602314 -0.0803457
v 0.0104522 -0.837619 -0.197001
v 0.538723 0.447375 0.440267
v 0.126896 -1.08503 -0.0828644
v -0.622246 -0.242359 -0.0823429
v -0.394152 1.47287 0.523097
v -0.0244642 -0.456917 0.192867
v 0.851133 0.269637 0.232928
v 0.376893 0.132818 0.257484
v -0.0327995 0.0132103 -0.420205
v 1.41221 0.750846 0.075212
v 0.44969 0.454553 0.0044946
v -0.521489 1.30013 0.577043
v -0.153335 0.552114 -0.234886
v 0.695638 0.989774 0.618565
v 0.466516 0.239706 0.184656
v -0.306404 -0.719181 0.514758
v 1.45738 0.325373 -0.505861
v -0.380281 -0.370103 0.130544
v -0.209315 0.58725 -0.128091
v -0.0336069 -0.95963 0.668631
v 0.785462 0.107269 0.124137
v -0.338336 -0.645183 0.427596
v -0.30243 -0.678294 0.47756
v 0.148108 -1.15703 -0.0262281
v -0.136002 0.145776 -0.409767
v 0.906252 0.319642 0.185921
v 0.408417 -0.247352 0.215897
v 0.83338 -0.306961 -0.390471
v -0.432916 0.487009 -0.0467708
v 0.414742 0.439518 0.20896
v -0.542604 1.28753 0.471308
v -1.20231 0.574008 -0.409976
v 0.33329 -1.07101 0.0672416
v -0.562944 0.228487 -0.211527
v -0.597365 0.0992131 -0.198031
v 0.0218068 0.538684 0.120418
v -0.0475924 0.545878 0.118864
v 0.302737 -0.14293 0.278168
v 0.248097 -0.418956 -0.239568
v -0.346307 -0.801564 -0.144184
v -0.446259 -1.27173 0.513035
v -0.460662 -1.21248 0.546948
v -0.191566 0.123255 0.305227
v 0.117809 -1.25065 0.0419249
v 0.171858 -1.20789 0.0311229
v 0.319099 -0.673811 0.0834899
v 0.0420805 -0.289856 -0.34991
v -0.379964 0.0400747 -0.353344
v -0.373047 -0.900866 -0.115861
v 0.678285 -0.127846 0.0699025
v 0.727225 0.125637 0.068596
v -0.509428 1.37393 0.556688
v 0.316833 -0.237152 -0.332348
v -0.1398 0.280833 -0.390406
v -0.87124 -0.143563 -0.617218
v 0.986407 -0.242476 -0.859445
v -0.710299 -0.325604 -0.302299
v 0.370927 -1.11498 0.344684
v 0.0316107 0.346159 0.262491
v -0.937464 0.439728 0.29947
v -0.462925 -1.06057 0.0190906
v 0.707389 1.35854 0.498215
v -0.330525 -0.582184 -0.0768507
v 1.00374 -0.372505 -0.611057
v -0.242322 -1.00027 -0.13636
v 0.272243 0.256454 -0.379126
v -0.54047 -1.18984 0.317607
v 0.114797 0.0613348 -0.417093
v -0.0962562 -0.741924 0.558248
v -0.54507 -0.720746 0.168677
v 0.340836 -0.829854 0.00388569
v 0.51517 0.126575 -0.301091
v -0.410942 -1.32211 0.269585
v 1.00499 0.431425 0.208035
v -0.0976016 -1.4398 0.326648
v 0.100536 -1.20319 -0.0064489
v 0.367859 -0.366079 0.170577
v 0.0540169 0.509379 0.144446
v -0.498427 1.47923 0.509821
v -1.08535 0.285827 -0.244485
v 0.283478 0.468322 0.233941
v 0.311878 -0.682145 0.238636
v -0.968091 0.64258 0.327038
v 0.222956 -0.188731 -0.368819
v 0.442385 0.463191 -0.110941
v 0.367571 -0.46431 -0.0241752
v -0.513574 0.138384 0.185544
v 0.0491237 0.559093 -0.246418
v 0.0748027 -1.34731 0.147342
v -0.134668 0.23523 0.29136
v -1.08372 0.196041 -0.257869
v 0.291894 -0.656249 0.030344
v 0.94949 -0.0519537 -0.0226243
v 0.172112 -0.731308 -0.146429
v -1.18003 0.391452 -0.393363
v 0.49347 -0.361232 0.0464987
v -0.401613 0.44729 -0.223396
v 0.0492124 -1.30611 0.0783386
v -1.05514 0.0785887 -0.00734583
v -0.274297 0.531831 -0.205001
v 1.19125 -0.159054 -0.882344
v -0.827371 0.524099 0.190048
v -0.0407882 -1.42299 0.53728
v -0.327445 -1.35842 0.556176
v 0.108831 0.54944 -0.246684
v 1.07097 0.46556 0.267972
v -0.995729 -0.0440969 -0.888511
v 0.706945 1.36562 0.478611
v -0.407032 1.01079 0.606611
v 0.270572 -0.862657 0.48799
v 0.323878 -1.10747 0.0846348
v 1.43725 0.776692 0.122787
v 0.575516 -0.0881031 0.137007
v -0.564519 -1.11738 0.412299
v -0.147622 -0.380209 0.224454
v -0.0288063 -0.62114 0.442715
v -0.106663 0.216169 0.297818
v -0.113407 0.1484 0.310197
v 0.307057 0.124045 -0.386705
v 0.407277 -0.199582 -0.310791
v -0.909229 0.00298079 0.0455579
v 1.40305 0.744756 0.0662716
v -0.0114408 -1.40943 0.238707
v -0.498012 -0.64168 0.183104
v 0.330293 -0.696469 0.06799
v 1.16546 0.0733058 -0.221859
v 0.23434 -0.654858 0.33715
v -0.214546 -0.168037 -0.366294
v -1.07815 0.69905 0.338877
v 0.206801 -0.230941 0.281427
v -0.0111458 -0.880828 -0.191443
v 1.3021 0.445088 -0.499949
v 0.228376 -1.3067 0.206935
v -0.133045 0.118236 -0.412135
v 0.059548 -1.42494 0.344429
v -1.08877 0.303644 -0.186595
v -0.360454 0.100218 -0.35898
v 0.456586 0.430131 -0.167646
v -0.721899 0.00838029 0.0755591
v -0.603157 0.171428 0.0865644
v -0.195339 -1.40382 0.241765
v -1.26255 0.316726 -0.175148
v -0.413699 -0.676528 -0.0746622
v 0.387177 -0.98785 0.350083
v 0.168273 -1.37221 0.313249
v 0.366351 -1.15346 0.245898
v -1.00951 0.0804404 0.0255734
v -0.547863 0.233424 -0.226301
v -0.483199 -0.0797886 -0.281903
v -0.35376 -0.0620803 0.272144
v -0.0982783 -0.644391 0.473204
v 0.249723 -0.712473 -0.078219
v -0.317999 -1.37847 0.272617
v -0.275397 -0.493984 0.165451
v 0.7748 -0.426585 -0.440347
v 0.147148 -0.836798 0.561048
v 0.252858 -0.854349 -0.0905288
v 0.468827 0.120767 -0.327729
v 0.144438 -0.707459 -0.159515
v 0.817384 -0.240099 -0.513251
v -0.443249 -0.779955 -0.0775746
v 0.381617 0.102287 -0.364167
v 0.982134 -0.192871 -0.079975
v 0.0363779 -1.01848 -0.13916
v -0.420496 -0.824603 0.534265
v -0.686554 0.0196018 -0.105502
v -0.0778642 -0.642458 -0.191755
v -0.411285 -1.33268 0.343714
v 1.35682 0.339734 -0.397899
v -0.0844965 0.34835 -0.380356
v -0.593611 0.0609701 0.12738
v 0.738889 1.40736 0.514275
v -0.6485 -0.304378 -0.160778
v -0.0585653 -0.204974 0.305626
v -0.491275 -0.692152 0.330253
v -1.0281 -0.021 -1.02464
v -0.278301 0.503943 -0.239309
v 0.229383 -0.13518 -0.382748
v 0.145321 0.235208 -0.403966
v 1.03049 -0.24282 -0.925593
v 0.680293 0.11917 0.0608558
v 0.356874 -0.743515 0.104879
v 0.293636 0.543015 0.0121004
v 1.39862 1.05331 0.0378603
v -0.227924 -0.772964 -0.189313
v 0.541446 0.0494087 0.178639
v 0.179765 -0.554474 0.203035
v -0.314777 0.556206 -0.0731843
v 0.0564416 -0.523316 0.258105
v -0.366327 -0.279433 -0.266799
v -0.296274 0.0438217 -0.38018
v -0.348267 0.00317707 -0.361399
v -0.491284 0.690785 0.467755
v -0.421001 -0.881904 0.567484
v -1.05987 -0.261816 -0.721822
v 0.0214116 0.00109176 -0.41982
v 0.854228 1.34431 0.396806
v 0.0819369 -1.09561 -0.0912347
v 0.351582 -0.746687 0.0819751
v 0.135254 -1.07039 0.649808
v -0.54809 -0.115915 0.147663
v -0.574288 -0.856407 0.138515
v -0.0264613 -0.426795 0.210628
v 1.41003 0.452406 -0.656974
v -0.253745 -0.00329292 0.301025
v -0.37235 0.250604 -0.337515
v 0.0609691 -0.415354 0.215834
v -0.550498 1.24958 0.491268
v 0.342338 -1.13418 0.143521
v -0.16754 -0.166168 0.302494
v -0.244316 0.20032 -0.383961
v -0.931934 0.0376141 0.0520517
v -0.792665 -0.267092 -0.244643
v -0.328442 -0.561919 0.316306
v -0.0841048 -0.654294 -0.193932
v -0.19425 -0.36728 -0.276815
v 0.0463582 0.205633 0.301774
v -0.488798 -0.949311 0.534082
v -0.442097 -0.686044 -0.050214
v 0.646455 0.0836245 0.036787
v 0.0550085 -0.61719 0.425816
v -0.436756 -1.23839 0.5596
v -1.07901 1.13865 0.0165613
v -0.221198 -0.467125 -0.154457
v 0.0742086 -0.700676 0.492938
v 0.593647 0.301584 -0.0319764
v 0.181252 0.047864 -0.410075
v -0.0613407 -1.03147 -0.139248
v 0.216704 -0.367183 0.2253
v -0.195804 -1.43634 0.419908
v 0.40348 -0.177943 -0.322972
v -0.0297939 -0.949103 0.666004
v -1.10773 0.719239 -0.601572
v 0.830763 1.10707 0.50455
v -0.106053 -0.701143 0.523899
v -0.0140897 -1.42839 0.511461
v -0.00304756 -0.0585095 -0.414299
v -0.606036 -0.134229 0.0502259
v -1.05773 0.138146 -1.15144
v 1.3016 0.124625 -0.416774
v 0.634567 0.204904 0.209404
v -0.271866 -0.0890343 0.295593
v 0.460846 0.448014 -0.103403
v 0.597357 -0.225284 -0.0991938
v -0.348412 0.554698 0.536617
v -1.06777 0.618871 -0.506367
v 1.2071 -0.0467369 -0.958696
v -0.126485 -1.43174 0.513399
v 1.26914 0.460005 -0.552586
v 0.00231848 -0.893143 0.639014
v 0.503854 -0.35951 0.026846
v -0.484232 -0.339209 0.0357465
v -0.414006 0.109129 0.246992
v -1.11229 0.512912 -0.600857
v -0.306187 -0.183453 -0.339432
v 0.239734 -1.25272 0.129831
v 0.0766574 -1.42378 0.378031
v 0.301433 -1.0774 0.0292896
v 0.154405 -1.38579 0.381408
v 0.157506 -1.37789 0.313838
v -0.561838 -0.87435 0.40021
v 1.06588 0.283239 0.299387
v 1.33334 0.250957 -0.565221
v 0.137564 -1.29767 0.609507
v 1.45281 0.851053 0.0486114
v -1.17792 0.73927 0.306817
v 0.808033 -0.243348 -0.523544
v 0.16512 -0.443426 0.17519
v -0.400467 -0.322697 -0.211608
v 0.216477 -0.313237 -0.32202
v -0.57985 0.115576 0.130129
v -0.246201 -0.298672 0.247164
v 0.271903 0.015761 0.295497
v -0.489778 -0.62745 0.166402
v 1.40268 0.448634 -0.662145
v 0.100737 -0.4649 0.176932
v -0.131445 -1.41881 0.254655
v -1.08352 0.97961 0.198778
v -0.449366 -1.16722 0.0863352
v -0.344174 -0.577346 -0.0629284
v 0.359604 -0.322221 -0.275064
v -0.179802 0.586582 -0.152361
v -0.0772414 -1.43609 0.494666
v -0.683165 0.0240058 -0.107147
v 0.224775 -0.391447 0.205152
v 0.21574 -0.240944 -0.35186
v -1.11028 -0.207395 -0.756705
v 0.437386 0.349639 0.388787
v -1.05292 0.563292 -0.576476
v -0.888212 0.611022 0.267284
v -0.112965 -0.172139 -0.382951
v -0.514891 0.856063 0.592274
v 0.232041 -0.456006 0.13729
v 0.483523 -0.0143087 0.217051
v -0.543916 -1.16483 0.243816
v -0.526649 0.813872 0.514638
v 1.04486 -0.322094 -0.647512
v -0.35507 1.36095 0.450601
v -0.589809 -0.87079 0.186204
v 0.353599 -1.08561 0.117157
v 1.2923 0.457625 -0.520326
v 0.341484 -0.294296 -0.298531
v -0.412687 0.486396 0.391173
v 0.930949 -0.244091 -0.710297
v 0.0021317 -0.522147 0.289703
v -0.815612 -0.27555 -0.544266
v 0.207792 -0.87552 0.551606
v -0.426282 0.458501 0.0603143
v -0.0367581 -1.39185 0.186771
v 0.437504 -0.14587 -0.318365
v -0.392092 0.506763 -0.000269078
v -0.461677 0.587595 0.467016
v -0.291722 -1.40341 0.389226
v -0.215719 0.525685 -0.244916
v 0.105068 -0.842503 -0.175957
v -0.157746 -0.414225 -0.245884
v 0.244672 0.303642 0.260048
v 1.20633 0.0347968 -0.299015
v -0.17408 -0.529379 0.32589
v 0.655058 -0.357275 -0.409048
v -1.06152 1.03315 0.123787
v -0.0625997 0.428592 -0.349919
v -0.405134 0.402241 -0.258098
v -0.00252236 -1.43858 0.384885
v 0.671943 1.05452 0.588032
v -0.226001 0.179918 0.29197
v 0.338724 -1.0214 0.474366
v -0.54271 0.122072 -0.254555
v 1.14649 0.472984 0.307461
v -0.936724 -0.312033 -0.581649
v 0.606018 0.224071 -0.15451
v -1.28806 0.239547 -0.277996
v 1.17267 0.426304 0.311799
v -0.246673 -0.854263 -0.176236
v -0.450307 -0.918546 -0.054588
v 0.600546 0.261669 0.164477
v 1.3281 0.515736 0.204435
v -0.346956 -1.2781 0.625844
v 0.21917 -0.505838 0.0598579
v -0.367811 1.32072 0.534889
v -0.286522 -0.852257 0.612165
v -0.335469 -0.821716 0.576847
v 0.640202 0.951254 0.513696
v -1.14184 0.203783 -0.0591682
v 0.060123 -0.0635563 0.316151
v -0.0433724 -0.020762 0.319285
v 0.00837525 -0.0421592 0.317718
v 0.0359806 0.0194366 0.321992
v -0.261085 0.435275 -0.308706
v 0.404725 0.407073 -0.250344
v -0.389212 -0.145816 0.24786
v -0.098058 0.406052 0.235492
v -0.197327 0.58859 0.00265391
v -0.298845 0.381878 0.365031
v 1.14044 0.0465515 -0.240633
v -1.04817 0.600021 -0.534881
v 1.06448 0.389329 0.129285
v 0.0626224 -0.357574 0.248375
v 0.108652 -0.252848 0.288746
v 0.494151 0.382645 -0.181543
v -0.943779 -0.295421 -0.674103
v -0.191515 0.296938 0.266389
v 0.367541 -1.14435 0.347461
v 0.201932 0.102598 0.302988
v 0.102126 0.38479 0.240563
v 0.314305 -0.351242 -0.275064
v 0.491239 0.156922 -0.31164
v -0.366397 0.915228 0.573632
v 0.0664539 -0.772141 0.548526
v 1.07368 -0.308434 -0.701563
v 0.0299902 0.549651 -0.261895
v 0.00887559 -1.42506 0.295304
v 1.00428 -0.126858 -0.00385479
v 1.09249 0.256888 0.202197
v 0.582362 -0.241933 -0.232847
v 0.046707 -0.646438 -0.179603
v -0.0773132 -0.227382 -0.367679
v 1.27205 0.492768 0.290776
v 1.32471 0.171965 -0.290275
v -0.0938833 -0.629478 0.458058
v 0.278617 -0.497972 -0.0733317
v -0.325442 -0.649446 -0.128725
v -0.427864 -0.0449071 -0.324955
v -0.0479956 -0.551248 0.366657
v 0.656418 1.19437 0.487351
v 1.28638 0.453793 -0.525365
v 0.926467 0.283697 0.292325
v 0.3824 -0.173963 0.249003
v 0.418903 0.0791159 0.248942
v 0.155708 -0.324573 0.256738
v 0.0456682 -0.307378 -0.341612
v 0.214319 -0.605633 0.279177
v 0.0510272 -0.0213299 -0.416335
v 0.247431 0.131378 -0.399629
v -0.0566953 0.143568 0.311351
v 0.00982185 0.133495 0.310757
v -1.1895 0.706801 0.232155
v -0.448367 -1.09235 0.600711
v -1.14097 -0.0282442 -0.854311
v 0.102628 -0.168255 0.30775
v 1.40718 0.880629 -0.0095144
v 1.15451 0.355078 0.149377
v -1.1991 0.921074 0.283102
v -1.08592 1.24498 0.0333079
v 1.32377 0.616354 0.273161
v -0.279378 0.156351 -0.379323
v -0.41099 -0.590106 0.272016
v -0.358749 -0.77948 0.539183
v 0.225855 -0.512414 -0.0888556
v -0.279197 -1.38569 0.24849
v 0.168307 0.457845 -0.313189
v -0.227587 -1.00777 -0.135957
v 0.684869 -0.0513541 0.0625158
v -0.741545 0.138564 -0.0205526
v 0.246831 -1.24269 0.126692
v 0.548137 0.00920147 0.175029
v 1.28592 0.182109 -0.451859
v -0.28772 -1.3835 0.25091
v 0.305807 -1.26398 0.314059
v 0.434546 0.28508 -0.311751
v -0.65428 -0.298614 -0.153832
v -0.535329 -1.03793 0.501469
v 0.553503 -0.410318 -0.19365
v 0.299232 -1.25255 0.433475
v -1.24847 1.03857 0.172968
v -0.643896 -0.30924 -0.166427
v -0.321187 -0.0428263 -0.3656
v 0.38621 -0.921239 0.336974
v -0.801724 -0.0196158 0.0412796
v -0.709515 -0.325681 -0.294213
v -0.472054 0.897842 0.626531
v 0.871265 -0.27979 -0.450354
v -0.577392 -1.09386 0.385462
v -0.30567 -0.852186 -0.157165
v -1.18961 0.132721 -1.04256
v -0.253634 -1.0448 0.686036
v 0.0740931 -0.206608 0.302346
v -1.26008 0.538301 -0.562292
v -0.442055 -1.30933 0.365585
v 0.107547 0.0878141 0.318091
v -0.106951 -0.227678 -0.365321
v -0.0696334 0.136612 -0.415769
v -0.00267882 0.139327 -0.417359
v -0.440989 -1.31068 0.431139
v 0.472938 -0.365474 0.0714123
v 0.671914 1.18559 0.45773
v 0.910518 -0.29009 -0.474307
v 0.785039 1.23191 0.584813
v -0.160756 -0.912496 0.660139
v -0.266297 -0.612394 0.425557
v 0.353694 -0.806194 0.0383396
v -0.884935 0.6141 0.246358
v -1.01983 0.74635 0.287962
v 0.727552 1.31082 0.383603
v -1.30754 0.293103 -0.338862
v 0.599422 -0.188887 -0.13555
v 0.0518424 -0.868344 0.616759
v -1.04159 0.247452 -0.209415
v -0.150435 -0.341624 -0.303434
v 0.64115 0.817905 0.437506
v 0.650876 0.0366372 0.0247528
v 1.06804 0.35116 0.318557
v 0.244774 -1.33007 0.329401
v -0.429133 0.0398744 -0.331919
v -1.01996 0.188395 -1.01259
v 0.0945546 0.282166 -0.400901
v 0.665823 1.16087 0.553247
v -1.18372 0.133204 -0.195239
v -0.469764 -0.674977 -0.00745545
v 0.63608 0.874152 0.613475
v 0.130778 -1.38936 0.487873
v -0.200339 -0.440718 -0.20309
v -0.271173 -0.216658 0.270535
v 0.360128 -1.16602 0.246904
v 0.101229 -0.988107 -0.139293
v -0.598428 -0.180185 0.0232553
v 1.27004 0.496738 0.156176
v 0.362129 0.0870704 -0.371835
v 0.575759 -0.278634 -0.0790671
v -0.439546 -0.734279 0.454903
v -0.445909 -0.648263 0.33277
v 0.211729 0.340582 -0.364102
v -0.20078 -0.601979 -0.159831
v 0.358475 -0.318622 0.207195
v -0.465447 -0.206775 0.188869
v -0.315898 0.651397 0.438847
v -0.0983251 -0.920427 0.662357
v 0.93463 -0.152942 0.0121484
v -0.870816 -0.29421 -0.602392
v 0.329712 -0.132219 -0.36235
v -0.0518354 0.194867 0.306622
v -0.226149 0.424222 0.370236
v -1.14978 0.925719 0.087253
v -0.18107 -1.04125 -0.127153
v 0.106601 -0.3252 -0.330708
v 1.33879 0.681548 0.262622
v -0.147909 0.102819 0.313422
v 0.203039 -1.35299 0.311022
v 0.204871 -1.35651 0.377668
v 0.296185 -0.323316 -0.298531
v 1.26901 0.855215 0.146008
v -0.501096 -0.662789 0.0754206
v -0.990545 -0.187875 -0.50506
v -0.24228 -0.597414 0.415062
v -0.251827 -0.559979 0.360648
v -0.370855 -0.249444 -0.28436
v -0.181141 -1.27162 0.688864
v -0.404175 -1.20879 0.617229
v 0.0835796 -0.41107 0.214666
v -0.14856 -0.353537 0.241999
v -1.26368 0.546813 -0.55771
v 0.370291 0.501485 0.326671
v -0.363784 0.293617 -0.331662
v 1.39235 0.868958 -0.0143259
v 0.249839 -0.695291 0.372155
v -0.30579 -1.10049 0.680836
v -1.0074 0.0844307 -1.06858
v -1.09693 0.77706 0.186824
v -0.247268 -1.37976 0.214376
v 1.24313 -0.120727 -0.995019
v -0.213311 -0.555275 0.366392
v 0.103151 0.405478 0.230576
v 0.523113 0.113906 -0.296339
v 1.28271 0.847918 0.0278944
v -0.282355 -1.0545 -0.0962253
v -0.405994 -0.947279 0.602343
v 1.25887 0.498755 0.154332
v -0.546869 1.04351 0.592173
v -0.52892 -0.277777 -0.216194
v -0.31967 -0.549399 0.303666
v 1.42085 0.368341 -0.439239
v -0.583495 -0.067719 0.11821
v -0.194187 -1.4278 0.484916
v -0.39185 0.369048 0.174864
v 0.295789 -0.336361 0.220717
v -1.00788 0.173128 -1.02842
v 0.480445 0.126828 0.209148
v 1.2406 0.681209 0.21839
v -0.258307 -0.619832 -0.1498
v -0.188748 0.0643525 -0.403117
v -0.309896 0.553185 -0.00791389
v 0.846893 1.19989 0.451168
v 0.0349901 -1.12677 0.692618
v 0.226517 -1.31622 0.22919
v -0.459079 0.718369 0.587027
v 0.556107 0.355533 -0.0393482
v 0.167835 -0.853388 -0.148251
v 0.181497 -0.262686 -0.349056
v 0.15692 -0.688586 0.44107
v -0.988409 -0.142655 -0.547882
v -0.303049 -0.442417 -0.130443
v -0.301879 0.367942 -0.32893
v 1.36656 0.288645 -0.353331
v 0.0834999 0.531589 0.11989
v -0.334325 0.266351 0.244252
v 0.0769035 0.530024 -0.276184
v 0.298944 -1.14309 0.513224
v 0.463091 0.36327 0.377636
v -0.633928 0.423495 0.18798
v 0.118673 -0.758479 -0.17613
v -0.0253491 -1.30433 0.0612412
v -0.453142 -0.229157 0.187511
v -0.780085 0.129471 0.0305214
v 0.599824 0.24152 -0.151581
v -1.03573 -0.0202118 -0.846458
v 0.0284978 0.438347 0.205656
v 0.208454 0.4961 -0.26332
v 0.490736 -0.316574 0.107704
v -0.0463014 -0.498227 0.251749
v 0.193221 -0.989495 0.607946
v 0.0761112 -1.33128 0.120697
v -0.0328973 0.554797 -0.243374
v -0.138185 -1.32471 0.668853
v -1.1806 0.222391 -0.31408
v -0.255167 -0.920349 0.64927
v -0.293625 0.360353 0.316344
v 0.693888 -0.282892 -0.415032
v -0.341723 0.539932 -0.0484022
v -0.220906 -0.488503 0.2025
v 0.831198 -0.413813 -0.434302
v -0.549301 1.26645 0.487983
v -0.43682 -0.104469 0.232515
v -0.254325 0.580032 -0.0712838
v -0.358627 0.524951 0.0075013
v 1.44844 0.260084 -0.490722
v -0.314522 -1.31246 0.144659
v -1.04354 0.048163 -0.887142
v -0.394842 -1.26228 0.133364
v 0.353439 0.300997 0.300186
v 0.127704 -0.00162593 0.317097
v 0.162714 -0.0401838 0.312865
v 0.119617 -0.0905622 0.312586
v -0.363641 -1.32264 0.569054
v -0.42397 1.10582 0.607474
v -0.433331 -0.572285 0.141003
v 0.194841 -0.52299 -0.0180591
v 0.380814 0.45008 -0.224617
v -0.531138 -0.9791 0.496901
v -0.0378137 0.252659 0.292476
v 0.611708 0.556236 0.484756
v -0.0722136 -1.2562 0.002919
v 0.15525 -0.135808 0.307267
v 0.84667 1.28668 0.533922
v 1.09136 -0.153632 -0.819468
v 0.172709 -1.36506 0.271405
v 1.242 0.504627 0.14629
v -0.198995 -0.924266 -0.172131
v 1.45667 0.852277 0.0582544
v 0.292964 0.537289 -0.167596
v -1.19951 0.540086 -0.621239
v -0.186819 -1.36727 0.623173
v 0.268054 -0.451334 -0.194826
v 0.444878 -0.196638 0.212257
v 0.701745 1.34837 0.416011
v 0.342507 0.302797 0.306807
v 0.824541 1.30404 0.550511
v 0.0518329 0.209373 -0.412738
v -1.16364 0.24828 -0.312502
v 0.459292 -0.23758 0.185343
v -1.0085 0.22671 -0.094576
v -0.163261 -0.920105 0.663365
v 0.379391 -1.07454 0.234302
v -0.558621 0.397814 0.181178
v 0.700922 0.0907979 0.14388
v -1.07081 -0.236502 -0.823166
v -0.589709 -1.0582 0.310806
v 1.12034 0.0109305 -1.02032
v 0.197178 -0.31096 0.255584
v 0.398933 -0.439053 -0.101035
v -0.325666 0.765009 0.544166
v -0.403094 0.935645 0.619373
v -0.426763 -0.634035 -0.0270339
v -0.360247 -0.372733 -0.192956
v -1.11292 0.127404 -1.15342
v 0.14954 -0.401047 -0.278469
v 1.25305 0.76976 0.0871504
v 0.0444167 -0.742476 0.535047
v -0.369858 1.36063 0.42065
v -0.0817197 -0.982683 -0.161186
v -0.145206 -0.926887 -0.180538
v 0.0600821 0.594268 -0.164879
v -0.396528 -0.816132 0.546441
v -0.0887091 0.289288 0.280963
v 0.638654 0.204174 -0.0583852
v -1.1608 0.257699 -0.31355
v 0.349232 0.429888 -0.264899
v -1.09275 -0.0821806 -1.01263
v -0.278951 -0.538524 -0.0720372
v 0.233284 -0.587471 0.0752243
v 0.0756613 -1.35876 0.168764
v 0.907176 -0.390209 -0.495553
v 0.527076 0.328704 -0.20244
v 0.268534 0.16089 0.282438
v -1.17499 0.135966 -0.216354
v -0.413525 -0.0861857 0.246135
v -0.234904 0.144178 0.296419
v 0.379005 0.313936 -0.32884
v -0.018295 0.304936 -0.395844
v -0.119043 -0.483603 -0.169855
v 0.191739 -0.741872 0.463762
v 0.775986 1.23044 0.588902
v 0.286562 -0.0791389 0.289256
v 0.00169185 -0.676623 0.488219
v -0.197954 -0.131052 0.303694
v -0.446668 0.176768 -0.315432
v -0.634991 0.241997 0.173181
v -0.390818 -0.832659 -0.117424
v 0.088854 0.43676 0.202513
v 1.04233 -0.20308 -0.771967
v 0.988206 -0.115848 0.00473278
v -0.316833 0.278944 0.245449
v -1.06287 0.616009 -0.516069
v -0.44238 -0.0930631 -0.305528
v 0.483037 0.408505 0.0387283
v -0.18022 -0.822794 -0.195311
v -0.156287 -0.66555 0.497282
v -0.353415 1.47356 0.388535
v -0.572783 -0.804814 0.208312
v 0.215178 -0.686448 -0.101326
v 0.6469 0.0802999 -0.152105
v 1.44873 0.846062 0.13049
v -0.456184 -1.29568 0.448097
v -0.402087 -0.998836 0.62113
v 1.36574 0.5883 0.23191
v 0.326889 -0.877764 0.442249
v -0.793383 0.123029 -0.0487739
v -1.00161 -0.27355 -0.736316
v 0.422946 0.233715 0.211825
v 0.582641 -0.223821 0.0617275
v -0.493255 -0.300531 0.0889124
v 0.648345 0.0576844 -0.151197
v -0.362542 -0.584954 -0.0528918
v 0.0379719 0.598379 0.0196048
v 0.173987 -1.35949 0.496236
v 0.571207 0.495914 0.474137
v -0.115854 -1.29041 0.0363156
v -1.22601 0.191118 -0.274793
v -1.0936 0.902449 0.230367
v 0.315051 0.543362 -0.0530183
v 1.1101 0.0399262 -0.20839
v -0.506493 0.334762 0.186589
v -0.191342 -1.4072 0.562042
v -0.341077 -1.26008 0.63962
v -0.0808666 -1.19385 0.707788
v -0.133689 -1.15481 0.710754
v -0.335389 0.130419 0.273171
v -0.505861 -1.01989 0.0468977
v 0.855618 1.20146 0.50867
v -0.121456 -1.15456 -0.0740463
v 0.377745 -0.348571 -0.255309
v 0.309607 0.148704 -0.384497
v -1.33026 0.295738 -0.293782
v 0.0310466 -1.11911 0.694131
v -0.192428 -1.35566 0.142429
v -0.546817 -0.820806 0.0574223
v 0.308551 -0.49015 -0.00580312
v 0.657301 -0.270371 -0.278733
v 0.30028 0.549213 -0.102987
v -1.22571 0.844612 0.164746
v -0.428927 -0.315362 0.147296
v 1.2827 0.44389 0.216194
v -0.827783 0.498601 0.281304
v -0.555957 -0.864531 0.0753463
v -0.38881 0.0685471 -0.350407
v 1.45267 0.285565 -0.433407
v 0.0857458 -1.0451 -0.116871
v 1.42428 0.736409 0.159092
v 0.395555 0.502421 0.306591
v 0.996788 0.404675 0.171626
v 0.493165 0.347423 0.0959572
v -0.590238 0.175694 0.103024
v 1.09289 -0.148503 -0.0809457
v 0.082013 0.0561778 0.322799
v -0.314911 -0.283331 -0.287759
v -0.040581 -1.42832 0.28945
v 0.387701 -0.108797 -0.350531
v 1.0458 -0.077636 -1.01087
v -0.0828232 0.606204 -0.127013
v 0.663716 1.19143 0.533874
v 1.4229 0.461046 -0.541057
v -0.435368 -0.576461 0.0910152
v 0.00469234 -0.839746 0.612865
v -0.59738 -0.167854 -0.286335
v 0.180863 -1.23466 0.0595898
v 0.120811 -1.25957 0.0514138
v 0.437193 -0.278273 0.179728
v 0.791826 0.21188 0.247449
v 0.233917 -0.600087 0.014021
v 0.29288 -0.479372 0.0675396
v -1.28585 0.446388 -0.497971
v 0.220828 0.258027 -0.387245
v 1.44664 0.239252 -0.387422
v 0.949876 -0.19099 -0.0278867
v 0.611054 -0.307777 -0.355811
v -0.229819 0.381037 -0.343928
v -0.595787 0.210024 -0.168858
v -0.0579574 -1.39629 0.197791
v -0.104424 -1.36977 0.628141
v -0.0654288 -1.05709 0.694929
v -0.0141226 -1.01861 0.681725
v 1.31152 0.180593 -0.493116
v -0.988273 -0.0348327 -0.926792
v -0.0768033 -0.955873 -0.173296
v -0.0240347 -0.158516 -0.393203
v -0.444039 0.163405 0.224731
v -0.374928 -1.36272 0.435408
v -0.398645 -0.560541 0.0479941
v 0.0754176 -0.416481 -0.26613
v -0.790492 0.356634 0.283295
v -0.260815 0.396064 0.373498
v -0.480395 -1.06006 0.0387751
v 0.33492 -0.762756 0.0162922
v -0.368885 -1.10277 0.648618
v -0.406773 -0.340751 -0.187869
v -0.143642 -0.275758 -0.341765
v -0.499178 0.820115 0.598271
v -0.762039 0.423911 0.260081
v 0.39762 0.437872 -0.224782
v -1.05269 0.517984 0.253787
v 0.470535 0.101261 0.219646
v -1.18498 0.423198 -0.516102
v 0.64848 0.873629 0.620166
v -0.325401 0.0334893 0.283386
v -0.97926 0.44275 0.198407
v -0.304657 0.288853 0.246046
v 0.112853 0.59751 -0.134105
v 0.934547 -0.412029 -0.626639
v -0.125281 -0.415134 0.209507
v -1.20866 0.177049 -0.139662
v -0.519984 -0.896094 0.480674
v -1.04699 0.651753 -0.54942
v 1.37882 0.755991 0.0403816
v 0.284378 -1.18023 0.523025
v -0.320319 -0.507764 0.138628
v 0.172254 -1.16001 -0.0119511
v -0.547189 -1.14708 0.229145
v -1.05476 0.518499 0.244615
v 0.19705 -0.558182 0.157229
v 0.844189 1.31924 0.528613
v 0.204221 -0.0437436 -0.400411
v 0.26826 -0.0347295 -0.391339
v 0.443763 0.350777 0.255744
v -1.06047 0.555356 -0.589022
v -0.329566 -0.945074 0.642918
v -0.4598 -0.741353 -0.0535615
v -0.433723 0.480311 -0.126
v -0.327719 0.760271 0.54934
v 0.0251209 0.580227 0.0635702
v -0.992006 0.094264 0.0313795
v 0.658372 1.1335 0.484231
v -0.591202 -0.928035 0.177839
v -0.116702 -0.836123 -0.201916
v -0.25522 0.532428 0.3811
v -0.222207 -0.0076767 0.307684
v -0.102278 0.605369 -0.125339
v -0.0881031 -0.260142 -0.355322
v 1.02799 -0.114212 -0.939534
v -0.0258355 0.587314 -0.181387
v -0.135379 -0.655263 -0.191799
v -0.81072 0.10521 -0.0628058
v -0.384236 -0.77341 -0.123535
v -0.0506824 0.614285 -0.0649206
v -0.843549 -0.0314961 0.0190268
v -0.357467 -0.914634 0.619398
v -0.110496 -0.17435 0.304997
v -0.625592 0.197953 -0.0831711
v -1.08159 -0.237159 -0.707946
v -0.537476 0.920419 0.520996
v 0.350172 0.466395 0.104304
v -0.463513 1.37828 0.573004
v 0.481861 0.0697331 -0.322404
v -0.274983 -1.40828 0.352038
v -0.325464 0.770658 0.537263
v 0.202442 -0.907375 -0.121688
v -0.383449 -0.288366 -0.251491
v 0.583464 0.516072 0.441232
v 0.812296 -0.201995 -0.0144355
v 0.178061 -1.14126 0.624477
v -0.361329 -0.778036 -0.137952
v 0.636992 0.0075302 0.0675027
v -0.355135 -0.438134 -0.0719395
v 0.20297 -1.26423 0.570378
v 0.496998 -0.340539 0.0726182
v 0.574056 -0.171341 -0.193642
v -0.462672 0.131063 -0.311625
v -0.464461 0.195367 -0.301504
v -0.345661 -1.22971 0.0632054
v 1.1549 0.50546 0.147488
v 0.0610309 -0.944185 0.646031
v 0.126753 0.354174 -0.375096
v 0.249267 -0.37036 0.216242
v 1.414 0.79406 0.190613
v -0.10169 0.544562 -0.246799
v -0.758522 0.425952 0.254393
v 0.0266278 -1.09221 0.692181
v -0.355063 -0.699058 0.470211
v -0.355881 -0.652105 0.425147
v -0.933822 0.160558 -0.0524642
v 0.101188 0.367291 0.249553
v -1.06492 -0.257885 -0.715348
v -0.373987 1.28163 0.45159
v 0.235809 -0.177043 0.288185
v -0.551082 1.30377 0.47812
v -0.830525 -0.18938 -0.593519
v -0.285398 0.291806 0.249463
v 0.542227 0.376602 -0.0809387
v -0.497882 -0.650481 0.0865285
v 0.367067 -0.810099 0.0764411
v -0.412506 -0.737883 0.475247
v -0.370317 0.550882 0.352134
v 0.608347 0.782482 0.609129
v -0.459202 -0.323947 -0.152961
v 0.191602 0.57729 -0.141767
v -0.578391 -0.0435099 -0.20499
v 0.226678 -1.18855 0.047568
v 0.695998 0.809929 0.458967
v -0.36439 -0.843566 0.580249
v -0.06743 0.301403 -0.394064
v 0.853292 0.114583 0.186089
v 0.117496 -1.00463 0.647034
v -1.15187 -0.0948321 -0.940075
v -0.432055 -1.21268 0.115774
v -0.307162 -0.80854 0.579289
v -0.571843 -0.0032975 -0.223652
v -0.0162976 -0.959542 -0.170195
v -0.108274 -0.529185 0.328347
v -1.03271 -0.121631 -0.948995
v 0.083775 -0.144837 0.310308
v -0.119421 -1.26597 0.0165114
v -0.179397 -1.24339 0.00595161
v 1.40349 0.0658155 -0.252654
v -0.280254 0.554332 0.037934
v -0.450712 -1.04029 0.59871
v 0.443427 0.399999 -0.224846
v -0.0488825 -1.44418 0.457442
v 0.00470388 -1.2661 0.684355
v 0.50929 0.305428 -0.244323
v 1.27636 -0.0120537 -0.136387
v -1.33497 0.402474 -0.285698
v 0.462707 0.0787681 0.228616
v 0.0826967 0.601159 -0.0229713
v -0.45497 -1.29248 0.309809
v -0.528605 0.311067 0.194029
v -0.0629832 -1.09234 0.70397
v 0.78621 -0.0278884 -0.0559641
v -1.05736 0.271366 -0.129055
v 0.251092 0.205863 -0.390957
v 0.169891 0.2876 0.270496
v -0.625445 -0.316787 -0.233187
v 0.265759 0.368736 -0.34222
v 0.467239 -0.400504 -0.0529845
v -0.207637 0.105063 0.304245
v -0.956907 -0.108695 -0.64015
v 1.17379 -0.237903 -0.868276
v 0.242375 -1.12693 0.576764
v -1.20787 1.04423 0.0127882
v -0.0642598 -1.18556 -0.0539492
v -0.241888 -0.23703 0.271086
v -0.0341909 -1.29153 0.682206
v -0.0497137 -1.43958 0.338907
v -0.421785 0.623264 0.402267
v -0.894481 0.491459 0.323196
v -0.24121 -0.83096 0.608255
v 1.30927 0.235181 -0.534665
v -1.00009 -0.266648 -0.52668
v 0.812432 -0.255496 -0.590395
v -0.225107 0.558629 -0.188184
v 0.245563 0.533155 0.0745007
v 0.100542 0.565455 0.0751152
v -0.49792 -1.10882 0.0976833
v -0.0771706 -1.32089 0.672384
v 0.800433 -0.349078 -0.619808
v 0.0367581 -0.982636 0.663633
v -0.148945 -0.514338 0.295252
v -0.191386 -1.05885 0.699631
v 0.108127 -0.948171 0.631089
v 0.580444 0.808114 0.59355
v 0.342056 0.183218 -0.371858
v -0.381006 -0.131789 0.253261
v -0.0737533 0.579372 -0.19976
v -0.245525 -1.32918 0.12205
v -0.282951 0.569459 -0.032696
v -0.0530001 -0.756731 0.565499
v -0.0345944 -0.710278 0.524413
v -0.362164 -0.0828581 0.266191
v -1.07252 -0.157948 -0.942186
v 0.188763 -1.0393 0.620819
v 0.0709081 -1.426 0.444109
v -1.00634 0.012246 -0.0281256
v 1.28925 0.792112 0.208594
v -0.335054 -0.522067 0.206384
v 0.635585 0.0867749 -0.176904
v -0.220375 0.336977 -0.365393
v 0.533373 0.492471 0.518632
v 0.10267 -1.13131 0.669881
v 0.453068 0.400939 0.0870682
v -0.549049 0.419489 0.123972
v 0.285795 -0.660343 0.263564
v -0.370367 -0.175848 -0.319026
v 1.15597 0.328233 0.272556
v -0.0527871 -1.11232 -0.0949407
v 0.23428 -0.44676 -0.216122
v 0.328533 -0.456019 0.0854393
v 0.535318 0.713049 0.419653
v -0.1002 -1.44759 0.429323
v -0.60047 -0.107924 0.0744439
v -0.364152 -1.07117 -0.0514716
v -0.0234915 0.594982 0.0395993
v 0.823883 1.25829 0.392864
v 1.07225 0.245363 0.179681
v 0.444596 -0.399715 0.0608774
v -0.609359 -0.172093 -0.0296474
v 0.0155248 -1.40378 0.225385
v -0.353145 -1.29559 0.607632
v -0.554599 -0.0301736 0.157395
v -1.22089 0.911812 0.113017
v -0.878823 0.590544 0.206272
v -0.467119 -1.2808 0.301102
v -1.18771 0.708736 0.223015
v -1.10697 1.14003 0.144793
v 0.384638 0.44552 0.0994542
v -0.550627 -0.933547 0.455223
v -1.22297 0.909638 0.270837
v 0.367424 -1.07752 0.142862
v 0.365341 -1.1221 0.189408
v 0.326194 -0.448173 0.102874
v -1.01237 0.131429 -0.981548
v -0.135345 -0.614819 -0.179051
v -0.969559 0.578025 0.147013
v -0.433996 0.985684 0.480737
v -0.0579599 -0.406655 -0.264571
v -1.11587 0.917457 0.114874
v -1.1185 0.463613 -0.479962
v -1.17969 0.189158 -1.11177
v -0.541519 0.3917 -0.0167685
v 0.240326 -1.20129 0.564922
v 0.557265 0.755465 0.429476
v -0.718178 -0.0212003 0.0499189
v 0.0274488 -0.242544 -0.368115
v -0.167841 -0.520658 0.3082
v -1.04267 0.588609 -0.563499
v -1.01054 0.225705 -1.10096
v 0.583147 0.508366 0.454747
v -0.824498 0.0596656 -0.0866521
v 0.978794 0.363475 0.292896
v -0.349054 -0.338134 -0.233539
v -0.111162 0.0124808 0.320245
v 0.303181 0.414771 0.360206
v -0.913022 0.0180591 0.0546019
v -0.260701 0.279449 -0.367163
v -0.398378 -0.698372 0.445691
v -0.0915673 -1.29887 0.0455579
v -0.310141 0.5109 0.0966558
v -1.12238 0.0845533 -1.11815
v 0.468543 0.32081 0.138758
v 1.03659 -0.124149 -0.88213
v 0.323852 -0.776085 0.350662
v 1.44114 0.145667 -0.401439
v 0.103265 0.2081 0.297498
v -1.08903 1.13172 0.125967
v -0.45311 0.753355 0.422771
v -0.228097 0.0550367 0.304369
v -0.232864 -0.391325 0.192237
v 0.210709 -0.702506 0.419718
v -0.429374 -1.01112 -0.0405042
v -0.71321 -0.0344907 0.0345077
v -0.25277 0.524389 0.387611
v -0.56841 -1.1322 0.31625
v 1.39613 0.806837 0.205062
v -1.09766 -0.188268 -0.693999
v 1.2851 0.172518 -0.425161
v -0.568558 -0.857169 0.118789
v 1.13855 0.35803 0.143629
v 0.998438 0.381965 0.146594
v 0.847489 -0.255718 -0.641132
v 0.495934 0.394186 0.363919
v 0.315606 -0.080266 0.282766
v -1.17334 0.30892 -0.145268
v 0.238856 -1.02124 -0.0581812
v 0.550787 0.351872 0.0072085
v 0.900042 -0.404634 -0.520218
v -0.0651001 -1.15104 0.711063
v -0.128434 -1.14054 0.711846
v 1.11404 0.327335 0.30355
v -0.035601 -0.795844 0.594421
v 0.0138775 -0.594083 0.407732
v -0.335277 0.572256 0.530815
v -1.15466 -0.0949377 -0.929897
v 0.260827 -0.643556 0.281722
v -0.532053 -1.1317 0.17054
v -0.696166 0.352985 0.0813901
v -0.22264 0.501972 0.34944
v -1.17681 0.184988 -1.12095
v -0.868549 0.471248 0.145862
v -0.0535904 0.456039 0.199891
v 0.854487 -0.421634 -0.492508
v -0.343928 -0.286488 0.218999
v -0.722774 -0.00596955 0.066246
v 0.448571 0.372666 0.245091
v -0.255934 -1.19982 0.692145
v -1.00883 0.0168313 -0.0168931
v -1.31712 0.452302 -0.459249
v 0.315787 0.217064 -0.374211
v -0.4297 -0.827673 0.531473
v 0.118842 -1.38313 0.520455
v 0.724636 0.10039 0.0994871
v -0.437473 -0.115141 -0.302173
v 0.0610379 -0.819685 0.585614
v -0.945942 0.663015 0.289155
v -0.958392 0.174847 -0.0925499
v 1.35912 -0.0171343 -0.287087
v 0.85163 0.264769 0.242026
v 0.414032 0.42804 0.201158
v -0.48197 1.08333 0.637661
v 0.769196 -0.0984118 0.0574651
v -0.584652 -0.0774586 0.114073
v -0.147211 -0.161051 -0.3816
v -0.307441 -0.594536 0.382876
v 0.951705 0.380507 0.23254
v -1.10713 0.625948 0.191337
v 0.291069 -1.28435 0.323364
v 0.517254 -0.381118 -0.288043
v -0.737032 0.14161 -0.0104841
v 0.112934 0.591483 0.00892442
v -0.421147 0.488589 0.436657
v 0.553902 0.329329 -0.163732
v 0.927199 0.317715 0.281222
v -0.670221 -0.256503 -0.125251
v 0.0108897 -0.376008 -0.292422
v 0.282906 -1.266 0.452292
v 0.527176 0.377999 -0.1321
v 0.158807 -1.36207 0.242715
v 1.28586 0.917822 0.104354
v 0.223384 0.494326 -0.263219
v 0.269328 -1.11807 0.0272476
v 1.14879 -0.0267922 -0.939929
v 0.055459 -0.505176 0.210642
v -0.417643 -0.238163 -0.263929
v 0.186318 -0.521447 -0.0727776
v 1.2822 0.596988 0.126221
v 0.35926 -0.467391 -0.0328056
v 1.37588 0.514766 -0.553633
v -0.971939 0.453864 0.176944
v -0.934471 0.159123 -0.0642658
v 0.00123577 -1.32324 0.0905129
v -1.05102 0.0837849 5.68053e-05
v 1.41562 0.320305 -0.394978
v 0.127348 0.313801 0.266846
v 1.38595 0.383316 -0.438573
v -0.45531 -1.11754 0.0495193
v 1.00057 -0.307491 -0.578907
v -0.224881 0.181453 -0.390486
v -0.517933 -0.307617 0.0192929
v 1.04948 -0.0721946 -0.993533
v -1.04613 -0.088719 -0.992893
v 1.0376 -0.341593 -0.634499
v -0.213543 0.541164 -0.225972
v -0.487035 0.980961 0.631092
v 0.562125 0.712443 0.409958
v -0.363762 1.29159 0.522658
v -0.999607 0.159542 -1.06268
v -0.34166 -1.25205 0.0838489
v 0.637013 0.149348 0.202357
v 0.433013 0.466598 -0.13392
v -0.262941 -0.673446 0.492599
v 0.167859 -0.573024 0.272926
v -1.25964 1.08656 0.0586122
v 0.864406 -0.410878 -0.610755
v 0.566901 0.495126 0.482588
v -0.0590537 -0.486726 -0.175175
v -0.119787 -0.0600943 0.316256
v 0.116987 0.563753 0.071802
v 0.356537 -0.24234 -0.314717
v -0.388543 0.140262 -0.345183
v 0.469607 0.378657 0.0943178
v -0.39204 -0.718515 -0.110887
v -1.04122 0.236108 -0.213845
v -0.589861 0.353381 0.221086
v -0.350734 -1.31708 0.167033
v 0.333914 -0.70516 0.0627032
v -0.0441946 0.342947 0.263769
v 0.189896 -0.598999 -0.0601798
v -0.291635 -0.472708 -0.0350011
v 0.259604 -1.31815 0.322313
v 1.40079 0.739258 0.212831
v 1.04253 -0.174955 -0.104466
v -0.472662 1.53715 0.491573
v 0.713718 1.41028 0.478153
v 0.241495 -0.117181 -0.384436
v -0.385905 -1.17157 0.03648
v 0.166909 -0.723673 -0.150548
v 0.264569 0.113094 0.289473
v -0.995237 -0.108739 -0.629277
v 0.234831 -0.505411 -0.109408
v 0.0213518 0.432279 0.211927
v 0.203428 -0.851869 -0.128163
v -0.149617 -0.360942 0.235816
v -0.192377 -1.38363 0.188841
v 0.162443 -0.916109 -0.138932
v 0.337243 -0.929277 0.00260527
v -0.245005 -0.85628 0.626738
v -0.563283 -0.943822 0.10124
v 0.168139 0.274956 -0.39325
v -0.116779 -0.820154 -0.203282
v -0.570932 -0.0566748 0.135903
v 0.267583 -1.29941 0.268304
v -0.464983 -0.139526 -0.279997
v 0.248414 -0.899462 -0.0915394
v -0.504672 0.365979 -0.187726
v 0.851461 -0.0868156 -0.103117
v 0.388945 -0.137537 0.252304
v -0.408116 -0.278743 -0.241579
v 0.195931 -0.680935 -0.117004
v -0.930873 0.506236 0.327827
v -0.541467 1.38697 0.438862
v 0.800567 -0.365511 -0.614805
v 0.569117 -0.144731 0.129418
v -0.0112186 -0.136704 -0.399916
v 0.216371 -0.568369 0.162203
v 0.319299 -0.441555 -0.176574
f 9023 9034 12353
f 9010 9000 9012
f 9010 10227 10431
f 10431 9741 9010
f 9033 9036 9038
f 9035 9036 12103
f 8983 8985 11637
f 7 9 20
f 20 9 60
f 7 20 24
f 60 36 70
f 70 36 118
f 118 112 160
f 160 228 294
f 294 228 393
f 228 348 393
f 393 348 445
f 24 115 119
f 119 202 218
f 218 202 239
f 379 239 395
f 395 486 518
f 9438 515 521
f 9242 6 41
f 6 9242 9383
f 11 9242 41
f 11 41 78
f 78 83 169
f 169 132 276
f 432 9262 576
f 488 432 576
f 685 569 723
f 868 1142 1214
f 1214 1142 1407
f 949 910 10518
f 699 515 730
f 876 699 914
f 1145 1156 1288
f 705 576 9261
f 742 705 9261
f 742 871 1098
f 1061 1098 1169
f 1120 1061 1169
f 1169 1305 1333
f 1305 1312 1333
f 1293 1407 1555
f 1555 1599 1734
f 1734 1599 1830
f 1830 1848 1949
f 1498 1350 1659
f 1659 1684 1688
f 1659 1688 1943
f 1943 2135 2157
f 1499 1491 1744
f 1401 1491 1499
f 1802 1744 11394
f 1798 1802 1976
f 1333 1312 1408
f 1408 1312 1558
f 1558 1554 1692
f 1692 1980 1990
f 1729 1692 1990
f 2732 2561 2817
f 3246 3049 3401
f 2333 2135 2511
f 2511 2672 2755
f 2843 2755 2940
f 2755 2843 2902
f 2902 2843 3001
f 3001 3045 3099
f 2474 2404 10413
f 3086 2711 3164
f 2929 2986 3076
f 3369 3076 3435
f 3164 2711 3196
f 2180 2229 2368
f 2368 2457 2638
f 2557 2638 11165
f 2638 2557 9343
f 2929 9343 2986
f 3538 3494 9442
f 9442 3904 12850
f 3904 4233 4342
f 4733 4563 10211
f 3582 3478 3880
f 3790 3880 4069
f 3196 3369 3435
f 9423 3196 3514
f 3196 3435 3514
f 9423 3514 3550
f 4965 5159 9402
f 9402 5245 5460
f 4972 5027 5235
f 9402 5460 5641
f 5245 5328 5460
f 8197 8187 8198
f 8197 8198 10208
f 8198 8209 8211
f 8239 8211 10863
f 9386 9548 10419
f 10419 8183 9386
f 8209 8187 10111
f 8198 8187 8209
f 8337 8293 8386
f 8337 8386 8390
f 8246 8221 12546
f 8542 8486 8548
f 11579 8548 8587
f 11865 8542 8548
f 12565 10652 9404
f 9152 8807 10004
f 8815 8775 8824
f 8824 8790 8848
f 8790 8832 8848
f 8834 8858 12339
f 8895 8927 11961
f 8782 8807 8849
f 8782 8849 8861
f 8838 8875 8895
f 8942 8939 11895
f 8939 8932 12740
f 8782 8729 8807
f 8937 11116 11955
f 8951 8940 8987
f 8987 8940 11106
f 8987 11106 11645
f 8944 8951 8982
f 8982 8951 8987
f 8944 10493 10528
f 8944 10528 12652
f 9441 10493 10767
f 8982 8987 9015
f 11645 10268 8987
f 9015 9941 12050
f 10268 9899 8987
f 9941 9899 9034
f 9008 9441 10368
f 10368 9023 9008
f 8995 9026 9037
f 9013 9026 12785
f 10645 9034 9023
f 11895 8958 8942
f 12740 8962 8939
f 8932 8947 9701
f 9701 8974 8932
f 8958 8962 8976
f 8962 8974 8976
f 9013 8976 10355
f 8958 8976 10220
f 10355 10098 9013
f 11261 10220 8995
f 8973 8968 9010
f 8968 9000 9010
f 9741 8973 9010
f 12715 9036 9013
f 9026 9013 9036
f 9035 9026 9036
f 11668 9982 9429
f 12077 10479 8968
f 11636 11116 8973
f 8968 8985 9000
f 9 7 61
f 7 28 61
f 9 61 94
f 28 7 63
f 7 24 63
f 9 36 60
f 36 9 94
f 61 28 116
f 28 63 116
f 94 61 189
f 61 116 189
f 36 94 112
f 36 112 118
f 63 24 119
f 154 94 189
f 112 94 154
f 112 154 185
f 116 63 130
f 130 63 218
f 160 112 228
f 154 189 259
f 189 116 221
f 189 221 259
f 185 154 351
f 154 259 351
f 285 185 351
f 112 185 228
f 221 116 374
f 116 130 374
f 259 296 351
f 228 185 285
f 289 221 374
f 259 221 289
f 331 289 374
f 259 289 330
f 296 259 330
f 228 285 348
f 348 285 430
f 285 351 430
f 330 289 371
f 289 331 371
f 348 430 664
f 351 296 470
f 430 351 470
f 296 330 470
f 330 371 498
f 445 348 664
f 371 331 475
f 371 475 498
f 331 447 475
f 470 330 498
f 430 470 620
f 470 557 620
f 430 620 664
f 470 498 586
f 557 470 586
f 586 498 693
f 498 475 693
f 569 445 664
f 620 618 664
f 475 583 693
f 475 531 583
f 557 586 804
f 583 531 616
f 63 119 218
f 130 218 238
f 130 244 374
f 130 238 244
f 244 238 265
f 238 218 239
f 265 238 364
f 238 239 379
f 364 238 379
f 244 265 387
f 374 244 387
f 265 364 387
f 331 374 447
f 374 387 447
f 364 379 628
f 387 364 543
f 543 364 628
f 379 395 518
f 379 518 628
f 447 387 531
f 475 447 531
f 531 387 543
f 531 543 760
f 628 518 714
f 714 518 12822
f 616 531 753
f 753 531 760
f 578 433 11487
f 433 578 649
f 515 433 649
f 9438 433 515
f 578 637 649
f 11 8 9242
f 8 11 50
f 50 11 78
f 9242 8 82
f 8 50 82
f 50 78 127
f 127 78 169
f 9242 82 147
f 82 50 214
f 147 82 214
f 50 127 214
f 9242 147 9263
f 127 169 234
f 9242 9263 353
f 9383 9242 353
f 147 214 9263
f 127 234 354
f 214 127 354
f 234 169 276
f 9263 214 273
f 234 350 354
f 214 354 366
f 273 214 366
f 234 276 350
f 350 276 432
f 276 9262 432
f 353 9263 419
f 9263 273 419
f 366 354 524
f 354 350 524
f 353 419 636
f 9438 9383 433
f 11487 353 578
f 273 366 484
f 419 273 482
f 482 273 484
f 484 366 524
f 350 432 488
f 578 353 636
f 350 488 524
f 419 482 636
f 484 524 552
f 551 484 552
f 552 524 678
f 524 488 678
f 630 578 636
f 482 623 636
f 482 484 551
f 488 576 705
f 482 551 623
f 583 688 693
f 583 616 688
f 586 693 749
f 586 749 804
f 620 557 983
f 557 804 983
f 618 620 12814
f 12873 983 9445
f 664 618 741
f 12814 741 618
f 569 664 723
f 723 664 741
f 693 688 749
f 741 9445 805
f 798 749 12454
f 688 616 791
f 12454 791 798
f 616 783 791
f 804 749 866
f 749 798 866
f 723 741 868
f 741 805 868
f 804 866 983
f 798 791 931
f 983 866 10197
f 866 798 1178
f 868 805 1176
f 805 9445 1176
f 931 791 1055
f 798 931 12834
f 12834 1123 798
f 931 1055 1232
f 10197 9685 983
f 9685 9445 983
f 798 1123 1178
f 1176 9959 12255
f 1142 868 1176
f 1178 1123 1191
f 9959 1261 1347
f 1055 1186 1232
f 1191 1123 1232
f 1178 1191 10452
f 1475 1142 9677
f 9677 1347 1475
f 10452 1261 1178
f 1191 1232 1309
f 1347 1261 1367
f 1232 1186 1309
f 1407 1142 1475
f 1191 1309 1377
f 1258 1191 1377
f 1261 1258 1367
f 1309 1186 1324
f 543 628 668
f 543 668 760
f 628 714 722
f 668 628 722
f 949 714 11050
f 616 753 783
f 722 714 790
f 790 714 949
f 760 668 838
f 668 722 938
f 838 668 938
f 753 760 838
f 846 783 12059
f 12059 838 846
f 722 790 938
f 791 783 846
f 929 838 938
f 846 838 929
f 1095 790 12941
f 791 846 1055
f 846 987 1055
f 846 929 987
f 929 938 1003
f 12941 10518 1095
f 938 790 1003
f 1074 1003 11213
f 11213 1095 1074
f 987 929 1135
f 1055 987 1072
f 1072 987 1135
f 929 1003 1135
f 1074 1095 1227
f 1135 1003 1266
f 1372 1266 12337
f 12337 1074 1372
f 1095 1140 1227
f 1055 1072 1186
f 1135 1266 1431
f 1072 1135 1431
f 1186 1072 1241
f 1227 1140 1268
f 1268 1140 1328
f 1074 1227 1268
f 1074 1268 1372
f 1241 1072 1431
f 1186 1283 1324
f 1186 1241 1283
f 1266 1372 1431
f 1268 1328 1330
f 1330 1328 1350
f 1283 1241 1431
f 649 637 698
f 515 649 730
f 649 698 730
f 699 730 914
f 730 698 833
f 730 833 914
f 914 833 1023
f 833 942 961
f 833 961 1023
f 876 914 936
f 914 1023 1034
f 936 914 1102
f 914 1034 1102
f 1023 961 1085
f 1034 1023 1148
f 1023 1085 1148
f 1034 1148 1156
f 1102 1034 1156
f 1145 1102 1156
f 1156 1148 1265
f 1156 1265 1360
f 1148 1085 1270
f 1265 1148 1323
f 1148 1270 1323
f 1288 1156 1360
f 1270 1263 1323
f 1288 1360 1401
f 1360 1265 1740
f 630 636 746
f 636 623 746
f 551 552 681
f 551 681 703
f 552 678 681
f 637 578 698
f 578 630 698
f 678 488 924
f 623 551 703
f 488 705 742
f 488 742 924
f 769 678 924
f 623 703 746
f 698 630 863
f 630 746 863
f 681 678 769
f 746 703 834
f 703 681 834
f 833 698 863
f 746 834 863
f 833 863 942
f 681 769 900
f 834 681 923
f 681 900 923
f 863 834 1014
f 942 863 1014
f 769 924 1004
f 834 923 1014
f 1004 924 1098
f 924 742 1098
f 923 900 1042
f 769 1004 1138
f 900 769 1138
f 961 942 1085
f 942 1014 1085
f 1061 1004 1098
f 1004 1061 1138
f 1014 923 1042
f 1014 1042 1076
f 1014 1076 1085
f 1042 900 1244
f 1076 1042 1128
f 1128 1042 1244
f 1061 1120 1138
f 1085 1076 1270
f 1244 900 1248
f 900 1138 1248
f 1138 1120 1333
f 1120 1169 1333
f 1076 1263 1270
f 1076 1128 1263
f 1292 1138 1333
f 1248 1138 1292
f 1128 1244 9380
f 1263 1128 9380
f 1244 1248 1378
f 1244 1378 9380
f 1248 1292 1378
f 1475 1347 1506
f 1347 1367 1506
f 1377 1309 1454
f 1309 1449 1454
f 1309 1324 1449
f 1258 1377 1454
f 1367 1258 1593
f 1506 1367 1619
f 1367 1593 1619
f 1407 1475 1555
f 1475 1506 1599
f 1599 1506 1619
f 1258 1454 1615
f 1555 1475 1599
f 1449 1525 1613
f 1454 1449 1613
f 1593 1258 1615
f 1613 1525 9448
f 1593 1615 1619
f 1619 1782 1867
f 1599 1619 1867
f 1619 1615 1782
f 1613 9448 1799
f 1454 1613 1615
f 1830 1599 1848
f 1615 1613 1925
f 1799 9448 9478
f 9448 1722 9478
f 1782 1615 1924
f 1867 1782 1924
f 1924 1615 1925
f 1613 1799 1925
f 1848 1599 1867
f 1867 1924 2303
f 1799 9478 2016
f 2016 9478 2031
f 1848 1867 2148
f 1924 1925 2091
f 2148 1867 2303
f 1925 1799 2091
f 1799 2016 2146
f 2091 1799 2146
f 1848 2148 2149
f 1924 2091 11576
f 11576 2303 1924
f 2149 2148 2238
f 2238 2148 2303
f 1268 1330 1471
f 1268 1471 1473
f 1372 1268 1473
f 1427 1372 1473
f 1372 1427 1431
f 1330 1350 1498
f 1324 1283 1532
f 1449 1324 1532
f 1283 1502 1532
f 1431 1427 1502
f 1283 1431 1502
f 1471 1330 1498
f 1525 1449 1532
f 1473 1471 1498
f 1427 1473 1780
f 1525 1532 1757
f 1532 1502 1757
f 9448 1525 1757
f 1473 1498 1677
f 1473 1677 1780
f 1757 1502 1818
f 1818 1502 11996
f 1498 1642 1677
f 1722 9448 1757
f 11996 1807 1818
f 1498 1659 1943
f 1722 1757 1857
f 1427 1780 1807
f 1677 1642 2021
f 1780 1677 2021
f 1642 1498 2021
f 1757 1818 1857
f 1857 1818 1893
f 1780 2021 2242
f 1894 1780 2242
f 1807 1780 1894
f 1818 1807 1893
f 1893 1807 1894
f 2157 2021 10970
f 10970 1943 2157
f 9478 11619 12467
f 11619 1857 2137
f 1893 1894 2033
f 12467 2031 9478
f 2413 1857 12935
f 2138 1894 2242
f 2379 2242 12582
f 12582 2157 2379
f 2137 1857 2413
f 12935 2033 2413
f 1894 2138 9927
f 9927 2033 1894
f 2031 2137 2413
f 1265 1323 1740
f 1323 1263 1433
f 1323 1497 1740
f 1401 1360 1491
f 1491 1360 1740
f 1323 1433 1545
f 1497 1323 1545
f 1497 1728 1740
f 1497 1545 1585
f 1497 1585 1728
f 1491 1740 11377
f 1728 1585 1730
f 1585 1545 1730
f 11394 11377 1802
f 1740 1728 10101
f 1728 1730 1965
f 1802 1970 1976
f 10101 9955 1740
f 11444 9955 1970
f 1730 9093 1965
f 1965 2036 2073
f 1965 9093 2036
f 1970 2073 2224
f 1976 1970 12000
f 2073 2036 2187
f 12000 2210 1976
f 2092 1976 2210
f 2073 2187 2224
f 2092 2210 2474
f 2187 2036 2250
f 1378 1292 1507
f 1292 1333 1408
f 1292 1408 1507
f 1433 1263 9380
f 9380 1378 1531
f 1378 1507 1531
f 1507 1408 1729
f 1408 1558 1729
f 1433 9380 1629
f 1545 1433 1629
f 1531 1507 1686
f 1686 1507 1729
f 1678 1531 1686
f 9380 1531 1629
f 1558 1692 1729
f 1629 1531 1678
f 1928 1730 11415
f 11415 1629 1928
f 1686 1729 11544
f 1629 1678 1928
f 11618 1990 2011
f 11544 1678 1686
f 9093 1730 1928
f 1928 1678 2011
f 9093 1928 2011
f 9093 2011 2062
f 2011 1990 2180
f 2011 2180 2193
f 2062 2011 2233
f 2011 2193 2233
f 2036 9093 2062
f 2036 2062 2250
f 2062 2233 2250
f 2412 2303 2456
f 2016 2031 11439
f 11439 2146 2016
f 2091 2146 12701
f 11590 11040 2146
f 11040 2401 2146
f 2303 2412 2484
f 2238 2303 2484
f 2149 2238 2646
f 2149 2646 12219
f 2412 2456 2530
f 2238 2484 2543
f 2238 2543 2646
f 12701 2456 2091
f 2484 2412 2530
f 12868 11351 2456
f 11351 2530 2456
f 2484 2530 2543
f 2561 2646 2817
f 2401 2526 2782
f 2769 2401 2782
f 2543 2530 2646
f 2646 2530 2792
f 2646 2792 2817
f 2530 2769 2792
f 2782 2526 2813
f 2526 2349 2642
f 2792 2769 2838
f 2792 2838 3095
f 2817 2792 2937
f 2732 2817 3089
f 2947 2732 3089
f 2782 2813 2988
f 2817 2937 3089
f 2769 2782 11764
f 11764 2838 2769
f 3049 2947 3089
f 2937 2792 3095
f 2782 3065 3069
f 3095 2838 3215
f 3237 2937 10541
f 10541 3215 3237
f 3089 2937 3401
f 3049 3089 3401
f 2838 3069 3215
f 2157 2135 11927
f 11927 2379 2157
f 2031 2413 2509
f 2138 2242 2409
f 2242 2379 2409
f 2349 2031 2589
f 2031 2509 2589
f 2413 2033 11603
f 2409 2379 2475
f 2379 2333 2475
f 11603 2509 2413
f 2963 2407 9942
f 9942 2409 2963
f 2333 2511 2755
f 2509 2407 12766
f 12766 2589 2509
f 2658 2407 2963
f 2349 2589 2642
f 2409 2475 2774
f 2409 2774 2963
f 2729 2407 2942
f 2475 2333 2659
f 2642 2589 2729
f 2774 2475 2841
f 2475 2659 2841
f 2659 2333 2902
f 2333 2755 2902
f 2642 2729 2813
f 2526 2642 2813
f 2407 2658 2942
f 2659 2902 2903
f 2841 2659 2903
f 2813 2729 2988
f 2729 2942 3075
f 2774 2841 2944
f 2774 2944 2963
f 2841 2903 3037
f 2944 2841 3037
f 2988 2729 3075
f 2903 2902 3001
f 2903 3001 3099
f 2782 2988 3065
f 2942 2658 3075
f 3037 2903 3099
f 2658 2963 3141
f 2963 2944 3141
f 2988 3075 3142
f 3075 2658 3311
f 2658 3141 11523
f 11523 3311 2658
f 2988 3142 3364
f 3065 2988 3364
f 2944 3037 3233
f 3364 3142 9460
f 3142 3075 3311
f 3141 2944 3233
f 3037 3099 3264
f 3233 3037 3264
f 3264 3099 3434
f 3142 3311 3399
f 3142 3399 9460
f 3233 3264 3380
f 3141 3233 3344
f 3380 3264 3434
f 2224 2187 2273
f 2224 2273 2350
f 2187 2250 2273
f 2210 2404 2474
f 2210 2224 2404
f 2350 2273 2353
f 2224 2350 2404
f 2353 2273 2443
f 2273 2250 2443
f 2404 2350 2546
f 2350 2353 2546
f 2353 2443 2546
f 2546 2443 2621
f 2443 9282 2621
f 2404 2546 2669
f 2546 2621 2669
f 2592 2404 2704
f 2592 2704 2711
f 2404 2669 2704
f 2704 2669 2783
f 2669 2621 2783
f 2621 9282 9362
f 9282 9343 9362
f 2783 2621 9362
f 9362 9343 2929
f 2711 2704 2983
f 2704 2783 2983
f 2983 2783 9362
f 9362 2929 3076
f 2983 9362 3369
f 2711 2983 3196
f 3196 2983 3369
f 9362 3076 3369
f 3164 3196 9423
f 2233 2193 2362
f 2233 2362 2559
f 2193 2180 2368
f 2362 2193 2368
f 2250 2233 2559
f 2362 2368 2638
f 2443 2250 2559
f 2559 2362 2638
f 9282 2443 2559
f 2559 2638 9282
f 9282 2638 9343
f 3237 3215 3529
f 3494 3401 10995
f 3069 10188 10294
f 3215 3069 3529
f 10995 3237 3494
f 3401 3494 3538
f 10294 3529 3069
f 3237 3529 3639
f 3529 9355 3639
f 3639 9355 3706
f 3494 3237 3804
f 3237 3639 3804
f 3311 3344 3429
f 3399 3311 3429
f 3344 3233 3481
f 3429 3344 3481
f 3233 3380 3654
f 3425 3233 3654
f 3233 3425 3481
f 3065 3364 9460
f 10188 9460 9355
f 3399 3429 3584
f 3399 3584 9460
f 3380 3434 3582
f 3549 3425 3654
f 3481 3425 3549
f 3988 9355 12445
f 9460 3584 3653
f 3584 3429 3653
f 3429 3481 3653
f 3628 3549 3654
f 12445 3737 3988
f 9460 3653 3737
f 3653 3481 3967
f 3481 3549 3967
f 3628 3654 3815
f 3549 3628 3940
f 3904 3804 12107
f 12107 3706 3904
f 3737 3653 3931
f 3737 3931 3988
f 3494 3804 3904
f 3494 3904 9442
f 3628 3815 3940
f 3549 3940 3967
f 3931 3653 3967
f 3988 3931 4157
f 3931 3967 4210
f 4157 3931 4210
f 3706 9355 3988
f 3967 3940 4114
f 3967 4114 4210
f 3904 3706 4185
f 3706 3988 4154
f 3706 4154 4185
f 4154 3988 4157
f 3940 9420 4114
f 3940 4053 9420
f 3904 4185 4233
f 4154 10733 12015
f 12015 4185 4154
f 4157 4210 4404
f 4210 4114 4404
f 12647 4233 4185
f 4455 4404 12507
f 12507 4488 4455
f 4114 9420 4488
f 4157 4404 11188
f 4404 4455 4683
f 10733 4683 4300
f 4488 9420 9144
f 4683 4455 4756
f 10211 4300 4733
f 4455 4488 9144
f 4300 4683 4756
f 4733 4300 4756
f 4455 9144 5054
f 4756 4455 5159
f 4455 5054 5159
f 5054 9144 5245
f 4733 4756 4965
f 3380 3582 3654
f 3654 3582 10354
f 10354 3815 3654
f 11384 3790 3815
f 3815 3790 4053
f 3940 3815 4053
f 4053 3790 4545
f 9420 4053 11287
f 3790 4069 4545
f 9420 11287 11597
f 11597 9144 9420
f 4972 4545 5027
f 4965 4756 5159
f 5054 5245 9402
f 5159 5054 9402
f 9144 4972 12181
f 12181 5245 9144
f 5245 5235 5328
f 10111 9620 8209
f 12583 12459 8183
f 9386 8183 8240
f 8209 9620 10218
f 10218 8232 8209
f 8240 8183 9831
f 9205 9456 11186
f 8209 8232 11885
f 10863 10274 8239
f 8298 8272 11210
f 11210 10274 8298
f 8298 11373 12345
f 8293 8272 8298
f 12345 8372 8298
f 8386 8293 10961
f 8358 8362 8372
f 8298 8372 10634
f 10961 10634 8386
f 8372 8362 8429
f 8362 8384 8429
f 8414 8372 8432
f 8390 8386 11492
f 8372 8429 8432
f 8232 8240 8273
f 12232 8273 8250
f 9831 9599 8240
f 8273 8240 11565
f 8250 8273 8316
f 8273 8310 8316
f 8273 11565 12314
f 12314 8310 8273
f 8316 8310 8334
f 8250 8316 8358
f 8310 8312 8329
f 8334 8310 11671
f 10058 8329 8312
f 11111 8338 8329
f 8316 8334 8358
f 9095 8329 10317
f 10317 10297 9095
f 11671 8351 8334
f 8351 8329 9095
f 8358 8334 8362
f 8334 8351 8362
f 8362 8351 10342
f 8384 8362 9940
f 10297 8420 9095
f 8368 8376 8420
f 9095 8399 8421
f 8399 9095 8420
f 9940 8421 8384
f 8399 8420 8462
f 8384 8421 8437
f 9205 9861 10708
f 12048 10708 9393
f 8221 8246 9905
f 8242 9861 10262
f 10262 8287 8242
f 10810 8305 8287
f 12546 8305 8246
f 9393 8242 10949
f 10949 9287 9393
f 9359 8305 10296
f 8287 8305 9359
f 9393 9287 8338
f 9287 8287 11396
f 10296 8355 9359
f 11396 8398 9287
f 8338 9287 8368
f 8368 9287 12781
f 12781 8410 8368
f 8376 8368 8410
f 9359 8355 8393
f 8420 8376 8436
f 9359 8393 8422
f 8398 9359 8422
f 8410 8398 8422
f 8393 8355 8434
f 9113 8352 10463
f 11823 8397 9439
f 12018 8397 8355
f 8352 9223 8397
f 8355 8397 8434
f 8429 8384 8456
f 8384 8437 8456
f 8414 8432 9231
f 11492 8461 8390
f 8432 8429 9231
f 8429 8456 9858
f 8461 10087 11517
f 9858 9231 8429
f 10087 9231 8474
f 8458 8461 10291
f 10291 9970 8458
f 8474 9231 8530
f 11741 8530 9231
f 8530 9308 8556
f 8474 8530 10914
f 8556 9308 9183
f 9183 9308 8619
f 8592 8575 8603
f 8575 9782 11328
f 11328 8603 8575
f 8665 9782 12667
f 8556 9183 9307
f 8462 8420 12529
f 8421 8399 8462
f 8445 8421 8462
f 8437 8421 8445
f 8437 8445 8456
f 12529 11018 8462
f 8445 8462 8487
f 8456 8445 8496
f 8445 8487 8496
f 8487 8462 9944
f 10286 8496 9308
f 9308 8496 10906
f 8496 8487 8517
f 8487 9944 11533
f 11533 8517 8487
f 10906 8559 9308
f 12710 8557 8517
f 8559 8517 8589
f 8517 8557 8589
f 9308 8559 8619
f 8559 8589 8619
f 8376 8410 8436
f 8410 8422 8433
f 8410 8433 8457
f 8422 8393 8431
f 8431 8393 8434
f 8433 8422 8489
f 8422 8431 8489
f 8436 8410 8457
f 8447 8436 12737
f 8457 8433 8489
f 8431 8476 8489
f 8475 8457 8498
f 8457 8489 8498
f 12737 8475 8447
f 8489 8476 8545
f 9405 8498 10455
f 10455 8545 9405
f 8447 8475 8540
f 8475 8498 8540
f 8648 9673 12421
f 8540 8498 9405
f 8545 8521 8591
f 8545 8591 9405
f 8605 8540 11176
f 12421 8605 8648
f 8591 8521 8606
f 8434 8397 10454
f 10454 8482 8434
f 8476 8434 8482
f 8482 10986 11844
f 8431 8434 8476
f 11844 8542 8482
f 8582 8476 11896
f 8545 8476 8582
f 8572 8582 11729
f 11729 10164 8572
f 8521 8545 8582
f 10164 9555 8572
f 8521 8582 8606
f 8582 8572 9404
f 8606 8582 9404
f 8645 8603 8665
f 8665 12667 12942
f 9307 8644 8678
f 9307 9183 8644
f 9307 8678 8683
f 12942 10724 8665
f 9307 8683 8728
f 8683 8678 8708
f 8645 10534 12408
f 12408 10249 8645
f 10534 8728 8746
f 8746 8728 8749
f 8683 8708 8728
f 8708 8678 8735
f 8678 8717 8735
f 8728 8708 12406
f 8749 8728 11179
f 8746 8749 9340
f 8708 8735 8738
f 8775 9340 12959
f 12959 11179 8775
f 8619 8589 8662
f 9183 8619 8644
f 8644 8619 8662
f 8589 8557 8662
f 8662 8557 8663
f 8650 8663 10511
f 10511 9567 8650
f 8644 8662 8679
f 8662 8663 8700
f 8679 8662 8700
f 8663 8650 11705
f 8678 8644 8717
f 8644 8679 8717
f 8650 8681 8703
f 8700 8663 10732
f 8679 8700 8721
f 8717 8679 8721
f 8721 8700 9827
f 9827 9745 8721
f 8703 8681 9156
f 8717 8721 8735
f 8735 8721 10578
f 9745 8762 8721
f 8703 9156 8754
f 8735 10578 12761
f 12761 8766 8735
f 8750 8762 8776
f 8766 8750 8776
f 8780 8776 12534
f 8754 9156 8779
f 8738 8735 8766
f 8762 8754 10204
f 12534 10204 8780
f 8738 8766 8790
f 9405 8591 10263
f 8635 8605 9891
f 8617 8591 8627
f 8591 8606 8627
f 8605 8635 8648
f 8635 9891 12381
f 8648 8635 12832
f 8680 8617 11918
f 12516 8664 8650
f 8650 8664 8681
f 8617 8680 12925
f 8635 9670 9997
f 9670 8699 8711
f 8733 8699 10920
f 9156 8664 10458
f 10458 9997 9156
f 8681 8664 9156
f 8711 8699 8733
f 10920 8729 8733
f 8711 8733 8786
f 9156 8711 8785
f 8779 9156 8785
f 8786 8733 10359
f 8785 8711 8786
f 10359 8782 8786
f 8627 8606 9404
f 10652 9643 9404
f 10523 8659 8668
f 11918 10045 8680
f 10045 9643 8680
f 8729 8680 11909
f 10004 9855 9152
f 8775 8738 8790
f 8775 8790 8824
f 8790 8766 10060
f 11322 8801 8780
f 8779 8797 8801
f 8776 8780 8834
f 8801 8797 8838
f 10060 8832 8790
f 8834 8780 12978
f 8801 8838 10614
f 12339 10219 8834
f 8858 8834 9841
f 11961 9841 8895
f 8804 8786 11466
f 8785 8786 8804
f 8779 8785 8817
f 8797 8779 8817
f 8785 8804 8817
f 8804 11466 12129
f 8817 8804 11682
f 8838 8817 10662
f 8797 8817 8838
f 12577 12129 8877
f 10662 8875 8838
f 892 772 982
f 778 772 892
f 840 982 12611
f 840 850 902
f 840 801 850
f 641 808 943
f 725 751 808
f 641 725 808
f 12611 467 840
f 801 666 943
f 666 801 840
f 629 772 778
f 666 641 943
f 641 9317 725
f 629 467 772
f 9317 9130 725
f 467 638 840
f 638 666 840
f 1298 1235 1508
f 1201 1184 1413
f 1294 1237 1311
f 1237 1298 1311
f 1237 1294 1386
f 1184 1237 1386
f 1175 1243 1314
f 1235 1175 1314
f 1121 1235 1298
f 1237 1115 1298
f 1115 1121 1298
f 1017 1115 1237
f 1184 1017 1237
f 1116 1175 1235
f 1125 1184 1201
f 1121 1116 1235
f 1116 992 1175
f 1125 1017 1184
f 1115 1029 1121
f 1029 1116 1121
f 968 1017 1125
f 1017 963 1115
f 906 992 1116
f 1029 906 1116
f 935 1029 1115
f 968 963 1017
f 935 906 1029
f 1115 963 11368
f 11368 935 1115
f 950 751 968
f 751 963 968
f 825 906 935
f 825 731 906
f 677 825 935
f 653 677 10698
f 10698 751 653
f 677 707 825
f 707 582 825
f 725 653 751
f 9130 653 725
f 593 707 10712
f 10712 653 593
f 435 441 487
f 495 497 757
f 497 487 757
f 529 581 644
f 581 439 686
f 529 439 581
f 435 487 497
f 251 495 11446
f 11446 439 251
f 441 437 626
f 365 483 626
f 437 365 626
f 268 437 441
f 497 495 12024
f 9500 251 439
f 435 284 441
f 284 268 441
f 284 435 497
f 12095 251 232
f 267 282 365
f 267 365 437
f 12024 11786 497
f 11786 284 497
f 268 267 437
f 181 267 268
f 267 122 282
f 161 175 284
f 178 268 284
f 175 178 284
f 180 232 251
f 178 181 268
f 9500 180 251
f 181 88 267
f 180 93 232
f 175 43 178
f 178 43 181
f 120 180 9500
f 120 93 180
f 93 161 232
f 161 56 175
f 56 43 175
f 93 56 161
f 43 88 181
f 88 122 267
f 125 59 157
f 122 33 125
f 33 59 125
f 27 93 120
f 88 33 122
f 153 46 9500
f 46 120 9500
f 46 27 120
f 27 56 93
f 43 42 88
f 42 33 88
f 33 12 59
f 27 18 56
f 18 43 56
f 29 27 46
f 18 27 29
f 4 18 29
f 5 33 42
f 18 5 42
f 4 5 18
f 5 12 33
f 18 42 43
f 535 464 548
f 516 418 663
f 418 526 663
f 319 516 11656
f 572 490 713
f 526 499 574
f 548 491 9246
f 464 491 548
f 499 464 535
f 491 420 529
f 491 529 9246
f 370 499 526
f 418 295 526
f 319 418 516
f 410 464 499
f 464 410 491
f 11656 490 319
f 295 370 526
f 410 420 491
f 410 240 420
f 240 410 499
f 319 349 418
f 349 295 418
f 264 240 499
f 370 264 499
f 295 298 370
f 319 287 349
f 295 204 298
f 263 319 490
f 204 295 349
f 287 204 349
f 298 264 370
f 215 9500 420
f 240 215 420
f 237 287 319
f 263 237 319
f 188 204 287
f 204 163 298
f 146 264 298
f 174 240 264
f 174 215 240
f 146 174 264
f 153 9500 215
f 237 188 287
f 163 146 298
f 188 139 204
f 143 237 263
f 174 153 215
f 139 163 204
f 139 146 163
f 139 188 237
f 90 139 237
f 143 91 237
f 59 91 143
f 146 62 174
f 139 62 146
f 62 153 174
f 90 62 139
f 39 90 237
f 91 39 237
f 59 12 91
f 62 46 153
f 39 4 90
f 12 39 91
f 29 62 90
f 29 46 62
f 4 29 90
f 5 4 12
f 12 4 39
f 451 533 536
f 412 451 536
f 534 412 536
f 412 9158 451
f 9316 9158 412
f 9158 9145 451
f 9130 593 653
f 564 641 666
f 442 9317 641
f 564 442 641
f 533 467 629
f 451 467 533
f 467 381 638
f 9145 381 467
f 381 564 638
f 381 442 564
f 451 9145 467
f 381 248 442
f 248 9317 442
f 9317 248 12053
f 286 381 9145
f 286 248 381
f 9124 372 9130
f 9130 9317 11073
f 11073 9124 9130
f 9349 344 363
f 9124 363 372
f 9124 9349 363
f 144 336 344
f 9349 144 344
f 248 9103 9178
f 9103 248 286
f 9145 9103 286
f 9158 9103 9145
f 9178 9133 9124
f 9133 9349 9124
f 9158 64 9103
f 64 9178 9103
f 9349 31 144
f 64 9133 9178
f 9280 64 9158
f 9133 19 9349
f 19 9133 64
f 19 31 9349
f 19 9454 31
f 9454 9280 9225
f 9280 9454 19
f 9280 19 64
f 544 582 707
f 544 541 582
f 593 544 707
f 438 541 544
f 438 544 593
f 9130 372 593
f 344 438 593
f 372 363 593
f 363 344 593
f 344 336 378
f 11119 10243 7779
f 7687 9265 10325
f 7687 10325 11950
f 10787 10530 7687
f 7644 7665 7747
f 10530 7665 7687
f 7833 9597 10338
f 9597 7794 9433
f 7794 10096 12179
f 7664 9433 10537
f 7664 7776 9433
f 7664 10537 11577
f 12257 9928 7666
f 7632 7758 10853
f 7666 9928 12220
f 7796 7843 10658
f 10658 9659 7796
f 9433 7776 10029
f 7776 7753 7859
f 9659 7764 7796
f 9898 7727 7764
f 7664 7753 7776
f 11994 10202 7727
f 9192 7727 9614
f 7764 7727 12645
f 12645 9399 7764
f 7824 7796 11174
f 11174 7736 7824
f 7736 7716 7824
f 7736 7764 12030
f 7716 11634 12738
f 7662 7716 7736
f 7724 10976 11269
f 7695 10976 10985
f 10985 7608 7695
f 7662 7736 10597
f 9384 7724 9983
f 9384 7678 11707
f 7519 7522 7537
f 7472 7519 11239
f 7454 7519 11020
f 11020 7455 7454
f 7472 9890 11190
f 7370 7454 7455
f 7742 7691 11481
f 7625 7644 7691
f 7625 9634 12208
f 9634 9603 7586
f 12208 11244 7625
f 7583 7625 10273
f 7586 9603 10505
f 7537 7522 10751
f 9425 7522 12433
f 10505 7548 7586
f 12991 11014 7587
f 11709 10775 7520
f 7519 7472 7522
f 11014 7506 7587
f 7587 10233 10975
f 10775 7478 7520
f 7522 7472 7548
f 7472 7478 7548
f 11190 7478 7472
f 7478 7457 7520
f 7457 7349 7520
f 7593 9265 12682
f 7644 7583 7665
f 7687 7665 10780
f 7625 7583 7644
f 12682 10780 7593
f 9230 7584 10600
f 7583 10273 11858
f 7593 10948 11422
f 10600 7549 9230
f 11422 7549 7593
f 7666 12220 12708
f 9192 9614 10554
f 10554 9877 9192
f 9265 7593 10847
f 10853 10847 7632
f 9229 7632 10957
f 9399 9192 11792
f 7636 9399 10446
f 9372 7636 10351
f 7615 9192 9846
f 7662 10597 12484
f 7599 7608 7662
f 7608 7595 7695
f 12484 7599 7662
f 9372 7599 7636
f 7599 9284 7608
f 7595 7608 12062
f 9372 7532 7599
f 7532 9284 7599
f 9384 9983 10279
f 10279 7678 9384
f 7678 7663 7690
f 7678 7648 12171
f 12171 7663 7678
f 7574 7648 11183
f 11183 7595 7574
f 7659 7663 10353
f 12759 10161 7562
f 7574 7595 10007
f 7562 7577 12402
f 10007 9740 7574
f 7546 7577 12475
f 10161 10009 7562
f 11970 9740 7534
f 12475 10009 7546
f 10276 7484 7534
f 7534 7502 7546
f 7513 7544 10477
f 10477 7546 7513
f 7502 7513 7546
f 7489 7502 7534
f 7489 7452 7502
f 7412 7452 7489
f 9369 7659 9696
f 9369 9696 10801
f 7538 9369 10391
f 10391 7503 7538
f 11464 10196 7503
f 10196 7473 7503
f 7471 7503 11091
f 7502 7452 7513
f 7452 7446 7513
f 10791 7446 7473
f 7471 11091 12985
f 7386 7446 7452
f 7412 7386 7452
f 7446 7365 7473
f 7411 7365 7446
f 7365 7371 7473
f 12795 7371 7416
f 6979 6938 7016
f 6938 6835 7016
f 6857 6837 6938
f 6837 6835 6938
f 6754 6835 6837
f 6429 6754 6837
f 9207 6837 6857
f 9207 6429 6837
f 7209 7156 7233
f 7156 7209 11441
f 7101 7193 7221
f 11441 7018 7156
f 11473 7057 7018
f 7101 7057 7193
f 7066 7101 7135
f 7019 7101 12895
f 6977 7057 7101
f 12895 6917 7019
f 7016 6917 7066
f 6835 6917 7016
f 7019 6977 7101
f 6858 6977 7019
f 6793 7057 12233
f 6793 7018 7057
f 6835 6754 6917
f 6917 6684 7019
f 6754 6684 6917
f 12233 6787 6793
f 6787 6696 6793
f 6858 6787 6977
f 6700 6858 7019
f 6696 6546 6793
f 6700 6566 6858
f 6684 6700 7019
f 7457 9580 11325
f 7370 7455 12997
f 9260 9580 10426
f 7370 7305 7454
f 12997 7321 7370
f 7305 7370 11933
f 7281 7321 11753
f 11753 7319 7281
f 7278 7281 7319
f 7278 7152 7281
f 7178 7305 9884
f 7178 9884 10324
f 7156 7152 7278
f 9260 10426 11312
f 7178 6936 7305
f 10324 7010 7178
f 7152 7010 7281
f 7018 7152 7156
f 6793 6985 7018
f 7018 6985 7152
f 6985 7010 7152
f 7010 6854 7178
f 6985 6854 7010
f 6793 6854 6985
f 7178 10120 10672
f 6793 6546 6854
f 6729 6936 10822
f 10822 10672 6729
f 10120 6653 6811
f 7349 7457 10500
f 7386 7411 7446
f 7386 7339 7411
f 7371 9411 7416
f 9131 7416 11592
f 7324 7365 7411
f 7339 7324 7411
f 7365 7324 7371
f 7324 9411 7371
f 9244 7324 7339
f 11592 7242 9131
f 7154 9411 11660
f 7173 7242 9411
f 11660 9872 7154
f 7173 9411 11991
f 9872 7082 7154
f 7154 7082 12091
f 6806 6870 7082
f 7242 7173 9131
f 7173 7202 7292
f 7146 7119 7202
f 7173 7153 7202
f 7149 7195 11000
f 7153 7146 7202
f 11991 7087 7173
f 11000 7060 7149
f 7072 7095 7149
f 7060 7072 7149
f 7087 7153 7173
f 6853 7087 7154
f 6886 7060 7119
f 6886 7119 7146
f 7087 7008 7153
f 6853 7008 7087
f 6941 7146 7153
f 6941 6886 7146
f 7060 6885 7072
f 7008 6941 7153
f 6886 6947 7060
f 6947 6885 7060
f 6860 6941 7008
f 6853 6860 7008
f 12091 6853 7154
f 6838 6886 6941
f 6853 6714 6860
f 6701 6885 6947
f 6886 6838 6947
f 6860 9111 6941
f 9111 6838 6941
f 6838 6697 6947
f 6697 6701 6947
f 6714 6853 6870
f 9111 6697 6838
f 7078 7132 7208
f 7095 7054 7208
f 7054 7078 7208
f 7072 7054 7095
f 7054 6984 7078
f 7078 6969 7132
f 6980 7054 7072
f 6980 6984 7054
f 6885 6980 7072
f 6984 6969 7078
f 6763 6969 6984
f 6885 6792 6980
f 6980 6763 6984
f 6763 6823 6969
f 6823 9381 9259
f 6701 6710 6885
f 6710 6792 6885
f 6792 6591 6980
f 6591 6763 6980
f 6763 6717 6823
f 6683 6717 6763
f 6591 6683 6763
f 6635 9381 6823
f 6635 6469 9381
f 6710 6591 6792
f 4945 4856 5281
f 4531 4856 4945
f 9099 6383 6718
f 5795 9142 9099
f 6051 5942 9132
f 5518 5795 5942
f 5526 5518 5942
f 5795 5557 9142
f 5320 5481 5542
f 5481 5175 5526
f 5326 5518 5526
f 5175 5180 5526
f 5175 4875 5180
f 5007 4875 5175
f 4875 4951 5180
f 4856 9091 5007
f 9091 4875 5007
f 6429 6539 6754
f 9207 6403 6429
f 6539 6684 6754
f 6684 9200 6700
f 6527 9200 6684
f 9304 6696 6787
f 6566 6787 6858
f 6539 6527 6684
f 6277 9304 6787
f 6566 6277 6787
f 9200 6566 6700
f 9304 6546 6696
f 6320 6527 6539
f 9304 6037 6546
f 6527 6270 9200
f 6320 6270 6527
f 6133 6320 6429
f 6429 6320 6539
f 9477 6270 6320
f 6270 9477 9200
f 6133 9477 6320
f 9477 5873 9200
f 5981 6277 6566
f 9200 5981 6566
f 5950 6037 9304
f 6277 5926 9304
f 5926 5950 9304
f 5873 5981 9200
f 5950 9239 6037
f 5981 5789 6277
f 5789 5926 6277
f 5650 9239 5950
f 5873 5789 5981
f 5789 5701 5926
f 5701 5693 5926
f 5926 5650 5950
f 5693 5650 5926
f 5650 5494 9239
f 5494 5319 9239
f 5494 5085 11099
f 5319 5494 10513
f 10513 4863 5319
f 11337 6032 6653
f 12660 6546 6032
f 6653 6149 6811
f 6037 6032 6546
f 6032 6070 6653
f 6070 6149 6653
f 6070 5917 6149
f 6032 6037 12281
f 6070 10874 12040
f 5872 5917 6070
f 5642 5728 5917
f 10874 9239 5852
f 5872 5642 5917
f 12040 5872 6070
f 9239 5319 5852
f 5852 5528 5872
f 5528 5642 5872
f 5642 9274 5728
f 5528 5408 5642
f 5408 9274 5642
f 5319 5214 5852
f 5214 5528 5852
f 5117 9274 5408
f 5214 5408 5528
f 4933 5214 5319
f 4863 4933 5319
f 5214 4588 5408
f 4588 5117 5408
f 6382 9111 6860
f 6714 6382 6860
f 6701 6526 6710
f 6714 6870 11960
f 12551 6806 6343
f 6308 6526 6701
f 6272 6382 6714
f 6697 6308 6701
f 9111 6223 6697
f 6223 6308 6697
f 11960 6272 6714
f 6125 6223 9111
f 6223 6175 6308
f 6308 6175 6526
f 9111 6382 11808
f 11808 6125 9111
f 6125 5914 6223
f 5753 6175 6223
f 6222 5924 6343
f 6057 6272 6343
f 5924 6057 6343
f 6006 5924 6222
f 6175 6005 6526
f 6074 6526 12903
f 5914 5753 6223
f 6272 5732 6382
f 5732 6075 6382
f 6057 5732 6272
f 5753 5880 6175
f 6075 5866 6125
f 5866 5914 6125
f 5924 5646 6057
f 5730 5646 5924
f 5730 5924 6006
f 5732 5866 6075
f 5647 5753 5914
f 5866 5647 5914
f 9461 5730 6006
f 5753 5698 5880
f 5647 5698 5753
f 5732 5628 5866
f 5647 5534 5698
f 5534 5647 5866
f 5628 5534 5866
f 5646 5502 5656
f 5502 5646 5730
f 9461 5502 5730
f 5311 5732 6057
f 5656 5311 6057
f 5315 5628 5732
f 5311 5315 5732
f 5405 5502 9461
f 5502 5311 5656
f 5210 5311 5502
f 5086 5534 5628
f 5086 9392 5534
f 5315 5086 5628
f 5405 5183 5502
f 5183 5210 5502
f 5087 5086 5315
f 5311 5082 5315
f 5210 5082 5311
f 5224 5183 5405
f 4936 5183 5224
f 5183 4936 5210
f 9392 5086 11522
f 4854 5087 5315
f 5082 4854 5315
f 4873 5082 5210
f 4872 4936 5224
f 6683 6416 6717
f 6591 6710 12383
f 6591 6315 6683
f 6332 6315 6591
f 12383 6332 6591
f 6315 6416 6683
f 6315 6326 6416
f 6074 6315 6332
f 6315 9324 6326
f 6074 9324 6315
f 6074 6332 6526
f 6469 6437 9381
f 6488 6420 6739
f 5932 5794 6280
f 5794 6082 6280
f 5885 5811 5932
f 5811 5794 5932
f 5345 5886 6082
f 5794 5487 6082
f 5487 5345 6082
f 5487 5794 5811
f 5283 5345 5487
f 5096 5283 5487
f 5283 4958 5345
f 5345 5318 5736
f 5451 9125 5832
f 4958 5318 5345
f 5318 4928 5451
f 4848 4958 5283
f 4958 4928 5318
f 4864 4844 4928
f 4864 4928 4958
f 4848 4864 4958
f 9311 9091 4856
f 4856 4531 11628
f 11628 9311 4856
f 4483 4359 4531
f 4258 4483 4572
f 3974 4359 4483
f 4258 4001 4483
f 4001 3974 4483
f 3974 3836 9114
f 9089 3974 4001
f 3890 9089 4001
f 9089 3836 3974
f 9091 4472 4875
f 4472 9109 4875
f 4343 4472 9091
f 4863 4542 4933
f 4857 4542 4863
f 9305 4588 5214
f 4933 9305 5214
f 9305 9167 4588
f 9305 4933 10369
f 4542 4379 11604
f 10369 4335 9305
f 11604 3917 4542
f 3917 4335 4542
f 4335 3808 9305
f 3769 3917 9197
f 3917 3650 4335
f 4159 9167 9305
f 3650 3808 4335
f 3725 4159 12464
f 12464 3808 3725
f 3769 3650 3917
f 3672 3650 3769
f 3650 3545 3808
f 3545 3725 3808
f 3545 3650 3672
f 3428 3531 3725
f 3428 3155 3531
f 3545 3672 12151
f 3545 3428 3725
f 12151 3428 3545
f 3155 3151 3531
f 3266 3421 3672
f 12384 3357 3428
f 3608 3693 3727
f 3559 3608 3733
f 3576 10521 10837
f 3559 3444 3608
f 3608 3444 3693
f 3424 3444 3559
f 3424 3559 3576
f 10837 3424 3576
f 3195 10687 11386
f 3031 3424 3595
f 11386 3444 3195
f 4936 4873 5210
f 9392 11522 12646
f 4482 4636 5087
f 4854 4482 5087
f 4873 4587 5082
f 4587 4854 5082
f 4635 4492 4936
f 4492 4873 4936
f 4482 4377 4636
f 4492 4399 4873
f 4399 4492 4635
f 4399 4587 4873
f 4399 4304 4587
f 4587 4156 4854
f 4156 4482 4854
f 4304 3990 4587
f 3990 4156 4587
f 3894 4377 4482
f 4156 3894 4482
f 3823 3990 4304
f 3990 3576 4156
f 3823 3576 3990
f 3894 3727 9237
f 3608 3727 3733
f 3733 3894 4156
f 3733 3727 3894
f 3576 3559 3733
f 3576 3733 4156
f 4848 4372 4864
f 4559 4474 4844
f 4433 4372 4848
f 4372 4559 4864
f 2354 2095 2430
f 2095 2428 2430
f 2141 2095 2354
f 3177 3357 3421
f 3357 3155 3428
f 3034 3177 3421
f 3266 3047 3421
f 3177 3155 3357
f 3047 3034 3421
f 2892 3155 10536
f 2853 2892 9987
f 2853 9987 10539
f 10539 2851 2853
f 3034 3047 11659
f 2793 2845 11335
f 2684 2851 3034
f 11659 2684 3034
f 2853 2851 12906
f 2578 2684 2845
f 2629 2853 10551
f 2793 2578 2845
f 2684 2578 12472
f 2578 2793 12717
f 2629 10551 10713
f 10713 2491 2629
f 2528 2578 11738
f 11738 2434 2528
f 2434 2369 2528
f 2491 10818 12180
f 2376 2292 2434
f 2292 2277 2434
f 2277 2369 2434
f 2277 2235 2369
f 2126 2292 2376
f 2171 2277 2292
f 2235 2277 12714
f 2481 2440 10758
f 2143 2320 2508
f 2377 2143 2508
f 2143 2246 2320
f 2177 2143 2377
f 2177 2377 10756
f 10756 2316 2177
f 3424 3292 3444
f 3031 3292 3424
f 3292 9487 3444
f 9487 3195 3444
f 3031 3018 3292
f 3018 9487 3292
f 3124 3031 3595
f 3329 3195 12989
f 2819 3031 3124
f 2819 3018 3031
f 2819 9487 3018
f 12989 11475 3329
f 11475 10112 3329
f 2790 2819 3124
f 9487 2819 9691
f 10285 2790 2496
f 9691 2866 9487
f 2494 2496 2790
f 2655 2866 11749
f 9466 2494 2790
f 2508 2563 12143
f 11749 10671 2655
f 12143 10671 2508
f 11917 2481 2377
f 2440 2494 9466
f 2494 2481 2496
f 2440 2481 2494
f 2095 2039 2191
f 2191 1989 2216
f 2039 1989 2191
f 1866 1989 12373
f 12373 1864 1866
f 1866 1906 1989
f 1691 1864 2039
f 1550 1591 1866
f 1864 10655 10676
f 1864 1550 1866
f 10676 9839 1864
f 9839 1550 1864
f 1550 1526 1591
f 11989 1526 1550
f 9206 1526 9358
f 1281 9358 1579
f 9195 1281 1579
f 2126 2171 2292
f 2235 2167 2254
f 12714 9967 2235
f 12170 10341 2060
f 9967 2167 2235
f 2051 2167 12417
f 2114 2126 2154
f 2060 10341 10930
f 2048 1945 2114
f 10930 1956 2060
f 1915 2051 10776
f 1945 1956 2114
f 2060 1956 12466
f 1883 1915 10269
f 1945 1923 1956
f 1876 1923 10783
f 10269 1923 1883
f 1945 1940 10284
f 10783 10284 1876
f 1883 1923 11769
f 1837 1876 1885
f 11769 1833 1883
f 1833 1789 1883
f 1833 1876 11678
f 1789 1833 10364
f 1794 1885 1890
f 1794 1837 1885
f 10364 1772 1789
f 2246 2245 2370
f 2118 2143 2177
f 9358 9104 9206
f 365 402 483
f 365 282 402
f 402 282 12922
f 282 201 313
f 122 201 282
f 122 125 201
f 125 157 201
f 201 157 253
f 490 572 9164
f 9335 490 9164
f 9335 263 490
f 253 263 9335
f 157 143 263
f 59 143 157
f 253 157 263
f 7349 7506 7520
f 7349 7433 7506
f 7391 7386 7412
f 7339 7386 7391
f 10510 6981 7082
f 5117 5398 9274
f 6451 6505 6811
f 6149 6451 6811
f 5917 5728 6112
f 6149 5917 6216
f 5917 6112 6216
f 5728 5876 6112
f 5117 4695 5398
f 6222 6343 6806
f 6212 6222 6806
f 6212 6097 6222
f 6097 6006 6222
f 5907 9461 6006
f 5907 6006 6097
f 5205 5224 5405
f 4872 4635 4936
f 5205 4872 5224
f 4588 4485 5117
f 9167 4485 4588
f 3725 3533 4159
f 3531 3533 3725
f 4211 3823 4304
f 4617 4635 4872
f 4617 4399 4635
f 4373 4399 4617
f 4373 4304 4399
f 4211 4304 4373
f 2892 3151 3155
f 2853 2629 2892
f 2629 2763 2892
f 12180 11552 2491
f 3150 3124 3595
f 2837 2790 11690
f 1915 10186 10316
f 10186 1789 1840
f 7943 7936 7966
f 7885 7915 7936
f 7884 7936 7943
f 7901 7884 7943
f 7884 7885 7936
f 7884 7883 7885
f 7872 7884 7901
f 7885 7875 7915
f 7915 7869 7918
f 7869 7915 11076
f 7864 7875 7885
f 7883 7864 7885
f 7835 7883 7884
f 7872 7835 7884
f 7828 7866 7869
f 7832 7864 7883
f 11076 7840 7869
f 7864 7837 7875
f 7837 7840 7875
f 7835 7832 7883
f 7826 7837 7864
f 7832 7826 7864
f 7837 7826 7840
f 7826 7806 7840
f 7808 7835 7872
f 7817 7808 7872
f 7811 7832 7835
f 7808 7811 7835
f 7812 7826 7832
f 7811 7812 7832
f 7812 7806 7826
f 7806 7807 7840
f 7869 7840 10293
f 10293 7828 7869
f 12468 7770 7828
f 7807 7788 7840
f 7788 7784 7840
f 7811 7787 7812
f 7787 7806 7812
f 7759 7788 7807
f 7806 7768 7807
f 7787 7768 7806
f 7808 7778 7811
f 7778 7787 7811
f 7768 7759 7807
f 7759 7761 7788
f 7749 7768 7787
f 7749 7759 7768
f 7739 7784 7788
f 7761 7739 7788
f 7759 7717 7761
f 7749 7717 7759
f 7737 7770 7784
f 7717 7739 7761
f 7739 7737 7784
f 7668 7749 7787
f 7668 7787 12963
f 7700 7737 7739
f 7700 7702 7737
f 7717 7694 7739
f 7708 7778 7808
f 7743 7708 7808
f 12963 7708 7668
f 7668 7717 7749
f 7668 7701 7717
f 7701 7694 7717
f 7694 7700 7739
f 7702 7693 7720
f 7693 7698 7720
f 7627 7640 7708
f 7640 7668 7708
f 7668 7660 7701
f 7669 7694 7701
f 7700 7673 7702
f 7694 7669 7700
f 7669 7673 7700
f 7673 7693 7702
f 7673 7679 7693
f 8010 7933 10605
f 8046 8016 10637
f 7989 8010 10796
f 7918 7989 8016
f 7940 7933 8010
f 7989 7940 8010
f 7918 7940 7989
f 7918 7869 7940
f 7869 7866 7940
f 7795 7808 7817
f 7795 7743 7808
f 7795 7752 10423
f 7681 9415 7726
f 10423 9723 7795
f 7743 9925 11048
f 7708 7743 10665
f 7492 7466 7508
f 7447 7443 7492
f 7443 7466 7492
f 7402 7428 7466
f 7466 7443 10974
f 9385 7390 7443
f 7410 7402 10688
f 7606 11906 12921
f 12921 7619 7606
f 7607 7619 9930
f 7606 7619 11270
f 7579 7600 7606
f 7564 7579 7606
f 11270 7564 7606
f 7539 7579 12449
f 7589 7556 10464
f 7607 10480 11240
f 7607 11240 11247
f 7579 7539 11674
f 11247 7525 7607
f 7525 7564 7607
f 12449 7525 7539
f 13000 7462 7529
f 7492 7508 7539
f 7508 7526 7539
f 7525 7460 7539
f 7383 7525 7529
f 7383 7460 7525
f 7447 7492 7539
f 7460 7447 7539
f 7419 7447 7460
f 7462 7420 7529
f 7383 7419 7460
f 7419 7432 7447
f 7432 9385 7447
f 10464 9930 7589
f 12201 7635 7589
f 7657 7596 7703
f 7616 7633 7674
f 7635 7703 12229
f 7633 7616 7657
f 7616 7596 7657
f 12229 7589 7635
f 12974 11685 7589
f 7573 7596 7616
f 7616 9705 10515
f 11685 7556 7589
f 7480 7556 7573
f 10515 7573 7616
f 7480 7573 10033
f 10033 9652 7480
f 7480 7536 7556
f 7536 7480 12432
f 7462 7536 11199
f 11199 7420 7462
f 7671 7614 7674
f 7613 7647 7670
f 7649 7613 7670
f 7613 7614 7647
f 7614 7616 7674
f 7552 7613 7631
f 7613 7569 7614
f 9288 9705 9888
f 7630 7642 7667
f 7650 7585 7651
f 7640 7660 7668
f 7673 7650 7679
f 7669 7650 7673
f 7660 7582 7701
f 7640 7582 7660
f 7582 7669 7701
f 7582 7550 7669
f 7524 7582 12371
f 12371 7572 7524
f 7524 7550 7582
f 7524 7510 11643
f 7463 9312 7510
f 7570 9415 7681
f 9925 9723 7618
f 10665 7627 7708
f 7570 7592 9415
f 7592 7605 9415
f 7640 7627 10792
f 11397 7618 7591
f 7570 7588 7592
f 7605 7591 7618
f 10792 7572 7640
f 7605 10779 11734
f 10779 7588 7568
f 7570 7531 7588
f 7591 7605 11689
f 7531 9924 10977
f 7531 7551 7588
f 11689 7555 7591
f 7555 7572 7591
f 7510 7524 7572
f 7551 7568 7588
f 7555 7510 7572
f 7485 7555 7568
f 7531 9204 7551
f 7485 7510 7555
f 7421 7485 7568
f 7551 7421 7568
f 7421 7551 12692
f 7413 7463 12453
f 12453 7485 7413
f 7413 7485 12594
f 7570 7604 9607
f 9924 9607 7542
f 7511 9204 7531
f 10977 7511 7531
f 7504 7511 7542
f 7488 7477 7496
f 7496 7504 7516
f 7504 7474 7511
f 7496 7459 7504
f 7459 7474 7504
f 7477 7459 7496
f 7475 7477 7488
f 7475 7459 7477
f 7468 7459 7475
f 7474 9204 7511
f 7476 7475 7488
f 7465 7468 7475
f 7465 9291 7468
f 7465 7475 11680
f 7459 7441 7474
f 7441 7444 7474
f 9291 7440 7468
f 7445 9204 7474
f 7444 7445 7474
f 7440 7459 7468
f 7445 7395 9204
f 7444 7403 7445
f 7441 7403 7444
f 7364 7441 7459
f 7440 7364 7459
f 7364 7389 7441
f 11680 7451 7465
f 7465 7451 10951
f 7438 7427 12246
f 9291 7465 11993
f 12246 11993 7438
f 12908 7399 7418
f 7414 7399 7451
f 12241 10951 7437
f 6794 6801 6898
f 7265 7309 7331
f 7293 7331 7334
f 7293 7265 7331
f 7120 7265 7293
f 7265 7126 7309
f 7249 7293 7334
f 7314 7199 7334
f 7199 7249 7334
f 7120 7126 7265
f 7205 7199 7314
f 7126 7191 7309
f 7249 7120 7293
f 7199 7166 7249
f 7166 7110 7249
f 7148 7199 7205
f 7148 7166 7199
f 7126 6972 7191
f 7110 7106 7249
f 7106 7120 7249
f 7108 7109 7166
f 7109 7110 7166
f 7148 7108 7166
f 7106 7056 7120
f 6972 7080 7191
f 7088 7106 7110
f 7109 7088 7110
f 7064 7088 7109
f 7120 6997 7126
f 7056 6997 7120
f 6997 6972 7126
f 7088 7031 7106
f 7031 7056 7106
f 7064 7011 7088
f 7035 6991 7064
f 7108 7064 7109
f 7035 7064 7108
f 6972 7006 7080
f 6982 6972 6997
f 6991 6896 7011
f 6986 6892 6991
f 7006 7038 7080
f 6861 6997 7056
f 7031 6861 7056
f 7011 7031 7088
f 6928 6972 6982
f 6892 6896 6991
f 6956 6892 6986
f 6888 6982 6997
f 6888 6928 6982
f 6895 6888 6997
f 6896 6908 7011
f 7011 6908 7031
f 6861 6895 6997
f 6898 6801 6956
f 6908 6861 7031
f 6972 6846 7006
f 6928 6846 6972
f 6846 6841 7006
f 6896 6812 6908
f 6892 6812 6896
f 6801 6892 6956
f 6801 6812 6892
f 6888 6846 6928
f 6693 6861 6908
f 6812 6373 6908
f 6644 6373 6812
f 6801 6644 6812
f 6720 6841 6846
f 6720 6670 6841
f 6720 6846 6888
f 6861 6693 6895
f 6686 6693 6908
f 6373 6686 6908
f 9385 7443 7447
f 10688 7390 7410
f 7402 7361 7428
f 7400 7361 7402
f 7394 7400 7402
f 7394 7402 7410
f 7374 7394 7410
f 7374 7410 12243
f 9385 7356 7390
f 7394 7337 7400
f 7333 7361 7400
f 7337 7333 7400
f 7331 7309 7337
f 7334 7331 7337
f 7334 7337 11793
f 11793 7374 7334
f 12243 7336 7374
f 7356 7336 7390
f 9385 7322 7356
f 7336 7314 7374
f 7309 7333 7337
f 7279 9385 7363
f 7314 7334 7374
f 7264 7336 7356
f 7322 7264 7356
f 7279 7322 9385
f 7309 7191 7333
f 7191 7306 7333
f 7234 7264 7322
f 7264 7201 7336
f 7234 7201 7264
f 7279 7177 7322
f 7177 7234 7322
f 7205 7314 10768
f 7177 7091 7234
f 10768 7201 7205
f 7174 7177 7279
f 7201 7075 7205
f 7075 7201 7234
f 7080 7038 7191
f 7068 7234 12902
f 7051 7091 7177
f 12902 6914 7068
f 7051 6830 7091
f 6914 9121 7068
f 6961 6830 7051
f 6830 6914 7091
f 9121 6764 7023
f 6830 6622 6914
f 6740 6830 6961
f 6622 9121 6914
f 7419 7307 7432
f 7307 9385 7432
f 7307 7363 9385
f 7383 7307 7419
f 7326 7383 7529
f 7529 9682 10177
f 7307 7267 7363
f 7326 7307 7383
f 10177 7326 7529
f 7325 9682 9865
f 7267 7279 7363
f 7222 7307 7326
f 7222 7267 7307
f 7325 7222 7326
f 9865 7170 7325
f 7267 7174 7279
f 7222 7174 7267
f 7144 7222 7325
f 7170 6943 7325
f 7144 7325 12530
f 7170 7224 10330
f 6974 7174 7222
f 7174 6974 7177
f 7144 6974 7222
f 12530 7034 7144
f 6974 7051 7177
f 6974 6961 7051
f 10330 6943 7170
f 7034 6974 7144
f 6949 7034 11097
f 11097 6796 6949
f 6927 6974 7034
f 6949 6927 7034
f 6905 6961 6974
f 6927 6905 6974
f 6905 6699 6961
f 6796 10577 12122
f 6672 6927 6949
f 6796 6672 6949
f 6768 6699 6905
f 6768 6905 6927
f 6672 6762 6927
f 7224 7420 10793
f 10793 7096 7224
f 11859 7354 7096
f 7096 7047 7224
f 7134 7096 7354
f 7096 7134 11348
f 6654 10577 12320
f 11348 7047 7096
f 6663 6707 7047
f 12320 6707 6654
f 9122 6043 6963
f 7131 7382 7463
f 7223 7131 11127
f 7131 7223 11580
f 6882 6844 7026
f 6844 6875 7026
f 6875 6844 7053
f 12692 7395 7421
f 12594 12089 7413
f 12089 7343 7413
f 7463 7413 12826
f 7395 7344 7421
f 7350 7344 7395
f 7344 7227 7421
f 9472 7344 7350
f 7296 9472 7350
f 9472 7227 7344
f 7343 7227 12655
f 11127 7343 7223
f 9472 6894 7227
f 12992 6894 6932
f 7223 7343 12010
f 6894 9472 9375
f 12010 11809 7223
f 6932 6894 12918
f 12554 11809 6882
f 6738 6894 9375
f 6738 6821 6894
f 12918 6455 6932
f 6455 6822 6932
f 12326 6822 6988
f 6743 6882 6988
f 6738 9129 6821
f 7389 7403 7441
f 9291 7408 7440
f 7427 7408 9291
f 7403 7395 7445
f 7408 7364 7440
f 7393 7364 7408
f 7352 7395 7403
f 7393 7408 7427
f 7389 7352 7403
f 7301 7352 7389
f 7364 7330 7389
f 7393 7341 12729
f 7330 7301 7389
f 7311 7330 7364
f 7311 7364 7393
f 7300 7274 7393
f 12729 7300 7393
f 7296 7350 7352
f 7274 7311 7393
f 7268 7296 7352
f 7301 7268 7352
f 7311 7301 7330
f 7268 7301 12349
f 7274 9469 7311
f 9469 7274 7300
f 7268 9375 7296
f 12349 9795 7268
f 7136 9469 7300
f 9375 9472 7296
f 9795 6946 7268
f 7050 9375 7268
f 6946 7050 7268
f 6903 9469 7136
f 6915 9375 7050
f 11427 6903 6946
f 6851 6903 7136
f 6843 6851 11524
f 6826 6946 10811
f 6915 6738 9375
f 6826 10811 10917
f 6946 6759 7050
f 6826 6759 6946
f 6759 6586 7050
f 6586 6915 7050
f 10917 6711 6826
f 6843 6757 6851
f 9129 6738 6915
f 9345 6757 6843
f 6586 6538 6915
f 6538 9129 6915
f 7415 7427 7438
f 7437 7409 7438
f 7407 7409 7437
f 7418 7404 7437
f 7404 7407 7437
f 7407 7381 7409
f 7369 7345 7381
f 7369 7381 7407
f 7415 7393 7427
f 7341 7393 7415
f 7360 7415 7438
f 7409 7360 7438
f 7376 7399 7414
f 7404 7373 7407
f 7373 7404 7418
f 7373 7369 7407
f 7345 7366 7381
f 7360 7341 7415
f 7367 7360 7409
f 7381 7367 7409
f 7399 7342 7418
f 7342 7373 7418
f 7318 7342 7399
f 7376 7318 7399
f 7340 7345 7369
f 7342 7290 7373
f 7316 7369 7373
f 7316 7340 7369
f 7290 7316 7373
f 7219 7340 11237
f 7318 7238 7342
f 7238 7290 7342
f 7275 7238 7318
f 7290 7248 7316
f 7219 11237 12033
f 7238 7212 7290
f 7175 7238 7275
f 7212 7248 7290
f 7175 7138 7238
f 7138 7212 7238
f 7212 7033 7248
f 7033 7086 7248
f 7069 7138 7175
f 7138 7033 7212
f 7069 7000 7138
f 6810 7033 7138
f 6810 6913 7033
f 7000 6810 7138
f 6904 7000 7069
f 6807 6897 7069
f 6897 6904 7069
f 6904 6736 7000
f 6766 6810 7000
f 6897 6736 6904
f 6736 6766 7000
f 6810 6667 6913
f 6667 6694 6913
f 6731 6667 6810
f 6766 6646 6810
f 6646 6731 6810
f 6772 6736 6807
f 6807 6736 6897
f 6666 6736 6772
f 6736 6646 6766
f 12033 7196 7219
f 7086 7196 7248
f 7086 7033 7128
f 7049 7115 7196
f 7086 7049 7196
f 7049 7059 7115
f 7033 6913 7128
f 7049 7086 7128
f 7049 6931 7059
f 6931 6868 7059
f 6872 7049 7128
f 6913 6872 7128
f 6872 6931 7049
f 6755 6868 6931
f 6872 6755 6931
f 6638 6755 6872
f 6694 6872 6913
f 6694 6638 6872
f 6638 6474 6755
f 6794 6567 6801
f 6644 6801 10942
f 10942 6301 6644
f 6185 6301 6567
f 6185 6034 6301
f 5721 6034 6185
f 5721 5850 6034
f 5850 5643 6034
f 6185 5902 10604
f 5155 5721 11848
f 11848 10604 5155
f 5163 5850 11731
f 11731 5155 5163
f 5163 5257 5850
f 5155 5108 5163
f 4955 5155 5425
f 4955 5108 5155
f 5163 5053 5257
f 5053 5213 5257
f 5108 4934 5163
f 4934 5053 5163
f 4955 4934 5108
f 4934 4755 5053
f 6720 6888 11631
f 6400 6888 6895
f 6693 6400 6895
f 6686 6485 6693
f 6373 6134 6686
f 11631 6489 6720
f 6439 6485 6686
f 6485 6400 6693
f 6134 6439 6686
f 6301 6373 6644
f 6301 6034 6373
f 6439 6168 6485
f 12537 6245 6489
f 6245 9189 6489
f 6218 6400 6485
f 6218 6245 6400
f 6168 6218 6485
f 6034 6134 6373
f 6134 5960 6439
f 5960 6168 6439
f 6084 9189 6245
f 6084 6071 9189
f 6218 6065 6245
f 6168 6065 6218
f 6065 6084 6245
f 6090 5996 6142
f 5951 5957 5996
f 5996 5957 6142
f 6071 5996 6090
f 5996 6071 6084
f 6034 5643 6134
f 6065 5951 6084
f 5951 5996 6084
f 5771 6065 6168
f 5643 5663 6134
f 5663 5960 6134
f 5960 5765 6168
f 5765 5771 6168
f 5957 5790 6142
f 5771 5951 6065
f 5951 5771 5957
f 5663 5765 5960
f 5771 5346 5957
f 5765 5374 5771
f 5374 5346 5771
f 5346 9285 5957
f 5663 5374 5765
f 5257 5445 5850
f 5445 5643 5850
f 5643 5445 5663
f 5445 5447 5663
f 5447 5374 5663
f 5257 5213 5445
f 9285 5346 12397
f 5105 5374 5447
f 5105 5346 5374
f 5105 4963 5346
f 5445 5114 5447
f 5114 5105 5447
f 5053 4916 5213
f 5213 4916 5445
f 4916 5114 5445
f 4963 5105 5114
f 4755 4916 5053
f 6699 6740 6961
f 6740 6519 6830
f 6519 6622 6830
f 6622 6614 9121
f 6504 6699 6768
f 6660 6504 6768
f 6504 6427 6699
f 6699 6521 6740
f 6521 6519 6740
f 6427 6521 6699
f 6489 6670 6720
f 6670 6489 6681
f 6412 6264 6504
f 6519 6397 6622
f 6487 6614 6622
f 6487 6379 6614
f 6427 6426 6521
f 9189 6384 6681
f 6489 9189 6681
f 6264 6427 6504
f 6264 6338 6427
f 6426 6519 6521
f 6384 6380 6571
f 6397 6487 6622
f 6264 6213 6338
f 6338 6426 6427
f 6213 6311 6338
f 6426 6397 6519
f 6311 6213 6361
f 6340 6380 6384
f 6338 6311 6340
f 6338 6340 6426
f 6340 6361 6380
f 6340 6311 6361
f 6250 6397 6426
f 6340 6250 6426
f 6250 6340 6384
f 9189 6265 6384
f 6265 6250 6384
f 6397 6262 6487
f 6250 6262 6397
f 6244 6264 6412
f 6244 6213 6264
f 6250 6217 6262
f 6160 6379 6487
f 6071 6250 6265
f 9189 6071 6265
f 6071 6217 6250
f 6217 6090 6262
f 6142 6160 6487
f 6142 6487 12574
f 5722 6213 6244
f 12574 6090 6142
f 6071 6090 6217
f 5665 5722 6244
f 6762 6660 6927
f 6660 6768 6927
f 12122 6053 6796
f 6296 6672 6796
f 6672 6296 6762
f 6495 6504 6660
f 6495 6412 6504
f 6495 6660 6762
f 6296 6495 6762
f 6296 6796 10621
f 6055 6412 6495
f 6296 6055 6495
f 6055 6244 6412
f 10621 5640 6296
f 6055 6296 11767
f 6055 5665 6244
f 12953 10225 5640
f 11767 5738 6055
f 5738 5665 6055
f 10225 5452 5640
f 5335 5665 5738
f 5738 11940 12051
f 4886 5335 5738
f 5452 10718 11024
f 5738 9956 12130
f 12130 4886 5738
f 5118 5452 10628
f 5231 9956 10409
f 6663 6963 12090
f 6053 6654 11434
f 6043 9122 11029
f 6707 9758 11011
f 5548 9758 10651
f 11434 11011 6053
f 5548 10651 10893
f 11873 11408 5543
f 10693 10525 6200
f 10893 10057 5548
f 5340 5543 10963
f 10963 10057 5340
f 4891 10922 11124
f 5131 4739 10434
f 12310 10624 5118
f 4585 10078 10254
f 10434 10362 5131
f 9191 10845 12819
f 10845 5334 5648
f 10362 5285 5131
f 5648 5285 10620
f 5334 5285 5648
f 5131 5285 5334
f 11614 5104 5334
f 4739 5131 10475
f 5131 5334 11381
f 11346 4897 4469
f 5104 4897 5334
f 6126 11164 12261
f 12261 12197 6126
f 11164 5354 5658
f 5470 5354 6294
f 11246 9661 5353
f 5353 10118 12584
f 5658 5354 12111
f 10266 10063 5033
f 5137 4717 12897
f 12584 5104 5353
f 4798 4717 5137
f 6891 10916 12595
f 5547 6844 10794
f 10794 6743 5547
f 5547 6348 6844
f 5897 6294 6572
f 5547 5897 6348
f 5897 5470 6294
f 5547 6743 10410
f 12075 5987 5449
f 5547 5470 5897
f 5547 10410 10469
f 10469 5470 5547
f 5354 5470 9689
f 12897 9689 5137
f 10538 9748 5041
f 4798 5137 11640
f 10967 5129 5137
f 9129 6455 6821
f 5941 6455 11141
f 6455 5941 6822
f 6988 6822 10129
f 10129 5987 6988
f 5987 6743 6988
f 11141 10125 5941
f 10125 10050 5941
f 12779 5775 5987
f 5775 5449 5987
f 10050 5705 5941
f 5705 5775 5941
f 5575 10422 10814
f 5705 5139 5775
f 5139 5705 11504
f 5449 5775 10674
f 10848 10674 5124
f 5575 10814 12203
f 12203 11122 5575
f 11504 10382 5139
f 5124 5139 9667
f 6650 6586 6759
f 6711 6631 6826
f 6757 6711 6851
f 6554 6711 6757
f 6679 6759 6826
f 6679 6650 6759
f 6631 6679 6826
f 6631 11551 12563
f 11551 6554 6457
f 6631 6556 6679
f 6440 6556 6631
f 12563 6440 6631
f 6556 6535 6679
f 6535 6650 6679
f 6535 6586 6650
f 6300 6538 6586
f 6535 6300 6586
f 6440 6512 6556
f 6523 6535 6556
f 6512 6523 6556
f 6523 6512 6592
f 6512 6501 6592
f 6440 6501 6512
f 6523 6446 6535
f 6446 6300 6535
f 6457 6554 6757
f 9345 6457 6757
f 6473 6446 6523
f 6300 9129 6538
f 6356 6440 6457
f 6440 6356 6501
f 6300 6046 9129
f 12987 6046 6109
f 5652 6446 6473
f 6046 6300 6446
f 5652 6046 6446
f 6109 6046 10753
f 10422 10230 5426
f 6667 6418 6694
f 6445 6667 6731
f 6646 6434 6731
f 6434 6445 6731
f 6666 6646 6736
f 6592 6501 6733
f 6501 6666 6733
f 6500 6418 6667
f 6445 6500 6667
f 6434 6646 6666
f 6472 6349 9345
f 6349 6457 9345
f 6330 6356 6457
f 6228 6418 6500
f 6445 6359 6500
f 6339 6359 6445
f 6364 6339 10878
f 6339 6342 6359
f 6342 6339 6349
f 6339 6330 6349
f 6349 6330 6457
f 6330 6339 6364
f 6356 6364 6501
f 6356 6330 6364
f 6501 6364 6666
f 10878 6434 6364
f 6364 6434 6666
f 6359 6256 6500
f 6342 6256 6359
f 6253 6256 6342
f 6256 6228 6500
f 6418 6638 6694
f 6418 6474 6638
f 6228 6159 6418
f 4755 4632 4916
f 10409 9484 5231
f 12556 9558 9484
f 4891 11124 11998
f 4585 10254 10386
f 4333 4388 4739
f 9484 9558 9693
f 4388 4333 11499
f 4158 4585 9588
f 10022 4158 3896
f 4158 9588 12621
f 12621 3956 4158
f 10106 3826 3956
f 11476 3553 3826
f 4502 4897 5104
f 4469 4897 11203
f 10475 4333 4739
f 4333 4469 11315
f 9294 4469 11021
f 11021 9604 9294
f 4098 4333 10238
f 9294 9604 11416
f 3553 4098 9584
f 11416 3716 9294
f 3553 9584 9878
f 9878 9480 3553
f 12213 11202 3716
f 9480 3716 9977
f 4480 5033 10052
f 10052 4798 4480
f 4502 5104 11417
f 4480 4513 5033
f 11417 4513 4502
f 9376 4513 11419
f 4480 4798 9972
f 11419 9563 9376
f 12057 9376 3912
f 9376 9563 9619
f 12016 10971 9470
f 3604 9465 10734
f 10734 9619 3604
f 10971 9465 9470
f 3295 9470 9465
f 5129 10406 10832
f 10406 9748 4227
f 3932 4798 10765
f 4227 9516 9551
f 10765 9568 3932
f 4227 9551 10074
f 3932 9568 9739
f 3932 9739 11382
f 11382 11192 3932
f 10851 3540 9202
f 5124 9667 10246
f 4504 4511 4893
f 4511 4504 4514
f 4504 3600 4514
f 9360 11389 12011
f 8966 8948 8990
f 8990 8948 9695
f 8975 9002 9021
f 9021 9002 9024
f 11057 9024 8963
f 9002 8963 9024
f 12863 9631 9107
f 9002 8975 11233
f 11233 8963 9002
f 8990 9695 9896
f 10507 8945 8975
f 8945 8914 8963
f 8905 8914 8945
f 8914 9245 8963
f 9003 10381 11357
f 12524 9862 9024
f 11357 9836 9003
f 9003 8979 9105
f 9107 8979 9003
f 8971 9105 11034
f 9276 9105 12880
f 8941 8952 10167
f 8914 8946 9245
f 8946 8938 9245
f 8945 12363 12533
f 12533 8905 8945
f 9194 8938 8946
f 9194 8946 12724
f 9162 7943 7966
f 7944 7943 9162
f 7901 7943 7944
f 9440 7872 7901
f 7850 7817 7872
f 7850 7872 9440
f 7726 9415 7752
f 7361 7375 7428
f 11906 7692 7711
f 7676 7570 7681
f 10271 7590 9208
f 7516 7504 7542
f 7488 7496 7499
f 7499 7496 7516
f 7458 7451 7476
f 7333 7306 7361
f 7191 7216 7306
f 7191 7038 7216
f 7275 7318 7376
f 6807 7069 7140
f 6772 6807 6849
f 6733 6666 6772
f 6380 6361 6483
f 6384 6571 6681
f 6380 6569 6571
f 6380 6483 6569
f 6483 6361 6507
f 6213 6316 6361
f 6361 6316 6507
f 6213 5722 6316
f 5665 5417 5722
f 5335 5417 5665
f 6680 6592 6733
f 6549 6523 6592
f 6473 6523 6549
f 3826 9797 11204
f 9202 3273 3604
f 3346 3295 9465
f 3346 9465 3604
f 9360 3511 3930
f 12011 10036 9360
f 624 611 820
f 1198 1113 1388
f 1054 1373 12800
f 1256 1114 1304
f 1096 1105 12840
f 1119 1198 1202
f 1119 1202 1304
f 1119 1113 1198
f 1000 1054 11316
f 1114 989 1304
f 1105 1008 1152
f 1008 1105 1113
f 1008 1113 1119
f 11316 1152 1000
f 984 1119 11718
f 1304 989 10622
f 11718 10622 984
f 870 1008 1119
f 984 870 1119
f 843 1000 1152
f 1008 843 1152
f 870 843 1008
f 870 984 12043
f 670 870 11418
f 11418 732 670
f 587 843 870
f 648 587 870
f 1000 843 10070
f 587 571 843
f 670 648 870
f 617 793 10498
f 10498 10070 617
f 621 670 11198
f 1217 1224 1351
f 1054 1217 1373
f 1158 1279 1351
f 1279 1158 1379
f 1368 1200 1404
f 1224 1158 1351
f 1188 1226 1267
f 1188 1267 1379
f 1217 1099 1224
f 1141 1200 1368
f 1226 1141 1368
f 1188 1087 1226
f 1158 1139 1379
f 1139 1188 1379
f 1054 1099 1217
f 918 1171 12947
f 12947 1141 918
f 1106 1158 1224
f 918 1144 1171
f 1053 1141 1226
f 1087 1053 1226
f 1139 1087 1188
f 1039 918 1141
f 1053 1039 1141
f 988 1139 1158
f 1054 1013 1099
f 885 1087 1139
f 1000 793 1054
f 793 1013 1054
f 873 1053 1087
f 873 932 1053
f 988 960 1139
f 932 1039 1053
f 888 885 1139
f 960 888 1139
f 885 873 1087
f 893 918 1039
f 932 806 1039
f 4908 4718 5142
f 6721 6542 6760
f 6721 6760 6800
f 6598 6522 9226
f 9226 6570 9136
f 6467 6522 6598
f 6627 6467 6705
f 6467 6598 6705
f 5657 5476 11510
f 5848 6077 9322
f 9322 6077 9138
f 9138 6077 6557
f 6077 6444 6557
f 6444 6454 6704
f 6454 6528 6784
f 6528 6745 6784
f 9138 6557 6691
f 6704 6454 6706
f 9322 9138 6626
f 6626 9138 6691
f 6444 6704 6747
f 6557 6444 6747
f 5999 5787 6564
f 5787 6079 6564
f 6389 5999 6564
f 6564 6286 6722
f 6745 6528 6751
f 5142 5127 5357
f 5127 5209 5336
f 5127 5355 5357
f 5355 5127 5469
f 5127 5336 5469
f 5355 5469 5537
f 5537 5469 5746
f 5469 5336 5725
f 5469 5725 5746
f 5746 5725 6079
f 5856 5746 6079
f 6079 5725 6194
f 6079 6194 6286
f 6079 6286 6564
f 6351 6194 6478
f 6194 5928 6478
f 6194 6351 6520
f 6520 6351 6687
f 6286 6194 6520
f 4922 4693 5116
f 4960 5116 5247
f 4960 4922 5116
f 6760 6847 6935
f 6760 6431 6847
f 6431 6777 6847
f 6777 6689 6907
f 6847 6777 6907
f 6689 6869 6907
f 6676 9389 10919
f 6814 6790 6926
f 9389 6790 6814
f 6926 6790 6948
f 6742 6789 6879
f 9389 6879 6944
f 6948 6790 6968
f 9389 6944 6968
f 6968 6944 7028
f 6948 6968 7028
f 6598 9226 6863
f 6705 6598 6863
f 6742 6705 6789
f 6789 6705 9286
f 9136 6785 6887
f 9226 9136 6880
f 6863 6880 6953
f 6953 6880 6957
f 6863 9226 6880
f 6705 6863 9286
f 6944 6879 6965
f 9136 6887 6951
f 6887 6815 6951
f 6879 9286 6965
f 6863 6953 9286
f 6965 9286 7161
f 6951 7042 7163
f 7323 7289 7385
f 6890 6900 7155
f 7172 9096 7192
f 6761 6753 6900
f 6691 6557 6753
f 6557 6747 6753
f 6747 6704 6780
f 6747 6780 6862
f 6704 6706 6780
f 6706 6454 6781
f 6781 6454 6784
f 6745 6781 6784
f 6781 6745 6788
f 6626 6761 6890
f 6626 6691 6761
f 6753 6747 6901
f 6706 6781 6933
f 6781 6788 6874
f 6890 6761 6900
f 6900 6753 6901
f 6780 6706 6933
f 6725 6722 6832
f 6564 6722 6725
f 6788 6745 6816
f 6745 6751 6816
f 6816 6867 6874
f 6874 6867 6924
f 7467 7385 12296
f 7658 7597 10053
f 7540 7527 7567
f 7637 7658 7732
f 7732 7748 12540
f 11113 9598 7783
f 9598 7865 7783
f 10332 7894 7865
f 7950 7942 7964
f 7924 7942 12843
f 7987 7964 8008
f 7987 8003 12608
f 8003 7987 8008
f 7997 7991 7999
f 7988 7997 12023
f 7996 7988 11421
f 7971 7990 8005
f 7882 7879 7890
f 7686 7734 11539
f 11539 11170 7686
f 7757 7771 7791
f 8145 8126 8176
f 8126 8132 8176
f 8182 9388 10657
f 9388 8182 8238
f 8140 8124 12389
f 9220 8123 8124
f 12389 8146 8140
f 8146 8123 8154
f 8180 9765 12125
f 8177 8117 12009
f 9765 8120 8140
f 8175 8177 8189
f 8175 8189 9357
f 8229 10077 10946
f 9165 8328 9278
f 9388 8238 8253
f 8253 9219 8269
f 8269 9219 9165
f 8214 8229 8284
f 8275 8284 8297
f 9243 8383 12844
f 8439 8383 9243
f 8565 8492 8567
f 8567 8574 12228
f 8451 8439 9243
f 9258 8624 11345
f 9258 11345 12162
f 9873 8719 9395
f 8719 8722 8730
f 8763 8719 9279
f 9319 8763 9279
f 8796 9815 12669
f 8666 8682 8702
f 8800 8784 8828
f 8818 8773 9882
f 8800 8828 9688
f 8784 8800 9556
f 8853 8818 8856
f 8853 8856 8868
f 8830 8809 10329
f 8846 8818 8853
f 4702 4893 5426
f 4816 11038 11044
f 4816 4886 5231
f 4551 4564 10344
f 4564 4885 5304
f 11044 5222 4816
f 4452 4677 4814
f 4552 4567 4677
f 4567 4544 4881
f 4315 4693 4922
f 4544 4315 4922
f 4881 4544 4960
f 4544 4922 4960
f 6676 6742 9389
f 6017 6545 6657
f 6627 6705 6742
f 6570 6785 9136
f 5652 5711 11608
f 5711 10134 12704
f 5711 5652 5860
f 10134 9847 9337
f 12694 5860 5947
f 5860 5652 6220
f 6220 5652 6473
f 5947 5860 6220
f 5947 6220 6479
f 6220 6473 6549
f 6458 6220 6549
f 6017 5947 6545
f 5947 6479 6545
f 6220 6458 6479
f 6479 6458 6673
f 6545 6479 6678
f 6458 6549 6600
f 6549 6592 6600
f 6479 6673 6678
f 6458 6600 6673
f 6673 6600 6680
f 6600 6592 6680
f 4886 4816 5335
f 5304 4885 5476
f 5417 4816 11292
f 5335 4816 5417
f 5304 5476 5845
f 9368 5417 10492
f 5417 9368 5830
f 5845 5476 11212
f 5722 5417 5830
f 5304 5845 9566
f 5304 9566 9750
f 5949 5845 10095
f 10095 5840 5949
f 5763 11051 11635
f 6205 5830 10926
f 10926 5763 6205
f 5840 5848 5949
f 5949 5848 6196
f 5848 9322 6196
f 5763 11635 12664
f 5722 5830 6316
f 5830 6205 6316
f 6205 5763 6648
f 12664 6648 5763
f 5949 6196 6929
f 6316 6205 6709
f 6507 6316 6709
f 6205 6648 6709
f 6709 6648 6783
f 6483 6507 6709
f 6616 6483 6709
f 6569 6483 6616
f 6196 9322 6626
f 6681 6571 12195
f 6670 6681 6765
f 6569 6616 6765
f 6925 6648 6929
f 4639 4618 4814
f 5142 4718 5209
f 4718 4639 5209
f 4814 4677 5391
f 5197 4814 5391
f 5127 5142 5209
f 4639 4814 5197
f 4639 5197 5209
f 4677 5113 5391
f 5209 5197 5517
f 5197 5391 5552
f 5336 5209 5517
f 5517 5197 5552
f 5336 5517 5808
f 5725 5336 5808
f 5552 5391 5988
f 5391 5360 5988
f 5517 5552 5869
f 5869 5552 5988
f 5808 5517 5869
f 5360 5821 5988
f 5808 5869 5928
f 5725 5808 5928
f 5869 5988 6279
f 5725 5928 6194
f 5928 5869 6478
f 5869 6279 6478
f 4677 4567 5113
f 4567 4881 5113
f 4881 4960 5113
f 5360 5113 10302
f 4960 5247 5567
f 10302 5567 5360
f 5113 5360 5391
f 5360 5567 5821
f 6790 9389 6968
f 6785 6561 6815
f 6561 6657 6815
f 6657 6545 6678
f 6733 6772 6808
f 6680 6733 6808
f 6808 6772 6849
f 6789 9286 6879
f 6785 6815 6887
f 6680 6808 6845
f 6815 6657 6992
f 6845 6808 6920
f 6804 6845 6920
f 6804 6673 6845
f 6657 6678 6937
f 6657 6937 6992
f 6815 6992 7042
f 6880 9136 6957
f 9136 6951 6990
f 6957 9136 6990
f 6804 6920 6937
f 6808 6849 7076
f 6920 6808 7001
f 7001 6808 7076
f 6849 6807 7140
f 7076 6849 7140
f 6951 6815 7042
f 7001 7076 7141
f 6937 6920 7137
f 6992 6937 7137
f 7140 7069 7175
f 7042 6992 7163
f 6920 7001 7266
f 7137 6920 7266
f 6992 7137 7142
f 6992 7142 7163
f 7141 7076 7183
f 7076 7140 7183
f 7001 7141 7266
f 9176 7137 7266
f 7140 7175 7275
f 7183 7140 7275
f 9098 7163 11338
f 7289 9098 10803
f 10803 7379 7289
f 7142 7137 9176
f 7142 9176 7282
f 7141 7183 7266
f 7266 7183 7377
f 9176 7266 9150
f 9150 7266 7377
f 7183 7275 7377
f 7275 7376 7414
f 7377 7275 7414
f 7289 7379 7385
f 7377 7414 7417
f 9150 7377 7417
f 6673 6680 6845
f 6678 6804 6937
f 6678 6673 6804
f 7142 7282 7379
f 7282 9176 9150
f 7379 7282 7387
f 7282 9150 7387
f 7387 9150 7405
f 7430 7385 12792
f 7405 9150 7417
f 12792 7387 7430
f 7387 7405 7430
f 7405 7417 7442
f 6929 6196 12276
f 6196 6626 6934
f 6616 6709 6783
f 6783 6648 6925
f 12195 6765 6681
f 6670 6765 6841
f 6765 6616 6783
f 6765 6783 6873
f 6626 6890 11342
f 11342 6934 6626
f 6841 6765 6893
f 6783 6925 7037
f 6873 6783 7037
f 6765 6873 6893
f 6841 6893 7006
f 9096 6890 7155
f 6893 6873 7037
f 12276 11757 6929
f 7039 6934 12064
f 7037 6925 7071
f 6925 7039 7071
f 11757 6925 6929
f 7006 6893 7036
f 7006 7036 7038
f 7036 6893 7037
f 12064 11250 7039
f 11250 7189 7039
f 7071 7039 7139
f 7036 7037 7094
f 7037 7071 7094
f 7038 7036 7094
f 7038 7094 7216
f 7139 7039 7189
f 7094 7071 7220
f 7071 7139 7220
f 7216 7094 7306
f 7094 7220 7306
f 7220 7139 7269
f 7139 7189 7269
f 7172 7192 7357
f 7220 7302 7306
f 7220 7269 7368
f 7302 7220 7368
f 7269 7189 12299
f 7172 7357 7359
f 7306 7302 7361
f 7368 7269 7388
f 7388 7269 10574
f 10574 7359 7388
f 7361 7302 7375
f 7359 7357 7436
f 7302 7368 7392
f 7375 7302 7392
f 7392 7368 7398
f 7368 7388 7398
f 7392 7398 7428
f 7375 7392 7428
f 6788 6816 6874
f 7417 7414 7451
f 7442 7417 11824
f 11824 7458 7442
f 7405 7442 7470
f 7442 7458 7481
f 7470 7442 7481
f 7405 7470 11243
f 11243 7430 7405
f 7458 7476 7481
f 7470 7481 7507
f 7487 7470 11482
f 7481 7476 7488
f 7481 7488 7507
f 7488 7499 7507
f 12296 7487 7467
f 7507 7499 7518
f 11482 7533 7487
f 7499 7516 9208
f 9208 7516 7542
f 7518 7499 9208
f 7507 7518 7533
f 7533 7518 7559
f 7518 9208 7559
f 7558 7467 11207
f 7533 7559 7576
f 7566 7558 10699
f 10699 10237 7566
f 7533 7576 7612
f 10237 10086 7566
f 7559 9208 7590
f 7576 7559 7590
f 7576 7590 7609
f 7612 7576 12933
f 7590 7604 7609
f 7658 10053 10152
f 12933 7641 7612
f 7658 10152 12510
f 7609 7604 7676
f 7641 7609 12072
f 7604 7570 7676
f 11674 10067 7579
f 10067 7600 7579
f 7545 7610 7623
f 10301 7623 7600
f 7600 7623 7692
f 7623 7610 7652
f 7623 7684 7692
f 7578 7580 10429
f 10429 7610 7578
f 7623 7652 7684
f 7629 10181 12265
f 7684 7652 7689
f 7685 7652 12791
f 7652 7685 7689
f 12791 10181 7685
f 7428 7398 7486
f 7428 7486 7505
f 7359 7436 7469
f 7466 7428 7505
f 7398 7388 11748
f 11748 7486 7398
f 7466 7505 7508
f 7500 7388 10013
f 7359 7469 11403
f 7540 7500 9807
f 7508 11627 12731
f 11627 9953 7545
f 7486 7500 9948
f 9953 9948 7545
f 7500 7540 7578
f 9807 7527 7540
f 12731 7526 7508
f 7545 7578 7610
f 7578 7540 12071
f 7580 7578 11916
f 12265 11916 7629
f 12510 7731 7658
f 7731 7641 10138
f 7676 7681 7725
f 7725 7681 7726
f 10138 9814 7731
f 7658 7731 11336
f 11336 7732 7658
f 7731 9814 11380
f 7731 11380 11803
f 11803 7748 7731
f 7792 7725 11557
f 11557 7752 7792
f 7775 7748 11280
f 7730 7725 7792
f 7792 7752 7795
f 11280 7803 7775
f 7792 7795 7816
f 7816 7795 7817
f 7792 7816 9179
f 7799 9821 10136
f 9821 7792 9179
f 10136 7803 7799
f 10894 10491 7803
f 7852 9573 9589
f 9179 7816 7862
f 9589 9141 7852
f 9179 7862 7870
f 9179 7870 9141
f 7862 7816 7870
f 7816 7817 7850
f 7816 7850 7892
f 7850 9440 7892
f 7870 7816 7892
f 9141 7870 7892
f 9440 7901 7903
f 7895 9440 7903
f 9141 7892 7914
f 7892 7895 7914
f 7891 9141 7914
f 7852 9141 7891
f 7894 7852 7921
f 7892 9440 7895
f 7903 7901 7944
f 7895 7903 7910
f 7895 7910 7922
f 7922 7910 7954
f 7912 7895 7922
f 7929 7912 7947
f 9407 7912 7929
f 7920 9407 7935
f 7914 7912 9407
f 7891 7914 7920
f 7891 7920 7921
f 7914 9407 7920
f 7921 7920 7924
f 7924 7920 7935
f 7910 7903 7944
f 7852 7891 7921
f 7895 7912 7914
f 7910 7944 7954
f 9481 7949 7983
f 7949 9407 7983
f 7942 7935 7949
f 7924 7935 7942
f 7941 7929 7978
f 7929 7952 7978
f 7929 7947 7952
f 7947 7922 7954
f 7935 9407 7949
f 9407 7929 7941
f 7974 7941 7978
f 7947 7954 7979
f 7952 7947 7978
f 7978 7947 7979
f 7941 7975 7983
f 9407 7941 7983
f 7941 7974 7975
f 7964 7942 9481
f 7954 7944 7970
f 7942 7949 9481
f 7954 7970 7979
f 7944 9162 7970
f 7978 7979 8030
f 7974 7978 8030
f 9481 7983 8001
f 7983 7972 8001
f 7975 7974 8023
f 9162 7966 9215
f 8023 7974 8030
f 7979 7970 8030
f 8002 7972 8023
f 8001 7972 8002
f 5291 5119 5370
f 9481 8001 8018
f 7970 9162 9215
f 8030 7970 9215
f 9215 7966 8084
f 8002 8023 8033
f 8023 8030 8072
f 8033 8023 8071
f 8071 8023 8072
f 8030 8057 8072
f 8030 9215 8085
f 8030 8085 11974
f 11974 8057 8030
f 8039 8033 8052
f 8052 8033 8071
f 9481 8004 8008
f 7964 9481 8008
f 8001 8002 8018
f 8004 9481 8018
f 7991 8003 8011
f 7999 7991 8011
f 7999 8011 8014
f 7999 8014 10745
f 8011 8003 8017
f 8011 8017 8037
f 8018 8002 8033
f 8018 8033 8039
f 8003 8008 8017
f 8017 8008 8031
f 8008 8004 8031
f 8004 8018 8039
f 8038 8004 8039
f 8017 8031 8037
f 8014 8011 8022
f 11826 8022 8015
f 8031 8004 8038
f 8031 8038 8068
f 8037 8031 9100
f 9100 8031 8068
f 8022 8042 8061
f 8022 8011 8042
f 8011 8037 8042
f 8042 8037 9100
f 8042 9100 8061
f 8038 8039 8052
f 8038 8052 8068
f 8060 8022 8061
f 7962 9233 7981
f 7981 9233 8013
f 9233 7971 12096
f 12096 8013 9233
f 7995 7981 8012
f 7960 7981 7995
f 7960 7962 7981
f 8012 7981 8013
f 7990 7996 8024
f 8005 7990 8024
f 11421 10745 7996
f 7996 8015 8024
f 8013 8005 8025
f 8012 8013 8026
f 7995 8012 8040
f 5964 5655 6106
f 8015 8028 8035
f 8024 8015 8035
f 8005 8024 8036
f 8025 8005 8036
f 8013 8025 8026
f 8012 8026 8054
f 8036 8024 8062
f 8026 8025 8041
f 8040 8012 8054
f 8028 8022 8060
f 8035 8028 8060
f 8024 8035 8062
f 8025 8036 8041
f 8026 8041 8054
f 8041 8036 8056
f 8035 8060 8062
f 9209 8040 11787
f 8054 8041 8056
f 7789 7750 7813
f 7813 9632 12159
f 7815 9978 12569
f 7844 7861 10911
f 7855 7813 7871
f 12159 7871 7813
f 7861 7844 7882
f 7815 7861 9616
f 7878 7871 7897
f 7893 7878 7897
f 7871 7846 7897
f 7906 7846 9571
f 9571 7890 7906
f 12113 7882 7890
f 7897 7846 7917
f 7846 7906 7917
f 7893 7897 7945
f 7897 7917 7945
f 7905 7893 7926
f 7926 7893 7945
f 7917 7906 7934
f 7917 7934 7956
f 7906 7890 7962
f 7960 7906 7962
f 7934 7906 7960
f 7890 7879 7962
f 9233 7962 12088
f 7926 7945 7980
f 7945 7917 7956
f 7945 7956 7977
f 7945 7977 7980
f 7934 7960 7995
f 7977 7956 7995
f 7980 7977 7998
f 7998 7977 8019
f 7977 7995 8019
f 7994 7980 7998
f 7993 7980 7994
f 8019 7995 8040
f 7993 7994 8000
f 8000 7994 8063
f 8000 8063 8083
f 7994 7998 8063
f 7998 8019 8063
f 8063 8019 8067
f 8083 8063 8093
f 8019 8040 8067
f 8067 8040 9209
f 7684 7689 7692
f 7689 7685 7705
f 7692 7689 7777
f 7692 7777 9805
f 9805 7711 7692
f 7705 7734 7757
f 7689 7705 7780
f 7777 7689 7780
f 7705 7757 7780
f 7780 7757 7791
f 7777 7780 12783
f 7780 7791 10846
f 12569 10014 7815
f 12806 10846 7815
f 8084 8080 8091
f 9215 8084 12614
f 8112 8091 8134
f 8091 8130 8134
f 8091 8080 8130
f 8080 8109 8130
f 8139 8109 12415
f 8134 8130 8158
f 8130 8109 8158
f 8109 8139 8168
f 8164 8158 10611
f 10611 8168 8164
f 8134 8158 8179
f 8158 8164 8188
f 8139 8153 8168
f 8179 8158 8188
f 8179 8188 8208
f 8168 8153 8217
f 8266 8188 12227
f 8164 8168 8217
f 8208 8188 8266
f 8153 9303 8217
f 12614 8085 9215
f 8113 8071 12399
f 8104 8071 8113
f 8085 8091 8112
f 9501 8085 8112
f 8072 8057 9501
f 12399 9837 8113
f 8113 9837 10345
f 8104 8113 8126
f 8132 8113 10306
f 8126 8113 8132
f 9501 9920 10547
f 10547 8162 9501
f 10306 8163 8132
f 9920 8179 8159
f 12771 8134 8179
f 8176 8132 11440
f 10657 8163 8182
f 8163 8162 8182
f 8162 8159 8182
f 8159 8179 8208
f 8182 8159 8238
f 8238 8159 12350
f 8253 8238 12034
f 8068 8052 8078
f 8078 8052 8104
f 8052 8071 8104
f 9100 8068 8078
f 8060 8061 9220
f 9100 8078 8154
f 9220 8061 8123
f 8061 9100 8123
f 8078 8145 8154
f 8078 8104 8126
f 8078 8126 8145
f 8123 9100 8154
f 8056 8036 8096
f 8036 8062 8096
f 8062 8077 8096
f 8062 8060 8077
f 8077 8060 9220
f 8096 8077 10432
f 8056 8096 12917
f 8054 9951 10034
f 11787 10034 9209
f 10432 8120 8096
f 9220 8124 8140
f 11121 8140 8120
f 12917 10571 8056
f 9951 8117 8110
f 8110 8117 8175
f 8175 8117 8177
f 8093 12618 12999
f 8083 8093 8107
f 12618 8067 8086
f 8086 8067 9209
f 8083 8107 8118
f 8107 8093 10844
f 10844 8138 8107
f 8086 8119 8138
f 8127 8107 8138
f 8119 8086 12007
f 8118 8107 8127
f 8137 8119 9743
f 8137 9743 10939
f 10939 10418 8137
f 8137 10418 12946
f 8127 9990 11296
f 9990 9784 8174
f 8127 11296 11773
f 8119 8137 10506
f 12946 8229 8137
f 8193 8137 12212
f 9784 8193 8174
f 12212 11810 8193
f 8252 8174 12869
f 8127 9732 10229
f 8170 9732 11267
f 11267 8201 8170
f 8201 8195 8219
f 8219 8195 11902
f 8201 8219 8258
f 8230 8174 12778
f 11902 8274 8219
f 8347 8353 8388
f 8388 8405 8425
f 8388 8353 8405
f 8208 10203 10435
f 8266 10304 10766
f 8164 8217 8241
f 10304 8241 8260
f 8217 9303 8241
f 8241 9303 8243
f 8260 8241 8262
f 8241 8243 8262
f 10203 8283 9219
f 8283 8266 8299
f 9219 8283 8328
f 8283 8299 8328
f 8315 8262 8327
f 8260 8262 8315
f 10766 8299 8266
f 11802 8339 8299
f 9165 9219 8328
f 8325 8299 8339
f 8260 8315 10958
f 8299 8325 8328
f 8260 10958 11320
f 12301 11320 8339
f 9278 8328 8389
f 8325 8339 8419
f 8328 8325 8389
f 11995 8425 8363
f 8347 8388 8425
f 8389 8325 8419
f 8418 8363 8425
f 8339 8363 8419
f 3700 3777 3885
f 12034 10435 8253
f 12869 10372 8252
f 8275 8214 8284
f 8214 8275 11947
f 10372 8317 8252
f 8317 8275 11639
f 8317 11639 12335
f 12335 8366 8317
f 8366 8383 8403
f 8403 8383 8439
f 8403 8439 8451
f 12778 8274 8230
f 8274 8252 9838
f 8258 8219 11245
f 11245 8282 8258
f 8268 8219 10757
f 9838 8302 8274
f 8268 10757 10901
f 8282 8268 8311
f 8302 8317 8366
f 9293 8268 10784
f 8311 8268 8387
f 10784 9859 9293
f 8268 9293 8387
f 8387 9293 11358
f 9293 9859 12837
f 8385 8366 8403
f 12837 8409 9293
f 8391 9293 8409
f 8385 8403 8430
f 8409 8385 8416
f 8405 8353 8423
f 8425 8423 8443
f 8405 8423 8425
f 8443 8423 8470
f 8449 8443 8470
f 8449 8470 8483
f 8470 8423 8495
f 8470 8495 8506
f 8483 8470 8506
f 8423 8479 8495
f 8495 8479 8516
f 8506 8495 8516
f 8526 8516 11317
f 8523 8516 8564
f 8516 8526 8564
f 8564 8526 8586
f 8389 8419 11319
f 8419 8363 8467
f 8363 8418 8467
f 8418 8449 8467
f 8418 8425 8443
f 8418 8443 8449
f 8419 8467 8468
f 11319 9669 8389
f 9278 8389 12677
f 8468 10885 12300
f 12300 11696 8468
f 8467 8449 8512
f 8449 8483 8512
f 8492 10006 10199
f 8513 10885 11391
f 8483 8506 8512
f 10199 8567 8492
f 8506 8516 8523
f 8512 8506 8523
f 8513 11391 11460
f 8512 8523 8552
f 8552 8523 8564
f 8515 8513 8571
f 8515 8571 8596
f 8515 11314 11334
f 10436 8574 8567
f 11460 8571 8513
f 11314 8593 8574
f 8552 8564 8586
f 8571 8552 8594
f 8588 8571 8594
f 8552 8586 8594
f 8571 8588 8596
f 8430 8403 8451
f 9489 8519 10393
f 8518 8451 8519
f 8519 9489 8579
f 8518 8519 8579
f 8583 8579 9489
f 8409 8416 8459
f 8385 8430 8472
f 8416 8385 8472
f 8459 8416 8472
f 8391 8409 10310
f 8409 8459 8460
f 8442 8391 8493
f 10310 8493 8391
f 8430 8451 8518
f 8472 8430 8518
f 8459 8472 8511
f 8442 8493 8529
f 8459 8511 8531
f 8460 8459 8531
f 8511 8472 8518
f 8529 8493 11805
f 8527 8460 8531
f 11805 8527 8529
f 8531 8511 8546
f 8511 8518 8546
f 8527 8531 8536
f 8576 8536 12505
f 12505 8546 8576
f 8573 8546 11133
f 8573 11133 11930
f 8600 8527 8616
f 8527 8536 8616
f 8546 8573 8576
f 8536 8576 8613
f 8536 8613 8616
f 11930 8599 8573
f 8576 8573 8613
f 8579 8583 8599
f 8600 8616 8641
f 8588 8594 8634
f 8586 9806 10311
f 10311 8594 8586
f 9258 8574 8624
f 8574 11985 12462
f 12462 8624 8574
f 8596 8588 8629
f 8593 8596 8629
f 11449 8634 8594
f 8629 8588 8634
f 11985 8669 8670
f 12884 8629 8669
f 8669 8629 10094
f 10094 9818 8669
f 12697 11699 8722
f 8653 8667 10660
f 8653 10660 12610
f 9818 8688 8669
f 11699 10253 8722
f 8722 10253 10749
f 12014 8688 8726
f 8778 8726 11132
f 11132 9583 8778
f 9401 8689 10877
f 8778 9583 9764
f 8778 9764 10155
f 8788 8726 12346
f 8730 8722 10059
f 8730 10059 12644
f 12644 9279 8730
f 8599 8583 8718
f 8583 9981 12127
f 8718 8583 11708
f 11708 11002 8718
f 11002 10556 8718
f 8690 9496 11409
f 8702 9496 9776
f 9776 9491 8702
f 12390 10051 9491
f 10869 9848 9491
f 10039 8821 8783
f 8821 11263 11571
f 8573 8599 8660
f 8613 8573 8660
f 8616 8613 8661
f 8613 8660 8661
f 8641 8616 8661
f 8660 8599 8718
f 8661 8660 8673
f 8649 8641 8716
f 9848 9630 9491
f 10556 9630 8718
f 8641 8661 10462
f 10462 8716 8641
f 8716 8673 9883
f 9883 8757 8716
f 8757 8756 8799
f 10966 9674 8756
f 8799 8756 8813
f 8778 10155 10978
f 12346 8808 8788
f 8808 8778 9900
f 8768 8831 8836
f 9900 8850 8808
f 8788 8808 8833
f 8833 8808 12503
f 12503 8872 8833
f 8867 8850 12713
f 12713 8876 8867
f 8850 8867 8872
f 8867 8876 8888
f 8872 8867 8902
f 8867 8888 8902
f 8888 8901 8922
f 8902 8888 8922
f 9279 8788 10021
f 8851 9319 12624
f 12624 10021 8851
f 8828 9319 9781
f 10899 9781 8891
f 8851 8833 8866
f 8866 8833 8872
f 8851 8866 8892
f 11472 8892 8891
f 8866 8872 11028
f 11028 8892 8866
f 11617 8902 8910
f 8891 8892 8920
f 8894 8891 12256
f 11187 8920 8892
f 8910 8902 12593
f 8891 8920 8949
f 12593 8956 8910
f 8920 8910 11658
f 8920 11658 12336
f 8949 8920 11033
f 9882 9556 8818
f 8818 8842 8856
f 8800 9688 10264
f 8842 9675 10000
f 9194 8868 10035
f 9194 10035 10924
f 10000 8926 8842
f 8926 8894 10421
f 8842 8926 10838
f 10924 9966 9194
f 8938 9194 9778
f 12755 10173 8954
f 10173 8979 8954
f 8854 8796 9773
f 8869 8809 10064
f 8854 9773 10842
f 10064 9601 8869
f 11720 9774 8854
f 8869 9601 10108
f 9774 9760 8854
f 8869 10108 12580
f 12580 9562 8869
f 8869 9562 10192
f 12675 9617 8905
f 10223 8819 8814
f 8783 8821 8839
f 12767 11037 8819
f 8814 8819 8859
f 8821 11571 12700
f 12700 8839 8821
f 11037 9147 8819
f 8859 8819 8893
f 8839 8854 8897
f 8819 9147 8893
f 9147 8839 12020
f 9760 8897 8854
f 8859 8893 9703
f 8893 9147 8900
f 12020 9892 9147
f 8923 8893 12658
f 8948 8900 10307
f 8923 9934 10127
f 10307 9892 8948
f 9934 8948 8966
f 10167 9421 8941
f 8813 8756 8814
f 8813 8859 8860
f 8813 8814 8859
f 8860 8859 12735
f 11033 9822 8949
f 8970 8956 9247
f 8971 8970 8994
f 9778 8964 8938
f 10438 9822 8979
f 9245 8938 10075
f 9631 8964 9107
f 8964 8954 9107
f 8954 8979 9107
f 872 960 996
f 918 893 953
f 873 842 932
f 842 806 932
f 806 893 1039
f 691 873 885
f 704 885 888
f 704 691 885
f 775 842 873
f 691 775 873
f 872 704 888
f 617 792 793
f 549 704 872
f 806 740 893
f 740 806 842
f 740 635 893
f 775 579 842
f 613 740 842
f 613 635 740
f 579 613 842
f 522 691 704
f 549 522 704
f 527 530 643
f 388 493 530
f 505 463 584
f 463 527 584
f 527 388 530
f 386 463 505
f 463 343 527
f 386 343 463
f 280 9350 388
f 343 300 527
f 300 388 527
f 300 280 388
f 247 343 386
f 176 300 343
f 247 176 343
f 105 280 300
f 99 176 247
f 182 99 247
f 176 145 300
f 145 105 300
f 99 145 176
f 99 103 145
f 103 32 145
f 66 32 103
f 657 612 671
f 553 657 682
f 510 611 624
f 510 9462 611
f 553 502 657
f 502 612 657
f 502 465 612
f 507 505 9462
f 510 624 674
f 465 510 674
f 465 507 510
f 465 301 507
f 425 465 502
f 424 425 502
f 386 505 507
f 425 301 465
f 424 293 425
f 293 301 425
f 301 306 507
f 306 386 507
f 270 293 424
f 301 200 306
f 306 247 386
f 293 200 301
f 270 164 293
f 164 200 293
f 200 193 306
f 193 182 247
f 193 247 306
f 164 101 200
f 101 193 200
f 103 99 182
f 103 182 193
f 101 108 193
f 101 68 108
f 68 101 106
f 108 103 193
f 68 103 108
f 68 66 103
f 617 571 12224
f 453 571 587
f 453 448 571
f 457 587 648
f 457 648 670
f 457 453 587
f 621 457 670
f 12224 428 617
f 428 310 617
f 373 448 453
f 401 457 621
f 380 428 448
f 401 453 457
f 401 373 453
f 373 380 448
f 537 225 621
f 191 310 428
f 225 401 621
f 266 373 401
f 373 266 380
f 380 322 428
f 322 191 428
f 261 322 380
f 266 261 380
f 225 167 401
f 167 266 401
f 261 191 322
f 133 261 266
f 131 191 261
f 133 131 261
f 194 167 225
f 167 133 266
f 114 167 194
f 114 133 167
f 522 554 691
f 691 554 775
f 554 579 775
f 579 426 613
f 554 426 579
f 635 613 11424
f 426 458 613
f 458 342 613
f 397 522 549
f 501 397 549
f 617 310 640
f 342 471 613
f 522 290 554
f 397 427 522
f 427 290 522
f 426 423 458
f 290 426 554
f 290 423 426
f 384 454 471
f 342 315 471
f 377 225 537
f 297 377 537
f 423 342 458
f 368 397 501
f 314 290 427
f 290 327 423
f 327 342 423
f 315 384 471
f 397 368 427
f 256 315 342
f 327 256 342
f 297 274 377
f 242 290 314
f 191 236 310
f 236 262 310
f 368 128 427
f 128 314 427
f 315 246 384
f 256 171 315
f 227 274 339
f 246 227 384
f 274 220 377
f 172 256 327
f 172 171 256
f 290 242 327
f 242 172 327
f 309 216 368
f 216 128 368
f 194 225 377
f 220 194 377
f 156 196 277
f 236 156 277
f 278 216 309
f 171 246 315
f 227 177 274
f 177 220 274
f 129 227 246
f 129 177 227
f 142 242 314
f 142 172 242
f 128 142 314
f 170 216 278
f 126 171 172
f 142 126 172
f 171 129 246
f 85 156 236
f 170 111 216
f 85 110 156
f 110 111 170
f 191 131 236
f 131 85 236
f 71 129 171
f 129 71 177
f 111 128 216
f 126 71 171
f 128 44 142
f 111 44 128
f 67 131 133
f 177 53 220
f 71 53 177
f 26 194 220
f 26 114 194
f 53 26 220
f 49 71 126
f 49 126 142
f 44 49 142
f 110 85 111
f 114 67 133
f 67 85 131
f 44 35 49
f 49 13 71
f 21 67 114
f 26 21 114
f 67 34 85
f 10 44 111
f 85 34 111
f 34 10 111
f 13 53 71
f 35 13 49
f 21 26 53
f 13 21 53
f 21 13 35
f 21 34 67
f 10 35 44
f 21 10 34
f 10 21 35
f 5484 5473 5704
f 5454 5463 5704
f 5473 5454 5704
f 5454 5455 5463
f 5454 5284 5455
f 5313 5473 5484
f 5284 5454 5473
f 5233 5138 5284
f 5149 5284 5473
f 5149 5233 5284
f 5094 5149 5473
f 5313 5055 5473
f 5055 5094 5473
f 4966 5138 5233
f 4966 4973 5138
f 5149 4914 5233
f 4914 4966 5233
f 5094 4914 5149
f 5055 4827 5094
f 4827 4730 5094
f 4730 4914 5094
f 4914 4627 4966
f 4966 4663 4973
f 5792 5471 5937
f 5471 5734 5937
f 5471 5512 5734
f 5463 5596 5704
f 5596 5371 5792
f 5371 5471 5792
f 5471 5462 5512
f 5276 5371 5596
f 5463 5276 5596
f 5462 5343 5512
f 5455 5284 5463
f 5145 5462 5471
f 5371 5145 5471
f 5284 5276 5463
f 5276 5145 5371
f 5138 5276 5284
f 5049 5343 5462
f 5462 5145 11390
f 11390 5049 5462
f 5138 4973 5276
f 4973 4763 5276
f 4763 5145 5276
f 5049 5187 5343
f 5049 4931 5187
f 4763 5028 5145
f 4806 4931 5049
f 5028 4769 5049
f 4763 4773 5028
f 4663 4764 4973
f 4764 4763 4973
f 5589 5861 5891
f 5608 5589 5891
f 5592 5681 5861
f 5589 5592 5861
f 5381 5589 5608
f 5381 5406 5589
f 5411 5386 5592
f 5589 5406 5592
f 5406 5411 5592
f 5146 5386 5411
f 5406 5029 5411
f 5174 4830 5381
f 5029 4852 5411
f 4925 5146 10425
f 5381 4794 5406
f 4794 5029 5406
f 5024 4830 5174
f 4811 4794 5381
f 10425 4852 4925
f 5861 6027 6135
f 6027 6113 6135
f 6027 6004 6113
f 5911 6004 6027
f 5861 5681 6027
f 5911 5798 6004
f 5892 5911 6027
f 5681 5892 6027
f 5892 5496 5911
f 5496 5506 5911
f 5465 5798 5911
f 5506 5465 5911
f 5681 5592 5691
f 5681 5691 5892
f 5691 5496 5892
f 5465 5379 5798
f 5316 5379 5465
f 5592 5386 5691
f 5496 5691 10606
f 5386 5146 5691
f 5496 5339 5506
f 10606 5339 5496
f 5465 5506 11405
f 11405 5316 5465
f 5379 5236 5441
f 5506 5339 11721
f 12365 11721 5156
f 5156 5144 5316
f 11168 5146 5056
f 5316 5236 5379
f 5056 5158 5339
f 5158 5195 5339
f 5144 5002 5316
f 5002 5236 5316
f 4925 5056 5146
f 5056 5095 5158
f 4962 5208 5236
f 5158 4923 5195
f 5002 4962 5236
f 5095 4923 5158
f 4923 4995 5195
f 4874 5156 5195
f 4874 5144 5156
f 4995 4874 5195
f 4758 4962 5002
f 4859 5002 5144
f 4859 4758 5002
f 4874 4859 5144
f 4925 4697 5056
f 9269 4874 4995
f 5056 4838 5095
f 4697 4838 5056
f 4627 4700 4966
f 4730 4665 4914
f 4535 4665 4730
f 4672 4730 4827
f 4672 4535 4730
f 4535 4446 4665
f 4327 4444 4672
f 4446 4253 4665
f 4396 4535 4672
f 4396 4446 4535
f 4201 4396 4672
f 4327 4260 4444
f 4444 4201 4672
f 4201 4165 4396
f 4396 4148 4446
f 4093 4253 4446
f 4148 4093 4446
f 4165 4148 4396
f 4051 4201 4444
f 4260 4051 4444
f 4051 4165 4201
f 3903 4051 4260
f 3865 4093 4148
f 3865 3695 4093
f 3865 4148 4165
f 4051 3864 4165
f 3903 3876 4051
f 3876 3506 4051
f 3864 3865 4165
f 3780 3876 3903
f 3569 3695 3865
f 3723 3864 4051
f 3723 3703 3864
f 3506 3723 4051
f 3864 3703 3865
f 3703 3569 3865
f 3519 3506 3876
f 3780 3519 3876
f 3569 3408 3695
f 3339 3703 3723
f 3206 3408 3569
f 3780 10487 10854
f 10487 10308 3517
f 3506 3339 3723
f 3339 3569 3703
f 10854 3519 3780
f 3411 3506 3519
f 3517 3411 3519
f 10308 3280 3517
f 11001 9427 3280
f 3339 3206 3569
f 3291 3280 9427
f 4769 4806 5049
f 4321 4769 5028
f 4773 4321 5028
f 4763 4494 4773
f 4806 4411 4931
f 4769 4425 4806
f 4425 4411 4806
f 4505 4763 4764
f 4337 4321 4773
f 4505 4494 4763
f 4494 4337 4773
f 4321 4425 4769
f 4337 4494 4505
f 4321 4118 4425
f 4247 4118 4321
f 4321 4337 10721
f 4138 4337 4505
f 4223 4411 4425
f 4223 4280 4411
f 4118 4223 4425
f 10721 4247 4321
f 4173 4048 4247
f 4048 4118 4247
f 4118 3964 4223
f 4048 3964 4118
f 3883 4048 4173
f 3883 3766 4048
f 3766 3964 4048
f 3708 3795 3964
f 4120 3883 4173
f 3787 3883 4120
f 3766 3708 3964
f 3787 3554 3883
f 3554 3766 3883
f 3708 3602 3795
f 3610 3602 3708
f 3602 3624 3795
f 3624 3548 3818
f 3563 3554 3787
f 3708 3766 10374
f 10374 3610 3708
f 3596 3602 3610
f 3624 3602 12784
f 12784 3548 3624
f 3596 3317 3602
f 3554 3483 3610
f 3394 3554 3563
f 3409 3394 3563
f 9427 3637 12939
f 12939 3317 9427
f 3394 3483 3554
f 3483 3596 3610
f 9134 3317 12817
f 12817 3483 9134
f 3217 9134 3483
f 3394 3217 3483
f 3282 3217 3394
f 4830 4811 5381
f 4794 4641 5029
f 4641 4852 5029
f 4852 4549 4925
f 4641 4794 4811
f 4549 4852 12627
f 4549 4408 4925
f 4657 4440 4830
f 4439 4641 4811
f 4439 4811 4830
f 4334 4408 4549
f 4334 4549 12450
f 4334 4317 4408
f 4440 4439 4830
f 4192 4439 10613
f 4334 12450 12653
f 4273 3950 4440
f 4229 3950 4273
f 4125 4334 9791
f 10613 3938 4192
f 3950 3938 4440
f 4125 4317 4334
f 9791 4192 4125
f 3859 4131 4317
f 4125 3859 4317
f 3938 3822 4192
f 3822 3877 4192
f 3879 4125 4192
f 3854 3938 3950
f 3848 3854 3950
f 3877 3879 4192
f 3854 3822 3938
f 3566 3859 4125
f 3666 3822 3854
f 3879 3615 4125
f 3615 3566 4125
f 3877 3615 3879
f 3615 3877 11790
f 11790 3666 3615
f 4408 4697 4925
f 4874 9269 10743
f 4758 4427 4962
f 4462 4853 4962
f 4427 4462 4962
f 4691 4859 4874
f 10743 4691 4874
f 9088 4758 4859
f 12596 4501 4691
f 4691 4442 4859
f 9088 4427 4758
f 4427 4331 4462
f 4129 4331 4427
f 3942 4029 4163
f 4057 3935 4163
f 3935 3942 4163
f 3866 3935 4057
f 3935 3734 3942
f 3772 3620 3848
f 3452 3734 3935
f 3866 3452 3935
f 3848 3620 3854
f 3667 3620 3741
f 3652 3452 3866
f 3645 3491 3667
f 3459 3620 3667
f 3491 3459 3667
f 3462 3645 3734
f 3452 3462 3734
f 3462 3491 3645
f 3620 3520 3854
f 3520 3666 3854
f 3459 3520 3620
f 3497 3615 3666
f 3459 3441 3520
f 3520 3441 3666
f 3441 3497 3666
f 3497 3310 3615
f 3293 3459 3491
f 3293 3441 3459
f 3293 3370 3441
f 3313 3452 3652
f 3452 3313 3462
f 3441 3213 3497
f 3249 3310 3497
f 3213 3249 3497
f 4501 4442 4691
f 9088 4129 4427
f 4442 4346 4859
f 4346 9088 4859
f 4129 4163 4331
f 4129 4057 4163
f 4129 9088 4346
f 4129 4346 12116
f 4049 4346 4442
f 4442 4169 11813
f 11813 4049 4442
f 12116 3979 4129
f 3979 4057 4129
f 3979 3866 4057
f 4040 3761 4049
f 3761 3979 4049
f 3652 3866 3979
f 3761 3652 3979
f 3466 3761 4040
f 3730 3466 4040
f 3537 3652 3761
f 3466 3537 3761
f 3537 3366 3652
f 3466 3374 3537
f 3374 3366 3537
f 3302 3374 3466
f 3411 3339 3506
f 3212 3206 3339
f 3280 3159 3517
f 3159 3280 3291
f 3072 3339 3411
f 3159 3291 9134
f 3159 3411 3517
f 3212 3339 12696
f 3067 3159 9134
f 3159 3064 3411
f 3067 3064 3159
f 3064 3072 3411
f 3063 2987 3067
f 3064 2976 3072
f 2976 3064 12280
f 2977 3212 10305
f 2977 10305 11692
f 2987 2859 3067
f 12280 2916 2976
f 2859 2916 3067
f 2978 2895 2987
f 2895 2859 2987
f 11692 2865 2977
f 2916 2821 2976
f 2821 2865 2976
f 2859 2821 2916
f 3317 3291 9427
f 3291 3317 9134
f 3058 9134 3217
f 3058 3217 3282
f 3063 3067 9134
f 3058 3063 9134
f 3040 3058 3282
f 2978 2987 3063
f 3058 2978 3063
f 3040 2978 3058
f 3370 3213 3441
f 3462 3203 3491
f 3313 3203 3462
f 3203 3293 3491
f 3293 3056 3370
f 3203 3056 3293
f 3056 3140 3370
f 3140 3213 3370
f 3077 3313 3366
f 3077 3203 3313
f 3008 3056 3203
f 3077 3008 3203
f 3125 3077 3366
f 3213 2980 3249
f 3140 2980 3213
f 3013 3077 3125
f 3013 3008 3077
f 3008 2828 3056
f 2828 3008 3013
f 3056 2828 3140
f 2828 2980 3140
f 2912 2828 3013
f 2982 2756 3013
f 3366 3313 3652
f 3125 3366 3374
f 3302 3125 3374
f 2982 3013 3125
f 1484 1552 1564
f 1484 1450 1552
f 1382 1450 1484
f 1552 1776 1869
f 1776 1541 1835
f 1552 1667 1776
f 1667 1541 1776
f 1609 1541 1667
f 1552 1609 1667
f 1552 1450 1609
f 1541 1496 1621
f 1450 1416 1609
f 1253 1541 1609
f 1253 1496 1541
f 1416 1253 1609
f 1253 1357 1496
f 1382 1416 1450
f 1496 1419 1621
f 1357 1419 1496
f 1382 1253 1416
f 1253 1036 1357
f 1213 1269 1484
f 1249 1382 1484
f 1269 1249 1484
f 1213 1137 1269
f 1047 1137 1213
f 1132 1249 1269
f 1047 976 1137
f 1137 976 1269
f 976 941 1269
f 882 976 1047
f 905 882 1047
f 862 941 976
f 862 758 941
f 789 882 905
f 882 845 976
f 836 862 976
f 845 836 976
f 836 758 862
f 789 781 882
f 781 845 882
f 781 726 845
f 701 781 789
f 726 836 845
f 701 478 781
f 478 614 781
f 614 726 781
f 726 479 836
f 479 758 836
f 479 9193 758
f 1419 1390 1621
f 1357 1225 1419
f 1225 1390 1419
f 1194 1036 1253
f 1225 1019 1390
f 1036 1225 1357
f 1194 1253 1382
f 1249 1132 1382
f 1132 1194 1382
f 1080 1019 1225
f 1016 1080 1225
f 1036 1016 1225
f 941 1132 1269
f 1132 1036 1194
f 941 1036 1132
f 941 991 1036
f 1016 796 1080
f 1019 1080 11665
f 991 1016 1036
f 1019 11665 11745
f 941 879 991
f 991 745 1016
f 758 879 941
f 745 796 1016
f 879 745 991
f 758 700 879
f 700 745 879
f 796 712 948
f 745 631 796
f 631 712 796
f 9193 700 758
f 631 550 712
f 469 631 745
f 700 469 745
f 1099 1106 1224
f 1049 988 1106
f 1106 988 1158
f 1099 1049 1106
f 1013 1049 1099
f 996 988 1049
f 960 988 996
f 793 792 1013
f 1013 996 1049
f 872 888 960
f 867 996 1013
f 792 867 1013
f 9272 776 872
f 9272 872 996
f 867 9272 996
f 776 549 872
f 617 724 792
f 617 640 724
f 556 776 9272
f 724 567 792
f 792 567 867
f 556 549 776
f 640 567 724
f 567 9272 867
f 455 479 726
f 614 455 726
f 478 455 614
f 388 9350 493
f 9350 478 493
f 9350 455 478
f 455 9193 479
f 9350 320 455
f 9281 9193 455
f 320 9281 455
f 105 9350 280
f 124 9281 320
f 9350 124 320
f 105 124 9350
f 105 97 124
f 124 48 9281
f 97 48 124
f 32 105 145
f 32 97 105
f 32 48 97
f 48 22 9281
f 22 84 9281
f 32 23 48
f 23 22 48
f 23 32 66
f 9339 23 66
f 9193 588 700
f 588 469 700
f 550 553 682
f 550 682 712
f 469 480 631
f 480 550 631
f 500 502 553
f 500 424 502
f 550 500 553
f 480 500 550
f 469 396 480
f 396 469 588
f 9193 396 588
f 480 275 500
f 396 275 480
f 323 275 396
f 9193 323 396
f 275 250 500
f 250 424 500
f 250 270 424
f 198 275 323
f 209 198 323
f 9193 209 323
f 198 199 275
f 199 250 275
f 250 199 270
f 199 164 270
f 84 198 209
f 84 209 12004
f 198 9334 199
f 84 9334 198
f 12004 9281 84
f 106 101 164
f 106 164 199
f 9334 106 199
f 7781 7738 7782
f 9334 68 106
f 84 9196 9334
f 22 9196 84
f 9339 66 68
f 9196 68 9334
f 9196 9339 68
f 9339 22 23
f 5649 5425 5902
f 9339 9196 22
f 501 556 9272
f 501 549 556
f 429 9371 567
f 567 9371 9272
f 310 429 640
f 429 567 640
f 9371 501 9272
f 310 358 429
f 429 358 9371
f 9371 391 501
f 391 368 501
f 309 368 391
f 310 262 358
f 277 196 9371
f 358 277 9371
f 278 391 9371
f 278 309 391
f 262 277 358
f 196 278 9371
f 262 236 277
f 156 170 196
f 156 110 170
f 12903 12234 6074
f 196 170 278
f 4923 9269 4995
f 4578 4923 5095
f 4700 4663 4966
f 4526 4627 4914
f 4627 4507 4700
f 4526 4507 4627
f 4410 4663 4700
f 4507 4410 4700
f 4665 4526 4914
f 4132 4410 4507
f 4109 4132 4507
f 4253 4394 4665
f 4394 4526 4665
f 4297 4507 4526
f 4394 4297 4526
f 4132 4013 4410
f 4253 4213 4394
f 4297 4109 4507
f 4109 4041 4132
f 4093 4213 4253
f 4065 4297 4394
f 4065 4109 4297
f 4213 4065 4394
f 4065 3893 4109
f 3695 3875 4093
f 4093 3875 4213
f 3875 9488 4213
f 3893 4041 4109
f 4041 3983 4132
f 4013 4132 12691
f 3947 4065 4213
f 12691 11782 4013
f 11782 3959 4013
f 3893 3983 4041
f 9488 3947 4213
f 3840 3729 3893
f 3840 3893 4065
f 3570 3853 3983
f 3893 3583 3983
f 3729 3583 3893
f 3583 3570 3983
f 3408 3633 3695
f 3695 3633 3875
f 3633 9488 3875
f 3622 3840 4065
f 3570 3647 3853
f 3947 3621 4065
f 3621 3622 4065
f 3622 3630 3840
f 3630 3729 3840
f 9488 3619 3947
f 3619 3621 3947
f 3621 3567 3622
f 3570 3322 3647
f 3630 3583 3729
f 3633 3547 9488
f 3408 3547 3633
f 3547 3619 9488
f 3622 3418 3630
f 3567 3418 3622
f 9370 3567 3621
f 3619 9370 3621
f 3418 3451 3630
f 3371 3418 3567
f 3417 3570 12290
f 3417 3322 3570
f 12290 3446 3417
f 3547 3408 3619
f 3408 3345 3619
f 9370 3073 3567
f 3222 3371 3567
f 3073 3222 3567
f 4663 4410 4764
f 4410 4119 4764
f 4013 4119 4410
f 4138 4173 4337
f 4138 4120 4173
f 4119 4505 4764
f 4119 4138 4505
f 4013 3959 4119
f 4119 3941 4138
f 3941 4120 4138
f 3959 3941 4119
f 3941 3786 4120
f 3941 3959 10038
f 12757 3853 3678
f 10038 3786 3941
f 3786 3787 4120
f 10215 3648 3786
f 3648 3558 3786
f 3647 3678 3853
f 3786 3563 3787
f 3558 3563 3786
f 3219 3648 3678
f 3647 3219 3678
f 3558 3409 3563
f 3382 3558 3648
f 3219 3382 3648
f 3282 3394 3409
f 3382 3409 3558
f 3309 3282 3409
f 3382 3309 3409
f 3219 3322 3341
f 3322 3219 3647
f 4317 4330 4408
f 4317 4131 4330
f 4697 4696 4838
f 4838 4578 5095
f 4689 9269 4923
f 4578 4689 4923
f 4402 4696 4697
f 4696 4578 4838
f 4689 4276 9269
f 4578 4584 4689
f 4578 4376 4584
f 4408 4402 4697
f 4376 4578 4696
f 4402 4376 4696
f 4199 4276 4689
f 4584 4199 4689
f 4330 4402 4408
f 4199 4215 4276
f 4169 4442 4501
f 4287 4376 4402
f 4279 4199 4584
f 4330 4131 4402
f 4131 4287 4402
f 9201 4279 4584
f 4376 4105 4584
f 4105 9201 4584
f 3955 4215 12251
f 3955 3860 4215
f 3860 4111 4215
f 4287 3973 4376
f 3973 4105 4376
f 3976 4199 4279
f 12251 3976 3955
f 9201 4003 4279
f 4131 3973 4287
f 3973 3750 4105
f 3750 9201 4105
f 4003 3976 4279
f 3859 3973 4131
f 3882 3955 3976
f 3859 3821 3973
f 3821 3750 3973
f 3842 3976 4003
f 3842 3882 3976
f 3882 3860 3955
f 3713 4003 12451
f 3566 3821 3859
f 3750 3697 9201
f 12451 3697 3713
f 3842 3564 3882
f 3704 3750 12188
f 3634 3842 4003
f 3713 3634 4003
f 3882 3564 12938
f 3634 3564 3842
f 12188 3598 3704
f 3310 3566 3615
f 3704 3697 3750
f 3310 3598 3821
f 3566 3310 3821
f 3477 3556 3564
f 3697 3467 3713
f 3467 3697 3704
f 3403 3564 3634
f 3331 3634 3713
f 3467 3331 3713
f 3331 3403 3634
f 3326 3467 10623
f 3310 3305 3598
f 4501 4276 12112
f 4215 4044 4276
f 12112 4169 4501
f 4111 4044 4215
f 4044 3831 4169
f 3831 4040 4169
f 3860 3807 4111
f 3831 4044 4111
f 3831 3730 4040
f 3732 3831 4111
f 3732 3636 3831
f 3605 3860 3882
f 3605 3807 3860
f 3807 3732 4111
f 3636 3539 3831
f 3605 3456 3807
f 3456 3732 3807
f 3539 3730 3831
f 12938 3605 3882
f 3505 3456 3605
f 3503 3636 3732
f 3456 3503 3732
f 3503 3539 3636
f 3556 3505 3605
f 3456 3201 3503
f 3466 3730 12648
f 3539 3327 3730
f 3503 3335 3539
f 3335 3235 3539
f 3284 3505 3556
f 3235 3327 3539
f 3201 3009 3503
f 3009 3335 3503
f 3284 3299 3505
f 12648 3302 3466
f 3201 3456 3505
f 3299 3201 3505
f 2779 3073 3081
f 2811 2779 3081
f 2883 3081 3097
f 2934 2883 3097
f 2883 2811 3081
f 2725 2811 2883
f 2725 2883 2934
f 2725 2641 2811
f 9341 2641 2725
f 2632 9341 2725
f 2463 9341 2632
f 2463 2282 9341
f 2345 2282 2463
f 2228 2282 2345
f 3206 3183 3408
f 3183 3345 3408
f 3345 3081 3619
f 3012 3081 3345
f 3081 9370 3619
f 3182 3322 3417
f 3182 3078 3322
f 3081 3073 9370
f 3081 3012 3097
f 2977 3183 3206
f 2977 3206 3212
f 3068 3078 3182
f 3183 3012 3345
f 3012 2934 3097
f 3068 2927 3078
f 2977 2948 3183
f 2825 2859 2895
f 2948 3012 3183
f 2948 2934 3012
f 2726 2927 3068
f 2830 2726 3068
f 2726 2867 2927
f 2825 2821 2859
f 2802 2895 2932
f 2802 2825 2895
f 2743 2934 2948
f 2689 2948 11730
f 2726 2699 2867
f 2802 2637 2825
f 2741 2821 2825
f 2632 2725 2743
f 2743 2725 2934
f 2697 2637 2802
f 2689 2743 2948
f 11730 2865 2689
f 2697 2802 2850
f 2699 2697 2850
f 2665 2726 2830
f 2699 2726 12163
f 2637 2741 2825
f 2821 2741 2865
f 2680 2689 2865
f 2741 2680 2865
f 2573 2632 2743
f 2689 2573 2743
f 2577 2637 2697
f 4828 4857 5085
f 2611 2680 2741
f 2637 2611 2741
f 2577 2611 2637
f 12163 2570 2699
f 2611 2562 2680
f 2680 2562 2689
f 2570 2697 2699
f 2570 2577 2697
f 2515 2570 2665
f 2523 2515 2665
f 2570 2490 2577
f 2490 2372 2577
f 2515 2490 2570
f 2577 2562 2611
f 2455 2573 2689
f 2562 2455 2689
f 2573 2455 2632
f 2372 2394 2577
f 2394 2562 2577
f 2398 2455 2562
f 2394 2398 2562
f 2398 2403 2455
f 2455 2463 2632
f 2490 2515 2523
f 2445 2300 2523
f 2455 2403 2463
f 2322 2490 2523
f 2300 2322 2523
f 2322 2372 2490
f 2394 2072 2398
f 2372 2072 2394
f 2322 2072 2372
f 2403 2281 2463
f 2398 2281 2403
f 2281 2345 2463
f 2300 2185 2322
f 2122 2281 2398
f 2072 2122 2398
f 2281 2228 2345
f 3219 3185 3382
f 3322 3078 3341
f 3078 3219 3341
f 3185 3071 3382
f 3149 3282 3309
f 3149 3309 3382
f 3071 3149 3382
f 3078 3185 3219
f 3078 2867 3185
f 2867 3071 3185
f 3149 3040 3282
f 3071 2979 3149
f 2979 3040 3149
f 2867 2979 3071
f 2927 2867 3078
f 2979 2932 3040
f 2895 2978 3040
f 2932 2895 3040
f 2850 2802 2979
f 2802 2932 2979
f 2867 2850 2979
f 2699 2850 2867
f 3598 3147 3704
f 10623 3147 3326
f 3467 3326 11929
f 2980 3146 3249
f 3146 3305 3310
f 3249 3146 3310
f 3305 3147 3598
f 3147 3070 3326
f 2931 3143 3326
f 2980 3053 3146
f 3070 2931 3326
f 3146 3053 3305
f 3035 3147 3305
f 3053 3035 3305
f 2907 3070 3147
f 3035 2907 3147
f 2882 3035 3053
f 2907 2943 3070
f 2943 2931 3070
f 2882 2906 3035
f 2906 2907 3035
f 2980 2904 3053
f 2828 2904 2980
f 2832 2931 2943
f 2904 2882 3053
f 2900 2756 2982
f 2756 2912 3013
f 2882 2904 2906
f 2907 2827 2943
f 2904 2700 2906
f 2906 2827 2907
f 2700 2904 12810
f 12810 2912 2700
f 2756 2700 2912
f 2720 2756 2900
f 2702 2827 2906
f 2653 2832 2943
f 2827 2590 2943
f 2590 2653 2943
f 2700 2702 2906
f 2702 9160 2827
f 9160 2590 2827
f 2720 2700 2756
f 2700 9160 2702
f 2650 9160 2700
f 2650 2700 2720
f 9160 2553 2590
f 2569 2650 2720
f 2569 9236 2650
f 2324 9160 2650
f 9236 2324 2650
f 2324 2553 9160
f 2553 2510 2590
f 2335 2510 2553
f 2503 9236 2569
f 2178 2335 2553
f 2324 2178 2553
f 2366 2270 9236
f 2270 2324 9236
f 2166 2270 2366
f 2270 2178 2324
f 2178 2142 2335
f 3235 3190 3327
f 3176 3302 3327
f 3190 3176 3327
f 3030 3235 3335
f 3009 3030 3335
f 2982 3125 3302
f 3015 3009 3201
f 3030 3190 3235
f 3201 3299 12348
f 12348 3015 3201
f 3030 2923 3190
f 3176 2982 3302
f 2770 2720 2900
f 2566 2720 2770
f 2566 2569 2720
f 2566 2503 2569
f 2366 9236 2503
f 2145 2166 2366
f 1942 2228 2281
f 2122 2055 2281
f 2185 2072 2322
f 2166 2170 2270
f 2170 2178 2270
f 2166 2094 2170
f 12602 3630 3446
f 3451 3377 3630
f 3377 3446 3630
f 3403 3477 3564
f 3477 3358 3556
f 11929 3331 3467
f 2641 2779 2811
f 2228 2204 2282
f 3073 3061 3222
f 3135 2930 3182
f 2930 3068 3182
f 2829 2830 3068
f 2645 2665 2830
f 2645 2523 2665
f 2445 2523 2645
f 2423 2445 2645
f 2276 2300 2445
f 2276 2185 2300
f 2590 2510 2653
f 2142 2050 2335
f 1974 2050 2142
f 2053 2176 10607
f 2053 10607 11196
f 2002 1887 9979
f 1887 2002 2053
f 11196 1887 2053
f 12606 1720 1920
f 1842 1720 1887
f 1720 1715 1920
f 1832 1759 1842
f 1720 1842 9952
f 1772 1774 1832
f 1774 1759 1832
f 1717 1759 1774
f 1717 1714 1759
f 1714 1711 1759
f 9952 1711 1720
f 1664 1715 11265
f 1664 1653 1715
f 1681 1711 1714
f 11265 1711 1664
f 1681 1664 1711
f 1654 1664 11925
f 1654 1653 1664
f 2007 1934 2243
f 1872 1934 1955
f 2243 1934 12558
f 1852 1934 9895
f 1872 1955 2088
f 1920 1812 1968
f 1968 1812 11747
f 1812 1872 2088
f 1852 9895 10318
f 1790 1852 9718
f 1812 1770 1872
f 1762 1766 1785
f 1785 1766 12760
f 12760 9718 1785
f 1812 1920 12461
f 1770 1812 9909
f 1731 1762 1785
f 12638 10584 1785
f 1731 1785 12392
f 10584 1639 1785
f 10587 9909 1665
f 1653 1665 1715
f 1653 1654 1665
f 1665 1654 11908
f 2059 2257 11839
f 1978 2257 10091
f 2125 9177 11650
f 11839 1951 2059
f 10091 1995 1978
f 1950 2111 12747
f 1951 1978 12102
f 12102 1841 1951
f 12558 9177 2243
f 1950 10295 12937
f 1822 10295 11216
f 12635 1995 9177
f 1995 1852 11454
f 11454 1841 1995
f 1822 11216 11833
f 1790 1777 1841
f 1766 1777 1790
f 1766 1762 1777
f 2236 2169 10358
f 10358 9320 2236
f 9320 10962 11920
f 2172 2059 10444
f 10444 2111 2172
f 6770 6677 6824
f 6730 6770 6771
f 6771 6770 6817
f 12473 9867 9289
f 6647 6578 9711
f 9867 9552 9289
f 6647 9711 9737
f 7218 7159 11149
f 11722 7014 7230
f 6909 7159 7200
f 6909 7200 10661
f 6909 7014 7159
f 7014 9565 12037
f 9552 9397 9289
f 10661 9649 6909
f 6876 9565 9569
f 9182 6876 11004
f 11016 6820 6909
f 7284 7169 12216
f 7179 9802 10531
f 7169 7230 11102
f 9354 7179 10025
f 10531 7065 7179
f 9354 10025 11938
f 11102 6876 7169
f 6690 6651 7065
f 6876 7045 7169
f 12311 9725 7065
f 9725 6690 7065
f 10481 6876 9182
f 11938 10900 9354
f 7017 7125 9680
f 7017 9680 12146
f 9232 10445 10663
f 6799 7046 9655
f 10663 6310 9232
f 6799 9655 11799
f 5806 5972 6144
f 5972 6040 6144
f 5812 5912 6040
f 5972 5812 6040
f 5696 5853 5972
f 5806 5696 5972
f 5853 5812 5972
f 5700 5806 6013
f 5610 5688 5812
f 5610 5812 5853
f 5696 5634 5853
f 5700 5456 5806
f 5456 5696 5806
f 5644 5700 6013
f 5634 5610 5853
f 5624 5634 5696
f 5456 5624 5696
f 5644 9333 5700
f 5432 5610 5634
f 5373 5610 11308
f 5456 5385 5624
f 5373 11308 11701
f 9333 5323 5700
f 5624 5385 5634
f 5332 5456 5700
f 5332 5385 5456
f 4812 5323 9333
f 5432 5634 11353
f 5323 5332 5700
f 5101 5432 9799
f 5385 10209 12194
f 10209 5023 5115
f 4812 9495 5323
f 5323 9495 5332
f 12790 4603 5023
f 9495 4603 5332
f 4884 5010 5432
f 5101 4884 5432
f 9799 5115 5101
f 6726 6662 6771
f 6662 6658 6730
f 6662 6730 6771
f 6636 6658 6662
f 6636 6623 6658
f 6629 6636 6662
f 6629 6662 6726
f 6584 6724 6730
f 6550 6658 6659
f 6658 6584 6730
f 6550 6584 6658
f 6621 6491 6659
f 6629 6623 6636
f 6658 6623 6659
f 6623 6621 6659
f 6544 6623 6629
f 6584 6514 6724
f 6544 6621 6623
f 6550 6514 6584
f 6491 6550 6659
f 6329 6491 6621
f 6409 6329 6621
f 6544 6409 6621
f 6529 6321 6544
f 6514 6155 6724
f 6491 6317 6550
f 6329 6226 6491
f 6226 6317 6491
f 6242 6226 6329
f 6321 6409 6544
f 6144 6329 6409
f 6144 6242 6329
f 6321 6202 6409
f 5806 6144 6202
f 6202 6144 6409
f 5783 6155 6514
f 6317 6514 6550
f 6144 6040 6242
f 6514 6317 11402
f 5785 6226 6242
f 6013 5806 6202
f 6013 6202 6321
f 5967 6226 11208
f 6226 5967 6317
f 11402 5783 6514
f 6040 6029 6242
f 6029 5785 6242
f 5912 6029 6040
f 5912 5742 6029
f 5984 6013 6321
f 11208 10603 5967
f 5717 5783 5967
f 10603 5717 5967
f 5984 5644 6013
f 5729 5783 12892
f 5717 5483 5783
f 12207 5524 5717
f 12892 11827 5729
f 11827 5394 5729
f 5638 9333 5644
f 5524 5483 5717
f 5112 5483 5524
f 5005 5270 5394
f 5005 5069 5270
f 5112 5015 5483
f 5015 5005 5483
f 5069 5153 5270
f 5015 5112 5524
f 4979 5000 5052
f 5069 5022 5153
f 5022 5045 5153
f 5022 4979 5045
f 4883 4979 5022
f 4979 4883 5000
f 4883 9180 5000
f 9408 4883 5022
f 4888 5022 5069
f 4888 9408 5022
f 5005 4888 5069
f 4608 5005 5015
f 4608 4888 5005
f 4788 4812 5081
f 6730 6724 6770
f 6724 6503 6770
f 6438 6580 6612
f 6438 6612 6613
f 6613 6677 10884
f 6503 6531 6770
f 10884 6531 6613
f 6438 6496 6580
f 6299 6438 6613
f 6531 6299 6613
f 6503 6323 6531
f 6438 6331 6496
f 6299 6215 6438
f 6155 6323 6724
f 6323 6503 6724
f 6089 6331 6438
f 6215 6089 6438
f 6215 6299 6531
f 6323 6215 6531
f 6089 6189 6331
f 6155 5939 6323
f 5783 5729 5939
f 5783 5939 6155
f 6089 5948 6189
f 5925 6215 12567
f 5925 6018 6215
f 12567 5939 5925
f 5654 6089 6215
f 6018 5654 6215
f 5729 5925 5939
f 5729 5740 5925
f 5529 5948 6089
f 5925 5740 6018
f 5654 5529 6089
f 5740 5654 6018
f 5729 5539 5740
f 5394 5446 5729
f 5446 5539 5729
f 5491 5529 5654
f 5216 5654 5740
f 5539 5216 5740
f 5446 5389 5539
f 5491 5287 5529
f 5344 5491 5654
f 5216 5344 5654
f 5389 5216 5539
f 5394 5270 5446
f 5207 5287 5491
f 5270 5389 5446
f 5270 5246 5389
f 5344 5207 5491
f 5223 5207 5344
f 5216 5223 5344
f 5246 5216 5389
f 5153 5134 5270
f 5134 5246 5270
f 5134 5042 5246
f 5045 5134 5153
f 4979 5042 5045
f 5045 5042 5134
f 5001 5207 5223
f 5042 4979 5052
f 5223 5216 5246
f 5042 4977 5246
f 5207 5001 5287
f 5001 4943 5287
f 4977 5042 5052
f 9127 4977 5052
f 4905 5001 5223
f 4738 5223 5246
f 4977 4738 5246
f 4905 4746 5001
f 4740 4943 5001
f 6189 6267 6331
f 6189 5948 12061
f 5529 5623 5948
f 5474 9451 5948
f 5623 5474 5948
f 5474 5361 9451
f 5287 5480 5529
f 5529 5480 5623
f 5480 5474 5623
f 4941 5474 5480
f 4941 5168 5474
f 5287 4941 5480
f 5168 4941 5220
f 4766 5361 12156
f 4766 5166 5361
f 5168 4948 5474
f 12156 4948 4766
f 4766 5109 5166
f 4943 4941 5287
f 4766 4948 4954
f 4826 5090 5109
f 4737 4826 5109
f 4948 5168 5220
f 4766 4737 5109
f 4948 4770 4954
f 4770 4948 5220
f 4757 4770 5220
f 4740 4699 4943
f 4699 4941 4943
f 4941 4699 5220
f 4699 4757 5220
f 9115 6494 11293
f 5910 6170 6494
f 9157 5727 12508
f 5727 5910 6494
f 5727 5710 5910
f 5710 5835 5910
f 5726 5903 9467
f 5726 5615 5903
f 5710 5633 5835
f 5633 5714 5814
f 5714 5709 5814
f 5556 5726 9467
f 5709 5556 9467
f 5556 5709 5714
f 5586 5710 5727
f 5586 5633 5710
f 5586 5727 9157
f 5586 5263 5633
f 5435 5556 5714
f 5633 5435 5714
f 5263 5435 5633
f 5278 5586 9157
f 5556 5390 5726
f 5390 5403 5726
f 5435 5325 5556
f 5325 5390 5556
f 5263 5325 5435
f 5403 5390 12622
f 5278 5263 5586
f 5621 5278 9157
f 5325 5165 5390
f 5016 5263 5278
f 5263 4824 5325
f 4824 5165 5325
f 5016 4824 5263
f 12622 11646 5403
f 5199 4823 9214
f 4824 4831 5165
f 4831 4880 5165
f 5621 4823 11588
f 11588 5278 5621
f 4839 5016 5278
f 4678 4824 5016
f 4839 4678 5016
f 6922 9115 11067
f 9737 6170 6647
f 6628 9771 10182
f 6628 10182 11013
f 6177 6578 6647
f 6177 6255 6578
f 6170 5973 6647
f 5973 6177 6647
f 5910 5973 6170
f 5973 5989 6177
f 6177 6047 6255
f 5986 6047 6177
f 5986 5979 6047
f 6325 6207 12435
f 6008 6035 6207
f 5989 5986 6177
f 6054 6325 12409
f 5894 5986 5989
f 6030 6003 6255
f 5958 5906 6041
f 6047 6030 6255
f 5906 5905 6008
f 6041 6008 6207
f 5906 6008 6041
f 6042 5905 6047
f 6008 5905 6042
f 5979 6042 6047
f 5979 6035 6042
f 6035 6008 6042
f 12409 9467 6054
f 5973 5835 5989
f 5633 5814 5835
f 5910 5835 5973
f 5905 6030 6047
f 5894 5979 5986
f 5979 5894 6035
f 5835 5894 5989
f 5835 5814 5894
f 5776 6003 12137
f 5851 5905 5906
f 5905 5851 6030
f 5894 9467 6035
f 5814 5709 9467
f 5894 5814 9467
f 12137 5851 5776
f 5478 5851 5906
f 5516 5776 5851
f 5683 5906 5958
f 5888 5683 5958
f 5683 5478 5906
f 5478 5516 5851
f 5553 5478 5683
f 5478 5275 5516
f 9182 11004 11105
f 5993 9692 11030
f 11013 6402 6628
f 11684 6628 6241
f 6241 6628 12728
f 12728 6016 6241
f 5672 5993 9864
f 6003 5776 6402
f 9864 9757 5672
f 5776 5583 6402
f 5583 6016 6402
f 9757 5582 5672
f 5582 9768 10465
f 5516 5587 5776
f 5587 5583 5776
f 5583 5258 6016
f 5258 5492 6016
f 5582 10465 12679
f 12679 5378 5582
f 5275 5478 5553
f 5516 5275 5587
f 5258 5583 5587
f 5258 5307 5492
f 5307 5203 5492
f 5275 5160 5587
f 5160 5258 5587
f 5008 5160 5275
f 5258 5040 5307
f 5040 5203 5307
f 5160 5040 5258
f 5037 5378 12185
f 5008 5275 5279
f 5008 4684 5160
f 4850 5008 5279
f 5037 12185 12342
f 4850 4684 5008
f 11200 9612 6310
f 12419 10817 6690
f 6310 9612 9943
f 6197 9182 9775
f 11663 6197 6191
f 9775 5817 6197
f 5817 10388 11879
f 6197 5817 11225
f 5495 6191 11326
f 5495 5772 6191
f 11326 11157 5495
f 11879 11074 5817
f 5179 5565 5817
f 11074 5179 5817
f 5495 11157 11304
f 5378 5179 5582
f 11304 11302 5495
f 5037 5179 5378
f 5179 5290 5565
f 5179 4843 5290
f 4849 4843 5179
f 5037 4849 5179
f 4843 4640 5290
f 4642 4849 5037
f 10352 6515 6661
f 6515 9232 12182
f 9943 5772 6310
f 12182 6167 6515
f 6050 6167 6310
f 6515 6219 6661
f 6153 6219 6515
f 6167 6153 6515
f 5867 6050 6310
f 6067 6169 6251
f 6093 6067 6251
f 6015 6067 6093
f 6098 6093 6249
f 6124 6153 6167
f 6096 6093 6098
f 6083 6096 6098
f 6096 6083 6153
f 6124 6096 6153
f 6050 6124 6167
f 5916 6093 6096
f 5916 6096 6124
f 5772 5867 6310
f 5916 6015 6093
f 6050 5916 6124
f 6015 5774 6067
f 5916 5908 6015
f 5908 5774 6015
f 5867 5916 6050
f 5772 5769 5867
f 5867 5747 5916
f 5561 5908 5916
f 5747 5561 5916
f 5769 5764 5867
f 5764 5747 5867
f 5603 5774 5908
f 5666 5561 5747
f 5666 5747 5764
f 5666 5764 5769
f 5495 5769 5772
f 5561 5603 5908
f 5555 5666 5769
f 5555 5561 5666
f 5273 5555 5769
f 5561 5067 5603
f 5495 5273 5769
f 5555 5420 5561
f 5273 5420 5555
f 5420 5067 5561
f 5273 5154 5420
f 5202 5154 5273
f 11302 5273 5495
f 5154 4726 5420
f 5078 5202 5273
f 12172 5078 5273
f 4726 5067 5420
f 5078 5154 5202
f 4726 4819 5067
f 11799 6577 6799
f 6916 6577 12375
f 6304 6251 6347
f 6249 6093 6251
f 6249 6251 6304
f 12491 6062 6225
f 6304 6347 12396
f 12396 6086 6304
f 6577 6661 12685
f 12605 6131 6062
f 6086 6318 6358
f 6098 6249 6304
f 5994 6098 6304
f 6083 5994 6153
f 6153 5994 6219
f 6219 6131 6661
f 6086 5994 6304
f 6062 5819 6225
f 9328 6110 6225
f 5819 9328 6225
f 6023 6131 6219
f 6163 5690 6358
f 5994 6023 6219
f 5994 6083 6098
f 5690 6086 6358
f 5847 5994 6086
f 5690 5786 6086
f 5786 5868 6086
f 6023 5825 6131
f 5994 5847 6023
f 5819 6062 6131
f 5825 5819 6131
f 5847 5825 6023
f 5868 5847 6086
f 6117 5690 6163
f 5788 5819 5825
f 4474 4540 4844
f 5788 5695 5819
f 5788 5825 5847
f 5508 5847 5868
f 5786 5508 5868
f 5745 5690 6117
f 5695 5788 5847
f 5669 5678 5695
f 5695 5678 5819
f 5508 5669 5847
f 3500 3412 3657
f 5690 5402 5786
f 5402 5508 5786
f 5819 5564 9328
f 5678 5564 5819
f 5669 5564 5678
f 5515 5564 5669
f 5508 5550 5669
f 5550 5515 5669
f 5564 5503 9328
f 5402 5690 5745
f 5377 5503 5564
f 5327 5515 5550
f 5508 5264 5550
f 5515 5192 5564
f 5192 5377 5564
f 5327 5192 5515
f 5261 5402 5745
f 5402 5264 5508
f 5377 5164 5503
f 5192 5164 5377
f 4820 5497 12354
f 5264 5212 5550
f 5212 5327 5550
f 5261 5264 5402
f 5206 5192 5327
f 5212 5206 5327
f 5164 4937 5503
f 5106 5212 5264
f 5164 5192 5206
f 12354 4937 4820
f 4940 5206 5212
f 5106 4940 5212
f 4796 5106 5264
f 4940 5164 5206
f 4940 4937 5164
f 5261 4735 5264
f 4930 4735 5261
f 4735 4796 5264
f 4647 4937 4940
f 4796 4722 5106
f 5580 5504 5757
f 5178 5167 5504
f 5167 5266 5504
f 4651 4935 4939
f 4935 4784 5167
f 6508 6449 9186
f 6246 6436 6453
f 6449 6174 6453
f 6162 6039 6365
f 6174 6246 6453
f 6036 6449 11676
f 6036 6174 6449
f 6174 5630 6246
f 6246 5965 6252
f 5630 5965 6246
f 11676 6039 6036
f 6036 5809 6174
f 5809 5630 6174
f 5965 5977 6252
f 5846 6036 6039
f 5818 5846 6039
f 5748 5731 5977
f 5965 5748 5977
f 5818 6039 6162
f 5846 5809 6036
f 5630 5748 5965
f 5504 5572 6001
f 6162 6001 12958
f 12958 5818 6162
f 5626 5809 5846
f 5626 5630 5809
f 5572 5614 5818
f 5569 5731 5748
f 5504 5266 5572
f 5818 5614 5846
f 5349 5626 5846
f 5614 5349 5846
f 5630 5626 5748
f 5626 5569 5748
f 5572 5266 5614
f 5266 5084 5614
f 5349 5292 5626
f 5292 5569 5626
f 5292 5126 5569
f 5123 5349 5614
f 5084 5123 5614
f 5196 5292 5349
f 5196 5349 12379
f 5084 5266 12443
f 12443 4832 5084
f 4776 5126 5292
f 5196 4776 5292
f 5084 4785 5123
f 4776 4892 5126
f 4832 4785 5084
f 4776 4797 4892
f 4785 4772 5123
f 4772 4667 5123
f 4667 4797 5196
f 6608 6625 10950
f 6608 6603 6624
f 6603 6398 6624
f 6590 6398 6603
f 9315 6398 6590
f 6518 6590 6603
f 10950 6459 6608
f 6518 6603 6608
f 6518 6534 6590
f 6534 6460 6590
f 6460 9315 6590
f 6518 6481 6534
f 6436 6459 6594
f 6456 6481 6518
f 6456 6608 12589
f 6456 6518 6608
f 6386 6460 6481
f 6481 6460 6534
f 12589 10559 6456
f 6350 9315 6460
f 6246 6252 6436
f 6436 6252 6459
f 6180 6291 6481
f 6252 6127 6459
f 10559 6116 6456
f 6456 6181 6481
f 6181 6180 6481
f 6116 6181 6456
f 5977 6127 6252
f 6116 5959 6181
f 5974 6180 6181
f 5935 5959 6116
f 5959 5974 6181
f 10940 5935 6116
f 5974 5956 6180
f 5731 5884 5977
f 5977 5884 6127
f 5884 5935 6127
f 5759 5956 5974
f 5759 5685 5956
f 5822 5759 5974
f 5959 5822 5974
f 5618 5822 5959
f 5935 5618 5959
f 5713 5935 12597
f 5713 5618 5935
f 5618 5759 5822
f 12597 5622 5713
f 5731 5569 5884
f 12674 11644 5622
f 5571 5759 11401
f 11644 5415 5622
f 11401 9912 5571
f 5622 5193 5713
f 5126 5415 5569
f 5415 5225 5622
f 5126 5248 5415
f 5571 9912 12542
f 12542 5365 5571
f 5248 5225 5415
f 5193 5110 5713
f 5225 5120 5622
f 5126 5136 5248
f 5141 5225 5248
f 5136 5141 5248
f 5110 4862 5365
f 5120 5193 5622
f 5141 4985 5225
f 4985 5120 5225
f 4871 5110 5193
f 5120 4871 5193
f 4942 4985 5141
f 5136 4942 5141
f 5126 4895 5136
f 4895 4942 5136
f 4892 4895 5126
f 4942 9126 4985
f 4870 9126 4942
f 9126 4901 4985
f 4985 4871 5120
f 4895 4789 4942
f 4871 4747 5110
f 4747 4862 5110
f 6386 6350 6460
f 6291 6386 6481
f 6291 6258 6386
f 6091 6350 6386
f 6258 6091 6386
f 6180 6166 6291
f 6166 6151 6291
f 6151 6258 6291
f 6141 6151 6166
f 5956 6166 6180
f 5956 6141 6166
f 5944 6115 6350
f 6091 5944 6350
f 6151 5990 6258
f 5990 6091 6258
f 5956 6033 6141
f 5913 5990 6151
f 5990 5945 6091
f 6141 5913 6151
f 5956 5923 6033
f 6141 6033 11880
f 5674 5944 6091
f 5793 5703 5913
f 11880 5913 6141
f 5685 5923 5956
f 5689 5793 6033
f 5913 5780 5990
f 5780 5945 5990
f 5871 5689 6033
f 5923 5871 6033
f 5397 5674 11625
f 5703 5780 5913
f 11625 5945 5397
f 5689 5724 5793
f 5703 5416 5780
f 5724 5703 5793
f 5780 5397 5945
f 5703 5724 10959
f 5416 5300 5780
f 10959 5416 5703
f 5554 5439 5724
f 5300 5397 5780
f 5397 5300 12604
f 5324 5300 5416
f 5317 5397 10244
f 10244 4999 5317
f 4999 5026 5317
f 4993 5300 5324
f 4967 4993 5324
f 4999 4904 5026
f 4555 4904 4999
f 12923 4861 4999
f 4861 4555 4999
f 4967 4861 4993
f 5342 5439 5554
f 5342 5280 5439
f 5172 5324 5416
f 5172 5416 5439
f 5172 5439 12599
f 5060 4967 5324
f 5172 5060 5324
f 5172 12599 12617
f 12617 5060 5172
f 4668 4286 4884
f 9378 4286 4668
f 9378 4133 4286
f 3758 3995 4133
f 3758 4133 9378
f 3907 3758 9378
f 3528 3758 3907
f 3751 3528 3907
f 3438 3528 3751
f 3269 3438 3751
f 4603 4681 5023
f 4668 4884 5101
f 4558 4668 5101
f 4386 9495 4812
f 4386 4603 9495
f 5023 4553 5115
f 4558 5101 5115
f 4553 4558 5115
f 4499 4386 4812
f 4553 4268 4558
f 4681 4407 5023
f 4407 4553 5023
f 4386 4196 4603
f 4603 4196 4681
f 4196 4407 4681
f 4174 4196 4386
f 4558 9378 4668
f 4174 4386 4499
f 4407 4061 4553
f 4061 4268 4553
f 4268 4070 4558
f 4070 9378 4558
f 4061 4070 4268
f 4196 4061 4407
f 3972 4061 4196
f 4174 3972 4196
f 4025 3972 4174
f 3907 9378 12222
f 3921 3972 4025
f 4061 3664 4070
f 3972 3664 4061
f 4070 3664 12853
f 3921 3778 3972
f 12222 3571 3907
f 3829 3778 3921
f 3774 3664 3972
f 3778 3774 3972
f 3571 3751 3907
f 3617 3778 3829
f 3629 3774 3778
f 3631 3617 3740
f 3629 3664 3774
f 3464 3629 12177
f 12177 3617 3464
f 3629 3571 3664
f 3465 3617 3631
f 3465 3464 3617
f 3445 3571 3629
f 3445 3629 11332
f 3571 3445 3751
f 11332 3416 3445
f 3433 3464 3465
f 3433 3416 3464
f 3416 3239 3445
f 3239 3263 3445
f 3445 3263 3751
f 4883 4964 9180
f 4883 4521 4964
f 9408 4521 4883
f 4771 4654 4788
f 4654 4771 10502
f 4788 4520 4812
f 4520 4499 4812
f 4580 4608 5015
f 4888 4608 11846
f 4500 4654 10239
f 10239 4521 4500
f 4654 4520 4788
f 4357 9408 4888
f 11846 4357 4888
f 4413 4521 10592
f 4580 4389 4608
f 10592 4357 4413
f 4318 4389 4580
f 4164 4499 4520
f 4164 4520 4654
f 4500 4164 4654
f 4318 4357 4389
f 4413 4500 4521
f 4318 4072 4357
f 4164 4174 4499
f 4357 4072 4413
f 4413 4164 4500
f 4072 4318 4336
f 4072 4076 4413
f 4164 4025 4174
f 4076 4164 4413
f 4151 3958 4336
f 3958 4072 4336
f 4072 3965 4076
f 3958 3965 4072
f 3921 4025 4164
f 4076 3921 4164
f 3965 3829 4076
f 3829 3921 4076
f 3965 3958 12854
f 3828 3747 12549
f 3740 3617 3829
f 3740 3829 3965
f 12854 3740 3965
f 3631 3740 3747
f 3631 3747 3828
f 4746 4740 5001
f 4744 4766 4954
f 4699 4392 4757
f 4533 4699 4740
f 4533 4392 4699
f 4824 4339 4831
f 4678 4339 4824
f 4358 4841 4880
f 4831 4628 4880
f 4839 4823 12835
f 12835 4422 4839
f 4628 4358 4880
f 4358 4539 4841
f 4450 4678 4839
f 4422 4450 4839
f 4339 4628 4831
f 4450 4274 4678
f 4274 4339 4678
f 4339 4263 4628
f 4422 9090 11483
f 4274 4263 4339
f 4358 4628 12893
f 4248 4358 11850
f 4142 4263 4274
f 12550 3764 3792
f 11850 4117 4248
f 3933 4274 4450
f 4143 4142 4274
f 3933 4143 4274
f 4422 3791 4450
f 3791 3933 4450
f 4142 4092 4263
f 4263 3981 4628
f 4092 3981 4263
f 3981 4012 4117
f 11483 3791 4422
f 3933 3599 4143
f 12955 11455 3791
f 3764 3644 3792
f 3933 3791 10367
f 10385 10084 3642
f 10367 3599 3933
f 10084 3352 3642
f 10954 3355 3352
f 4522 4351 4817
f 4050 4351 4522
f 4246 4050 4522
f 4079 4050 4246
f 3971 4092 4142
f 3971 4142 4143
f 4136 4079 4246
f 3922 3981 4092
f 3981 3873 4012
f 3922 3873 3981
f 3971 3922 4092
f 3867 4050 4079
f 3993 3881 4136
f 3599 3900 4143
f 3900 3971 4143
f 3763 3881 3952
f 3856 3763 3952
f 3782 3873 3922
f 3782 3922 3971
f 3763 3856 3873
f 3687 4079 4136
f 3881 3687 4136
f 3773 3867 4079
f 3687 3773 4079
f 3782 3763 3873
f 3773 3646 3867
f 3900 3782 3971
f 3763 3687 3881
f 3599 3643 3900
f 3490 3763 3782
f 3643 3782 3900
f 3643 3490 3782
f 3490 3687 3763
f 3687 3499 3773
f 3490 3499 3687
f 3499 3334 3773
f 3334 3486 3773
f 3490 3228 3499
f 3334 3499 10162
f 3228 3490 12649
f 12649 9929 3228
f 5040 4550 5203
f 4351 4684 4850
f 4634 5040 5160
f 4817 4351 4850
f 4546 4634 5160
f 12342 4420 5037
f 4420 4642 5037
f 4684 4546 5160
f 4351 4546 4684
f 4324 4420 4550
f 4634 4550 5040
f 4420 9356 4642
f 4351 4312 4546
f 4324 4550 4634
f 4546 4312 4634
f 3861 4324 4634
f 4312 3861 4634
f 4324 3895 4420
f 9356 4420 12488
f 4050 4312 4351
f 4050 3861 4312
f 3895 4324 11615
f 9356 10631 11457
f 3867 3861 4050
f 3868 10031 11129
f 10802 9664 3801
f 3530 9557 11025
f 3861 3867 11746
f 11025 3646 3530
f 3486 3646 3773
f 3486 3530 3646
f 3486 3395 3530
f 3801 9664 10859
f 10859 3320 3801
f 3395 3402 3530
f 3334 3395 3486
f 4640 4547 5290
f 4547 5031 5290
f 4547 4349 5031
f 4202 4640 4843
f 4202 4843 12975
f 4642 9356 4849
f 12975 12386 4202
f 4362 4547 4640
f 4202 4362 4640
f 4349 4547 12875
f 4202 9483 4362
f 3870 4349 11672
f 11672 9483 3870
f 9483 4202 9564
f 9483 9564 10126
f 10126 9586 9483
f 11898 11129 9198
f 10747 10003 9483
f 4562 4726 5154
f 5078 4562 5154
f 4726 4463 4819
f 5031 4349 5078
f 4562 4479 4726
f 4349 4562 5078
f 4479 4463 4726
f 4205 4479 4562
f 4349 4205 4562
f 4205 4311 4479
f 4311 4249 4479
f 3870 4205 4349
f 4249 4251 4479
f 4249 4035 4251
f 4035 4249 4311
f 4035 3944 4106
f 4205 3957 4311
f 9483 10003 10800
f 4647 4940 5106
f 4722 4496 5106
f 4496 4647 5106
f 4782 4735 4930
f 4576 4722 4796
f 4735 4576 4796
f 4123 4820 11340
f 11340 11071 4123
f 4651 4784 4935
f 4797 4705 4892
f 4797 4776 5196
f 4716 4705 4797
f 4662 4785 4832
f 4596 4662 4832
f 4701 4870 4968
f 4705 4789 4895
f 4892 4705 4895
f 4701 9126 4870
f 9126 4686 4901
f 4703 4871 4985
f 4901 4703 4985
f 4747 4506 4862
f 4743 4701 4932
f 4703 4747 4871
f 4742 9473 4743
f 4543 4861 4967
f 4676 4543 4967
f 4555 4590 4904
f 4590 4615 4904
f 4676 4967 5060
f 4877 4620 5060
f 4620 4676 5060
f 3263 3269 3751
f 9929 9610 3228
f 10162 3314 3334
f 3126 3320 3402
f 3395 3126 3402
f 3193 9198 12374
f 12374 11303 3193
f 3320 3169 3801
f 3092 3169 3320
f 3334 3314 3395
f 11303 9159 3193
f 3126 3092 3320
f 2002 9979 10085
f 2053 2002 2117
f 1955 1934 2007
f 5812 5778 5912
f 5688 5778 5812
f 5778 5742 5912
f 5610 5373 5688
f 4884 4629 5010
f 5742 5785 6029
f 5524 9450 12907
f 5006 5015 5524
f 5015 5006 10807
f 6164 6054 10816
f 10816 5903 6164
f 5403 5615 5726
f 11646 5181 5403
f 12879 4841 5181
f 6290 6207 6325
f 6041 6207 6290
f 5958 6041 6123
f 5888 5958 6123
f 5553 5683 11490
f 5279 5275 5553
f 4817 4850 5279
f 5063 4817 5279
f 5774 5898 6067
f 5067 5500 5603
f 6251 6169 6347
f 6163 6358 6407
f 5399 5261 5745
f 4930 5261 5399
f 4862 4725 5365
f 5607 5554 5724
f 5637 5607 5724
f 5122 4877 5280
f 5122 5280 5342
f 4803 4877 5122
f 4286 4629 4884
f 3758 3528 3995
f 3679 3631 3828
f 3414 3465 3631
f 3414 3631 3679
f 3414 3433 3465
f 3263 3260 3269
f 3239 3416 3433
f 10807 4580 5015
f 4336 4318 4580
f 3788 3958 4151
f 12549 3788 3828
f 4358 4248 4539
f 4012 4043 4117
f 6069 5907 6097
f 3873 3856 4012
f 4012 3856 4043
f 3952 3881 3993
f 4251 4463 4479
f 4035 4106 4251
f 4251 4106 4298
f 3957 4035 4311
f 3944 3925 4106
f 3957 3944 4035
f 3908 3925 3944
f 3908 3852 3925
f 3656 3908 3944
f 3656 3944 3957
f 3656 3852 3908
f 3870 3593 4205
f 3593 3957 4205
f 10800 3870 9483
f 3593 3656 3957
f 3593 3410 3656
f 3656 3460 3852
f 3460 3487 3852
f 3410 3460 3656
f 3248 3410 3593
f 3460 3350 3487
f 4536 4496 4722
f 4525 4735 4782
f 4576 4536 4722
f 4525 4576 4735
f 4270 4256 4647
f 4496 4270 4647
f 11071 4256 4123
f 344 378 438
f 438 378 509
f 31 9454 54
f 9225 9280 9140
f 31 117 144
f 31 54 117
f 144 117 231
f 144 231 336
f 9140 9280 9158
f 399 412 534
f 399 9316 412
f 534 536 747
f 420 9500 439
f 420 439 529
f 9246 529 644
f 582 731 825
f 906 731 9348
f 906 9348 992
f 992 1057 1175
f 718 778 856
f 747 718 856
f 9352 9321 894
f 946 9120 1110
f 946 925 9120
f 1110 1208 1255
f 1110 1199 1208
f 1255 1208 1362
f 1208 1199 1251
f 1208 1251 1362
f 581 686 9250
f 644 581 9250
f 9246 644 9352
f 9352 644 9250
f 9352 9250 9321
f 847 9250 895
f 9250 717 895
f 895 912 997
f 9321 847 925
f 894 9321 925
f 847 895 1070
f 895 997 1070
f 1110 9120 1199
f 1436 1243 1479
f 1513 1436 1553
f 1553 1765 1773
f 1553 1627 1765
f 1843 2014 2249
f 1422 1287 1474
f 6146 6415 6560
f 1583 1511 1618
f 1583 1618 1751
f 1432 1387 1597
f 1495 1432 1597
f 1733 1683 2067
f 2249 2332 2417
f 2332 2380 2613
f 2812 2661 2899
f 2618 2661 2683
f 2683 2661 2812
f 2275 2336 11915
f 3036 3093 3117
f 3093 3088 3171
f 2966 10453 11092
f 3166 3011 9161
f 2502 2752 11032
f 2371 2313 2433
f 2346 2521 11236
f 2347 2259 2356
f 2347 2356 2537
f 2524 2480 12727
f 2480 2493 2663
f 4374 4651 4682
f 2877 2910 10843
f 3111 3052 3189
f 3098 3353 9135
f 3098 3111 3353
f 2134 2299 2603
f 2402 2518 2565
f 2565 2518 2628
f 2628 2796 2803
f 2874 2673 2968
f 2995 2796 3019
f 3052 2995 3189
f 2874 2968 3130
f 2803 2796 2995
f 3025 2874 3130
f 3025 3130 3156
f 2995 3019 3347
f 3189 2995 3347
f 3025 3156 3232
f 3156 3130 3361
f 3019 3232 3347
f 3347 3232 3348
f 3937 3509 12532
f 4027 10234 11404
f 4314 4653 4829
f 3247 3442 3717
f 4175 3798 4489
f 4599 4489 4971
f 4971 4626 5066
f 4878 4381 11855
f 4381 4194 4865
f 3789 11892 12343
f 9275 4034 4551
f 4551 4034 4564
f 4299 4412 4436
f 4436 4412 4618
f 4436 4618 4639
f 4436 4639 4718
f 9135 3353 3419
f 9135 9102 3680
f 3498 3762 3844
f 3498 3611 3762
f 3762 3611 9299
f 9299 3611 3984
f 4019 3918 4166
f 3918 3762 4166
f 4160 4178 4693
f 3232 3361 3363
f 3348 3232 3363
f 3471 3363 3579
f 3797 3579 3927
f 3953 3927 4178
f 5201 5350 10533
f 5350 5201 9222
f 5954 6105 6620
f 5535 5242 5664
f 5664 5781 5859
f 5859 5781 6019
f 5859 6019 6283
f 6019 6297 6430
f 6105 6411 6620
f 6411 6542 6721
f 6552 6430 6777
f 6431 6552 6777
f 6676 6627 6742
f 11855 10989 4878
f 5870 5229 11657
f 11657 9769 5870
f 9490 6204 6360
f 6522 6570 9226
f 6570 6360 6785
f 4693 4911 5116
f 10077 8212 8289
f 8369 9165 9278
f 8411 8369 10175
f 8289 10139 10366
f 8318 10501 11443
f 8318 10184 11278
f 8359 8320 11936
f 8350 8428 10984
f 8350 9517 9666
f 9666 8428 8350
f 11936 9668 8359
f 11520 10265 9169
f 10946 8284 8229
f 8284 8289 8297
f 11732 8297 8289
f 8275 8297 8336
f 8297 8318 8336
f 12844 9817 9243
f 9243 9817 10076
f 8413 8400 8440
f 8400 8424 8440
f 8424 11816 12945
f 8413 8440 8452
f 8440 8424 8481
f 8508 11816 11843
f 8508 10648 11049
f 8481 8424 11143
f 8452 8440 8481
f 11143 8507 8481
f 8481 8507 8551
f 8508 11049 11836
f 8507 8508 8555
f 11836 8555 8508
f 8507 8555 8585
f 8551 8507 8585
f 8551 8585 8621
f 8581 8555 10773
f 8555 8581 8585
f 8607 8565 11095
f 11095 9258 8607
f 8585 8581 8620
f 10773 8607 8581
f 9173 11489 11554
f 8510 11489 12496
f 12496 10719 8510
f 9326 10626 11553
f 8561 10626 12055
f 10719 10456 8510
f 10456 10363 8510
f 12055 10363 8561
f 8561 11077 11889
f 8528 8551 8621
f 11889 10695 8561
f 8585 8620 8621
f 9298 8428 11540
f 12045 9151 8428
f 9139 9151 10806
f 9169 9626 12457
f 9326 11553 12764
f 8604 9626 10376
f 9139 10806 12189
f 8646 9139 10876
f 10393 9560 9489
f 11540 10032 9298
f 9489 9560 10337
f 10337 9638 9489
f 8497 9151 9139
f 8497 9139 8595
f 9489 9638 10636
f 8595 9139 8646
f 8620 8581 8625
f 8581 8607 8625
f 8625 8607 8632
f 8632 9587 10905
f 12162 8607 9258
f 8625 8632 8694
f 8625 8694 12743
f 10905 8694 8632
f 12743 8620 8625
f 8760 8693 12981
f 12981 9395 8760
f 9395 8719 8763
f 8760 9395 8763
f 8719 8730 9279
f 8760 8763 10895
f 12395 9319 8828
f 8621 8620 8626
f 8615 8550 10411
f 8550 8528 8628
f 8528 8621 8628
f 8621 8626 8628
f 8615 10411 11633
f 11633 8675 8615
f 8628 8626 8677
f 8626 8620 8677
f 8652 8628 11214
f 8677 8620 8693
f 11214 8695 8652
f 8675 8652 8698
f 8695 8677 10644
f 8753 8698 11450
f 11450 10379 8753
f 10644 8715 8695
f 8734 8695 11103
f 8715 8693 8760
f 8712 8698 8753
f 9163 8715 8760
f 10379 8734 8753
f 8753 8734 8770
f 11103 10866 8734
f 9163 8760 8784
f 10895 8784 8760
f 8770 8734 9547
f 9163 8784 12269
f 8795 8770 8802
f 8770 9547 12307
f 12307 8802 8770
f 8646 10876 12888
f 8622 8640 10827
f 10827 9751 8622
f 12888 11784 8646
f 12865 8675 8622
f 9444 8640 12562
f 8686 8640 9444
f 12562 10585 9444
f 8646 9845 10544
f 9444 10585 10680
f 9845 8732 8690
f 12277 9444 8732
f 10680 8712 9444
f 9496 8690 11626
f 8732 9444 10071
f 12070 8712 8769
f 8712 8753 8769
f 10071 8830 8732
f 9815 8732 8830
f 8753 8770 8795
f 8769 8753 8795
f 10636 9731 9489
f 11976 10968 8682
f 10968 10544 8682
f 9981 9731 8666
f 11409 8682 8690
f 8802 8773 8818
f 8795 8802 8846
f 4418 4207 4517
f 8802 8818 8846
f 8809 8769 12052
f 11840 8795 8846
f 8769 8809 8830
f 336 324 378
f 378 461 509
f 378 324 461
f 324 443 461
f 438 509 541
f 541 509 561
f 509 461 561
f 561 461 590
f 461 443 590
f 541 561 582
f 9454 9225 98
f 54 9454 98
f 54 98 102
f 98 9225 140
f 54 102 107
f 107 102 158
f 102 98 158
f 98 140 158
f 9225 9140 140
f 9140 9158 9316
f 107 158 230
f 140 9140 203
f 9140 183 203
f 158 140 255
f 230 158 255
f 54 107 303
f 117 54 271
f 271 54 303
f 231 117 271
f 140 203 255
f 107 230 303
f 255 203 316
f 255 316 385
f 328 255 385
f 230 255 345
f 303 230 375
f 230 345 375
f 255 328 345
f 231 271 324
f 231 324 336
f 271 303 332
f 324 271 332
f 332 303 413
f 303 375 413
f 375 345 415
f 345 328 415
f 385 316 398
f 316 203 367
f 316 367 398
f 415 328 485
f 332 413 443
f 324 332 443
f 413 375 528
f 375 415 528
f 328 385 485
f 443 413 619
f 385 398 452
f 485 385 547
f 385 452 547
f 528 415 570
f 398 399 452
f 413 528 619
f 415 485 555
f 485 547 555
f 415 555 570
f 590 443 619
f 528 570 662
f 619 528 662
f 547 452 660
f 570 555 735
f 452 566 660
f 183 9140 9316
f 183 9316 367
f 203 183 367
f 398 367 399
f 367 9316 399
f 452 399 534
f 452 534 566
f 566 534 747
f 561 590 853
f 590 669 853
f 582 561 853
f 669 590 750
f 731 582 853
f 853 669 969
f 9348 731 853
f 669 818 969
f 669 750 818
f 1020 9348 10450
f 1020 10450 10945
f 969 818 10516
f 12430 1005 1089
f 818 861 1005
f 9348 1020 1057
f 992 9348 1057
f 10945 1040 1020
f 10516 1040 969
f 1057 12258 12331
f 1020 1040 1166
f 1040 1089 1166
f 12331 1175 1057
f 1089 1005 1374
f 12258 1166 1479
f 1243 1175 1479
f 1005 1182 1374
f 1353 1089 1374
f 1166 1089 1353
f 1166 1353 1462
f 619 662 680
f 662 570 735
f 590 619 750
f 547 660 830
f 555 547 830
f 660 566 747
f 680 662 735
f 619 680 750
f 735 555 830
f 750 680 821
f 818 750 821
f 680 735 848
f 735 830 904
f 848 735 904
f 660 747 839
f 839 747 856
f 830 660 839
f 821 680 848
f 821 848 861
f 830 839 896
f 830 896 904
f 861 848 944
f 818 821 861
f 896 839 940
f 1063 940 12623
f 12623 12109 1063
f 848 904 1100
f 944 848 1100
f 904 896 940
f 861 944 1005
f 1097 944 1100
f 904 940 1100
f 12109 1117 1063
f 940 1063 1215
f 1005 944 1097
f 1100 940 1215
f 1005 1097 1182
f 1100 1215 12074
f 1063 1117 1287
f 1343 1097 10839
f 10839 1348 1343
f 1182 1097 1275
f 1275 1097 1343
f 1215 1063 1348
f 1313 1343 1348
f 1063 1287 1422
f 1275 1343 1380
f 1348 1063 1422
f 1313 1348 1422
f 9120 1163 1199
f 9321 9250 847
f 925 847 1070
f 925 1070 9120
f 1070 997 1092
f 997 1044 1092
f 1070 1092 1161
f 1092 1044 1233
f 1044 1192 1233
f 9120 1070 1163
f 1070 1161 1163
f 1161 1092 1358
f 1092 1233 1358
f 1199 1163 1251
f 1233 1192 1273
f 1163 1161 10819
f 10998 1358 1250
f 1250 1358 1410
f 1358 1233 1432
f 1233 1273 1432
f 1273 1387 1432
f 1362 1251 1391
f 1460 1251 12083
f 12083 10819 1460
f 1182 1353 1374
f 1697 1479 11578
f 1353 1182 1456
f 1182 1399 1456
f 11578 1462 1697
f 1353 1456 1462
f 1456 1399 1542
f 1627 1436 10128
f 10128 1697 1627
f 1553 1436 1627
f 1462 1456 1542
f 1462 1617 1697
f 1462 1542 1628
f 1580 1462 1628
f 1462 1580 1617
f 1542 1399 1628
f 1617 1580 1922
f 1697 1617 12570
f 1580 1628 1817
f 1627 1697 1816
f 12570 1816 1697
f 1826 1628 12601
f 1765 1627 1843
f 1843 1627 12882
f 1580 1817 1849
f 1580 1849 1922
f 1817 1628 1826
f 1816 1922 1981
f 12882 2025 1843
f 1816 1981 2025
f 1849 1817 2037
f 1817 1826 2037
f 1922 1849 2027
f 1981 1922 2027
f 2014 1843 2025
f 2025 1981 2156
f 1981 2027 2156
f 1849 2037 2052
f 2027 1849 2174
f 1849 2052 2174
f 2052 2037 2155
f 2037 1826 2269
f 1826 2109 2269
f 2155 2037 2269
f 2052 2155 2174
f 2025 2156 2278
f 2014 2025 2287
f 2025 2278 2287
f 2249 2014 2287
f 2156 2027 2328
f 1182 1275 1399
f 1275 1380 1399
f 1343 1313 1633
f 1313 1422 1538
f 1313 1538 1633
f 1422 1474 1538
f 1380 1343 1548
f 1548 1343 1633
f 1474 1517 1538
f 1399 1380 1548
f 1399 1548 1628
f 1538 1517 1633
f 1548 1633 1760
f 1703 1633 12813
f 12813 1756 1703
f 1633 1703 1760
f 12601 1760 1826
f 1760 1703 1873
f 1703 1756 1868
f 1703 1868 1873
f 1748 1610 12268
f 1826 1760 1873
f 1826 1873 2109
f 1873 1868 1938
f 1873 1938 2100
f 1873 2100 2109
f 2100 1938 2275
f 2109 2100 2269
f 1391 1251 1460
f 1362 1391 12744
f 12744 1511 1362
f 1391 1460 1510
f 1511 1510 1618
f 1618 1510 1632
f 2034 1751 12581
f 1892 1751 1988
f 1988 2034 2152
f 1410 1358 1432
f 1410 1432 1495
f 1250 1410 1581
f 1410 1495 1581
f 1460 1250 1632
f 1510 1460 1632
f 1495 1597 1701
f 1250 1581 1632
f 1581 1495 1701
f 1701 1597 1733
f 1581 1701 11743
f 11743 1632 1581
f 1618 1632 1898
f 1701 1856 1898
f 1856 1701 1946
f 12581 1898 2034
f 599 539 951
f 1701 1733 1903
f 1701 1903 1946
f 1903 1733 2067
f 1988 1751 2034
f 2019 1903 2067
f 1946 1903 2019
f 2034 1898 2044
f 1898 1856 2044
f 1946 2019 2023
f 2023 2019 2064
f 1856 1946 2023
f 1856 2023 2044
f 2019 2067 2134
f 2064 2019 2134
f 2034 2044 2105
f 2044 2023 2290
f 2105 2044 2290
f 2034 2105 2152
f 2023 2064 9255
f 2027 2174 2386
f 2174 2155 2386
f 2249 2287 2332
f 2328 2027 2386
f 2155 2269 2357
f 2332 2287 2380
f 2287 2278 2380
f 2278 2156 2449
f 2156 2328 2449
f 2357 2269 2414
f 2155 2357 2386
f 2328 2386 2504
f 2449 2328 2504
f 2380 2278 2506
f 2278 2449 2506
f 2357 2414 2683
f 2504 2386 2660
f 2386 2357 2660
f 2506 2449 2602
f 2506 2602 2607
f 2504 2660 2731
f 2449 2504 2602
f 2380 2506 2607
f 2414 2618 2683
f 2380 2607 2613
f 2660 2357 2869
f 2357 2683 2869
f 2613 2607 2722
f 2602 2504 2731
f 2731 2660 2869
f 2602 2731 3050
f 2731 2806 3050
f 2731 2869 2876
f 2806 2731 2876
f 2607 2602 3010
f 3010 2602 3050
f 2683 2812 2869
f 2722 2607 3010
f 2806 2876 2991
f 2991 2876 3085
f 2876 2869 2952
f 2876 2952 3085
f 2869 2812 2952
f 2812 2946 2952
f 2812 2899 2946
f 2722 3010 9437
f 9437 3010 3250
f 2991 3085 3244
f 3050 2806 3162
f 2806 2991 3162
f 3010 3050 3250
f 3085 2952 3296
f 2952 3172 3296
f 3162 2991 3244
f 3244 3085 3296
f 2952 3117 3172
f 3050 3162 12275
f 12275 3250 3050
f 3162 3244 3493
f 3244 3296 3413
f 3427 3162 3493
f 2269 2100 2275
f 2414 2269 11378
f 11378 2618 2414
f 2946 2899 3036
f 2946 3036 3117
f 2952 2946 3117
f 3117 3093 3171
f 3117 3171 3373
f 3171 3247 3373
f 3172 3117 3373
f 3296 3172 9224
f 11092 10542 2966
f 10542 3101 2966
f 11776 2856 2751
f 3011 2966 10154
f 10154 9486 3011
f 3101 2856 10778
f 10778 3208 3101
f 9161 3011 9486
f 2371 2433 2516
f 2499 2516 2651
f 2651 2516 11075
f 2502 2499 2651
f 2502 2651 2752
f 11075 2799 2651
f 2752 2651 11083
f 2433 2625 2799
f 11654 9829 2752
f 9377 9736 9832
f 9832 3120 9377
f 12031 9629 2856
f 12226 9629 3271
f 11954 3192 3120
f 3271 10240 10722
f 3120 3192 11509
f 11509 3540 3120
f 1865 1896 1964
f 9292 9907 11070
f 11070 2313 9292
f 2433 2313 2750
f 2625 2433 2750
f 2799 2625 10702
f 10580 10104 2750
f 2914 9581 9915
f 10702 10104 2799
f 12262 11069 3119
f 9850 3295 3346
f 3192 3119 3273
f 11069 3273 3119
f 3192 3273 9202
f 2346 2268 2521
f 2356 2259 2537
f 2537 2259 11999
f 2268 2347 2537
f 2521 2268 10555
f 11999 10384 2537
f 10833 10730 2674
f 9915 9582 2914
f 2914 9582 11359
f 2908 2674 3054
f 11359 9968 2914
f 9946 2908 3113
f 2908 3054 3443
f 2908 3443 9645
f 9645 3113 2908
f 10424 9681 2914
f 10278 9681 3295
f 9977 9653 9480
f 10730 9699 2674
f 9699 9663 2674
f 2663 2614 2951
f 9663 3054 2674
f 2910 2877 12758
f 2951 2614 12531
f 12531 11939 2951
f 11939 3121 2951
f 12214 3121 3054
f 3121 3000 3225
f 3175 3121 3225
f 3443 3054 11019
f 11761 3121 3175
f 3000 2877 9724
f 3000 11982 12298
f 9431 9749 9874
f 3398 3178 11978
f 11978 3294 3398
f 3178 3398 10028
f 9431 9874 10736
f 2152 2105 2402
f 2064 2134 2603
f 2023 9255 2290
f 9255 2064 2425
f 2425 2064 2603
f 2105 2290 2411
f 2290 9255 2411
f 2402 2105 2411
f 2411 9255 2467
f 2402 2411 2518
f 2411 2467 2671
f 2467 9255 2671
f 2518 2411 2662
f 2662 2411 2671
f 2580 2425 2603
f 2580 2603 2673
f 2425 2580 9255
f 2628 2518 2662
f 9255 2580 2671
f 2662 2671 2796
f 2628 2662 2796
f 2671 2580 2874
f 2580 2673 2874
f 2671 2874 3025
f 2796 2671 3025
f 3019 2796 3025
f 3019 3025 3232
f 3111 3189 3347
f 3232 3156 3361
f 3111 3347 3353
f 12532 3250 3937
f 3296 9224 3413
f 3244 3413 3562
f 3493 3244 3562
f 3413 3468 3562
f 3250 3427 3937
f 3413 9224 3468
f 3427 3699 3937
f 3427 3493 3699
f 3562 3468 3709
f 3468 9224 3709
f 3493 3562 3696
f 3696 3562 3709
f 3493 3696 3699
f 4027 11404 12152
f 12152 3696 4027
f 3696 3709 3926
f 3709 3857 3926
f 3696 3926 4027
f 4027 3926 4398
f 4147 4398 12517
f 12517 3857 4147
f 3963 4027 4398
f 4398 4147 4447
f 4314 3963 4398
f 4314 4398 4447
f 4314 4447 4653
f 4447 4147 4653
f 4829 4653 9297
f 3172 3373 3474
f 9224 3172 3474
f 3373 3247 12465
f 3474 3373 12438
f 9224 3474 3805
f 12438 11137 3474
f 3717 9714 10130
f 3709 9224 3805
f 3474 11137 12394
f 12394 3805 3474
f 10130 4002 3717
f 3717 4002 4083
f 3709 3805 3857
f 3805 4063 4068
f 3857 3805 4068
f 4068 4063 4250
f 4063 4209 4250
f 3857 4068 4147
f 4083 4002 11458
f 4002 3798 11911
f 11911 4149 4002
f 4063 4083 4209
f 4147 4068 4250
f 11458 4209 4083
f 4209 4149 4457
f 4250 4209 4978
f 4147 4250 4978
f 4149 4175 4569
f 4457 4149 4569
f 4209 4457 4687
f 4209 4687 4978
f 4687 4457 4815
f 4457 4569 4815
f 4653 4147 4978
f 4653 4978 4994
f 9297 4653 4994
f 4175 4489 4599
f 4569 4175 4599
f 4569 4599 4807
f 4569 4807 4946
f 4807 4599 4971
f 9161 9486 12485
f 9396 9161 10110
f 3568 3746 4344
f 9396 10110 12666
f 12666 9578 9396
f 3746 4126 4344
f 4126 3746 4146
f 3746 4077 4146
f 4467 4194 11242
f 11242 9549 4467
f 4344 4126 9721
f 9549 4568 4467
f 4194 4467 4865
f 9840 4805 4568
f 4805 10609 10927
f 4146 4702 10451
f 10927 10451 4805
f 10331 9602 9486
f 3271 9360 9609
f 3208 3271 9572
f 3568 9486 3685
f 3685 9486 12954
f 3208 9572 9914
f 3685 9647 10664
f 3568 3685 3746
f 3746 3685 9746
f 9746 4077 3746
f 3841 3600 11868
f 12544 11868 4077
f 4702 4146 12284
f 12284 4504 4702
f 4702 4504 4893
f 9377 3120 3511
f 3511 3120 12360
f 10722 9360 3271
f 12360 3555 3511
f 3511 3555 3930
f 3273 3346 3604
f 10140 3553 9480
f 11019 9797 3443
f 11204 9635 3826
f 3225 9825 10710
f 3535 9825 10408
f 9635 3956 3826
f 10710 9640 3225
f 9727 9640 3956
f 3535 3896 4158
f 3398 3294 3789
f 3512 9431 10093
f 3662 3398 12651
f 3977 3662 4022
f 3512 10093 10582
f 4022 3662 10903
f 3896 3535 9938
f 9938 3512 3896
f 3512 10582 11385
f 3896 3512 11078
f 3977 4022 10326
f 11385 4356 3512
f 9693 4356 9484
f 10326 4020 3977
f 4020 4239 4301
f 4356 10335 10789
f 10789 9484 4356
f 11038 10335 4301
f 10903 9683 4022
f 4022 9683 10813
f 4390 4239 11713
f 11713 10813 4390
f 4390 4551 10258
f 10258 9654 4390
f 4239 4390 9559
f 4301 4239 5222
f 9559 5222 4239
f 4019 4166 4299
f 4299 4166 4552
f 4412 4299 4552
f 4452 4412 4552
f 4412 4452 4814
f 4618 4412 4814
f 9135 3419 3516
f 3516 3419 3572
f 3419 3485 3572
f 9135 3516 9102
f 3516 3572 9102
f 3572 3485 3760
f 9102 3611 3680
f 9102 3572 3871
f 3572 3760 3871
f 3611 9102 3984
f 3760 3485 3812
f 9102 3871 3984
f 3871 3760 4198
f 3984 3871 9299
f 3762 9299 4166
f 3760 3812 4198
f 3812 4160 4198
f 3812 3953 4160
f 9299 3871 4456
f 3871 4198 4456
f 4198 4160 4315
f 4160 3953 4178
f 4166 9299 4552
f 4315 4160 4693
f 9299 4456 4552
f 4456 4198 4544
f 4552 4456 4567
f 4452 4552 4677
f 4456 4544 4567
f 4198 4315 4544
f 3347 3348 3396
f 3353 3347 3419
f 3347 3396 3419
f 3419 3396 3527
f 3485 3419 3527
f 3396 3348 3471
f 3348 3363 3471
f 3396 3471 3527
f 3527 3471 3797
f 3651 3527 3797
f 3485 3527 3651
f 3471 3579 3797
f 3485 3651 3812
f 3651 3797 3812
f 3812 3797 3953
f 3797 3927 3953
f 4687 4815 5004
f 4978 4687 10808
f 4815 4569 5004
f 5004 4569 5009
f 4569 4946 5009
f 5294 4994 12474
f 10808 10543 4978
f 12474 10543 5294
f 4994 5294 12288
f 12288 10533 4994
f 5004 5009 5559
f 5321 5004 5559
f 5009 5525 5559
f 5294 5321 5659
f 5321 5559 5606
f 5201 5294 5659
f 5201 5659 9222
f 5321 5606 5659
f 5606 5559 5855
f 5659 5606 5844
f 9222 5659 5844
f 5844 5606 5855
f 5559 5525 5855
f 5844 5855 5954
f 5844 5954 9222
f 5954 5855 6105
f 4946 4807 5009
f 5009 4807 5098
f 4807 4971 5098
f 4971 5066 5272
f 5098 4971 5272
f 5009 5098 5272
f 5009 5272 5525
f 5066 5242 5272
f 5272 5242 5535
f 5272 5535 5842
f 5525 5272 5839
f 5839 5272 5842
f 5535 5664 5859
f 5842 5535 5859
f 5525 5839 5855
f 5842 5859 6195
f 5839 5842 6012
f 6012 5842 6195
f 6195 5859 6283
f 5855 6012 6411
f 6105 5855 6411
f 6012 6195 6336
f 6012 6336 6411
f 6411 6336 6542
f 6195 6283 6431
f 6336 6195 6431
f 6283 6019 6430
f 6283 6430 6552
f 6431 6283 6552
f 6542 6336 6760
f 6336 6431 6760
f 4381 4865 4894
f 9769 5864 5870
f 5864 9894 11108
f 10457 6204 5864
f 6204 6017 6561
f 6360 6204 6561
f 6561 6017 6657
f 6360 6561 6785
f 4865 4467 10855
f 9337 4467 11704
f 10855 4894 4865
f 11704 11224 9337
f 4568 4805 5265
f 5265 4805 11453
f 11453 10230 5265
f 12704 11224 5711
f 4270 4496 4536
f 4308 4536 4576
f 4525 4323 4576
f 4060 4123 4256
f 4058 4060 4256
f 4308 4270 4536
f 4265 4308 4576
f 4323 4265 4576
f 4203 4256 4270
f 4284 4323 4525
f 4265 4110 4308
f 4203 4270 4308
f 4284 4265 4323
f 4203 4058 4256
f 3759 4203 4308
f 4110 3759 4308
f 3946 4110 4265
f 3946 4265 4284
f 4204 3991 4284
f 4024 3991 4204
f 4058 3898 4060
f 4060 3660 4123
f 3898 3660 4060
f 4058 4203 10590
f 10590 3898 4058
f 3759 3638 4203
f 11079 3638 9485
f 3852 3799 3925
f 3925 3799 4024
f 3946 3759 4110
f 3991 3946 4284
f 3799 3991 4024
f 3816 3946 3991
f 3816 3759 3946
f 3573 3660 3898
f 3487 3613 3852
f 3613 3816 3991
f 3613 3799 3852
f 3799 3613 3991
f 9485 3573 3898
f 3676 3759 3816
f 3613 3676 3816
f 3676 3638 3759
f 3613 3487 10991
f 3638 3676 12833
f 9485 3337 3573
f 10991 3676 3613
f 9314 3676 10349
f 3055 3337 9485
f 12833 9485 3638
f 9314 3055 9485
f 4784 4380 4832
f 4596 4832 12777
f 3660 3887 4123
f 4662 4772 4785
f 4667 4601 4797
f 4662 4476 4772
f 4601 4667 4772
f 4701 4686 9126
f 4686 4548 4901
f 4534 4703 4901
f 4548 4534 4901
f 4703 4529 4747
f 4528 4506 4747
f 4529 4528 4747
f 4498 4701 4743
f 4498 4686 4701
f 4518 4498 4743
f 4498 4548 4686
f 4534 4529 4703
f 4347 4506 4528
f 4242 4534 4548
f 4498 4242 4548
f 9475 4529 11922
f 11922 4242 9475
f 4231 4498 4518
f 4231 4242 4498
f 4391 4518 12874
f 9475 4528 4529
f 4555 4861 10836
f 4615 9473 4690
f 4543 4245 4861
f 10836 4208 4555
f 4555 4208 4590
f 4222 9473 4615
f 4590 4222 4615
f 12874 9473 4391
f 4222 4391 9473
f 4208 4153 4590
f 4153 4222 4590
f 3992 4347 4528
f 4391 4231 4518
f 4272 4245 4543
f 9475 3992 4528
f 4005 4153 4208
f 4153 4096 4222
f 4222 4096 4391
f 4095 9475 4242
f 4231 4095 4242
f 3889 3992 9475
f 4033 4231 4391
f 4033 4095 4231
f 4095 3889 9475
f 4096 4033 4391
f 3960 4208 4245
f 3960 4005 4208
f 4005 4096 4153
f 3960 4245 4272
f 4033 3849 4095
f 3849 3889 4095
f 3992 3889 12797
f 4008 3960 4272
f 4005 3806 4096
f 3806 4033 4096
f 3632 3806 12809
f 3806 3849 4033
f 12809 3960 3632
f 3849 3827 3889
f 3847 3960 4008
f 3847 3632 3960
f 3632 3590 3806
f 3806 3590 3849
f 3735 3827 11606
f 11606 3590 3735
f 3735 3745 3827
f 3661 3632 3847
f 3590 3513 3735
f 3475 3590 3632
f 3480 3632 3661
f 3480 3475 3632
f 3475 3513 3590
f 3432 3475 3480
f 4803 9351 4877
f 4620 4543 4676
f 9351 4620 4877
f 4367 4543 4620
f 4124 4367 4620
f 9351 4124 4620
f 4367 4272 4543
f 4062 4124 9351
f 4124 9110 4367
f 3886 9110 4124
f 4062 4067 4124
f 4190 4062 9351
f 4008 4272 4367
f 9110 4008 4367
f 4067 3811 4124
f 3811 3886 4124
f 3809 4062 4190
f 4062 3561 4067
f 3561 4062 12900
f 3833 3811 4067
f 3561 3833 4067
f 3811 3748 3886
f 3847 4008 9110
f 3748 9110 3886
f 9110 3748 3847
f 12900 3448 3561
f 3728 3811 3833
f 3728 3748 3811
f 3728 3682 3748
f 3748 3661 3847
f 3682 3661 3748
f 3588 3682 3728
f 3381 3661 3682
f 3526 3588 3728
f 3526 3728 3833
f 3561 3526 3833
f 3454 3526 3561
f 3381 3480 3661
f 3448 3454 3561
f 3454 3455 3526
f 3526 3455 3588
f 3455 3381 3588
f 3448 3420 3454
f 3381 3378 3480
f 3454 3386 3455
f 3420 3386 3454
f 3386 3267 3455
f 3267 3381 3455
f 6335 6173 6352
f 3352 3048 3642
f 2808 3352 11831
f 2808 3048 3352
f 11831 3016 2808
f 2808 2634 3048
f 2772 2634 2808
f 3228 9610 10176
f 10176 3102 3228
f 10360 10001 3314
f 2789 3102 10017
f 3314 9719 12748
f 9719 9254 2791
f 9254 9754 12003
f 11788 2789 2594
f 2789 10017 11463
f 2594 2789 11298
f 11298 10222 2594
f 12003 2446 9254
f 2594 10222 11538
f 2446 2594 10397
f 10397 2352 2446
f 2261 2352 11084
f 2352 2261 11277
f 3314 3126 3395
f 2862 3092 3126
f 2862 3126 3314
f 2999 9159 3169
f 3092 2999 3169
f 2862 2788 3092
f 2788 2999 3092
f 12748 2862 3314
f 2788 9159 2999
f 2696 12749 12952
f 2788 2862 11742
f 12952 2788 2696
f 2862 2791 11541
f 2617 2696 2788
f 11742 2617 2788
f 11541 2532 2862
f 2465 9248 2696
f 2617 2472 2696
f 2532 2248 2617
f 2465 2696 12904
f 2532 9254 11574
f 11574 2317 2532
f 2248 2472 2617
f 2317 2248 2532
f 2387 2465 11550
f 2352 2317 2446
f 2387 11550 12721
f 2248 2117 2472
f 11277 2317 2352
f 11857 3094 3248
f 3094 9923 10037
f 3193 9554 11072
f 10037 2938 3094
f 2938 9554 12628
f 10482 9248 2644
f 2938 2715 11599
f 12628 2459 2938
f 2715 2938 12788
f 12788 2522 2715
f 2465 2644 9248
f 2465 2542 2644
f 2522 2489 2715
f 2542 2459 2644
f 2465 2387 2542
f 2459 2542 12513
f 2459 2383 2522
f 2266 2489 2522
f 2383 2266 2522
f 12513 2383 2459
f 2266 2175 2489
f 5043 9323 5061
f 2383 2387 9935
f 2232 2266 2383
f 2232 2383 9545
f 3248 3170 3410
f 3160 3460 10635
f 10635 9713 3160
f 3160 3350 3460
f 3094 2898 3248
f 2898 3170 3248
f 3160 2759 3350
f 11599 3094 2938
f 9713 9650 3160
f 11223 2898 2740
f 9650 2759 3160
f 2715 2740 2898
f 2715 2489 2740
f 9803 2554 2759
f 2552 2759 12173
f 2489 2431 2740
f 2487 2554 11284
f 11284 2431 2487
f 12173 9628 2552
f 9628 2363 2552
f 2175 2431 2489
f 2125 2487 10333
f 2125 10333 11431
f 2487 2125 10156
f 9177 2125 11321
f 11321 2243 9177
f 10349 2913 9314
f 2759 2913 3350
f 2936 9314 12712
f 2936 3055 9314
f 12712 2757 2936
f 2798 2936 12361
f 2759 2552 10103
f 10103 2913 2759
f 2552 2435 2757
f 2363 2435 2552
f 3267 3259 3381
f 2074 10321 10923
f 2248 2317 10153
f 10153 2117 2248
f 10321 2117 2002
f 11241 2053 2117
f 2232 2175 2266
f 9545 2088 2232
f 10923 10085 2074
f 2175 2232 12642
f 2088 1955 2232
f 1955 2007 2232
f 12642 2243 2175
f 11747 9712 1968
f 6750 6688 9257
f 5467 5742 5778
f 5688 5598 5778
f 5598 5467 5778
f 5688 5373 12082
f 12082 5598 5688
f 5475 5338 5598
f 5338 5252 5598
f 5252 5282 5598
f 5373 5091 5475
f 5338 5475 9913
f 5475 5091 12864
f 10115 5269 5237
f 11701 5091 5373
f 5047 5252 12282
f 12282 9913 5047
f 5091 5032 5269
f 5047 4988 5252
f 5252 4974 5282
f 4988 4974 5252
f 5091 5010 12780
f 4961 5237 5269
f 5032 4961 5269
f 4869 4961 5032
f 4866 4869 5032
f 12780 5032 5091
f 4629 4866 5010
f 4741 4974 4988
f 4741 4454 4974
f 4714 4988 5047
f 4961 4441 5237
f 4713 5047 5237
f 5742 5148 5785
f 5148 9450 5785
f 5467 5148 5742
f 5148 5404 9450
f 5282 5467 5598
f 5282 5148 5467
f 12907 5006 5524
f 5057 5006 5404
f 4974 5148 5282
f 5148 5057 5404
f 4454 4810 4974
f 4974 4810 5148
f 5057 5148 12825
f 9101 5006 5057
f 12825 9101 5057
f 6551 6533 6558
f 6516 6510 6533
f 6533 6510 6558
f 6498 6510 6516
f 6443 6516 6533
f 6410 6498 6516
f 6466 6551 6558
f 6466 6417 6551
f 6417 6401 6551
f 6443 6533 6551
f 6401 6443 6551
f 6510 6394 6558
f 6394 6466 6558
f 6443 6328 6516
f 6328 6410 6516
f 6401 6240 6443
f 6328 6443 12108
f 6211 6058 6410
f 12108 6235 6328
f 6328 6211 6410
f 6240 10478 11230
f 11230 6164 6240
f 6056 6211 6328
f 6056 6328 12378
f 5827 6235 6240
f 6164 5827 6240
f 12378 5899 6056
f 5827 5899 6235
f 5767 6058 6211
f 5767 5843 6058
f 5903 5615 6164
f 5615 5827 6164
f 6056 5767 6211
f 5899 9175 6056
f 5767 5560 5843
f 5827 5615 5899
f 5513 5560 5767
f 5499 9175 5899
f 5767 6056 12856
f 12856 5513 5767
f 5615 5499 5899
f 5513 5302 5560
f 5267 5482 5560
f 5302 5267 5560
f 5403 5499 5615
f 9175 5305 5513
f 5102 9175 5499
f 5102 5305 9175
f 5305 5161 5513
f 5161 5302 5513
f 5267 5302 5309
f 5403 5017 5499
f 5017 5102 5499
f 5181 5017 5403
f 5305 5102 11485
f 5161 5020 5302
f 5302 5020 5309
f 4777 5161 5305
f 11485 4777 5305
f 5020 4898 5309
f 5017 4818 5102
f 4720 4898 5020
f 4841 5017 5181
f 4841 4818 5017
f 4777 4900 5161
f 4900 5020 5161
f 4900 4720 5020
f 6288 6354 6417
f 6290 6325 6354
f 6354 6401 6417
f 10478 6354 6325
f 6273 6417 6466
f 6281 6273 6466
f 6273 6288 6417
f 6288 6290 6354
f 6054 6164 6325
f 6288 6123 6290
f 6123 6041 6290
f 6081 6273 6281
f 6066 6081 6281
f 6119 6066 6281
f 6273 5962 6288
f 5962 6123 6288
f 5946 5962 6273
f 6081 5946 6273
f 5661 6081 11484
f 6123 10193 11452
f 11452 5888 6123
f 11484 10232 5661
f 10193 9958 5823
f 5661 5946 6081
f 9958 5617 5823
f 5617 5573 5823
f 10232 5609 5661
f 11490 5823 5553
f 5661 5380 5946
f 5609 5490 5661
f 5573 5553 5823
f 12828 5380 5617
f 5490 5387 5661
f 5387 5380 5661
f 5279 5553 5573
f 5279 5573 11026
f 5413 5387 5490
f 5380 5171 5617
f 5380 5387 5413
f 11026 5063 5279
f 11215 5171 5063
f 5019 5171 5380
f 4867 5019 5380
f 5380 5413 11271
f 5198 4787 5413
f 4637 5063 5171
f 4952 4792 5198
f 4792 4787 5198
f 6169 5898 6243
f 6067 5898 6169
f 6044 6214 12312
f 12312 5671 6044
f 5671 5601 6044
f 5774 5500 5898
f 5500 5671 5898
f 5603 5500 5774
f 5262 5601 5671
f 5500 5299 5671
f 5299 5262 5671
f 5262 5217 5601
f 5299 5500 9936
f 10762 5067 4819
f 5012 5262 5299
f 9936 5012 5299
f 5036 5217 12872
f 12872 11766 5036
f 5036 5194 5217
f 10820 4855 5012
f 11766 4600 5036
f 9217 6750 9257
f 9217 6632 6750
f 9268 9476 9257
f 6688 9268 9257
f 6604 9268 6688
f 6574 6604 6688
f 6604 6617 9268
f 6553 6619 9268
f 6428 6588 6617
f 6588 6610 6617
f 6617 6610 9268
f 6588 6605 6610
f 6605 6576 6610
f 6610 6553 9268
f 6574 6524 6604
f 6588 6555 6605
f 6576 6448 6610
f 6604 6428 6617
f 6553 6502 6619
f 6448 6553 6610
f 6433 6502 6553
f 6428 6407 6588
f 6347 6576 12174
f 6448 6433 6553
f 6555 6318 6605
f 12174 6318 6347
f 6358 6318 6555
f 6407 6555 6588
f 6206 6407 6428
f 6524 6428 6604
f 6206 6428 6524
f 6433 6148 6502
f 6425 6433 6448
f 6214 6425 6448
f 6448 6576 11762
f 12590 6347 6243
f 6206 6247 6407
f 5898 6214 6243
f 11762 6214 6448
f 6169 6243 6347
f 6407 6358 6555
f 6044 5955 6214
f 6214 5955 6425
f 6425 6148 6433
f 6148 6425 11436
f 6247 6117 6407
f 6117 6163 6407
f 6206 6063 6247
f 6117 6247 10669
f 10669 5927 6117
f 5601 5955 6044
f 11436 5831 6148
f 5831 5833 6148
f 5601 5831 5955
f 5831 5612 5833
f 5927 5745 6117
f 5720 5653 5927
f 5601 5217 5612
f 5601 5612 5831
f 5612 5611 5833
f 5538 5653 5720
f 5653 5745 5927
f 5653 5399 5745
f 5217 5194 5612
f 5329 5611 5612
f 5329 5612 12847
f 5538 5399 5653
f 12847 12633 5329
f 5135 5291 5329
f 5088 5399 5538
f 12633 5135 5329
f 5358 5088 5538
f 5135 5046 5291
f 5068 5250 12690
f 5036 5128 5194
f 5088 4927 5399
f 4927 4930 5399
f 5068 5088 5358
f 4915 4927 5088
f 5068 4915 5088
f 4927 4782 4930
f 4754 4915 5068
f 5046 4980 5058
f 12690 4751 5068
f 9323 4751 5061
f 4751 4795 5068
f 4918 4799 9323
f 4799 4751 9323
f 5036 4731 5128
f 5128 4790 5135
f 4731 4790 5128
f 4790 5046 5135
f 4745 4980 5046
f 6574 6688 6750
f 6632 6313 6750
f 6313 6574 6750
f 6193 6524 6574
f 6313 6193 6574
f 6193 6206 6524
f 6193 6063 6206
f 6193 6313 12905
f 5930 6063 6193
f 5940 5930 6193
f 12905 5940 6193
f 5629 5940 6128
f 5720 5927 6063
f 5930 5720 6063
f 5720 5930 12123
f 5629 5488 5940
f 5523 5488 5629
f 12123 5602 5720
f 5493 5538 5720
f 5602 5493 5720
f 5436 5602 5940
f 5488 5436 5940
f 5358 5493 5602
f 5436 5250 5602
f 5250 5358 5602
f 5493 5358 5538
f 5333 5436 5488
f 5189 5333 5488
f 5333 5271 5436
f 5271 5250 5436
f 5250 5068 5358
f 5061 5250 5271
f 5189 5043 5333
f 5043 5140 5333
f 5140 5271 5333
f 5140 5061 5271
f 5043 5061 5140
f 5571 5429 5759
f 5076 5429 5571
f 5365 5076 5571
f 4725 5076 5365
f 4725 4840 5076
f 5429 5685 5759
f 5577 5689 12994
f 5577 5498 5689
f 5619 5871 12742
f 12994 5619 5577
f 5689 5637 5724
f 5498 5637 5689
f 5685 5429 5923
f 12742 5429 5619
f 5498 5366 5637
f 5330 5619 10795
f 5034 5498 5577
f 5034 5366 5498
f 5330 5577 5619
f 5330 5034 5577
f 5366 5347 5637
f 10795 5150 5330
f 11410 5076 5150
f 5111 5347 5366
f 5034 5254 5366
f 5254 5111 5366
f 5076 4851 5150
f 5150 5034 5330
f 4957 5111 5254
f 4673 5034 5150
f 4851 4673 5150
f 4673 4926 5034
f 4778 4957 5254
f 5034 4778 5254
f 5347 5607 5637
f 5342 5554 5607
f 5347 5342 5607
f 5255 5342 5347
f 5111 5255 5347
f 5111 4990 5255
f 5255 5122 5342
f 4729 5122 11573
f 5255 4990 10567
f 11573 10567 4729
f 5111 4957 11429
f 11429 4990 5111
f 4728 4762 4990
f 4729 4803 5122
f 4363 4565 4869
f 4363 4097 4565
f 4866 4363 4869
f 4097 4302 4565
f 4181 4866 11791
f 11791 4286 4181
f 4285 4363 11059
f 11059 4181 4285
f 4285 4236 4363
f 4236 4097 4363
f 4097 4107 4302
f 4133 4181 4286
f 4097 4036 4107
f 4101 4236 4285
f 4101 4097 4236
f 4042 4101 4285
f 4181 4056 4285
f 4047 4104 4107
f 4047 4046 4104
f 4056 4042 4285
f 3998 4097 4101
f 3998 4036 4097
f 4133 3995 4181
f 3996 4056 4181
f 3995 3996 4181
f 4036 4047 4107
f 4036 3910 4047
f 3998 3851 4036
f 3783 3998 4101
f 4042 3783 4101
f 3820 4042 4056
f 3996 3820 4056
f 3783 3785 3998
f 3998 3785 12198
f 3820 3783 4042
f 3995 3659 3996
f 3552 3581 3785
f 3783 3681 3785
f 3663 3820 11724
f 11724 3659 3663
f 3663 3635 3820
f 3671 3783 12541
f 12541 3635 3671
f 3671 3668 3783
f 3528 3659 3995
f 3668 3681 3783
f 3681 3552 3785
f 3668 3557 3681
f 3528 3492 3659
f 3557 3552 3681
f 3492 3439 3659
f 3659 3439 3663
f 3312 3557 3668
f 3438 3492 3528
f 3312 3668 3671
f 3312 3230 3557
f 3181 3552 3557
f 3230 3181 3557
f 3438 3298 3492
f 3269 3298 3438
f 3330 3439 3492
f 3221 3635 3663
f 3439 3221 3663
f 3635 3319 3671
f 3221 3319 3635
f 4714 4741 4988
f 4869 4565 4961
f 4713 4714 5047
f 4441 4713 5237
f 4267 4454 4741
f 4714 4267 4741
f 4713 4434 4714
f 4302 4441 4565
f 4565 4441 4961
f 4282 4267 4714
f 4434 4282 4714
f 4441 4288 4713
f 4261 4434 4713
f 4288 4261 4713
f 4107 4104 4302
f 4441 4302 12153
f 3980 4267 4282
f 4162 4282 4434
f 4261 4162 4434
f 12153 4288 4441
f 4104 4046 4288
f 4046 4261 4288
f 3968 4162 4261
f 3968 4261 12149
f 4004 3980 4282
f 4162 4004 4282
f 3980 3891 4267
f 3891 4135 4267
f 3968 4004 4162
f 3968 3869 4004
f 3869 3980 4004
f 9347 3869 3968
f 3765 3874 3891
f 3765 3891 11926
f 11926 3869 3765
f 3715 3765 3869
f 9347 3715 3869
f 3577 3694 3874
f 3765 3577 3874
f 3603 3715 9347
f 3577 3679 3694
f 3715 3496 3765
f 3496 3577 3765
f 3577 3392 3679
f 3603 3496 3715
f 3392 3414 3679
f 3392 3288 3414
f 3496 3405 3577
f 3414 3288 3433
f 3405 3392 3577
f 3288 3392 3405
f 3360 3496 3603
f 3360 3405 3496
f 9116 3360 3603
f 4454 4221 4810
f 4221 9101 4810
f 4217 4221 4454
f 4267 4217 4454
f 4580 9101 12899
f 4221 4259 9101
f 12899 4336 4580
f 4259 4151 4336
f 4135 4217 4267
f 4217 4218 4221
f 4221 4218 4259
f 4218 4151 4259
f 3788 4151 4218
f 4217 4135 4218
f 3891 3874 4135
f 4135 3874 4218
f 3788 4218 11894
f 3874 3694 4218
f 3679 3828 10198
f 10198 3694 3679
f 4495 4777 4818
f 4777 4710 4900
f 4539 4818 4841
f 4710 4631 4900
f 4598 4631 4710
f 4631 4720 4900
f 4631 4624 4720
f 4495 4497 4777
f 4497 4710 4777
f 4539 4495 4818
f 4606 4624 4631
f 4598 4606 4631
f 4606 4393 4706
f 4598 4393 4606
f 4449 4495 4539
f 4393 4598 4710
f 4497 4393 4710
f 4248 4449 4539
f 4393 4432 4706
f 4432 4597 4706
f 4495 4449 4497
f 4449 4226 4497
f 4226 4393 4497
f 4393 4275 4432
f 4226 4275 4393
f 4248 4117 4449
f 4226 4449 11545
f 4226 4191 4275
f 11545 4043 4226
f 4116 4191 4226
f 4043 4116 4226
f 4637 4817 5063
f 11271 4867 5380
f 5019 4637 5171
f 4787 4658 4867
f 4767 4597 4792
f 4658 4787 4792
f 4867 4437 5019
f 4437 4637 5019
f 4437 4310 4637
f 4522 4637 11477
f 4658 4437 4867
f 4397 4658 12332
f 12332 4597 4397
f 4637 4522 4817
f 4296 4437 4658
f 4397 4296 4658
f 4397 4597 12548
f 11477 4246 4522
f 4296 4294 4437
f 4294 4310 4437
f 12548 4275 4397
f 4275 4296 4397
f 4275 4214 4296
f 4136 4246 11272
f 4191 4214 4275
f 4294 3993 4310
f 11272 3993 4136
f 4043 4039 4116
f 4116 4039 4191
f 4191 4039 4214
f 4032 4294 11607
f 4032 3993 4294
f 11607 4214 4032
f 4039 4032 4214
f 3856 4039 4043
f 3952 3993 4032
f 3952 4032 4039
f 3856 3952 4039
f 4855 4664 5012
f 4664 4600 5012
f 4819 4463 4855
f 4541 4600 4664
f 4541 4486 4600
f 4298 4541 4664
f 4463 4251 4855
f 4298 4664 4855
f 4251 4298 4855
f 4298 4385 4541
f 4385 4266 4541
f 4298 4106 4385
f 3925 4024 4106
f 4106 4024 4385
f 4786 4918 4980
f 4745 4786 4980
f 4600 4731 5036
f 4790 4745 5046
f 4786 4692 4918
f 4692 4799 4918
f 4795 4754 5068
f 4692 4751 4799
f 4745 4692 4786
f 4915 4512 4927
f 4754 4512 4915
f 4645 4754 4795
f 4612 4745 4790
f 4612 4604 4745
f 4604 4692 4745
f 4751 4645 4795
f 4692 4645 4751
f 4604 4645 4692
f 4731 4491 4790
f 4491 4612 4790
f 4512 4782 4927
f 4600 4486 4731
f 4486 4491 4731
f 4512 4466 4782
f 4466 4525 4782
f 4645 4512 4754
f 4491 4403 4612
f 4604 4403 4645
f 4403 4604 4612
f 4486 4405 4491
f 4466 4284 4525
f 4224 4466 4512
f 4266 4405 4541
f 4405 4486 4541
f 4405 4400 4491
f 4400 4395 4491
f 4395 4512 4645
f 4395 4403 4491
f 4403 4395 4645
f 4395 4224 4512
f 4224 4284 4466
f 4200 4400 4405
f 4224 4395 4400
f 4266 4200 4405
f 4224 4204 4284
f 4200 4224 4400
f 4200 4024 4204
f 4200 4204 4224
f 4024 4200 4385
f 4200 4266 4385
f 4506 4725 4862
f 4840 4851 5076
f 4725 4506 4840
f 4926 4778 5034
f 4506 4277 4840
f 4712 4778 4926
f 4573 4673 4851
f 4840 4573 4851
f 4673 4582 4926
f 4360 4712 11719
f 4277 4573 4840
f 4348 4582 4673
f 4316 4348 4673
f 4573 4252 4673
f 4252 4316 4673
f 4926 4582 11903
f 11719 4319 4360
f 3992 4277 4347
f 4347 4277 4506
f 4252 4573 12110
f 4054 4319 4582
f 4348 4054 4582
f 4319 9251 4360
f 12110 4007 4252
f 4122 9251 4319
f 12272 10647 4007
f 4054 4348 12889
f 4007 3692 4252
f 4252 3692 4316
f 4054 3726 4319
f 10647 3745 4007
f 10709 3827 3745
f 3692 3892 4316
f 12889 3892 4054
f 3892 3726 4054
f 3536 4122 4319
f 3726 3536 4319
f 3536 3726 3754
f 3745 3597 4007
f 3597 3692 4007
f 3692 3726 3892
f 3665 3536 3754
f 3523 3626 3692
f 3726 3626 3754
f 3692 3626 3726
f 3735 3597 3745
f 3597 3523 3692
f 3513 3597 3735
f 3513 3523 3597
f 3523 3391 3626
f 3513 3502 3523
f 3393 3391 3523
f 3502 3393 3523
f 3475 3502 3513
f 3626 3356 3754
f 3286 3665 3754
f 3475 3393 3502
f 3432 3393 3475
f 3391 3356 3626
f 3262 3432 3480
f 3378 3262 3480
f 3356 3286 3754
f 3283 3391 3393
f 3283 3356 3391
f 4715 4728 4990
f 4781 4715 4957
f 4778 4781 4957
f 3588 3381 3682
f 4778 4712 4781
f 4728 4708 4762
f 4387 4729 4762
f 4708 4387 4762
f 4619 4715 4781
f 4712 4619 4781
f 4803 4729 11755
f 4387 4303 4729
f 4646 4708 4728
f 4715 4646 4728
f 9351 4803 11255
f 4646 4313 4708
f 4313 4387 4708
f 4460 4646 4715
f 4619 4460 4715
f 4461 4619 4712
f 4360 4461 4712
f 4187 4303 4387
f 11255 4278 9351
f 4461 4460 4619
f 4360 9251 4461
f 9271 4460 11949
f 4460 4313 4646
f 4387 4313 10146
f 9251 4144 4461
f 4144 3961 4461
f 3961 4066 4461
f 11949 4066 9271
f 4235 3989 4313
f 10146 4187 4387
f 4278 4190 9351
f 3911 4278 4303
f 4187 4071 4303
f 4071 3911 4303
f 4052 4235 4460
f 4122 4144 9251
f 3809 4190 4278
f 4016 4052 11081
f 3929 3989 4235
f 4052 3929 4235
f 3884 3961 4144
f 4122 3884 4144
f 3911 3809 4278
f 4016 3837 4052
f 3536 3884 4122
f 3809 3911 11094
f 3743 3658 3911
f 11094 3448 3809
f 3397 3884 12273
f 3484 3448 3658
f 12273 3665 3397
f 3388 3397 3665
f 3238 3420 3448
f 3259 3378 3381
f 3262 3257 3432
f 3257 3283 3432
f 3270 3388 3665
f 3270 3279 3388
f 3238 3448 3484
f 3989 3962 4187
f 3962 4071 4187
f 3743 3911 4071
f 3855 3962 3989
f 3929 3855 3989
f 3962 3776 4071
f 3855 3776 3962
f 3837 3929 4052
f 3776 3743 4071
f 3929 3837 12086
f 3743 3776 12217
f 3738 3776 3855
f 3738 3855 3929
f 12086 3738 3929
f 3738 3675 3776
f 3675 3542 3776
f 3616 3675 3738
f 3731 3616 3738
f 3743 12217 12799
f 3616 3342 3675
f 3325 3484 3658
f 3325 3658 3743
f 12799 3325 3743
f 3501 3542 3675
f 3342 3501 3675
f 3515 3616 3731
f 3515 3342 3616
f 3501 3406 3542
f 3325 3224 3484
f 3021 3406 3501
f 3342 3021 3501
f 2536 2716 3107
f 2536 2291 2551
f 2291 2536 2643
f 2291 2334 2551
f 2419 2291 2643
f 2291 2201 2334
f 2179 2201 2291
f 3319 3312 3671
f 3330 3221 3439
f 3298 3330 3492
f 3269 3187 3298
f 3082 3230 3312
f 3221 9199 3319
f 3082 3107 3230
f 3107 2975 3230
f 3082 3312 12157
f 3298 3187 3330
f 9199 3221 3330
f 12157 10610 3082
f 3024 3187 11470
f 11470 3112 3024
f 10610 2886 3082
f 3330 3187 12347
f 2886 2766 3082
f 2953 3024 3112
f 2935 9199 11172
f 12426 3024 2915
f 12347 12297 3330
f 11172 2917 2935
f 2935 2886 9199
f 2766 2536 3107
f 3082 2766 3107
f 2834 2915 3024
f 2953 2834 3024
f 2915 2676 2917
f 2917 2744 2935
f 2786 2834 2953
f 2889 2839 2953
f 2839 2786 2953
f 2814 2786 2839
f 2735 2786 2814
f 2735 2814 2824
f 2807 2824 2887
f 2786 2762 2834
f 2587 2886 2935
f 2587 2766 2886
f 2676 2744 2917
f 2762 2690 2834
f 2735 2762 2786
f 2735 2718 2762
f 2718 2735 2824
f 2807 2718 2824
f 2834 2676 2915
f 2692 2676 2834
f 2744 2717 2935
f 2717 2587 2935
f 2587 2536 2766
f 2677 2718 2807
f 2718 2690 2762
f 2690 2692 2834
f 9234 2717 2744
f 2676 9234 2744
f 2536 2587 2643
f 2677 2558 2718
f 9234 2676 2692
f 2572 9234 2692
f 2627 2558 2677
f 2558 2690 2718
f 2690 2572 2692
f 2558 2572 2690
f 2547 2587 2717
f 9234 2547 2717
f 2500 2547 9234
f 2415 2558 2627
f 2558 2415 2572
f 2587 2547 2643
f 2547 2419 2643
f 2500 2422 2547
f 2422 2500 9234
f 2381 2415 2627
f 2358 2572 11428
f 11428 2321 2358
f 9234 2572 12920
f 2422 2419 2547
f 2381 2321 2415
f 12920 2422 9234
f 2179 2291 2419
f 5855 5839 6012
f 3260 3112 3269
f 2824 2863 2887
f 2824 2814 2863
f 3283 3393 3432
f 3283 3286 3356
f 3283 3214 3286
f 3211 3259 3267
f 3286 3270 3665
f 3259 3262 3378
f 3211 3267 3386
f 3388 3256 3397
f 3224 3238 3484
f 3285 3021 3342
f 3027 3325 3406
f 3021 3027 3406
f 3027 9094 3325
f 2201 2129 2334
f 2179 2151 2201
f 9268 6619 9476
f 6394 6281 6466
f 6119 6281 6394
f 6058 6312 6410
f 6410 6312 6498
f 5560 5482 5843
f 5267 5309 5477
f 5413 5490 5609
f 5198 5413 5609
f 5184 5198 5609
f 4767 4792 4952
f 6502 6615 6619
f 6502 6477 6615
f 6148 5833 6183
f 5046 5058 5291
f 5043 4989 9323
f 4918 9323 4980
f 4980 9323 4984
f 3905 4046 4047
f 3910 3905 4047
f 3851 3910 4036
f 12198 3851 3998
f 12149 9172 3968
f 9347 3968 9172
f 3701 9347 9172
f 3691 9172 3905
f 3463 9347 3701
f 3463 3603 9347
f 3463 9116 3603
f 9116 3463 3472
f 4706 4597 4767
f 4734 4706 4767
f 4594 4606 4706
f 11081 9271 4016
f 3961 3914 4066
f 3884 3914 3961
f 3884 3796 3914
f 3914 3920 4066
f 3914 3796 3920
f 9271 3838 4016
f 3920 3838 9271
f 3601 3837 4016
f 3838 3601 4016
f 3712 3796 3884
f 3397 3473 3712
f 3397 3256 3473
f 3623 3731 3837
f 3333 3342 3515
f 3333 3174 3342
f 2716 2975 3107
f 2536 2551 2716
f 2551 2535 2716
f 2334 2405 2551
f 2405 2535 2551
f 2975 3181 3230
f 2870 2807 2887
f 2627 2677 2807
f 2982 3176 3190
f 3009 2880 3030
f 2880 2923 3030
f 2749 2982 3190
f 2880 3009 3015
f 2880 3015 3083
f 2923 2749 3190
f 2749 2900 2982
f 2823 2749 2923
f 2880 2823 2923
f 2749 2770 2900
f 2738 2749 2823
f 2738 2823 2880
f 2679 2738 2880
f 2768 2679 2880
f 2749 2567 2770
f 2738 2567 2749
f 2567 2566 2770
f 2679 2584 2738
f 2678 2679 2768
f 2584 2567 2738
f 2503 2566 2567
f 2366 2567 2584
f 2366 2503 2567
f 2360 2584 2679
f 2360 2366 2584
f 2678 2406 2679
f 2406 2360 2679
f 2360 2207 2366
f 2284 2360 2406
f 2207 2056 2366
f 2103 1942 2281
f 1829 1942 2103
f 2055 2103 2281
f 2072 2076 2122
f 2076 2055 2122
f 2112 2072 2185
f 2055 1936 2103
f 1936 2055 2076
f 2072 9459 2076
f 9459 2072 2112
f 1921 1829 2103
f 1936 1921 2103
f 1886 1936 2076
f 9459 1886 2076
f 1668 1886 9459
f 1768 1921 1936
f 1886 1768 1936
f 9482 1829 1921
f 1768 9482 1921
f 1646 1768 1886
f 1668 1646 1886
f 2145 2094 2166
f 2170 2094 2178
f 1994 2094 2145
f 2094 1952 2178
f 1969 1974 2142
f 1969 2142 2178
f 1952 1969 2178
f 1994 1881 2094
f 1881 1952 2094
f 1881 1884 1952
f 1952 1884 1969
f 1884 1753 1969
f 1881 1719 1884
f 1651 1753 1884
f 1719 1598 1884
f 1598 1651 1884
f 1515 1637 1651
f 1598 1515 1651
f 1505 1515 1598
f 1338 1315 1505
f 2056 2145 2366
f 2284 2207 2360
f 2056 2207 2284
f 2056 1994 2145
f 1927 2056 2284
f 1927 1994 2056
f 2084 1927 2284
f 1813 1881 1994
f 1927 1813 1994
f 1854 1927 2084
f 1813 1709 1881
f 1854 1813 1927
f 1709 1719 1881
f 1709 1813 1854
f 1709 1598 1719
f 1586 1709 1854
f 1586 1505 1709
f 1505 1598 1709
f 3418 3372 3451
f 3371 3372 3418
f 3372 3377 3451
f 3372 3275 3377
f 3377 3265 3446
f 3403 3358 3477
f 3331 3180 3403
f 3180 3358 3403
f 3358 3284 3556
f 2779 2854 2920
f 2701 2648 2854
f 2648 2647 2780
f 2779 2641 2854
f 2641 2701 2854
f 2525 2647 2648
f 2429 2648 2701
f 9341 2479 2641
f 2641 2479 2701
f 2479 2429 2701
f 2454 2525 2648
f 2429 2454 2648
f 2454 2436 2525
f 2429 2306 2454
f 2293 2436 2454
f 2325 2429 2479
f 2325 2306 2429
f 9341 2282 2479
f 2306 2286 2454
f 2264 2286 2306
f 2098 2325 2479
f 2286 2293 2454
f 2204 2098 2479
f 2164 2306 2325
f 2098 2164 2325
f 2164 2264 2306
f 2282 2204 2479
f 3153 3275 3372
f 3371 3153 3372
f 3275 3265 3377
f 3182 3417 3446
f 3179 3265 3275
f 3135 3182 3446
f 3265 3135 3446
f 3222 3061 3371
f 3061 3153 3371
f 3153 3109 3275
f 3109 3179 3275
f 2779 3061 3073
f 3061 3046 3153
f 3046 3109 3153
f 3109 2924 3179
f 2779 2920 3061
f 2920 3046 3061
f 3179 3135 3265
f 2698 3135 3179
f 2930 2829 3068
f 3046 2909 3109
f 2854 2780 2920
f 2648 2780 2854
f 2920 2780 3046
f 2780 2909 3046
f 2829 2930 3135
f 2846 2924 3109
f 3179 2924 11834
f 2846 2736 2924
f 2909 2846 3109
f 2708 2829 3135
f 2698 2708 3135
f 11834 2698 3179
f 2780 2647 2909
f 2708 2685 2829
f 2728 2846 2909
f 2647 2728 2909
f 2829 2685 2830
f 2698 2576 2708
f 2685 2645 2830
f 2466 2698 2736
f 2466 2576 2698
f 2623 2736 2846
f 2623 2466 2736
f 2576 2685 2708
f 2728 2623 2846
f 2525 2436 2647
f 2647 2436 2728
f 2576 2501 2685
f 2550 2623 2728
f 2436 2550 2728
f 2501 2423 2685
f 2423 2645 2685
f 2497 2501 2576
f 2466 2497 2576
f 2436 2478 2550
f 2340 2497 12145
f 2312 2466 2623
f 2550 2312 2623
f 2497 2390 2501
f 2340 2390 2497
f 2311 2423 2501
f 2436 2293 2478
f 2390 2311 2501
f 2478 2309 2550
f 2466 2312 11407
f 12145 11407 2340
f 2309 2312 2550
f 2311 2276 2423
f 2423 2276 2445
f 2293 2124 2478
f 2124 2309 2478
f 2168 2225 2312
f 2104 2311 2390
f 2340 2104 2390
f 2082 2104 2340
f 2124 2121 2309
f 2199 2124 2293
f 2225 2082 2340
f 2309 2168 2312
f 2000 2124 2199
f 3243 3220 3358
f 3180 3243 3358
f 3143 3180 3331
f 3180 3007 3243
f 3007 3220 3243
f 3220 3007 12894
f 2872 3007 3180
f 3143 2872 3180
f 2931 2872 3143
f 2858 2872 2931
f 2657 2833 3007
f 2872 2860 3007
f 2832 2858 2931
f 2657 2797 2833
f 2860 2872 12414
f 2832 2709 2858
f 2653 2709 2832
f 2860 2657 3007
f 2657 2636 2797
f 2709 2682 2858
f 12414 2682 2860
f 2517 2657 2860
f 2682 2517 2860
f 2464 2579 2636
f 2439 2636 2657
f 2517 2439 2657
f 2653 2555 2709
f 2510 2555 2653
f 2439 2464 2636
f 2439 2295 2464
f 2395 2682 2709
f 2395 2517 2682
f 2555 2395 2709
f 2399 2439 2517
f 2397 2395 2555
f 2510 2397 2555
f 2493 2614 2663
f 2395 2373 2517
f 2373 2399 2517
f 2186 2294 2295
f 2399 2153 2439
f 2153 2295 2439
f 2338 2397 2510
f 2133 2395 2397
f 2373 2153 2399
f 2186 2205 2294
f 2335 2050 2338
f 2050 2206 2338
f 2338 2206 2397
f 2206 2133 2397
f 2188 2373 2395
f 2133 2188 2395
f 3220 3284 3358
f 3284 3003 3299
f 3220 3003 3284
f 3033 3003 3220
f 3003 3042 3299
f 12894 3033 3220
f 3042 3083 3299
f 2768 2880 3083
f 2864 3003 3033
f 2852 2864 3033
f 2833 2852 3033
f 2781 2768 3083
f 3042 2781 3083
f 3003 2864 3042
f 2852 2795 2864
f 2864 2695 3042
f 2695 2781 3042
f 2678 2768 2781
f 2833 2797 2852
f 2631 2795 2852
f 2797 2631 2852
f 2695 2678 2781
f 2795 2695 2864
f 2636 2579 2797
f 2560 2695 2795
f 2579 2631 2797
f 2408 2678 2695
f 2631 2560 2795
f 2560 2462 2695
f 2462 2408 2695
f 2579 2388 2631
f 2388 2560 2631
f 2388 2437 2560
f 2295 2294 2464
f 2464 2388 2579
f 2408 2406 2678
f 2437 2462 2560
f 2388 2391 2437
f 2294 2388 2464
f 2255 2408 2462
f 2437 2255 2462
f 2255 2406 2408
f 2388 2260 2391
f 2388 2294 11299
f 2255 2198 2406
f 2223 2260 2388
f 11299 2223 2388
f 2160 2255 2437
f 2391 2230 2437
f 2260 2230 2391
f 2230 2160 2437
f 2264 1967 2286
f 2286 2199 2293
f 2098 2204 2228
f 2164 2079 2264
f 2079 1967 2264
f 1967 2057 2286
f 2057 2199 2286
f 2098 1987 2164
f 1942 2098 2228
f 1942 1987 2098
f 1963 2079 2164
f 1987 1963 2164
f 1918 2057 11150
f 11150 1916 1918
f 1845 2000 2057
f 1942 1895 1987
f 1875 1967 2079
f 1875 1916 1967
f 1963 1875 2079
f 1829 1750 1942
f 1750 1895 1942
f 1918 1845 2057
f 9482 1750 1829
f 1750 1635 1895
f 1795 1875 1963
f 1781 1963 12054
f 12054 1895 1781
f 1916 1735 1918
f 1635 1530 1895
f 1530 1781 1895
f 1781 1795 1963
f 1875 1661 1916
f 1795 1661 1875
f 1635 1750 9482
f 1650 1635 9482
f 1781 1661 1795
f 1490 1735 10380
f 10380 1661 1490
f 1494 1530 1635
f 1451 1781 11727
f 1501 1661 1781
f 1536 1635 1650
f 1536 1494 1635
f 1537 1536 1650
f 1451 1501 1781
f 1530 1494 11681
f 1440 1494 1536
f 1434 1490 12528
f 1434 1349 1490
f 12528 1501 1434
f 1414 1440 1536
f 1414 1536 11779
f 1402 1451 11497
f 11497 1440 1402
f 1451 1369 1501
f 1369 1434 1501
f 2104 2110 2311
f 2112 2276 2311
f 2112 2185 2276
f 2110 2112 2311
f 2168 2080 2225
f 2057 2000 2199
f 1917 2082 2225
f 2080 1917 2225
f 2077 2080 2168
f 2110 1831 2112
f 2104 1882 2110
f 1694 1882 2104
f 1882 1831 2110
f 2082 1694 2104
f 2080 10696 11374
f 10696 1739 1901
f 2082 1917 10880
f 10880 1694 2082
f 1831 9459 2112
f 1831 1668 9459
f 1694 1592 1882
f 1592 1831 1882
f 1570 9309 1694
f 11374 1917 2080
f 1650 9482 1768
f 1592 1707 1831
f 12287 1570 1917
f 1646 1650 1768
f 1646 1568 1650
f 1588 1592 12630
f 1707 1668 1831
f 1570 1901 12559
f 12630 9309 1588
f 1567 1646 1668
f 1567 1668 1707
f 1566 1568 1646
f 1566 1518 1568
f 1568 1537 1650
f 1447 1588 9309
f 1567 1521 1646
f 1521 1566 1646
f 1518 1537 1568
f 1521 1518 1566
f 1592 1588 1707
f 1354 1447 12205
f 9309 9816 10107
f 9816 9330 1302
f 12205 10107 1354
f 1297 1521 1567
f 1439 1567 1707
f 1588 1439 1707
f 1439 1297 1567
f 9227 1588 12266
f 9227 1439 1588
f 1297 1394 1521
f 1394 1518 1521
f 1375 1302 9330
f 1354 1245 1447
f 9227 1383 1439
f 1537 1518 10729
f 11256 1394 1271
f 1914 2186 2295
f 2153 1914 2295
f 2186 1997 2205
f 1962 2133 2206
f 1914 1983 2186
f 1983 1997 2186
f 2188 1999 2373
f 1993 1962 2206
f 2050 1993 2206
f 2133 1999 2188
f 1944 2153 2373
f 1944 1914 2153
f 1999 1944 2373
f 1969 1753 1974
f 2050 1974 11561
f 11561 1993 2050
f 1891 1944 1999
f 1855 1999 2133
f 1962 1855 2133
f 1914 1944 11683
f 1855 1962 1993
f 1891 1775 1944
f 1753 1824 1993
f 1824 1855 1993
f 11683 1792 1914
f 1824 1726 1855
f 1721 1891 1999
f 1855 1721 1999
f 1656 1775 1891
f 1651 1637 1753
f 1726 1672 1855
f 1672 1721 1855
f 1721 1656 1891
f 1637 1647 1753
f 1775 1516 1792
f 1612 1726 1824
f 1753 1647 1824
f 1647 1612 1824
f 1637 1561 1647
f 1515 1561 1637
f 1656 1516 1775
f 1672 9728 10691
f 1470 1516 12160
f 1561 1523 1647
f 1503 1523 1561
f 12160 9975 1470
f 1557 9728 11445
f 1515 1503 1561
f 1523 1612 1647
f 9975 1467 1470
f 12940 1672 1467
f 1505 1424 1515
f 1315 1424 1505
f 1428 1503 1515
f 1424 1428 1515
f 1612 1523 12681
f 1503 1428 1523
f 1467 1385 1470
f 1385 1467 9986
f 11445 1291 1557
f 12681 1291 1612
f 1428 1164 1523
f 1424 1164 1428
f 2205 1997 2223
f 2084 2284 11806
f 11806 2198 2084
f 1896 2198 2255
f 2223 1954 2260
f 2018 1896 2255
f 2160 2018 2255
f 1937 2230 2260
f 1997 2010 2223
f 1954 1937 2260
f 1896 2084 2198
f 1964 2160 2230
f 1964 2018 2160
f 1937 1964 2230
f 2010 1954 2223
f 1964 1896 2018
f 1896 1810 2084
f 1810 1854 2084
f 1784 1937 1954
f 1673 1865 1964
f 1865 1810 1896
f 1937 1784 1964
f 1784 1673 1964
f 1652 1784 11832
f 9318 1652 10742
f 1534 1673 1784
f 1652 1565 1784
f 1565 1534 1784
f 1611 1810 12028
f 1611 12028 12401
f 1575 1586 1854
f 1810 1575 1854
f 1611 1575 1810
f 12401 1616 1611
f 1616 10373 10955
f 1534 1452 1673
f 10373 1452 1318
f 1534 1565 10748
f 1459 1575 1611
f 1459 1611 11851
f 10748 1452 1534
f 1396 1505 1586
f 1396 1338 1505
f 11851 1361 1459
f 1575 1396 1586
f 1459 1405 1575
f 12683 1300 1361
f 10955 1300 1616
f 1296 1344 1396
f 1344 1338 1396
f 1296 1338 1344
f 1381 1452 1504
f 1223 1396 1575
f 1405 1223 1575
f 1223 1405 1459
f 1369 1451 12362
f 1222 1349 1434
f 1236 1402 1440
f 1414 1236 1440
f 1369 9296 1434
f 9296 1222 1434
f 12362 1236 1369
f 1206 1414 9889
f 1206 1236 1414
f 9296 1111 1222
f 9889 1271 1206
f 954 9296 1369
f 1236 954 1369
f 1206 1035 1236
f 1093 1206 1271
f 1058 1035 1206
f 1093 1058 1206
f 1035 954 1236
f 973 1035 1058
f 973 920 1035
f 822 954 12789
f 12789 920 822
f 860 920 973
f 954 903 9296
f 727 903 10641
f 10641 822 727
f 727 601 903
f 860 737 920
f 737 822 920
f 585 727 822
f 737 585 822
f 601 727 12017
f 12266 1245 9227
f 1383 1297 1439
f 1297 1204 1394
f 1204 1271 1394
f 1302 1183 1354
f 1259 1183 1302
f 1207 1245 1354
f 1183 1207 1354
f 1204 1297 1383
f 1207 9227 1245
f 1174 1183 1259
f 9227 1032 1383
f 1032 1204 1383
f 1204 1153 1271
f 1032 1153 1204
f 1174 1088 1183
f 1183 1088 1207
f 1064 1032 9227
f 1032 1103 1153
f 9227 1207 11425
f 1153 1093 1271
f 1088 1071 1207
f 1103 1060 1153
f 1060 1093 1153
f 11425 1064 9227
f 1043 1088 1174
f 1022 1071 1088
f 1043 1022 1088
f 1060 1058 1093
f 975 1064 1071
f 1032 1064 1103
f 973 1058 1060
f 884 973 1060
f 859 1060 1103
f 859 884 1060
f 919 1022 1043
f 1064 975 1103
f 975 859 1103
f 1022 786 1071
f 919 786 1022
f 884 860 973
f 786 975 1071
f 859 827 884
f 827 860 884
f 738 859 975
f 738 827 859
f 786 729 975
f 975 729 12274
f 827 737 860
f 675 737 827
f 12274 738 975
f 733 729 786
f 738 645 10519
f 622 827 11414
f 11414 10519 622
f 606 645 729
f 622 675 827
f 1205 1315 1338
f 1315 1205 1424
f 1205 1164 1424
f 1164 1409 1523
f 1066 1385 9679
f 9679 1557 1066
f 1066 1075 1385
f 9344 1164 1205
f 1291 1133 1557
f 1133 1291 1409
f 1296 1205 1338
f 1164 1090 1409
f 1026 1205 1296
f 1090 1133 1409
f 1082 1066 12118
f 12118 1133 1082
f 1026 1126 1205
f 1126 9344 1205
f 9344 1090 1164
f 1133 1090 12458
f 9344 947 1090
f 947 881 1090
f 945 1082 1133
f 12458 945 1133
f 908 1066 1082
f 974 9344 1126
f 974 947 9344
f 881 835 945
f 901 947 974
f 945 883 1082
f 883 908 1082
f 901 881 947
f 835 837 945
f 837 883 945
f 858 901 974
f 908 883 11651
f 734 881 901
f 734 835 881
f 835 766 837
f 858 764 901
f 765 764 858
f 734 761 835
f 761 766 835
f 764 734 901
f 837 766 883
f 766 627 883
f 734 650 761
f 650 734 764
f 610 650 764
f 592 764 765
f 1381 1318 1452
f 1361 1069 1459
f 1223 1296 1396
f 1300 1318 10483
f 1136 1318 1381
f 1069 1223 1459
f 1300 1131 1361
f 1131 1069 1361
f 1223 1015 1296
f 10483 1108 1300
f 1108 1131 1300
f 1015 1026 1296
f 1069 1015 1223
f 1112 1069 1131
f 899 1015 1069
f 998 1108 1136
f 1131 1108 12995
f 998 877 1108
f 1107 998 1136
f 899 1069 1112
f 1026 974 1126
f 771 1112 10728
f 10728 877 771
f 951 998 11471
f 1015 898 1026
f 898 974 1026
f 899 898 1015
f 812 899 1112
f 771 812 1112
f 898 858 974
f 812 898 899
f 811 771 877
f 951 788 998
f 788 877 998
f 777 858 898
f 812 777 898
f 788 811 877
f 777 765 858
f 771 694 812
f 694 777 812
f 771 811 11383
f 788 539 811
f 11383 694 771
f 539 788 951
f 694 632 777
f 539 600 694
f 594 592 765
f 594 765 777
f 675 585 737
f 542 511 585
f 511 473 585
f 337 473 511
f 337 511 542
f 606 729 733
f 542 585 675
f 622 542 675
f 440 606 733
f 606 440 645
f 645 440 673
f 728 489 733
f 489 440 733
f 376 622 673
f 376 542 622
f 421 376 673
f 376 337 542
f 440 340 673
f 340 421 673
f 340 440 489
f 650 577 761
f 592 610 764
f 761 577 766
f 409 627 12497
f 12497 577 409
f 409 459 627
f 610 577 650
f 592 446 610
f 513 446 592
f 446 577 610
f 416 409 11282
f 409 321 459
f 577 446 11752
f 11282 305 416
f 260 446 513
f 321 409 416
f 260 305 446
f 305 73 416
f 260 226 305
f 226 73 305
f 224 226 260
f 121 73 226
f 224 121 226
f 51 121 224
f 632 594 777
f 513 592 594
f 600 632 694
f 9252 539 599
f 539 462 600
f 600 512 632
f 462 512 600
f 512 594 632
f 512 422 594
f 422 513 594
f 9252 462 539
f 360 462 9252
f 462 307 512
f 360 307 462
f 333 260 513
f 422 333 513
f 279 422 512
f 307 279 512
f 279 333 422
f 291 307 360
f 291 210 307
f 210 279 307
f 224 260 333
f 210 222 279
f 279 224 333
f 222 224 279
f 210 135 222
f 52 51 224
f 222 52 224
f 135 52 222
f 2121 2168 2309
f 2000 1845 2049
f 1748 1662 1845
f 1748 1845 1918
f 1486 1748 1918
f 1735 1486 1918
f 1486 1610 1748
f 1490 1486 1735
f 1446 1486 1490
f 1486 1480 1610
f 1359 1480 11400
f 1359 1340 1480
f 1349 1446 1490
f 11400 1446 1359
f 1349 1307 1446
f 2000 2049 2124
f 2121 2078 2168
f 2078 2077 2168
f 2038 2121 2124
f 2049 2038 2124
f 2038 2078 2121
f 1739 2077 2078
f 1845 1662 2049
f 1889 1739 2078
f 2038 1889 2078
f 1913 2038 2049
f 1662 1913 2049
f 1913 1889 2038
f 1739 1708 1901
f 1662 1747 1913
f 1710 1889 1913
f 1747 1710 1913
f 1708 9330 1901
f 1708 1739 1889
f 1710 1708 1889
f 12268 1662 1748
f 12481 1747 1662
f 1483 1710 1747
f 1708 1710 11461
f 1540 1483 1747
f 11461 1398 1708
f 1480 1540 1610
f 1398 9330 1708
f 1480 1340 1540
f 1365 1483 1540
f 1340 1365 1540
f 1365 1340 1384
f 1285 1398 1483
f 1221 1375 9330
f 1398 1221 9330
f 1983 1907 1997
f 1743 1907 1983
f 1914 1743 1983
f 1792 1743 1914
f 1595 1645 1743
f 1595 1743 1792
f 1516 1595 1792
f 1595 1487 1645
f 1516 1421 1595
f 1516 1470 11015
f 11015 1421 1516
f 1487 10066 10190
f 10066 1421 1395
f 1487 10190 12650
f 1254 1417 1470
f 1385 1254 1470
f 1220 1395 1421
f 1997 1907 2010
f 9318 10742 10918
f 9318 10918 11185
f 1743 1645 1907
f 11185 1645 9318
f 1487 9318 1645
f 9318 1565 1652
f 1565 9318 11194
f 1487 1482 9318
f 11872 1482 1481
f 11194 1504 1565
f 12650 1482 1487
f 1278 1481 1482
f 1321 1278 1482
f 1307 1359 1446
f 1289 1340 1359
f 1222 1307 1349
f 1340 1289 1384
f 1222 1185 1307
f 1359 1307 12423
f 1185 1122 1307
f 1111 1185 1222
f 1130 1289 12436
f 12436 12423 1130
f 1130 1170 1289
f 1130 1094 1170
f 1078 1122 1185
f 1111 1078 1185
f 12619 1052 1130
f 9296 903 11543
f 11543 1111 9296
f 999 1094 1130
f 999 995 1094
f 1052 999 1130
f 956 1078 1111
f 915 1052 10872
f 915 10872 11503
f 823 995 999
f 903 702 956
f 11503 774 915
f 956 774 1078
f 915 779 1052
f 779 999 1052
f 774 602 915
f 602 779 915
f 708 823 999
f 601 702 903
f 702 743 956
f 743 774 956
f 779 676 999
f 676 708 999
f 565 602 774
f 743 565 774
f 602 676 779
f 676 659 708
f 12017 473 601
f 702 546 743
f 601 546 702
f 602 607 676
f 1365 1285 1483
f 1285 1308 1398
f 1308 1221 1398
f 1259 1302 1375
f 1221 1259 1375
f 1289 1170 1384
f 1274 1365 1384
f 1274 1285 1365
f 1170 1274 1384
f 1285 1134 1308
f 1134 1221 1308
f 1274 1168 1285
f 1168 1149 1285
f 1149 1134 1285
f 1170 1094 1274
f 1221 1180 1259
f 9155 1180 11469
f 11469 1134 9155
f 1180 1174 1259
f 1094 970 1274
f 970 1168 1274
f 995 970 1094
f 9155 1073 1180
f 1043 1174 1180
f 854 1149 1168
f 970 854 1168
f 9155 1134 1149
f 9155 955 1073
f 1073 1043 1180
f 823 957 995
f 957 970 995
f 958 9155 1149
f 955 865 1073
f 854 869 1149
f 869 958 1149
f 919 1043 1073
f 957 854 970
f 955 9155 11882
f 829 9155 958
f 865 919 1073
f 11882 865 955
f 865 763 919
f 11928 831 865
f 854 957 11616
f 763 786 919
f 869 10499 11992
f 11992 958 869
f 759 829 11581
f 831 763 865
f 11616 10348 854
f 10499 10348 768
f 11581 768 759
f 823 687 957
f 687 800 957
f 708 687 823
f 728 733 12434
f 12434 763 728
f 697 728 763
f 659 687 708
f 661 596 768
f 605 763 831
f 605 697 763
f 831 829 12968
f 687 661 800
f 605 540 697
f 12968 605 831
f 596 759 768
f 659 560 687
f 12379 4667 5196
f 560 598 687
f 598 661 687
f 598 596 661
f 1417 1220 1421
f 1075 1254 1385
f 1246 1220 1417
f 1254 1190 1417
f 1190 1246 1417
f 1165 1321 1395
f 1220 1129 1395
f 1129 1165 1395
f 1066 908 1075
f 1075 1190 1254
f 1129 1220 1246
f 1190 1124 1246
f 1124 1129 1246
f 964 1124 1190
f 1129 887 1165
f 964 952 1124
f 784 887 1129
f 1075 832 1190
f 908 832 1075
f 980 1129 11825
f 11825 952 980
f 832 964 1190
f 907 952 964
f 832 907 964
f 907 874 952
f 980 784 1129
f 11651 832 908
f 692 784 980
f 767 980 10147
f 10147 874 767
f 658 748 832
f 832 748 907
f 748 874 907
f 591 767 874
f 748 690 874
f 690 591 874
f 627 658 883
f 459 603 627
f 627 603 658
f 658 608 748
f 608 690 748
f 980 767 11009
f 11009 692 980
f 692 563 695
f 563 506 695
f 1165 1286 1321
f 1481 1218 1504
f 1218 1381 1504
f 1286 1278 1321
f 1278 1218 1481
f 1218 1136 1381
f 1165 994 1286
f 9453 1218 1278
f 1107 1136 1218
f 1002 1278 1286
f 994 1002 1286
f 9453 1107 1218
f 1002 9453 1278
f 11471 917 951
f 917 1107 9453
f 887 994 1165
f 994 794 1002
f 917 875 951
f 887 794 994
f 9453 1002 11899
f 794 739 1002
f 11899 917 9453
f 683 875 917
f 887 784 11294
f 11294 794 887
f 739 683 917
f 5669 5695 5847
f 597 683 739
f 656 739 794
f 683 604 875
f 875 604 951
f 692 695 784
f 11310 695 656
f 739 656 12967
f 12967 597 739
f 604 599 951
f 506 656 695
f 597 609 683
f 609 604 683
f 506 595 656
f 520 560 659
f 520 659 676
f 607 520 676
f 565 559 602
f 602 559 607
f 520 476 560
f 473 546 601
f 546 565 743
f 382 520 607
f 473 503 546
f 472 559 565
f 476 383 560
f 546 472 565
f 382 476 520
f 503 472 546
f 559 9313 607
f 9313 382 607
f 472 9313 559
f 337 304 473
f 382 404 476
f 473 304 503
f 311 472 503
f 311 9313 472
f 382 352 404
f 404 383 476
f 9313 326 382
f 311 207 9313
f 326 352 382
f 304 288 503
f 288 311 503
f 207 326 9313
f 258 304 337
f 258 166 304
f 249 288 304
f 166 249 304
f 288 207 311
f 207 235 326
f 352 245 404
f 326 235 352
f 162 245 352
f 173 207 288
f 249 173 288
f 9363 162 352
f 77 9363 352
f 149 166 258
f 235 136 352
f 207 173 235
f 136 77 352
f 79 136 235
f 173 79 235
f 166 86 249
f 149 86 166
f 86 173 249
f 86 76 173
f 79 77 136
f 76 79 173
f 9426 77 79
f 76 9426 79
f 74 76 86
f 74 9426 76
f 9426 9363 77
f 466 596 598
f 697 540 728
f 596 468 759
f 477 605 759
f 477 540 605
f 394 489 728
f 540 394 728
f 560 383 598
f 466 468 596
f 477 281 540
f 383 449 598
f 449 466 598
f 434 477 759
f 468 434 759
f 434 281 477
f 281 394 540
f 449 356 466
f 318 434 468
f 466 356 468
f 356 318 468
f 245 383 404
f 394 347 489
f 355 347 394
f 347 340 489
f 245 329 383
f 383 329 449
f 329 356 449
f 243 318 356
f 150 347 355
f 150 340 347
f 318 212 434
f 212 281 434
f 151 243 356
f 329 151 356
f 152 355 394
f 258 337 376
f 258 376 421
f 281 206 394
f 206 152 394
f 212 195 281
f 195 206 281
f 211 212 318
f 152 150 355
f 243 211 318
f 245 151 329
f 197 258 421
f 340 197 421
f 113 211 243
f 151 113 243
f 162 151 245
f 211 138 212
f 195 96 206
f 148 195 212
f 148 96 195
f 96 152 206
f 109 197 340
f 150 109 340
f 113 138 211
f 138 148 212
f 197 149 258
f 9363 55 162
f 55 151 162
f 55 113 151
f 96 150 152
f 109 149 197
f 96 109 150
f 113 40 138
f 138 72 148
f 72 96 148
f 40 72 138
f 55 40 113
f 74 86 149
f 109 74 149
f 69 74 109
f 96 69 109
f 75 69 96
f 72 75 96
f 9363 40 55
f 69 9184 74
f 9184 69 75
f 9184 9426 74
f 72 9184 75
f 40 9184 72
f 9363 9184 40
f 9184 9363 9426
f 603 608 658
f 591 545 767
f 603 417 608
f 459 417 603
f 608 517 690
f 417 517 608
f 517 591 690
f 525 545 591
f 517 525 591
f 545 563 767
f 481 506 563
f 545 496 563
f 481 444 506
f 496 481 563
f 525 392 545
f 517 389 525
f 389 392 525
f 321 417 459
f 417 389 517
f 308 496 545
f 392 308 545
f 302 389 417
f 283 481 496
f 283 312 481
f 389 338 392
f 321 341 417
f 341 302 417
f 302 338 389
f 213 321 416
f 321 213 341
f 213 302 341
f 308 283 496
f 217 308 392
f 338 217 392
f 283 190 312
f 302 257 338
f 190 187 312
f 213 252 302
f 252 257 302
f 217 283 308
f 257 217 338
f 217 192 283
f 73 213 416
f 192 190 283
f 252 123 257
f 134 187 190
f 134 190 192
f 89 134 192
f 213 58 252
f 73 58 213
f 58 123 252
f 87 89 192
f 87 192 217
f 87 217 257
f 89 47 134
f 87 57 89
f 57 87 257
f 123 57 257
f 51 73 121
f 30 47 89
f 57 30 89
f 38 57 123
f 58 15 123
f 15 38 123
f 51 15 73
f 15 58 73
f 45 15 51
f 16 30 57
f 15 2 38
f 38 1 57
f 1 16 57
f 2 1 38
f 2 15 45
f 1 2 3
f 3 2 45
f 538 604 609
f 597 595 609
f 538 599 604
f 519 538 609
f 538 9252 599
f 595 436 609
f 436 519 609
f 519 460 538
f 312 444 481
f 506 436 595
f 360 9252 538
f 444 403 506
f 460 360 538
f 403 436 506
f 362 460 519
f 436 390 519
f 403 369 436
f 312 403 444
f 369 390 436
f 362 360 460
f 272 362 519
f 390 272 519
f 291 360 362
f 141 369 403
f 369 272 390
f 312 187 403
f 272 291 362
f 141 165 369
f 187 141 403
f 184 210 291
f 272 184 291
f 179 272 369
f 168 184 272
f 179 168 272
f 165 159 369
f 159 179 369
f 184 135 210
f 168 135 184
f 134 141 187
f 159 104 179
f 95 135 168
f 95 168 179
f 104 159 165
f 141 104 165
f 95 52 135
f 134 47 141
f 47 104 141
f 45 51 52
f 25 52 95
f 104 95 179
f 25 95 104
f 47 16 104
f 16 65 104
f 25 17 52
f 17 45 52
f 65 25 104
f 14 3 45
f 14 17 25
f 17 14 45
f 14 25 65
f 16 14 65
f 3 14 16
f 1 3 16
f 30 16 47
f 5348 5253 5558
f 11218 10558 9297
f 5185 5368 12609
f 10558 5185 9297
f 4760 5253 5348
f 9125 5200 10315
f 11586 4813 5348
f 4780 4760 5348
f 4813 4780 5348
f 4556 4760 4780
f 3138 3055 10681
f 9684 2257 2363
f 2315 2488 11505
f 4235 4313 4460
f 2527 2634 2772
f 2772 2808 3016
f 4615 4690 4904
f 4690 9473 4742
f 4484 4601 4772
f 4476 4484 4772
f 4596 4476 4662
f 4424 4476 4596
f 4601 4581 4797
f 4581 4716 4797
f 3573 3337 3660
f 4123 3887 4262
f 3887 4207 4262
f 4262 4207 4418
f 4262 4418 5013
f 4123 4262 5013
f 4820 4123 5013
f 12777 4424 4596
f 4418 4835 5013
f 4682 4651 4939
f 3055 3138 3337
f 12494 3640 3355
f 3640 3644 9755
f 3640 9755 10339
f 4141 3764 4350
f 3939 3764 4141
f 4350 3764 9090
f 4350 9090 4823
f 4350 4823 4826
f 4523 4533 4740
f 4392 4516 4757
f 4737 4583 4826
f 4583 4350 4826
f 4757 4516 4770
f 4516 4744 4770
f 4744 4443 4766
f 4443 4737 4766
f 4523 4740 4746
f 4904 4690 5026
f 5397 5317 5674
f 5317 5423 5674
f 5674 9390 5944
f 6350 6115 9315
f 4789 4924 4942
f 4932 4701 4968
f 4924 4870 4942
f 4968 4870 4991
f 4932 4968 4991
f 4932 4991 5362
f 6398 6560 6624
f 6608 6624 6625
f 6001 6162 6172
f 6172 6162 6365
f 6365 6039 6508
f 6453 6436 6582
f 6449 6453 6597
f 9186 6449 6597
f 6582 6436 6594
f 6365 6508 9186
f 6453 6582 6597
f 4784 4832 5167
f 4935 5167 5178
f 4820 5013 5489
f 4935 5178 5383
f 4820 5489 5497
f 5013 4835 5489
f 5431 5383 5893
f 5383 5178 5580
f 5383 5580 5893
f 5178 5504 5580
f 5757 5504 6001
f 5497 5489 5735
f 5489 5401 5735
f 5893 5580 12521
f 5503 5497 5735
f 5503 5735 9328
f 6110 9665 10043
f 10043 6225 6110
f 6916 9665 10290
f 6799 6577 6916
f 4826 4823 5090
f 5090 4823 5199
f 5090 5199 5421
f 9214 4823 5621
f 5865 5621 11835
f 6085 5865 10261
f 6085 10261 10485
f 4770 4744 4954
f 5109 5090 5166
f 5166 5090 5421
f 5361 5166 5421
f 9451 5361 10132
f 6331 6267 6496
f 4738 4905 5223
f 9127 4913 4977
f 9127 5052 5065
f 6496 6432 6580
f 6613 6612 6677
f 4771 4788 4975
f 4975 4788 5081
f 4964 4771 4975
f 5052 5000 5065
f 5000 9180 5065
f 5081 4812 9333
f 5081 9333 5306
f 5638 5644 5984
f 5706 5638 5984
f 5706 5984 6321
f 6529 6544 6629
f 7046 6799 7197
f 10900 9843 9354
f 7230 7169 7284
f 8210 10675 12204
f 6612 6580 9170
f 6817 6770 6824
f 6726 6771 6817
f 2111 2169 2172
f 2236 9320 2316
f 11908 1639 1665
f 12392 1706 1731
f 1706 1713 1731
f 1762 1731 1764
f 1731 1713 1764
f 11925 1663 1654
f 1681 1714 1717
f 1772 1832 1834
f 1789 1772 1834
f 1844 1832 10180
f 1834 1832 1844
f 10180 2006 1844
f 1840 1834 1844
f 1789 1834 1840
f 1840 11744 12429
f 11744 11178 9187
f 12429 1933 1840
f 10316 1957 1915
f 1840 1933 1957
f 1915 1957 2003
f 1957 1933 2065
f 2003 1957 2065
f 1915 2003 2051
f 2051 2003 2065
f 1933 9187 2115
f 11178 9809 9187
f 2065 1933 2189
f 1933 2115 2189
f 2051 2065 2123
f 2065 2189 2355
f 2123 2065 2355
f 9187 9809 11474
f 11474 2115 9187
f 2189 2115 2315
f 2189 2315 2319
f 2051 2123 2167
f 2167 2123 2254
f 9466 2745 11768
f 2745 9466 12626
f 2871 2745 11217
f 12626 2837 2745
f 9117 11228 11647
f 9117 11647 11849
f 11690 3150 2837
f 11849 3276 9117
f 3059 2837 3150
f 3059 3150 3450
f 3059 3450 3453
f 3276 3059 3453
f 9117 3276 3306
f 3306 3276 3710
f 9117 3306 12131
f 3138 3306 3337
f 3276 3453 3710
f 3150 3595 11661
f 2059 2172 2318
f 2172 2169 2318
f 2169 2236 2326
f 2305 2236 10769
f 2236 2305 2326
f 2318 2169 2326
f 2363 2059 12403
f 2257 2059 2363
f 12403 2435 2363
f 2318 2326 11232
f 2305 10769 11675
f 11675 9954 2305
f 2326 2305 2622
f 2435 2318 2533
f 11232 2533 2318
f 2622 2305 2871
f 9954 2871 2305
f 2757 2435 12762
f 12008 10686 2533
f 12762 10686 2757
f 12398 9671 2798
f 2798 9671 10902
f 3138 10681 12404
f 12404 10902 3138
f 2189 2319 2355
f 12538 11084 2115
f 2315 2115 2488
f 11505 2319 2315
f 2485 2319 2527
f 2461 2123 12944
f 2254 2123 2461
f 2235 2254 11958
f 11958 2393 2235
f 12944 11905 2461
f 2355 2319 2485
f 2447 2393 2461
f 11552 2393 2491
f 2447 2461 2705
f 2600 2485 2772
f 2461 11905 12063
f 12063 2705 2461
f 2485 2527 2772
f 2393 2447 2491
f 2491 2447 2705
f 2778 2705 3079
f 2491 2705 2778
f 2763 2629 12911
f 12911 2778 2763
f 2705 2600 3079
f 2778 10490 12686
f 2600 2772 3016
f 3079 2600 11526
f 12686 2763 2778
f 10490 3210 2933
f 3139 3079 3207
f 11526 11252 3079
f 3079 3139 3210
f 11252 10999 3079
f 10999 3207 3079
f 2892 2763 2933
f 2892 2933 3151
f 3151 2933 3194
f 3332 2933 12366
f 3194 2933 3332
f 12366 3139 3332
f 4707 4705 4716
f 4705 4707 4789
f 4707 4661 4882
f 4661 4707 4716
f 4789 4845 4924
f 2335 2338 2510
f 4845 4707 4882
f 4789 4707 4845
f 9412 4112 4228
f 4091 4112 9412
f 4184 9412 4228
f 4184 4271 4289
f 4184 4228 4271
f 4228 4112 4307
f 4271 4228 4353
f 4271 4353 4409
f 4112 4211 4373
f 4307 4112 4383
f 4112 4373 4383
f 4228 4307 4341
f 4289 4271 4424
f 4341 4307 4383
f 4353 4401 4409
f 4228 4341 4353
f 4353 4341 4401
f 4271 4409 4424
f 4424 4409 4476
f 4409 4401 4430
f 4409 4430 4476
f 4476 4430 4484
f 4430 4401 4468
f 4430 4475 4484
f 4430 4468 4475
f 4401 4341 4426
f 4401 4426 4468
f 4341 4383 4426
f 4383 4373 4617
f 4484 4475 4601
f 4475 4581 4601
f 4607 4468 4614
f 4468 4426 4614
f 4426 4383 4622
f 4383 4617 4622
f 4475 4468 4581
f 4581 4468 4661
f 4468 4607 4661
f 4607 4614 4909
f 4614 4426 4906
f 4426 4622 4906
f 4622 4617 4872
f 4581 4661 4716
f 4661 4607 4909
f 4882 4661 4909
f 3337 3306 3714
f 3306 3710 3714
f 11661 3450 3150
f 3710 3453 9998
f 3660 3337 3714
f 10468 3450 3736
f 10521 3749 3595
f 3906 3714 11349
f 3736 3450 3749
f 3887 3660 12128
f 12128 11739 3887
f 11349 9998 3906
f 3736 3749 4023
f 3749 3823 12815
f 12815 4023 3749
f 3906 3736 4038
f 11739 11387 3887
f 3736 4023 4038
f 3906 4038 4108
f 11387 4207 3887
f 3906 4108 4155
f 4038 4023 9412
f 4023 4091 9412
f 4091 3823 4211
f 4108 4038 4145
f 4108 4145 4225
f 4038 9412 4145
f 4145 9412 4184
f 4112 4091 4211
f 4155 4108 4230
f 4145 4184 4216
f 4145 4216 4225
f 4216 4184 4289
f 4108 4225 4230
f 4216 4289 4380
f 4207 4155 4230
f 4230 4225 4374
f 4380 4289 4424
f 4225 4216 4374
f 4374 4216 4380
f 4207 4230 4517
f 4230 4374 4517
f 4374 4380 4784
f 4651 4374 4784
f 4517 4374 4682
f 4418 4517 4682
f 7200 7159 7218
f 4418 4682 4835
f 3207 9590 10805
f 9463 9590 11235
f 3975 3939 4141
f 9463 3332 12860
f 10805 3139 3207
f 3151 3194 3533
f 3533 3194 12046
f 3531 3151 3533
f 12046 3902 3533
f 3332 9463 3902
f 3533 3902 3966
f 11235 3975 9463
f 9463 3975 4152
f 3902 9463 4152
f 3533 3966 4018
f 3533 4018 4244
f 4159 3533 4244
f 4045 3902 4152
f 3966 3902 4045
f 4152 3975 11333
f 4018 3966 4082
f 3966 4045 4082
f 4082 4045 4212
f 4212 4045 4338
f 4338 4045 4340
f 4018 4082 4326
f 4244 4018 4326
f 4082 4212 4326
f 4159 4244 4354
f 11333 10255 4152
f 4141 4350 4583
f 4159 4354 9167
f 4045 4152 4340
f 4244 4326 4366
f 4354 4244 4366
f 4340 4152 4443
f 10255 4443 4152
f 4309 4212 4322
f 4309 4322 4392
f 4309 4392 4523
f 4406 4309 4523
f 4212 4309 4326
f 4322 4212 4338
f 4322 4338 4392
f 4354 4366 4384
f 4326 4309 4415
f 4366 4326 4415
f 9167 4354 4485
f 4354 4384 4485
f 4338 4340 11648
f 4340 4443 4744
f 4523 4392 4533
f 4392 4338 4516
f 4309 4406 4415
f 11648 4516 4338
f 4485 4384 4674
f 4366 4415 4509
f 4384 4366 4509
f 4443 4583 4737
f 4485 4674 4695
f 4485 4695 5117
f 4415 4406 4571
f 4453 4415 4571
f 4415 4453 4509
f 4571 4406 4609
f 4406 4523 4746
f 4509 4453 4616
f 4609 4406 4905
f 4406 4746 4905
f 4509 4616 4822
f 4674 4509 4822
f 4384 4509 4674
f 4669 4571 4675
f 4453 4571 4669
f 4571 4609 4675
f 4616 4453 4669
f 4616 4669 4959
f 4822 4616 4921
f 4921 4616 4959
f 4675 4609 4719
f 4675 4719 4791
f 4912 4719 4913
f 4791 4719 4912
f 4738 4609 4905
f 4719 4609 4738
f 4669 4675 4791
f 4669 4791 4959
f 4695 4674 4779
f 4719 4738 4913
f 4779 4674 4822
f 4913 4738 4977
f 4822 4921 5227
f 4690 4742 4997
f 4690 4997 5026
f 4997 4742 4998
f 4997 5125 5331
f 5026 4997 5331
f 4997 4998 5125
f 5125 4998 5151
f 5125 5151 5331
f 5026 5331 5423
f 5317 5026 5423
f 5331 5151 5579
f 5151 5352 5579
f 5423 5331 5579
f 5579 5352 9390
f 9390 5352 6000
f 5352 5418 6000
f 5423 5579 9390
f 5674 5423 9390
f 5944 9390 6115
f 4845 4882 5228
f 4882 4992 5228
f 4882 4909 4992
f 4870 4924 4991
f 4924 4845 4991
f 4742 4743 4998
f 4743 4932 5362
f 4998 4743 5362
f 4991 4845 5228
f 5151 4998 5362
f 4991 5228 5230
f 5152 4991 5230
f 4991 5152 5362
f 5228 4992 5428
f 4992 4969 5428
f 5230 5228 5438
f 5152 5230 5438
f 5362 5152 5438
f 5438 5228 10737
f 5352 5151 5362
f 5352 5362 5418
f 5362 5438 5527
f 5438 5507 5527
f 10737 5533 5438
f 5418 5362 5485
f 5485 5362 5527
f 5428 4969 5574
f 5507 5438 5878
f 5533 5428 5627
f 5438 5533 5878
f 5428 5574 5627
f 5485 5527 5599
f 5527 5507 5599
f 5418 5485 6000
f 5627 5574 5803
f 5485 5599 6000
f 5599 5507 5849
f 5533 5627 5878
f 5849 5507 5878
f 5599 5953 6000
f 5599 5849 5953
f 5627 5803 6238
f 5878 5627 6238
f 5849 5878 6092
f 5803 6137 6238
f 6092 5878 6238
f 5803 5918 6137
f 5953 5849 6146
f 5849 6092 6307
f 6146 5849 6307
f 6000 5953 6233
f 9390 6000 6233
f 5953 6146 6233
f 6115 9390 6233
f 6092 6238 6307
f 6233 6146 6398
f 6238 6137 6404
f 6233 6398 9315
f 6115 6233 9315
f 6307 6238 6415
f 6404 6137 6405
f 6398 6146 6560
f 6146 6307 6415
f 6238 6404 6530
f 6530 6404 6568
f 6415 6238 6530
f 6560 6415 6624
f 6415 6530 6624
f 6404 6405 6568
f 6568 6405 6602
f 6405 6137 6413
f 6624 6530 6625
f 6530 6568 6602
f 6530 6602 6625
f 6602 6594 6625
f 4969 4909 12871
f 4909 4969 4992
f 12871 4906 4969
f 4969 4906 5075
f 4906 4622 5075
f 4622 4872 5075
f 5075 4872 5205
f 4969 5075 9295
f 9295 5075 5419
f 5075 5205 5419
f 5419 5205 5521
f 5521 5205 11130
f 4969 9295 5574
f 11130 10656 5521
f 5574 9295 5715
f 9295 5419 5521
f 9295 5521 5715
f 5574 5715 5803
f 5803 5715 5918
f 5715 5521 5918
f 10656 6002 5521
f 9461 5907 6002
f 5918 5521 6060
f 5521 6002 6060
f 6060 6002 6154
f 6002 5907 6069
f 6001 6172 6178
f 6137 5918 6366
f 5918 6060 6366
f 6069 6097 6268
f 6154 6002 6275
f 6002 6069 6275
f 6171 6097 6212
f 6060 6154 6366
f 6097 6171 6268
f 6248 6172 6365
f 6178 6172 6248
f 6275 6069 6399
f 6069 6268 6399
f 6137 6366 6413
f 6154 6275 6413
f 6366 6154 6413
f 6268 6322 9373
f 6399 6268 9373
f 6248 6365 6563
f 6413 6275 6575
f 6447 6248 6563
f 6447 9373 11366
f 9373 6447 6585
f 6362 6248 6447
f 11366 6362 6447
f 6275 6399 6575
f 6575 6399 12486
f 6563 6365 9186
f 6405 6575 6607
f 6405 6413 6575
f 12486 6585 6575
f 6447 6563 9186
f 6585 6447 9186
f 6594 6602 6607
f 6582 6594 6607
f 6602 6405 6607
f 6597 6582 6607
f 6575 6596 6607
f 9186 6597 10703
f 10703 6596 9186
f 6596 6585 9186
f 6575 6585 6596
f 4835 4682 4939
f 4835 4939 5286
f 4939 4935 5286
f 5286 4935 5383
f 4835 5286 5489
f 5286 5383 5431
f 5286 5401 5489
f 5401 5286 5431
f 5401 5431 5893
f 9413 5401 5893
f 5735 5401 9413
f 9413 5893 5971
f 5735 9413 6100
f 5971 5893 6192
f 12521 6011 5893
f 9413 5971 6100
f 5757 6001 6178
f 6140 6011 12723
f 12723 6178 6140
f 5893 6011 6192
f 6100 5971 6192
f 6011 6187 6192
f 6011 6140 6187
f 6140 6178 6248
f 6140 6248 6284
f 6187 6140 6287
f 6140 6284 6287
f 6100 6293 6482
f 6192 6187 6363
f 6293 6192 6363
f 6100 6192 6293
f 6268 6171 6327
f 6322 6268 6327
f 6171 6212 6327
f 6284 6248 6362
f 6341 6284 6362
f 6187 6287 6363
f 6284 6341 6372
f 6322 6341 6362
f 6322 6327 6341
f 6341 6327 6372
f 510 507 9462
f 6284 6372 9154
f 6287 6284 6363
f 6363 6284 9154
f 6372 6327 9154
f 6579 6212 6806
f 6327 6212 6579
f 9154 6327 6579
f 6363 9154 6639
f 6482 6293 6958
f 6293 6363 6958
f 9154 6579 6981
f 6639 9154 6981
f 9328 5735 6110
f 6110 5735 11219
f 11219 6482 6110
f 5421 5199 9214
f 5421 9214 5770
f 9214 5621 5865
f 9214 5632 5770
f 5632 9214 5865
f 5770 5632 5865
f 5770 5865 6139
f 5865 6085 6139
f 10485 6674 6085
f 6139 6085 10596
f 10596 6532 6139
f 6674 10759 11275
f 11266 7002 6532
f 10132 5702 9451
f 5702 5421 5770
f 5702 5770 5862
f 5862 5770 6139
f 5702 5862 6173
f 5862 6139 6173
f 9451 5702 6173
f 9451 6173 6203
f 12061 6267 6189
f 9451 6203 6267
f 6173 6139 6532
f 6216 6112 6236
f 6112 5876 6236
f 6352 6173 6532
f 6203 6173 6335
f 7956 7934 7995
f 6149 6216 6406
f 6216 6236 6396
f 6216 6396 6406
f 6432 6267 12943
f 6203 6335 6355
f 6149 6406 6451
f 6267 6432 6496
f 12943 6573 6432
f 6203 6355 6506
f 6406 6396 6421
f 6421 6396 6442
f 6406 6421 6505
f 6505 6421 6513
f 6421 6442 6618
f 6513 6421 6618
f 6203 6506 6573
f 6355 6475 6506
f 6475 6355 6476
f 6355 6352 6476
f 6335 6352 6355
f 6352 6532 6641
f 8015 8022 8028
f 6506 6475 6513
f 6451 6406 6505
f 6505 6513 6664
f 6573 6506 6599
f 6506 6513 6599
f 6587 6599 6618
f 6599 6513 6618
f 6589 6573 6599
f 6432 6573 6589
f 6513 6475 6664
f 6475 6476 6737
f 6664 6475 6737
f 6476 6637 6737
f 6476 6352 6637
f 6637 6352 6641
f 6587 6589 6599
f 6505 6664 6811
f 6664 6729 6811
f 6641 6532 6798
f 6798 6532 7002
f 6737 6637 6779
f 6637 6641 6798
f 6729 6664 6737
f 4791 4912 4959
f 4921 4959 5100
f 4921 5215 5227
f 4695 4779 5398
f 4921 5100 5215
f 4913 9127 5259
f 9127 5065 5259
f 4912 4913 5256
f 5256 4913 5259
f 4959 4912 5100
f 5100 4912 5256
f 4779 4822 5398
f 4822 5227 5398
f 5100 5256 5274
f 5227 5215 5723
f 5215 5100 9092
f 5215 9092 5723
f 5398 5227 10821
f 5100 5274 9092
f 5723 9092 5737
f 5398 10821 11871
f 9274 5398 5631
f 11871 5631 5398
f 5723 5737 6021
f 9274 5631 12001
f 12001 5728 9274
f 5631 5791 5876
f 5737 9092 6009
f 5791 5723 6021
f 9092 5838 6009
f 5737 6009 6021
f 5791 6021 6072
f 6237 5876 12886
f 6236 5876 6237
f 12886 6072 6237
f 5838 6048 6101
f 6009 5838 6101
f 6072 6021 6490
f 6101 6048 6224
f 6021 6009 11841
f 11841 6490 6021
f 6237 6072 6334
f 6334 6072 6490
f 6101 6224 6593
f 6236 6237 6442
f 6237 6334 6442
f 6490 6101 6593
f 6396 6236 6442
f 6224 6499 6593
f 6334 6490 6649
f 6490 6565 6649
f 6618 6442 12444
f 12444 11413 6618
f 6490 6593 6712
f 6565 6490 6712
f 6649 6565 6712
f 6682 6649 6758
f 11413 6682 6618
f 6587 6618 6633
f 6633 6618 6682
f 6580 6432 6589
f 6589 6587 6633
f 6649 6712 6758
f 6669 6633 6682
f 6669 6682 9170
f 6612 9170 6741
f 9170 6580 6669
f 6589 6633 6669
f 6593 6499 9394
f 6712 6593 9394
f 6580 6589 6669
f 6819 6712 9394
f 4964 4975 5133
f 4975 5081 5306
f 5133 4975 5306
f 9180 4964 5356
f 4964 5133 5356
f 5065 9180 5296
f 5133 5306 5407
f 5259 5065 5296
f 5296 9180 5461
f 9180 5356 5461
f 5256 5259 5520
f 5259 5296 5520
f 5274 5256 5520
f 5356 5133 5375
f 5375 5133 5407
f 5296 5461 5520
f 5407 5306 5638
f 5306 9333 5638
f 5375 5407 5620
f 5356 5375 5616
f 5461 5356 5616
f 5620 5407 5638
f 5616 5375 5620
f 5620 5638 5706
f 5520 5461 5741
f 5274 5520 5741
f 9092 5274 11100
f 5616 5620 5796
f 5461 5616 5879
f 5616 5796 5879
f 5741 5461 5879
f 5620 5706 5796
f 11100 5838 9092
f 5741 5879 5887
f 5741 5887 6028
f 5879 5796 6022
f 5838 5741 6048
f 5741 6028 6048
f 5796 5706 6080
f 6022 5796 6080
f 5887 5879 6028
f 5879 6022 6147
f 6028 5879 6147
f 6147 6022 6201
f 6224 6048 6408
f 6080 5706 6321
f 6022 6080 6201
f 6048 6028 6408
f 6028 6147 6408
f 6201 6080 6321
f 6147 6201 6470
f 6201 6321 6465
f 6408 6147 6470
f 6201 6465 6470
f 6224 6408 12699
f 12699 6499 6224
f 6465 6321 6529
f 6470 6465 6629
f 6408 6470 6595
f 6595 6470 6629
f 6465 6529 6629
f 6595 6629 6726
f 6499 6595 9394
f 6579 6806 6981
f 6829 6639 6981
f 6363 6852 6958
f 6363 6639 6852
f 6639 6829 6852
f 6981 6806 7082
f 11907 6829 6981
f 6852 6829 12585
f 7283 6829 10774
f 7283 10774 11090
f 11090 7391 7283
f 11142 6958 7104
f 6799 6916 9879
f 6958 6852 7104
f 10566 10290 7190
f 9879 7197 6799
f 7104 6852 11593
f 11630 10040 7190
f 10283 9950 7197
f 7190 10040 10312
f 12526 7332 7297
f 10312 7332 7190
f 12073 7391 7273
f 9950 7351 7197
f 7273 7391 7412
f 7351 7297 9468
f 7332 7273 7401
f 7297 7332 7401
f 7401 7273 11411
f 7046 7197 11258
f 12146 11258 7017
f 12476 9856 7017
f 9354 9843 12317
f 7429 11863 12732
f 9353 9354 9918
f 11149 7284 7218
f 12216 9611 7284
f 7280 7179 9354
f 7284 9611 10250
f 7362 7280 10714
f 10714 9353 7362
f 9128 9608 9763
f 10250 9608 7284
f 7362 9353 7439
f 9397 9887 12184
f 7353 9887 10016
f 7200 7218 7313
f 7353 10016 11740
f 7218 7284 7378
f 7313 7218 7358
f 7358 7218 12260
f 11740 7434 7353
f 12260 9106 7358
f 7358 9106 7434
f 6922 6954 7299
f 7299 6954 9570
f 9289 9397 10666
f 7299 9570 10725
f 10725 9974 7299
f 7435 10010 11641
f 9974 7348 7299
f 7431 7353 7434
f 7453 7348 11698
f 11275 9992 6674
f 7002 12357 12600
f 9992 7004 6674
f 9115 6922 11828
f 11828 7084 9115
f 12600 7114 7002
f 7328 7004 12209
f 12720 7228 7114
f 7228 7004 7328
f 7114 9937 11088
f 7228 7328 10997
f 7084 7299 10788
f 9260 9937 12114
f 12209 9735 7328
f 7433 7285 10488
f 10500 7285 7349
f 7433 10488 10953
f 7433 9756 11289
f 7349 7285 7433
f 6729 6737 6779
f 6779 6637 6798
f 6936 6729 10549
f 6936 10549 12236
f 6779 6798 9857
f 11736 7002 7114
f 12006 9857 7124
f 11088 7124 7114
f 11312 7124 9260
f 9170 6682 6758
f 6677 6612 6741
f 6758 6712 6819
f 9170 6758 6819
f 6677 6741 6824
f 6741 9170 6819
f 6741 6819 6824
f 6819 9394 6824
f 9394 6817 6824
f 6595 6726 6817
f 9394 6595 6817
f 11612 7412 7489
f 9468 7297 10420
f 11411 7484 7401
f 9468 10420 10535
f 12603 7484 7563
f 7484 7489 7534
f 7429 10081 10288
f 9918 9633 9353
f 10288 7495 7429
f 11817 10535 7493
f 9353 9633 9717
f 7495 7493 10677
f 9449 7495 10403
f 7493 11156 12025
f 12634 9996 7532
f 7554 9906 10589
f 9906 7532 9372
f 9128 9763 9804
f 12827 9672 9449
f 9717 9672 9353
f 9128 9804 10159
f 12168 10280 9128
f 7615 9963 10221
f 7554 10589 12951
f 9106 7378 12553
f 9283 7434 9709
f 7431 7434 9283
f 12553 9901 9106
f 9283 9709 10770
f 12411 9933 9283
f 9933 9230 9283
f 9374 7453 9798
f 12093 9995 7435
f 9798 7494 9374
f 7431 9283 9808
f 9932 9808 7494
f 9374 12482 12857
f 11804 10975 7575
f 12482 7549 7575
f 7494 9230 7549
f 11289 9902 7433
f 9902 7506 7433
f 201 253 9335
f 201 9335 313
f 12922 492 402
f 313 9335 9164
f 492 313 9164
f 492 9164 9118
f 9118 9164 851
f 890 889 1009
f 889 1007 1009
f 1007 9104 10002
f 402 492 679
f 679 492 9118
f 679 9118 890
f 711 679 9166
f 679 890 9166
f 9166 890 1009
f 9166 1151 1212
f 9166 1009 1151
f 1009 1007 1151
f 1212 1151 12929
f 10002 1151 1007
f 1212 1281 10867
f 12929 1281 1212
f 1897 10416 11997
f 1950 1897 10402
f 11920 10402 9320
f 1975 1888 10936
f 2118 10416 11595
f 11532 10936 2246
f 11595 2143 2118
f 2162 2245 2246
f 9320 2118 11175
f 11175 2316 9320
f 11833 1791 1822
f 1777 1771 1791
f 1777 1762 12673
f 12673 1771 1777
f 1764 1758 1771
f 1771 1758 1793
f 1791 1771 1793
f 1791 1797 1822
f 1791 1793 1797
f 1797 1793 1804
f 1797 1804 1850
f 1804 1846 1850
f 1804 1793 9842
f 10552 1758 1796
f 9842 9710 1804
f 9710 1846 1804
f 1822 11162 12134
f 11162 10407 1897
f 1850 10639 10694
f 12937 12134 1950
f 10407 1975 1897
f 10573 1888 1975
f 10639 2087 1888
f 1623 9434 12376
f 9434 1623 1638
f 12191 11118 1639
f 1638 1623 1666
f 1639 1634 1706
f 11118 1634 1639
f 1634 1638 1666
f 1634 1666 1712
f 1687 1634 1712
f 1634 1687 1706
f 1712 1666 10287
f 1713 1706 1758
f 1706 1687 1758
f 1687 1712 1741
f 9108 1712 9594
f 1741 1712 9108
f 1713 1758 1764
f 9108 9594 9824
f 1687 1741 10862
f 10862 1758 1687
f 9264 1796 9852
f 12376 11226 1623
f 11226 10650 1623
f 1716 1663 11563
f 1623 10650 11548
f 11563 1717 1716
f 1837 1716 10823
f 1837 10823 12387
f 1783 1716 11448
f 11548 9575 1623
f 9747 9575 1767
f 12914 12387 1772
f 1783 11448 12231
f 11530 1794 1838
f 4844 4813 5200
f 4829 9297 5185
f 4907 4910 5253
f 4760 4907 5253
f 4910 4907 11027
f 4736 4487 4920
f 4487 4649 4920
f 4574 4487 4736
f 4243 4538 4649
f 4183 4243 4649
f 4370 4487 4574
f 4487 4370 4649
f 4370 4172 4649
f 4172 4183 4649
f 4094 4370 4574
f 4178 4574 4648
f 4178 4094 4574
f 4183 4078 4243
f 4059 4172 4370
f 4172 3803 4183
f 4059 3803 4172
f 3803 9430 4183
f 9430 4078 4183
f 4010 4059 4370
f 4094 4010 4370
f 3927 4094 4178
f 3948 3872 4078
f 4010 3943 4059
f 3919 3803 4059
f 3943 3919 4059
f 3927 4010 4094
f 9430 3948 4078
f 3722 3919 3943
f 3722 3803 3919
f 3832 3943 4010
f 3832 4010 11451
f 9430 3705 3948
f 3551 3872 3948
f 11451 3742 3832
f 3722 3721 3803
f 3721 9430 3803
f 3541 3721 3722
f 3705 3532 3948
f 3532 3551 3948
f 3832 3657 3943
f 3657 3722 3943
f 12891 3579 3742
f 3461 3705 9430
f 3721 3461 9430
f 3541 3489 3721
f 3489 3461 3721
f 3657 3541 3722
f 3461 3532 3705
f 3500 3657 3832
f 3742 3500 3832
f 3532 3415 3551
f 3579 3363 3742
f 3461 3234 3532
f 3415 3351 3551
f 3234 3415 3532
f 3412 3541 3657
f 3412 3489 3541
f 3328 3500 3742
f 3363 3361 3742
f 3361 3407 3742
f 3407 3328 3742
f 3184 3461 3489
f 3184 3234 3461
f 3328 3287 3500
f 3287 3412 3500
f 3489 3412 12711
f 3234 3351 3415
f 4648 4574 4736
f 4649 4538 12718
f 4572 4666 4761
f 4572 4483 4666
f 4178 4648 4693
f 4538 4258 4572
f 4243 4258 4538
f 4078 3872 4243
f 4243 3872 4258
f 9311 9114 9379
f 9114 3945 9379
f 3945 3846 9379
f 3844 3762 3918
f 3779 3945 9114
f 3794 3846 3945
f 3779 3794 3945
f 3779 3518 3794
f 3756 3565 3779
f 3686 3565 3756
f 3606 3498 3844
f 3585 3752 11946
f 11946 3518 3585
f 3752 3606 3755
f 3510 3565 3686
f 3565 3518 3779
f 3611 3498 3680
f 3495 3510 3686
f 3365 3498 3606
f 3365 3606 3752
f 3518 3565 3585
f 3565 3510 3585
f 3585 3349 3752
f 3349 3365 3752
f 3272 9135 3680
f 3510 3304 3585
f 3304 3290 3585
f 3495 3304 3510
f 3134 3304 3495
f 3351 3240 3495
f 3240 3134 3495
f 4566 4605 4868
f 4417 4566 4704
f 4524 4704 5021
f 4524 4417 4704
f 4375 4524 5021
f 4436 4718 4908
f 4605 4368 4908
f 4566 4368 4605
f 4375 4197 4524
f 4197 4417 4524
f 4368 4436 4908
f 4472 4375 9109
f 4134 4375 4472
f 4134 4197 4375
f 4417 4220 4566
f 4220 4368 4566
f 4343 4134 4472
f 4197 4127 4417
f 4127 4220 4417
f 4099 4299 4436
f 4368 4099 4436
f 4134 4115 4197
f 9379 4134 4343
f 4220 4099 4368
f 4115 4127 4197
f 4026 4099 4220
f 4127 4026 4220
f 4115 4026 4127
f 3846 4115 4134
f 9379 3846 4134
f 4026 4021 4099
f 4099 3913 4299
f 4021 3913 4099
f 3913 4019 4299
f 3794 4021 12520
f 12520 4115 3794
f 3846 3794 4115
f 3755 3606 3844
f 3844 3918 4019
f 3913 3844 4019
f 3755 3844 3913
f 4021 3794 12175
f 3755 3913 4021
f 12175 3755 4021
f 4828 4379 4857
f 3923 4589 4885
f 4564 3923 4885
f 4589 4365 10616
f 4379 4828 12500
f 12500 9197 4379
f 3923 4365 4589
f 3923 3949 4365
f 4034 3923 4564
f 9197 4365 12772
f 9275 3923 4034
f 3949 10343 10572
f 3769 9197 9922
f 10343 9275 3711
f 3560 3769 9788
f 9788 3711 3560
f 3354 3711 11426
f 11426 10599 3354
f 3354 3144 3711
f 3242 3560 3711
f 3144 3242 3711
f 3242 3266 3560
f 4189 3835 10617
f 10882 4194 4381
f 11144 10212 4194
f 12148 10015 9325
f 9237 3720 11145
f 11572 3835 4189
f 11854 3757 3835
f 10015 9702 9325
f 11968 3586 3757
f 3586 3612 3757
f 9325 9702 9708
f 9578 3525 9396
f 3693 3308 3720
f 3308 3586 3720
f 3297 3525 3612
f 3586 3297 3612
f 3297 3586 11717
f 10687 3308 3693
f 4445 4532 4636
f 4532 4493 4879
f 4381 4878 10395
f 4084 4493 4532
f 4445 4084 4532
f 4189 4493 12576
f 10617 10395 4189
f 9237 4084 4445
f 11145 4084 9237
f 3693 3720 9237
f 4433 4748 11031
f 4626 4130 4876
f 4130 4592 4876
f 4876 4592 4896
f 4626 4971 10716
f 10716 4130 4626
f 4130 4382 4592
f 4896 4195 9148
f 11031 10116 4433
f 4592 4195 4896
f 4433 10116 12726
f 4382 4195 4592
f 4130 4489 10151
f 10151 10065 4130
f 10065 4382 4130
f 3839 4234 11514
f 11514 10980 3839
f 4650 4780 4813
f 4540 4813 4844
f 4540 4650 4813
f 4650 4556 4780
f 4011 4556 4650
f 4474 4269 4540
f 4540 4011 4650
f 4269 4121 4540
f 4121 4170 4540
f 12726 4254 4433
f 4254 4372 4433
f 4372 4179 4559
f 4254 4179 4372
f 4170 4011 4540
f 4179 4474 4559
f 4179 4269 4474
f 4179 4121 4269
f 4234 4080 4254
f 4121 4014 4170
f 3802 4011 4170
f 4014 4121 4179
f 3802 4170 12858
f 3899 4014 4179
f 3899 4179 4254
f 3843 3899 4254
f 3839 4080 4234
f 4080 3843 4254
f 12858 10947 3802
f 3899 3669 4014
f 10980 3744 3839
f 12278 3985 3744
f 3718 3843 11956
f 3798 3744 3985
f 11956 3839 3718
f 10947 3578 3802
f 3843 3437 3899
f 3437 3669 3899
f 3488 3744 10593
f 3469 3488 10545
f 10545 9714 3469
f 3368 3839 11900
f 11900 3488 3368
f 3718 3437 3843
f 3437 3440 3669
f 3504 3578 3669
f 3368 3718 3839
f 3440 3504 3669
f 3368 3449 3718
f 3449 3437 3718
f 3469 3368 3488
f 3504 3254 3578
f 3247 3268 3442
f 3442 3368 3469
f 3268 3368 3442
f 3440 3437 3449
f 3281 3440 3449
f 3440 3281 3504
f 4698 5185 9770
f 9770 4759 4698
f 4760 4556 4907
f 4314 4829 5185
f 4698 4314 5185
f 4556 4593 4907
f 4556 4477 4593
f 4508 4759 4907
f 4593 4508 4907
f 4477 4508 4593
f 4438 4698 4759
f 4508 4438 4759
f 4011 4477 4556
f 4438 4314 4698
f 4477 4006 4508
f 4291 4438 4508
f 4006 4291 4508
f 3963 4314 4438
f 4291 4028 4438
f 4011 3951 4477
f 3951 4006 4477
f 4006 4015 4291
f 3915 3963 4438
f 4028 3915 4438
f 4015 4028 4291
f 10234 3915 3937
f 3793 3951 10826
f 3578 3575 3802
f 4011 3802 11147
f 10826 3575 3793
f 4006 3951 11962
f 3793 3825 3951
f 3834 3915 4028
f 4015 3834 4028
f 3739 4015 10213
f 3793 3592 3825
f 10213 3470 3739
f 10214 3825 3470
f 3739 3834 4015
f 3915 3544 3937
f 3834 3544 3915
f 3575 3592 3793
f 3739 3534 3834
f 3534 3544 3834
f 3544 3509 3937
f 3383 3575 3578
f 3575 3383 3592
f 3324 3534 3739
f 3470 3324 3739
f 3307 3470 3825
f 3592 3336 3825
f 3336 3307 3825
f 3534 3509 3544
f 3383 3336 3592
f 3254 3383 3578
f 3340 3509 3534
f 3359 3340 3534
f 3340 9437 3509
f 3324 3359 3534
f 3184 3204 3234
f 12711 3131 3489
f 3131 3184 3489
f 3108 3240 3351
f 3234 3020 3351
f 3361 3130 3407
f 3133 3328 3407
f 3130 3133 3407
f 3137 3287 3328
f 3137 3131 3287
f 3184 3127 3204
f 3133 2714 3328
f 2714 3137 3328
f 2992 3108 3351
f 3020 2992 3351
f 3131 3090 3184
f 3204 3020 3234
f 3090 3127 3184
f 3038 3106 3108
f 3130 2968 3133
f 2891 3131 3137
f 2992 2957 3108
f 2957 3038 3108
f 2957 2879 3038
f 3127 2818 3204
f 2818 3020 3204
f 2776 3090 3131
f 2891 2776 3131
f 2714 2891 3137
f 2878 2995 3052
f 2818 2992 3020
f 2714 2800 2891
f 2968 2673 3133
f 3090 2688 3127
f 2776 2688 3090
f 2765 2879 2957
f 2765 2957 2992
f 2758 2818 3127
f 2688 2758 3127
f 2818 2691 2992
f 2691 2765 2992
f 2878 2803 2995
f 2640 2776 2891
f 2800 2640 2891
f 2765 2609 2890
f 2640 2615 2776
f 2628 2803 2878
f 2714 2599 2800
f 2758 2691 2818
f 2765 2691 12199
f 12199 2609 2765
f 2597 2691 2758
f 2565 2628 2878
f 3133 2673 10231
f 2599 2714 3133
f 10231 2599 3133
f 2599 2289 2800
f 2289 2640 2800
f 2582 2688 2776
f 2688 2473 2758
f 2538 2615 2640
f 2289 2538 2640
f 2582 2473 2688
f 2299 2599 2603
f 2597 2507 2691
f 2507 2384 2609
f 2285 2582 2776
f 2615 2285 2776
f 2239 2384 2507
f 2299 2289 2599
f 2296 2473 2582
f 2285 2296 2582
f 2538 2361 2615
f 2289 2097 2538
f 2097 2361 2538
f 2361 2285 2615
f 2285 2195 2296
f 2239 2216 2256
f 2203 2097 2289
f 2289 2299 12838
f 2134 2200 2299
f 1902 2285 2361
f 1902 2195 2285
f 2195 2190 2296
f 3290 3349 3585
f 3290 3241 3349
f 3349 3241 3365
f 3272 3680 12138
f 12138 3365 3272
f 3241 3272 3365
f 3241 3188 3272
f 3272 3098 9135
f 3188 3241 3290
f 9188 3188 3290
f 3122 3290 3304
f 3122 9188 3290
f 3108 3134 3240
f 3134 3122 3304
f 3108 3106 3134
f 3100 3098 3272
f 3188 3023 3272
f 3023 3100 3272
f 3106 3122 3134
f 9188 3023 3188
f 3041 9188 3122
f 3098 3052 3111
f 3023 2958 3100
f 3106 3041 3122
f 3052 3098 3100
f 3041 3023 9188
f 2984 3041 3106
f 3038 2984 3106
f 2958 3023 3041
f 2879 2765 2890
f 2879 2890 2984
f 2879 2984 3038
f 2922 2958 3041
f 2984 2922 3041
f 2767 2922 2984
f 2890 2767 2984
f 2922 2896 2958
f 2958 3052 3100
f 2958 2896 3052
f 2896 2878 3052
f 2585 2896 2922
f 2767 2585 2922
f 2585 2878 2896
f 2767 2890 11135
f 2609 2470 2890
f 2476 2585 2767
f 11135 2612 2767
f 2612 2476 2767
f 2539 2565 2878
f 2585 2539 2878
f 2384 2470 2609
f 2384 2410 2470
f 2470 2410 2612
f 2416 2476 2612
f 2410 2416 2612
f 2152 2402 12060
f 2585 2476 10678
f 11536 2416 2165
f 12060 2099 2152
f 2539 2099 2565
f 2158 2539 11751
f 11751 10678 2158
f 2158 2099 2539
f 2239 2256 2384
f 2256 2307 2384
f 2384 2307 2410
f 1982 2416 11589
f 1982 2165 2416
f 2099 1988 2152
f 11589 2307 1982
f 3144 2965 3242
f 3209 3144 3354
f 2965 3144 3209
f 3266 3242 11300
f 11700 2965 2694
f 11892 3209 3354
f 3209 3294 12187
f 12187 2857 3209
f 2857 2965 3209
f 3178 2748 9893
f 9400 3178 9881
f 2965 2857 10377
f 2694 9595 10313
f 2857 9400 10856
f 10856 2633 2857
f 11066 9881 2568
f 2656 2748 2910
f 9595 2495 2742
f 9644 2633 2495
f 2495 2633 10746
f 11086 2568 2442
f 2442 2568 2656
f 2495 10746 12240
f 12240 2376 2495
f 2495 2376 2742
f 2271 2323 2442
f 2126 2376 11276
f 2163 2154 12477
f 11276 2154 2126
f 12758 10327 2910
f 10327 2656 2910
f 12883 2493 2519
f 2442 2656 10356
f 2480 2374 2493
f 2374 2480 2524
f 2351 2374 12571
f 2271 2519 9642
f 2493 2374 11886
f 2271 9642 9969
f 10356 2271 2442
f 2351 2237 2374
f 9969 2120 2271
f 12477 2271 2163
f 2120 2163 2271
f 12571 2432 2351
f 9149 2351 12983
f 12983 2259 9149
f 2347 2268 12286
f 2259 2347 10761
f 9235 2268 2346
f 9149 2259 10245
f 2313 2371 10960
f 9235 2346 10049
f 9292 10618 12478
f 2502 11032 11201
f 2438 2502 10520
f 2438 2499 2502
f 2371 2516 11874
f 10520 2251 2438
f 2251 11600 12773
f 2214 2371 10667
f 2499 2438 10888
f 12773 10292 2251
f 2764 2966 12026
f 3011 9707 10185
f 12026 10185 2764
f 9707 2925 2593
f 2593 2925 10046
f 10046 2492 2593
f 10453 9980 2751
f 12333 2574 2764
f 2574 2593 9726
f 2392 2575 9834
f 9834 2574 2392
f 2392 9985 12372
f 9985 9600 2370
f 2492 2563 11437
f 2392 2348 2575
f 11437 10670 2492
f 9600 2320 2370
f 2147 2348 2392
f 12372 2147 2392
f 3297 9396 3525
f 11717 2875 3297
f 2875 3308 3329
f 3297 3060 9396
f 3060 3116 9396
f 3002 9161 9396
f 3002 3166 9161
f 3116 3002 9396
f 2875 3060 3297
f 3002 2925 3166
f 3060 3002 3116
f 3060 10117 10299
f 2925 3002 3060
f 2655 2997 9911
f 10642 10299 2492
f 2563 2492 2997
f 3281 3254 3504
f 3368 3268 3449
f 3247 3088 3268
f 3171 3088 3247
f 3128 3281 3449
f 3268 3128 3449
f 3088 3128 3268
f 3006 3254 3281
f 3128 2848 3281
f 2848 3006 3281
f 3088 2926 3128
f 2926 3088 3093
f 2897 2848 3128
f 2926 2897 3128
f 3036 2926 3093
f 2899 2926 3036
f 2810 2897 2926
f 2810 2848 2897
f 2721 2810 2926
f 2899 2721 2926
f 2661 2721 2899
f 2605 2598 2721
f 2661 2605 2721
f 2424 2598 2605
f 2618 2605 2661
f 2336 2424 2605
f 2336 2605 2618
f 2424 2359 2598
f 2336 2241 2424
f 2275 2241 2336
f 2107 2359 2424
f 2107 2161 2359
f 2241 2107 2424
f 3307 3231 3470
f 3245 3307 3336
f 3245 3231 3307
f 3173 3336 3383
f 3173 3245 3336
f 3161 3340 3359
f 3254 3152 3383
f 3152 3173 3383
f 3161 9437 3340
f 3103 3324 3470
f 3324 2775 3359
f 3103 2775 3324
f 2954 3161 3359
f 3006 3152 3254
f 3470 3231 11117
f 11117 3103 3470
f 2775 2954 3359
f 3026 3087 3231
f 3173 2894 3245
f 2722 9437 3161
f 3026 3231 3245
f 2894 3026 3245
f 3152 2894 3173
f 3006 2967 3152
f 2954 2956 3161
f 2956 2722 3161
f 3026 2928 3087
f 2848 2967 3006
f 2894 2928 3026
f 2967 2894 3152
f 3087 2775 3103
f 2928 2723 3087
f 2848 2787 2967
f 2954 2809 2956
f 2775 2809 2954
f 2894 2639 2928
f 2809 2722 2956
f 2721 2598 2810
f 2810 2787 2848
f 2639 2894 2967
f 2787 2639 2967
f 2775 3087 12719
f 2664 2787 2810
f 2723 2730 3087
f 2639 2448 2928
f 2598 2668 2810
f 2666 2639 2787
f 2664 2666 2787
f 2505 2448 2639
f 2541 2809 11318
f 2613 2722 2809
f 11318 2730 2541
f 2668 2664 2810
f 2448 2723 2928
f 2541 2477 2809
f 2477 2613 2809
f 2723 2595 2730
f 2448 2548 2723
f 2548 2595 2723
f 2549 2639 2666
f 2664 2549 2666
f 2549 2664 2668
f 2359 2418 2598
f 2598 2418 2668
f 2595 2541 2730
f 2549 2505 2639
f 2364 2541 2595
f 2451 2549 2668
f 2448 2337 2548
f 2359 2161 2418
f 2418 2451 2668
f 2548 2310 2595
f 2477 2417 2613
f 2417 2332 2613
f 2364 2477 2541
f 2365 2310 2548
f 2298 2505 2549
f 2451 2298 2549
f 2283 2448 2505
f 2283 2337 2448
f 2337 2365 2548
f 2298 2283 2505
f 2310 2364 2595
f 2161 2197 2418
f 2418 2197 2451
f 2197 2298 2451
f 2364 2253 2477
f 2247 2417 2477
f 2253 2247 2477
f 2131 2283 2298
f 2310 2253 2364
f 2247 2249 2417
f 2337 2283 2365
f 2190 2141 2296
f 2024 2190 2195
f 12838 2203 2289
f 1989 2032 2216
f 2134 2067 2200
f 1902 2024 2195
f 2097 1902 2361
f 1862 1902 2097
f 1862 2097 2203
f 1902 1899 2024
f 1899 1660 2024
f 1749 1862 2203
f 2200 1749 2203
f 1601 1899 12572
f 2067 1683 2200
f 1551 1691 2024
f 12572 1862 1601
f 1683 1749 2200
f 1660 1551 2024
f 1464 1660 1899
f 1601 1464 1899
f 1749 1547 1862
f 1547 1601 1862
f 1683 1733 11596
f 1551 10398 10659
f 10398 1464 1325
f 1579 10655 12927
f 1683 1582 1749
f 11596 1582 1683
f 1582 1547 1749
f 1284 1464 12545
f 12545 1547 1284
f 10659 9195 1551
f 1443 1284 1547
f 1443 1547 12405
f 1284 1364 1464
f 1364 1325 1464
f 12405 1363 1443
f 1363 1582 1597
f 1387 1363 1597
f 1325 1154 9195
f 1991 2158 2165
f 2216 2032 2256
f 2256 1973 2307
f 2032 1973 2256
f 1982 1991 2165
f 1991 2099 2158
f 1988 2099 12851
f 1982 1948 1991
f 1973 1982 2307
f 12851 12237 1988
f 12237 1892 1988
f 1746 1948 1982
f 1948 1910 1991
f 1973 1809 1982
f 1809 1746 1982
f 1809 1973 2032
f 1906 1808 2032
f 1808 1809 2032
f 1630 1910 1948
f 1746 1631 1948
f 1631 1630 1948
f 1808 1574 1809
f 1583 1751 1892
f 1583 1892 1910
f 1591 1574 1808
f 1574 1590 1809
f 1602 1746 1809
f 1590 1602 1809
f 1602 1631 1746
f 1630 1512 1910
f 1512 1583 1910
f 1574 1546 1590
f 1602 1630 1631
f 1590 1411 1602
f 1602 1445 1630
f 1445 1512 1630
f 1512 1511 1583
f 1370 1411 1590
f 1546 1370 1590
f 1411 1445 1602
f 1463 1370 1546
f 1411 1282 1445
f 1280 1511 1512
f 1445 1282 1512
f 1282 1280 1512
f 1370 1264 1411
f 2120 2048 2163
f 2237 2351 10786
f 10586 9752 2120
f 2048 2114 2163
f 9752 1940 2120
f 1940 2048 2120
f 12302 10711 1939
f 10370 9149 1926
f 10245 2042 9149
f 11392 1953 2042
f 2042 1926 9149
f 1926 2042 12670
f 12670 9779 1926
f 1939 10711 11104
f 9779 1880 1926
f 11104 1890 1939
f 1880 1794 1890
f 1838 1794 1880
f 9826 1838 1880
f 10598 1767 1838
f 10618 10121 2004
f 10049 9793 9235
f 10121 2058 2004
f 11990 11042 2058
f 1959 10137 10194
f 1929 2004 2058
f 9235 9793 10615
f 1959 1929 2058
f 10615 1953 9235
f 9494 1953 1958
f 11480 1929 1958
f 9494 1958 10242
f 9494 10242 11264
f 1839 9108 1929
f 1839 1929 1959
f 1839 1959 12142
f 2251 2054 2438
f 2054 2211 2438
f 2070 2054 2251
f 10667 2211 2214
f 10292 9790 2251
f 2070 2251 9789
f 10137 2211 2054
f 2054 9960 10124
f 9264 1959 10189
f 10189 10124 9264
f 9960 9789 2005
f 2162 2147 2370
f 2245 2162 2370
f 1888 2087 10150
f 2161 2106 2197
f 2107 1971 2161
f 1938 2241 2275
f 1972 2107 2241
f 1941 2106 2161
f 1971 1941 2161
f 1938 1972 2241
f 1972 1971 2107
f 1938 1827 1972
f 1908 1971 1972
f 1827 1908 1972
f 1908 1778 1971
f 1742 1941 1971
f 1778 1742 1971
f 1868 1827 1938
f 1827 1705 1908
f 1742 1779 1941
f 1756 1827 1868
f 1600 1778 1908
f 1705 1600 1908
f 1698 1742 1778
f 1600 1698 1778
f 1756 1705 1827
f 1742 1603 1779
f 1603 1696 1779
f 1698 1604 1742
f 1604 1603 1742
f 1607 1705 1756
f 1517 1607 1756
f 1600 1594 1698
f 1466 1603 1604
f 1607 1469 1705
f 1469 1600 1705
f 1594 1604 1698
f 1519 1594 1600
f 1469 1316 1600
f 1316 1519 1600
f 1594 1519 1604
f 1355 1466 1604
f 1517 1438 1607
f 1474 1438 1517
f 1355 1400 1466
f 1287 1438 1474
f 1519 1355 1604
f 1316 1469 1607
f 1316 1376 1519
f 2131 2139 2283
f 2130 2247 2253
f 2247 2130 2249
f 2130 2253 2310
f 1960 2310 2365
f 2131 2063 2139
f 2020 2131 2298
f 2197 2020 2298
f 2106 2020 2197
f 2020 2063 2131
f 2283 1877 2365
f 2139 1877 2283
f 1877 1960 2365
f 1941 2020 2106
f 1941 1779 2020
f 1960 2008 2310
f 2008 2130 2310
f 2063 1877 2139
f 1779 1825 2020
f 2130 1874 2249
f 2008 1874 2130
f 1874 1843 2249
f 2020 1727 2063
f 1825 1727 2020
f 1877 1704 1960
f 1960 1704 2008
f 1765 1843 1874
f 1727 1877 2063
f 1718 1874 2008
f 1704 1620 2008
f 1620 1718 2008
f 1773 1765 1874
f 1718 1773 1874
f 1779 1696 1825
f 1696 1727 1825
f 1727 1699 1877
f 1699 1704 1877
f 1718 1655 1773
f 1578 1699 1727
f 1696 1578 1727
f 1620 1655 1718
f 1655 1553 1773
f 1699 1584 1704
f 1584 1620 1704
f 1603 1578 1696
f 1620 1543 1655
f 9422 1584 1699
f 1578 9422 1699
f 1466 1578 1603
f 1584 1543 1620
f 1513 1553 1655
f 1543 1533 1655
f 1533 1513 1655
f 1485 1543 1584
f 1508 1533 1543
f 1485 1508 1543
f 9422 1578 11852
f 9422 1485 1584
f 1413 1386 9422
f 1400 1413 1466
f 11852 1413 9422
f 1311 1485 9422
f 1386 1294 9422
f 1294 1311 9422
f 1400 1201 1413
f 1243 1436 1513
f 1314 1513 1533
f 1508 1314 1533
f 1314 1243 1513
f 1311 1298 1485
f 1485 1298 1508
f 1363 1252 1443
f 1299 1252 1363
f 1273 1363 1387
f 1273 1299 1363
f 1284 1443 11096
f 11837 1252 1231
f 1284 1210 1364
f 1210 1325 1364
f 11096 1210 1284
f 1210 1154 1325
f 1150 1210 1231
f 1273 1252 1299
f 1025 1154 1210
f 1150 1025 1210
f 1025 1091 1154
f 9143 1231 1252
f 9143 1252 10179
f 1273 1192 11306
f 1044 911 1192
f 1011 1025 1150
f 1025 939 1091
f 1011 939 1025
f 10179 911 9143
f 912 911 1044
f 997 912 1044
f 886 1011 1150
f 886 1150 1231
f 9143 886 1231
f 911 813 9143
f 886 880 1011
f 816 886 9143
f 813 816 9143
f 813 911 912
f 895 849 912
f 815 880 886
f 711 9166 939
f 711 939 1011
f 880 711 1011
f 717 849 895
f 816 815 886
f 849 757 912
f 757 813 912
f 717 625 849
f 625 757 849
f 815 709 880
f 710 815 816
f 487 816 10990
f 487 710 816
f 10990 757 487
f 686 717 9250
f 686 625 717
f 626 709 11735
f 483 711 12560
f 12560 709 483
f 1280 1362 1511
f 1303 1264 1370
f 1264 1195 1411
f 1195 1282 1411
f 1280 1255 1362
f 1229 1370 1463
f 1230 1255 1280
f 1155 1303 1370
f 1229 1155 1370
f 1195 1264 1303
f 1086 1195 1303
f 1155 1086 1303
f 1230 1110 1255
f 1101 1280 1282
f 1195 1101 1282
f 1101 1230 1280
f 946 1110 1230
f 922 1101 1195
f 802 1155 1229
f 802 1086 1155
f 891 946 1230
f 1101 930 1230
f 930 891 1230
f 1010 802 1229
f 1086 922 1195
f 922 930 1101
f 965 922 1086
f 799 965 1086
f 802 799 1086
f 894 925 946
f 922 852 930
f 891 930 10858
f 891 894 946
f 799 809 965
f 1010 889 11952
f 11952 802 1010
f 852 922 965
f 809 852 965
f 10858 9991 891
f 809 795 852
f 9991 894 891
f 684 824 852
f 516 809 12069
f 795 684 852
f 713 799 12206
f 12069 713 516
f 11778 548 894
f 548 9352 894
f 802 851 12121
f 12206 12121 713
f 663 795 809
f 516 663 809
f 574 684 795
f 663 574 795
f 548 9246 9352
f 535 548 824
f 1438 1316 1607
f 1316 1290 1376
f 1257 1355 1519
f 1355 1209 1400
f 1376 1257 1519
f 1257 1209 1355
f 1109 1316 1438
f 1109 1290 1316
f 1290 1257 1376
f 1287 1196 1438
f 1196 1109 1438
f 1041 1257 1290
f 1081 1201 1209
f 1146 1209 1257
f 1118 1109 1196
f 1109 1041 1290
f 1117 1196 1287
f 1117 1118 1196
f 1041 1146 1257
f 1146 1081 1209
f 1077 1081 1146
f 1041 1012 1146
f 1012 1077 1146
f 1077 950 1081
f 1109 1118 12066
f 12066 1041 1109
f 1118 1117 12176
f 12492 982 902
f 12176 982 1118
f 902 1012 1041
f 1012 943 1077
f 778 892 12821
f 902 850 1012
f 12821 856 778
f 808 950 1077
f 943 808 1077
f 801 943 1012
f 850 801 1012
f 808 751 950
f 840 902 982
f 718 629 778
f 1209 1201 1400
f 1184 1386 1413
f 1235 1314 1508
f 1081 1125 1201
f 1081 950 1125
f 950 968 1125
f 625 495 757
f 441 626 10689
f 10689 710 441
f 487 441 710
f 495 625 686
f 626 483 709
f 9164 572 851
f 684 499 824
f 574 499 684
f 499 535 824
f 526 574 663
f 533 629 718
f 536 718 747
f 536 533 718
f 5200 9125 5451
f 4928 5200 5451
f 4928 4844 5200
f 9311 4343 9091
f 4483 4531 4666
f 9311 9379 4343
f 9114 9311 4359
f 3974 9114 4359
f 3872 4001 4258
f 3872 3890 4001
f 3836 3779 9114
f 3756 3779 3836
f 3872 3810 3890
f 3551 3810 3872
f 9089 3686 3836
f 3686 3756 3836
f 3618 9089 3890
f 3810 3618 3890
f 3618 3495 3686
f 3618 3686 9089
f 3551 3618 3810
f 3551 3495 3618
f 3351 3495 3551
f 4379 4542 4857
f 3560 3672 3769
f 3560 3266 3672
f 3727 3693 9237
f 4377 4445 4636
f 3894 9237 4445
f 4377 3894 4445
f 4559 4844 4864
f 2354 2597 2758
f 2473 2354 2758
f 2428 2239 2507
f 2430 2507 2597
f 2430 2428 2507
f 2354 2430 2597
f 2296 2354 2473
f 2296 2141 2354
f 2191 2239 2428
f 2191 2216 2239
f 11300 3047 3266
f 11335 2694 2793
f 10313 2793 2694
f 2376 2434 2742
f 2320 2246 2370
f 10112 9911 3329
f 2655 2563 2997
f 2095 2191 2428
f 1691 2141 2190
f 2024 1691 2190
f 1691 2039 2141
f 2039 2095 2141
f 1866 1591 1906
f 12927 9195 1579
f 1989 1906 2032
f 1591 1808 1906
f 1526 1546 1574
f 1526 1463 1546
f 1526 1574 1591
f 9206 1463 1526
f 7972 7975 8023
f 7975 7972 7983
f 2114 2154 2163
f 1940 1945 2048
f 10526 10334 1885
f 10334 1890 1885
f 11264 9824 9494
f 12142 9852 1839
f 1839 1741 9108
f 1846 2005 2087
f 11789 2005 1846
f 12169 10150 2162
f 9195 1154 12351
f 10867 1091 1212
f 7912 7922 7947
f 1091 939 1212
f 939 9166 1212
f 402 679 711
f 483 402 711
f 9104 1229 1463
f 9206 9104 1463
f 9104 1007 1229
f 1007 1010 1229
f 1007 889 1010
f 9118 889 890
f 9118 851 889
f 10984 10184 8350
f 11035 8309 8359
f 8308 8314 8350
f 12041 8314 8309
f 10501 10366 8308
f 8278 8320 8359
f 8359 8309 12866
f 8265 8278 10727
f 10727 8256 8265
f 8237 8309 8314
f 8237 8256 8309
f 8237 8314 10027
f 8256 9988 10568
f 8256 8210 8265
f 10568 8210 8256
f 9153 11971 12200
f 10428 9173 9326
f 9153 8340 8452
f 8320 8319 8367
f 12200 8319 9153
f 9153 8281 8340
f 8281 9211 8340
f 8319 8281 9153
f 8281 8313 9211
f 8281 8295 8313
f 8304 8285 8319
f 8285 8281 8319
f 8278 8304 8319
f 8278 8319 8320
f 8278 8285 8304
f 8281 8257 8295
f 8257 8279 8295
f 8279 8270 8295
f 8270 8279 11774
f 8281 8285 10563
f 8278 8263 8285
f 8265 8263 8278
f 10563 8257 8281
f 8215 8270 10601
f 8223 8257 8263
f 8223 8263 8265
f 8236 8215 10461
f 10461 10163 8236
f 12204 8265 8210
f 8377 8400 8413
f 8400 8377 8424
f 8340 8413 8452
f 8340 8377 8413
f 8377 8411 8424
f 8340 9211 8377
f 8335 8369 8411
f 8335 8411 12270
f 8335 9165 8369
f 9211 8301 8377
f 8313 8301 9211
f 8335 9533 9657
f 12325 10008 9388
f 8295 8301 8313
f 8269 9165 12898
f 8295 8270 8301
f 10008 8248 9388
f 8248 11291 12341
f 12898 9657 8269
f 10881 8253 8269
f 12341 8215 8248
f 8180 9988 10494
f 10217 10027 8206
f 9357 8189 8212
f 8189 8206 8212
f 8180 8196 8210
f 10494 8177 8180
f 9300 8196 10996
f 8189 8177 8206
f 10996 8140 9300
f 8236 10163 12706
f 9000 8985 12768
f 8194 8215 12139
f 10675 8202 8223
f 12706 8172 8236
f 12139 8176 8194
f 8236 8172 11222
f 8196 9300 8202
f 8236 11222 12754
f 12820 12754 8176
f 9300 8172 8202
f 8146 8172 9300
f 8146 8154 8172
f 8140 8146 9300
f 8215 8194 8248
f 8194 9388 8248
f 10831 8194 8176
f 7804 7820 7844
f 7804 7793 7820
f 7791 7804 7844
f 7754 7793 7804
f 7791 7771 7804
f 7754 7804 10625
f 10625 7707 7754
f 11897 11399 7707
f 7742 7754 12304
f 7742 7744 7754
f 11399 7734 7707
f 12304 7688 7742
f 7688 7646 7742
f 7707 7734 10041
f 7688 7707 9863
f 12088 9860 9233
f 9860 7911 9233
f 7911 7888 10088
f 7888 11285 12105
f 12105 12049 7888
f 11285 7882 7863
f 7820 7863 11393
f 12049 9185 7888
f 12671 9886 7821
f 11393 7844 7820
f 7779 10243 12448
f 7821 9886 11587
f 12448 11022 7779
f 11587 7744 7821
f 12355 7754 7744
f 7821 7744 10298
f 11022 10298 7779
f 7747 7744 11569
f 7990 7988 7996
f 7988 7990 11131
f 7969 7988 10981
f 7951 12027 12329
f 10981 7909 7969
f 12329 11515 7951
f 9233 7911 7971
f 11515 9553 7951
f 11158 7896 7909
f 7951 9553 9734
f 12178 9734 7896
f 7858 7909 11120
f 11234 7833 7896
f 7858 10684 11430
f 10338 7896 7833
f 7988 7969 7997
f 7991 9919 11193
f 12608 11193 7987
f 7997 7969 10300
f 9919 7967 9497
f 10484 10441 7967
f 7927 7928 12330
f 12330 9785 7927
f 9785 7843 7927
f 7967 10441 10965
f 10965 7898 7967
f 7858 7859 7898
f 7843 7853 7927
f 11379 7898 7843
f 7853 7843 10883
f 7939 7964 7987
f 7939 7987 11935
f 11935 7928 7939
f 7939 7928 10701
f 7939 7950 7964
f 10701 7950 7939
f 11082 7923 7913
f 12843 7913 7924
f 7913 7921 7924
f 7913 7899 7921
f 7904 7913 7923
f 7927 7853 7928
f 7853 7923 7928
f 7904 7923 11725
f 7904 7899 7913
f 7904 10782 12092
f 7899 7894 7921
f 7894 7899 10904
f 7854 7899 7904
f 7824 7868 10514
f 10904 7865 7894
f 7841 7854 7904
f 12092 7841 7904
f 7841 7827 7854
f 12738 7824 7716
f 11634 7841 7868
f 7854 7827 7865
f 7827 7783 7865
f 11435 7762 7775
f 7783 7827 12877
f 7798 7827 7841
f 7724 7798 7841
f 12877 10495 7783
f 7724 9384 7798
f 12540 10504 7732
f 7762 9658 10068
f 9658 7763 7722
f 9384 7763 7798
f 7710 7732 10275
f 10275 10068 7710
f 7690 7722 7763
f 7710 7637 7732
f 7690 7659 7722
f 7677 7710 12382
f 7677 7637 7710
f 7581 7594 12388
f 12388 10322 7581
f 10322 7557 7581
f 7557 7535 7581
f 7530 7537 7541
f 7535 7541 7581
f 7527 7557 7567
f 7527 7535 7557
f 7527 7512 7535
f 7491 7530 7541
f 7541 7535 10799
f 7491 7541 9976
f 9976 9965 7491
f 7469 7512 7527
f 7469 7449 7512
f 7491 7372 7530
f 7396 7372 7491
f 9965 7396 7491
f 12509 7397 7396
f 7436 7449 7469
f 7688 9863 10320
f 10320 10247 7688
f 7629 7622 7686
f 11847 9766 9425
f 9425 9766 10860
f 7594 7622 7629
f 7594 7581 7617
f 7594 7617 7622
f 7541 10361 10389
f 10389 7581 7541
f 9425 10860 12439
f 12382 12305 7677
f 7663 7659 7690
f 12305 11146 7677
f 7597 7658 11053
f 7637 7677 9897
f 11053 9897 7597
f 11146 7611 7677
f 7566 7597 7611
f 11555 9471 7611
f 7566 7611 9800
f 7538 9471 9369
f 9800 7565 7566
f 7565 7558 7566
f 7467 7558 7565
f 9917 7521 7565
f 9471 7538 12021
f 12021 7521 9471
f 7521 7514 7565
f 7514 7467 7565
f 7471 7490 7521
f 7490 7514 7521
f 7406 7490 12896
f 7456 7406 12352
f 7423 7514 12786
f 12352 7416 7456
f 7467 7514 12058
f 12786 7406 7423
f 12058 7385 7467
f 6945 7024 7032
f 6918 6945 7032
f 6945 6998 7024
f 6911 6918 9228
f 9228 6918 7032
f 6899 9228 11456
f 6899 6911 9228
f 6899 11456 11983
f 6918 6877 6945
f 6945 6877 10868
f 6911 6850 6918
f 6998 12193 12490
f 12193 10868 6468
f 12490 6827 6998
f 6640 6877 11281
f 11281 6850 6640
f 6732 6850 6911
f 6728 6732 6911
f 6899 6728 6911
f 11983 6832 6899
f 6832 6687 6899
f 6698 6640 6850
f 7214 7217 7247
f 7182 7204 7217
f 7217 7204 7241
f 7214 7182 7217
f 7113 7182 7214
f 7118 7113 7214
f 7116 7118 7214
f 7123 7214 12657
f 12657 7180 7123
f 7113 7099 7182
f 7123 7129 7214
f 7129 7116 7214
f 7079 7116 7129
f 7123 7070 7129
f 7107 7070 7123
f 7107 7123 7180
f 7090 7113 7118
f 7182 7103 7204
f 7103 7130 7204
f 7182 7099 11112
f 7116 7090 7118
f 7090 7024 7113
f 7024 7099 7113
f 7032 7024 7090
f 7099 7024 12308
f 9228 7032 12573
f 6979 7103 7182
f 6979 7182 10937
f 12308 7021 7099
f 10937 10864 6979
f 7007 7090 7116
f 12573 7007 9228
f 7079 7007 7116
f 6919 7007 7079
f 6994 7079 7129
f 7070 6994 7129
f 6994 6919 7079
f 6924 7070 7107
f 6924 6994 7070
f 10864 9498 6979
f 7007 6966 9228
f 6962 6966 7007
f 6998 6856 7021
f 6919 6959 7007
f 6959 6962 7007
f 6827 6856 6998
f 6919 6802 6959
f 6924 6786 6994
f 6867 6786 6924
f 6786 6919 6994
f 6786 6802 6919
f 6816 6751 6867
f 6827 6744 6856
f 6856 6744 9498
f 6751 6786 6867
f 6959 6725 6962
f 6802 6725 6959
f 6725 6832 6962
f 6751 6652 6786
f 6652 9419 6786
f 6786 9419 6802
f 7254 7209 7295
f 7245 7260 7263
f 7245 7188 7260
f 7247 7245 7263
f 7241 7245 7247
f 7257 7240 7260
f 7260 7240 7263
f 7254 7257 7260
f 7256 7213 7257
f 7256 7254 7295
f 7254 7256 7257
f 7217 7241 7247
f 7232 7209 7254
f 7232 7254 7260
f 7188 7221 7260
f 7221 7232 7260
f 7240 7247 7263
f 7160 7240 7257
f 7213 7160 7257
f 7158 7256 7291
f 7158 7213 7256
f 7198 7158 7291
f 7204 7162 7241
f 7130 7162 7204
f 7241 7162 7245
f 7162 7188 7245
f 7247 7240 10486
f 7180 7247 10378
f 7162 7066 7188
f 7066 7135 7188
f 7107 7180 10350
f 7121 7160 7213
f 7158 7121 7213
f 7061 7121 7158
f 7061 7158 7198
f 10350 7009 7107
f 7121 7022 7160
f 7022 7009 7160
f 7061 7020 7121
f 7020 7022 7121
f 7083 7061 7198
f 6970 7061 7083
f 6780 7009 7022
f 6874 6924 7107
f 7009 6781 7107
f 6781 6874 7107
f 6780 6933 7009
f 6900 6970 7083
f 6970 7020 7061
f 7020 6862 7022
f 6862 6780 7022
f 6970 6901 7020
f 6901 6862 7020
f 6900 6901 6970
f 6933 6781 7009
f 6747 6862 6901
f 6691 6753 6761
f 7346 7372 7396
f 7355 7396 7397
f 7355 7346 7396
f 7347 7397 7449
f 7347 7355 7397
f 7436 7347 7449
f 7357 7347 7436
f 7192 7347 7357
f 7319 7346 10875
f 7303 7346 7355
f 7347 7291 7355
f 7291 7303 7355
f 10875 7295 7319
f 7295 7233 7319
f 7209 7233 7295
f 7256 7295 7303
f 7291 7256 7303
f 7192 7291 7347
f 7192 7198 7291
f 7192 7155 7198
f 9096 7155 7192
f 7155 7083 7198
f 6900 7083 7155
f 7406 7380 7423
f 7323 7385 7423
f 7335 7406 7456
f 7335 7380 7406
f 7380 7323 7423
f 9131 7320 7456
f 7320 7335 7456
f 7289 7323 9098
f 7335 7315 7380
f 7320 7315 7335
f 7315 7323 7380
f 7286 7315 7320
f 7292 7320 9131
f 7315 7288 7323
f 7286 7288 7315
f 7292 7286 7320
f 7276 7286 7292
f 7258 12818 12846
f 12818 7251 9203
f 12846 7226 7258
f 7276 7258 7286
f 7286 7225 7288
f 7258 7225 7286
f 7288 9098 7323
f 7211 9098 7288
f 12878 11959 7251
f 7226 7210 7258
f 7210 7225 7258
f 11959 7236 7251
f 7255 7226 9203
f 7207 7226 7255
f 7211 7163 9098
f 7225 9428 7288
f 9428 7211 7288
f 9428 7165 7211
f 7210 9428 7225
f 7207 7210 7226
f 7165 7163 7211
f 7207 9428 7210
f 7161 9286 7207
f 6951 7163 7165
f 6990 7165 9428
f 6990 6951 7165
f 6953 9428 7207
f 9286 6953 7207
f 6953 6957 9428
f 6957 6990 9428
f 7255 10201 12249
f 12249 7259 7255
f 7261 7259 7262
f 7252 7261 7262
f 7203 7255 7259
f 7246 7203 7259
f 9181 7252 7262
f 7246 7259 12643
f 9181 7231 7252
f 7252 7253 7261
f 7235 7215 7253
f 7262 10201 11624
f 7203 7207 7255
f 7236 7208 7251
f 9181 7262 9577
f 9181 9577 10056
f 12643 7143 7246
f 7252 7231 11941
f 11941 7253 7252
f 7253 7150 7261
f 7215 7150 7253
f 7176 7203 7246
f 12829 7164 7235
f 10056 7206 9181
f 7143 7176 7246
f 7150 7143 7261
f 7132 9181 7206
f 9181 7132 7231
f 7098 7150 7215
f 7203 7161 7207
f 7176 7161 7203
f 7143 7145 7176
f 7055 7143 7150
f 7102 7055 7150
f 7098 7102 7150
f 7028 7161 7176
f 7145 7028 7176
f 7097 7058 7164
f 7097 7164 7231
f 7132 7097 7231
f 7143 7055 7145
f 7098 7055 7102
f 7027 7058 7097
f 6948 7028 7145
f 7055 6864 7145
f 6864 6948 7145
f 6944 6965 7161
f 7028 6944 7161
f 6940 7055 7098
f 7040 6940 7098
f 6940 6864 7055
f 6864 6926 6948
f 9389 6742 6879
f 6864 6814 6926
f 6814 6864 6940
f 6676 10919 10964
f 6702 6814 6940
f 6702 6708 6814
f 6869 9331 6940
f 9331 6702 6940
f 7194 7215 7235
f 7186 7181 7194
f 7184 7194 7235
f 7184 7186 7194
f 7127 7098 7215
f 7164 7184 7235
f 7194 7127 7215
f 7181 7127 7194
f 7105 7184 12032
f 12032 7058 7105
f 7184 7105 7186
f 7112 7181 7186
f 7081 7098 7127
f 7105 7062 7186
f 7062 7112 7186
f 7081 7127 7181
f 7062 7015 7112
f 7058 6952 7105
f 7081 7040 7098
f 6960 7040 7081
f 7015 7025 7112
f 7112 7025 7181
f 7027 9259 7058
f 6955 7062 7105
f 6955 7015 7062
f 7181 7025 12881
f 7081 7181 12769
f 6952 6955 7105
f 6960 6907 7040
f 7015 6987 7025
f 6993 6987 7015
f 6987 6866 7025
f 6907 6940 7040
f 6955 6993 7015
f 6935 6907 6960
f 12769 6865 7081
f 6865 6960 7081
f 6866 6930 7025
f 6795 6952 9259
f 6865 6800 6960
f 6952 6883 6955
f 6866 6878 6930
f 6907 6869 6940
f 6800 6935 6960
f 6847 6907 6935
f 6878 6865 6930
f 6866 6987 11919
f 6955 6883 12629
f 6791 6993 11967
f 6791 6987 6993
f 12926 6791 6703
f 6866 6848 6878
f 6774 6848 6866
f 11919 6774 6866
f 6800 6760 6935
f 6721 6865 6878
f 6721 6800 6865
f 11967 6739 6791
f 6848 6749 6878
f 6689 9331 6869
f 6749 6620 6878
f 6138 6369 6395
f 5807 6138 6395
f 5828 5909 6121
f 5952 6121 6369
f 5952 5828 6121
f 6138 5952 6369
f 5807 5697 6138
f 5801 5952 6138
f 5697 5801 6138
f 5821 5807 6130
f 5828 5824 5909
f 5754 5828 5952
f 5519 5754 5952
f 5591 5542 5824
f 5591 5824 5828
f 5801 5694 5952
f 5694 5519 5952
f 5697 5694 5801
f 5567 5807 5821
f 5567 5697 5807
f 5754 5591 5828
f 5519 5244 5754
f 5244 5591 5754
f 5549 5519 5694
f 5458 5549 5694
f 5458 5694 11432
f 5567 5468 5697
f 11432 5468 5458
f 5080 5244 5519
f 5289 5080 5519
f 5301 5289 5519
f 5301 5519 5549
f 5247 5468 5567
f 5458 5277 5549
f 5244 4945 5281
f 5277 5458 5468
f 5035 5301 5549
f 4950 5080 5289
f 4950 5289 5301
f 5059 4945 5244
f 5277 5035 5549
f 5116 5277 11801
f 11801 5247 5116
f 5080 5059 5244
f 4950 4761 5080
f 4761 5059 5080
f 4920 4983 5035
f 5035 4983 5301
f 4983 4950 5301
f 4761 4950 4983
f 4531 4945 5059
f 4761 4666 5059
f 4911 5035 5277
f 5116 4911 5277
f 4911 4736 5035
f 6640 6424 6877
f 6732 6698 6850
f 6520 6687 6832
f 6722 6520 6832
f 6687 6656 6899
f 6656 6728 6899
f 6468 6525 6718
f 6525 9099 6718
f 6424 6609 6877
f 6450 6698 6732
f 6541 6424 6640
f 6541 6640 6698
f 6351 6656 6687
f 6450 6484 6698
f 6728 6450 6732
f 6450 6728 12966
f 12966 6478 6450
f 6351 6478 6656
f 6286 6520 6722
f 6424 6165 6609
f 6369 6424 6541
f 6395 6541 12552
f 12552 6484 6395
f 6395 6369 6541
f 6279 6450 6478
f 6165 6468 6609
f 6344 6165 6424
f 6279 6260 6450
f 5807 6395 6484
f 6130 5807 6484
f 6369 6121 6424
f 6121 6344 6424
f 6121 5909 6344
f 6051 9132 6468
f 6165 6051 6468
f 6165 6344 11697
f 6450 6130 6484
f 6260 6130 6450
f 5909 5824 6344
f 5988 6260 6279
f 11697 5829 6165
f 5829 6051 6165
f 5829 5841 6051
f 5824 5542 5829
f 5821 6130 6260
f 5988 5821 6260
f 5708 5585 5915
f 5143 5384 5585
f 5388 5143 5585
f 5314 5186 5388
f 5186 5143 5388
f 5241 5142 5357
f 5021 5186 5314
f 4783 5143 5186
f 4783 5014 5143
f 5021 4783 5186
f 5083 4944 5314
f 4944 5021 5314
f 4944 5083 5180
f 4783 4704 5014
f 5014 4868 5453
f 4704 4868 5014
f 4868 5051 5453
f 5051 4917 5241
f 4868 4917 5051
f 4917 5142 5241
f 4917 4908 5142
f 9419 6564 6802
f 6564 6725 6802
f 6393 6564 9419
f 6537 9256 6746
f 6383 6559 6778
f 6528 6652 6751
f 6393 9419 6652
f 6393 6389 6564
f 6278 6230 6548
f 6528 6302 6652
f 6302 6393 6652
f 6158 6389 6393
f 9207 6230 6403
f 6068 6230 6278
f 6239 6302 6528
f 6295 6239 6528
f 6230 6073 6403
f 6068 6073 6230
f 6158 5999 6389
f 6026 6278 6381
f 6026 6068 6278
f 6107 6133 6403
f 6302 6158 6393
f 6073 6068 6103
f 6073 6107 6403
f 6239 6049 6302
f 6049 6158 6302
f 6068 5980 6103
f 5834 6239 6295
f 5834 5961 6239
f 5961 6049 6239
f 5969 6073 6103
f 5978 6049 12990
f 12990 5976 5978
f 5980 5969 6103
f 5976 5969 5980
f 6049 5919 6158
f 5978 5919 6049
f 5922 5976 5980
f 6026 5904 6068
f 5904 5980 6068
f 5904 5922 5980
f 5961 5934 5976
f 5934 5969 5976
f 5976 5922 5978
f 5777 6107 11814
f 11814 5969 5777
f 5934 5777 5969
f 5777 5805 6107
f 5733 6026 6381
f 5733 5904 6026
f 5919 5999 6158
f 5787 5856 6079
f 5760 5934 5961
f 5716 5919 5978
f 5922 5716 5978
f 5915 5800 6381
f 5800 5733 6381
f 5919 5450 5999
f 5904 5597 5922
f 5733 5597 5904
f 5716 5600 5919
f 5600 5450 5919
f 5537 5746 5856
f 5597 5662 5922
f 5585 5384 5915
f 5384 5800 5915
f 5673 5787 5999
f 5450 5673 5999
f 5787 5673 5856
f 5673 5537 5856
f 5662 5716 5922
f 5662 5600 5716
f 5597 5733 5800
f 5384 5597 5800
f 5453 5600 5662
f 5453 5450 5600
f 5597 5457 5662
f 5457 5453 5662
f 5450 5372 5673
f 5384 5293 5597
f 5293 5457 5597
f 5357 5355 5537
f 5357 5537 5673
f 5372 5450 5453
f 5293 5453 5457
f 5143 5293 5384
f 5241 5357 5673
f 5372 5051 5673
f 5051 5372 5453
f 5293 5014 5453
f 5143 5014 5293
f 5051 5241 5673
f 6454 6497 6528
f 6497 6295 6528
f 6292 6295 6497
f 6444 6210 6454
f 6210 6257 6454
f 6454 6257 6497
f 6257 6292 6497
f 6077 6210 6444
f 6077 5712 6210
f 6210 6010 6257
f 5712 6010 6210
f 6292 5834 6295
f 6010 5826 6257
f 6257 5755 6292
f 5834 5760 5961
f 6107 5805 6133
f 9477 6133 12725
f 5826 5784 6257
f 5784 5755 6257
f 5712 5882 6010
f 5848 5712 6077
f 5882 5826 6010
f 5755 5834 6292
f 12725 5810 9477
f 5712 5677 5882
f 5679 5789 5873
f 9477 5684 5873
f 5684 5679 5873
f 5755 5750 5760
f 5810 5684 9477
f 5755 5760 5834
f 5805 5750 5810
f 5760 5750 5805
f 5760 5777 5934
f 5777 5760 5805
f 5686 5784 5826
f 5686 5826 5882
f 5684 5755 5784
f 5684 5750 5755
f 5686 5684 5784
f 5750 5684 5810
f 5679 5684 5686
f 5679 5701 5789
f 5677 5605 5882
f 5605 5686 5882
f 5581 5679 5686
f 5679 5581 5701
f 5605 5581 5686
f 5581 5588 5701
f 5581 5605 5677
f 5657 5677 5712
f 5657 5472 5677
f 5531 5581 5677
f 5581 5531 5588
f 5424 5530 5588
f 5472 5440 5677
f 5440 5531 5677
f 5531 5424 5588
f 5440 5424 5531
f 5260 5424 5440
f 5424 5085 5530
f 5260 5085 5424
f 5071 5260 5440
f 5071 5440 5472
f 4828 5085 5260
f 5840 5712 5848
f 5657 5712 5840
f 5070 5472 5657
f 5070 5071 5472
f 11510 5070 5657
f 5071 4828 5260
f 5070 4589 5071
f 6345 6467 6627
f 6570 6522 11986
f 11986 6360 6570
f 6345 6143 6467
f 6467 6143 6522
f 12104 9490 6360
f 6045 9490 6143
f 6059 6045 6143
f 5938 6143 6345
f 5813 6059 6143
f 5938 5813 6143
f 5864 6204 9490
f 6045 5864 9490
f 5762 5761 6045
f 5870 5864 6045
f 5761 5870 6045
f 5813 5762 6059
f 5762 6045 6059
f 4755 4934 4955
f 5900 5813 5938
f 5692 5813 5900
f 5680 5692 5900
f 5692 5762 5813
f 5768 5680 5900
f 5680 5768 5802
f 12234 5895 6074
f 7352 7350 7395
f 5802 5768 5895
f 5880 5675 6005
f 5675 5802 6005
f 5680 5687 5692
f 5675 5680 5802
f 5680 5675 5687
f 5692 5687 5762
f 5568 5761 5762
f 5761 5568 5870
f 5687 5522 5762
f 5675 5522 5687
f 5698 5675 5880
f 5466 5675 5698
f 5522 5568 5762
f 5466 5522 5675
f 5534 5486 5698
f 5486 5466 5698
f 5522 5442 5568
f 5568 5229 5870
f 5442 5229 5568
f 9392 5486 5534
f 9392 5466 5486
f 5097 5442 5522
f 5466 5097 5522
f 9392 5097 5466
f 5097 5211 5442
f 5211 5229 5442
f 4858 5097 9392
f 10989 5211 4878
f 5097 4879 5211
f 4858 4879 5097
f 4879 4493 5211
f 4493 4878 5211
f 10964 6385 6676
f 6385 6708 11664
f 6345 6627 6676
f 6385 6345 6676
f 6324 9123 6717
f 6416 6324 6717
f 6419 6259 9331
f 6385 11664 11702
f 6326 6324 6416
f 6261 6345 6385
f 6088 6261 12824
f 9331 6259 6702
f 6259 6232 6702
f 12824 11702 6088
f 6102 6324 6326
f 6102 9123 6324
f 5985 5857 9123
f 6261 5938 6345
f 9087 6232 6259
f 9087 5975 6232
f 6088 6104 6261
f 9324 6120 6326
f 6120 6102 6326
f 5975 6088 6232
f 5975 5982 6088
f 6088 5991 6104
f 5982 5991 6088
f 5982 5983 6120
f 5991 5982 6120
f 6104 5991 12640
f 5900 5938 5970
f 5970 5938 6261
f 6104 5970 6261
f 6102 5985 9123
f 5983 5985 6102
f 5983 6102 6120
f 6020 6120 9324
f 5983 5921 5985
f 5982 5921 5983
f 5975 5921 5982
f 9087 5931 5975
f 5931 5921 5975
f 5933 6104 12506
f 5933 5970 6104
f 12506 6020 5933
f 5895 6020 9324
f 5895 5933 6020
f 5768 5900 5933
f 5895 5768 5933
f 5933 5900 5970
f 9087 5890 5931
f 5890 5921 5931
f 5584 5857 5985
f 5921 5584 5985
f 5890 5584 5921
f 6620 6721 6878
f 6739 6630 6791
f 6480 6749 6848
f 6430 6689 6777
f 6419 9331 6689
f 6620 6411 6721
f 6254 6703 6791
f 6387 6254 6791
f 9123 6437 6469
f 9123 6368 6437
f 6430 6297 6689
f 6297 6419 6689
f 6122 6254 6387
f 6297 6259 6419
f 5857 5804 9123
f 9123 5804 6368
f 6019 6259 6297
f 6019 5781 6259
f 5875 9087 6259
f 5781 5875 6259
f 5804 5364 5885
f 5444 5804 12678
f 5444 12678 12924
f 5444 5364 5804
f 5635 5890 9087
f 5875 5635 9087
f 5781 5479 5875
f 5479 5635 5875
f 5664 5479 5781
f 5890 5635 10089
f 10089 5584 5890
f 5242 5479 5664
f 5479 4986 5635
f 5369 5364 5444
f 4986 4987 5635
f 12924 10653 5444
f 5242 5341 5479
f 5341 4986 5479
f 12890 10020 5444
f 10020 5369 5444
f 5096 5364 5369
f 5096 5369 12440
f 4748 5039 5096
f 12440 4748 5096
f 4896 9148 11364
f 4986 4876 4987
f 11364 4876 4896
f 4626 4986 5341
f 4626 4876 4986
f 5242 5066 5341
f 5066 4626 5341
f 6774 6480 6848
f 6480 6390 6749
f 6390 6221 6749
f 6221 6620 6749
f 6114 6480 11259
f 11259 10704 6114
f 10704 9327 6114
f 6254 6227 6703
f 10944 6227 9327
f 6266 6390 6480
f 6114 6266 6480
f 6266 6221 6390
f 6221 5954 6620
f 6024 6227 6254
f 9222 5954 6221
f 6114 6064 6266
f 6064 5963 6266
f 5963 6221 6266
f 5963 9222 6221
f 6024 9327 6227
f 5832 9327 6024
f 5593 5963 6064
f 5593 9222 5963
f 5832 9125 9327
f 6114 9327 10638
f 6064 6114 10529
f 5558 11085 12164
f 5593 5350 9222
f 4910 5593 10072
f 5368 5350 5593
f 12164 10315 5558
f 4910 5368 5593
f 5253 4910 9697
f 9697 5558 5253
f 4736 4920 5035
f 4920 4649 4983
f 4648 4736 4911
f 12718 4983 4649
f 4538 4572 4761
f 4693 4648 4911
f 4868 4605 4917
f 4605 4908 4917
f 4704 4783 5021
f 4704 4566 4868
f 4375 4944 4951
f 4944 4375 5021
f 9109 4375 4951
f 4885 4589 5070
f 10616 5071 4589
f 12646 4858 9392
f 4858 4532 4879
f 4636 4532 4858
f 4748 4433 4848
f 11569 11481 7747
f 10754 7898 7859
f 11430 10029 7858
f 10514 7796 7824
f 11707 7763 9384
f 7530 7519 7537
f 7372 7455 7530
f 7646 7691 7742
f 7503 7471 7538
f 6468 6718 6827
f 6718 6778 6827
f 6979 7016 7103
f 7103 7016 7130
f 9498 6938 6979
f 9498 6857 6938
f 9498 6548 6857
f 6548 9207 6857
f 6744 6746 9498
f 6746 6548 9498
f 6778 6665 6827
f 6665 6744 6827
f 6744 6665 6746
f 7188 7135 7221
f 11870 7232 7193
f 7221 7193 7232
f 7130 7066 7162
f 7135 7101 7221
f 7016 7066 7130
f 7346 7319 7372
f 7233 7278 7319
f 7233 7156 7278
f 7416 9131 7456
f 7237 7276 7292
f 7173 7292 9131
f 7149 7208 7236
f 7195 7236 7237
f 7195 7149 7236
f 7119 7195 7237
f 7202 7119 7237
f 7202 7237 7292
f 7149 7095 7208
f 7132 7206 7208
f 6969 7097 7132
f 6969 7027 7097
f 6823 9259 7027
f 6969 6823 7027
f 6717 6635 6823
f 9259 6952 7058
f 6795 6883 6952
f 9381 6795 9259
f 6795 9146 6883
f 9146 6671 6883
f 6671 6739 6883
f 9381 9146 6795
f 5320 5542 5591
f 5281 5320 5591
f 5244 5281 5591
f 5281 4856 5320
f 4666 4531 5059
f 6468 9132 6525
f 9132 5795 6525
f 6718 6383 6778
f 5795 9099 6525
f 5942 5795 9132
f 5841 5942 6051
f 5829 5542 5841
f 9142 5708 5915
f 5518 5557 5795
f 5542 5481 5841
f 5841 5526 5942
f 5481 5526 5841
f 5557 5708 9142
f 5557 5388 5708
f 5388 5585 5708
f 5395 5388 5557
f 5518 5395 5557
f 5314 5388 5395
f 5326 5314 5395
f 5320 5007 5481
f 5007 5175 5481
f 5326 5395 5518
f 5180 5326 5526
f 4856 5007 5320
f 5180 5083 5314
f 5180 5314 5326
f 4951 4944 5180
f 4875 9109 4951
f 6230 9207 6548
f 9256 6548 6746
f 6559 6665 6778
f 6665 6537 6746
f 9256 6278 6548
f 6381 6278 9256
f 6559 6537 6665
f 6383 9142 6537
f 9099 9142 6383
f 6383 6537 6559
f 6403 6133 6429
f 5915 6381 11670
f 11670 9142 5915
f 11913 6537 9142
f 5588 5693 5701
f 5588 5530 5693
f 5530 5650 5693
f 5085 5494 5530
f 5530 5494 5650
f 5880 6005 6175
f 9123 6635 6717
f 9123 6469 6635
f 6074 5895 9324
f 6420 6630 6739
f 9381 6437 9146
f 6630 6387 6791
f 6671 6488 6739
f 9146 6543 6671
f 6437 6543 9146
f 6543 6488 6671
f 6437 6368 6543
f 6420 6280 6630
f 6420 6488 6543
f 6280 6387 6630
f 5886 6024 6122
f 6122 6024 6254
f 5932 6280 6420
f 5932 6420 6543
f 6368 5932 6543
f 5885 5932 6368
f 5804 5885 6368
f 6280 6122 6387
f 6082 6122 6280
f 6082 5886 6122
f 5364 5811 5885
f 5364 5487 5811
f 5364 5096 5487
f 5096 5039 5283
f 5039 4748 5283
f 4748 4848 5283
f 5736 5832 6024
f 5886 5736 6024
f 5345 5736 5886
f 5736 5451 5832
f 5318 5451 5736
f 2128 2321 2381
f 2212 2128 2381
f 2150 2419 2422
f 2358 2144 2422
f 2144 2150 2422
f 3168 3260 3263
f 7966 8016 8084
f 7790 7789 7813
f 7715 7789 7790
f 7855 7871 7878
f 7878 7893 7905
f 7953 7980 7993
f 7953 7926 7980
f 7902 7993 8000
f 11290 7789 7711
f 8109 8080 10496
f 10496 8102 8109
f 8118 9811 11420
f 9811 8170 8108
f 8262 8243 8327
f 8526 8580 8586
f 8529 8527 8600
f 8745 11567 12418
f 8611 8600 11356
f 11356 8649 8611
f 8649 8716 12147
f 8741 8716 8757
f 8843 8768 11629
f 8836 8831 8876
f 8874 8923 8933
f 10127 8953 8923
f 8936 8923 8953
f 8799 8813 8860
f 8970 9247 8994
f 12880 10319 9276
f 9862 9044 9024
f 9896 9687 8990
f 4802 4963 5114
f 4283 4680 4836
f 4680 4632 4755
f 4478 4632 4680
f 4836 4680 4955
f 4680 4755 4955
f 5968 6159 6228
f 6159 6357 6474
f 6418 6159 6474
f 6357 6263 6474
f 6263 6461 6474
f 6755 6461 6756
f 6129 6228 6256
f 6253 6129 6256
f 6253 6342 6391
f 6129 5968 6228
f 6342 6349 6391
f 6423 6349 6472
f 6391 6349 6423
f 6472 9345 6645
f 6348 5897 6572
f 10916 6294 6126
f 6348 6572 6844
f 6126 9579 12636
f 12636 9218 6126
f 12595 9218 6891
f 12819 11008 9191
f 10620 6337 5648
f 6583 6337 11288
f 9191 9210 6517
f 9398 9191 6517
f 11008 9210 9191
f 9210 11867 12211
f 11288 9406 6583
f 4916 4632 5114
f 4632 4802 5114
f 4963 4802 4982
f 12397 5251 9285
f 9285 5251 5464
f 9285 5790 5957
f 5790 5992 6142
f 6142 5992 6160
f 5103 4955 5425
f 4836 4955 12252
f 6076 5902 6185
f 6474 6461 6755
f 7115 7151 7196
f 7219 7298 7340
f 7298 7317 7340
f 7340 7317 7345
f 7366 7367 7381
f 11524 7030 6843
f 7133 7030 7136
f 7133 7136 7300
f 6844 6572 7053
f 11580 7026 7131
f 7026 6875 7270
f 7131 7026 7304
f 7131 7304 7382
f 7304 7270 7426
f 7382 9312 7463
f 11311 9122 9406
f 9406 9122 6825
f 6950 9122 6963
f 6825 9122 6950
f 6950 6963 7089
f 6963 6663 7089
f 7089 6663 7134
f 9382 7134 7354
f 7651 7667 7679
f 7650 7651 7679
f 7667 7642 9302
f 7647 7614 7671
f 7649 7670 9436
f 7670 7647 7672
f 7647 7671 7672
f 7670 7672 7697
f 7671 7674 7696
f 7675 7619 7711
f 7915 7918 8016
f 8046 10637 11160
f 10605 8058 8010
f 8016 8046 8084
f 7936 7915 8016
f 7966 7936 8016
f 7679 7667 9302
f 7693 7679 7698
f 7679 9302 7698
f 7672 7671 7697
f 7697 7671 7706
f 7671 7696 7706
f 9241 7697 7746
f 7697 7706 7721
f 7706 7696 7740
f 7721 7706 7740
f 7696 7714 7740
f 7697 7721 7746
f 7721 7740 7746
f 7746 7740 7774
f 7740 7714 7751
f 7674 7633 7696
f 7633 7657 7712
f 7712 7657 12919
f 12919 7735 7712
f 7635 7675 11754
f 7696 7633 7714
f 7633 7712 7738
f 7714 7633 7738
f 7738 7712 7766
f 7703 7635 7735
f 7735 7635 7767
f 11754 7767 7635
f 7712 7735 7766
f 7714 7738 7765
f 7766 7735 12416
f 7751 7714 7765
f 7740 7751 7774
f 7765 7738 7781
f 7738 7766 7782
f 7767 7715 7790
f 7751 7765 7785
f 7765 7781 7785
f 7782 7766 9499
f 12416 7814 7766
f 9499 7766 7814
f 7774 7751 7823
f 7781 7782 7802
f 7802 7782 9499
f 7751 7785 7810
f 7751 7810 7823
f 7767 7790 7813
f 7767 7813 7814
f 7785 7781 7802
f 7810 7785 7818
f 7785 7802 7818
f 7810 7818 7856
f 9499 7819 7825
f 9499 7814 7819
f 7819 7814 7830
f 7814 7813 7855
f 7830 7814 7855
f 7802 9499 7825
f 7818 7802 7825
f 7818 7825 7842
f 7830 7855 7860
f 7851 7830 7860
f 7825 7819 7845
f 7842 7825 7845
f 7818 7842 7856
f 7810 7856 7919
f 7810 7889 12962
f 7889 7810 7919
f 7819 7830 7848
f 7848 7830 7851
f 7842 7845 7874
f 7845 7848 7930
f 7874 7845 7930
f 7856 7842 7874
f 7856 7874 7919
f 7857 7889 7931
f 7845 7819 7848
f 7848 7851 7930
f 7851 7860 7881
f 7881 7878 7905
f 7860 7855 7878
f 7860 7878 7881
f 7889 7919 7957
f 7931 7889 7957
f 7919 7874 7930
f 7851 7902 7930
f 7851 7881 7902
f 7881 7905 7953
f 7902 7881 7953
f 7931 7957 7961
f 7905 7926 7953
f 7931 7961 7992
f 7930 7902 8000
f 7902 7953 7993
f 7957 7919 7982
f 7982 7919 12568
f 7930 8000 11163
f 12469 8083 8032
f 7961 7957 7982
f 8034 7982 10738
f 10738 8032 8034
f 7992 7961 8029
f 7961 10357 10467
f 10467 8029 7961
f 8034 8032 8066
f 7715 7675 12536
f 12536 7789 7715
f 8065 10357 11912
f 8029 8065 8099
f 11912 8066 8065
f 8213 8192 10707
f 8173 8192 8213
f 10707 10508 8213
f 10508 10149 8213
f 8173 8213 9342
f 8173 10575 11944
f 8046 8080 8084
f 8102 8046 11061
f 8102 11061 12561
f 8101 8058 8106
f 11447 8106 8058
f 12561 8122 8102
f 8101 8106 8169
f 8106 8121 8131
f 8122 8101 8169
f 12415 11459 8139
f 8147 8122 8169
f 8106 8131 8169
f 8122 8147 8152
f 8153 8139 10433
f 10433 8152 8153
f 8147 10099 10771
f 10771 8152 8147
f 8169 12322 12687
f 10099 8192 8173
f 8191 8192 10414
f 8153 8152 12094
f 12094 11944 8153
f 8032 8083 8118
f 11420 8032 8118
f 8065 8066 8092
f 8065 8092 8099
f 8066 8032 8108
f 8115 8099 11512
f 8066 8108 10941
f 8092 11866 11945
f 11866 10941 8161
f 8092 11945 12960
f 8115 10509 12592
f 8184 8186 9835
f 8184 9835 12019
f 8161 8170 8181
f 8181 8170 8201
f 8203 8166 11556
f 11556 8181 8203
f 8234 8184 12002
f 12002 8203 8234
f 8203 8181 10191
f 8203 8231 8234
f 10191 8231 8203
f 8227 8184 8234
f 11688 8258 8231
f 8227 8234 8245
f 10149 9342 8213
f 10575 8327 9303
f 11890 8294 9342
f 9342 8303 8327
f 9342 8294 8303
f 8294 8288 8346
f 8288 8306 8346
f 8346 8306 10646
f 8332 8294 8346
f 8303 8294 8348
f 8327 8303 11796
f 8315 8327 8347
f 8294 8332 8348
f 8347 8327 11652
f 8332 8346 8365
f 8346 10646 10943
f 11652 8353 8347
f 8348 8332 8365
f 10943 8365 8346
f 12498 8395 8365
f 8348 8365 8438
f 8365 8426 8438
f 8417 8348 8438
f 8365 8395 8426
f 8395 8364 8415
f 8395 8401 8426
f 8353 8348 8417
f 8353 8417 8423
f 8243 9303 8327
f 8227 8245 8249
f 8234 8231 8245
f 8245 8231 8276
f 8231 8258 8282
f 8259 8231 8282
f 8231 8259 8276
f 8276 8259 8282
f 8245 8276 8286
f 8249 8245 8286
f 8276 8282 8311
f 8290 8249 8307
f 8286 8276 8324
f 8307 8249 8373
f 8249 8286 8357
f 8249 8357 8373
f 8276 8311 8324
f 8286 8324 8357
f 8324 8311 8387
f 8341 8324 8387
f 8357 8324 8380
f 8324 8341 8380
f 11358 8341 8387
f 8357 8380 8402
f 8373 8357 8402
f 8341 8391 8396
f 8373 8402 8407
f 8380 8341 8396
f 8402 8380 8469
f 8426 8401 8464
f 8401 8395 8464
f 8438 8426 8477
f 8426 8464 8477
f 8479 8417 11128
f 11128 11064 8479
f 8395 8415 8464
f 8423 8417 8479
f 11064 10929 8479
f 8464 8415 8484
f 8477 8464 11341
f 8464 8484 8491
f 11341 10735 8477
f 10735 8505 8477
f 8491 8484 8525
f 10929 8569 8479
f 11317 8569 8526
f 8491 8525 8539
f 8535 8491 8539
f 8539 8525 8570
f 8539 8570 8584
f 8535 8539 8584
f 8569 10390 12081
f 8643 10390 10640
f 8526 8569 8580
f 12081 8597 8569
f 8580 8569 8597
f 8535 8584 10449
f 10640 10449 8643
f 8380 8396 8504
f 8396 8391 8442
f 8407 8402 8446
f 8446 8402 8466
f 8396 8442 8504
f 8469 8380 8504
f 8478 8504 12248
f 8488 8469 8504
f 8466 8469 8488
f 8480 8466 8488
f 12248 8529 8478
f 8488 8504 8537
f 8504 8478 8537
f 8478 8529 8541
f 8631 8537 10685
f 10685 8562 8631
f 8541 8529 8600
f 11964 8598 8562
f 8478 8541 8598
f 9137 8537 8631
f 8563 9137 8577
f 8541 8600 8611
f 8598 8541 8611
f 8577 9137 8631
f 8562 8610 8631
f 8466 8402 8469
f 8446 8466 8471
f 8471 8466 8480
f 8480 8488 8503
f 8480 8503 8509
f 8503 8488 8537
f 8509 8503 8520
f 8503 8537 9137
f 8520 8503 8563
f 8503 9137 8563
f 9806 9777 9401
f 8584 8570 8623
f 8584 8623 8655
f 12610 9777 8653
f 8651 8643 8655
f 8597 8643 11365
f 8643 8651 8691
f 11365 8667 8597
f 8653 8597 8667
f 8651 8655 8713
f 8655 8623 10011
f 10011 8713 8655
f 8651 8713 8736
f 8691 8651 8736
f 12802 8706 8667
f 8689 8667 8706
f 8713 8671 8724
f 8671 8723 8724
f 8706 8691 8725
f 8725 8691 8736
f 8736 8713 10752
f 8725 8736 8744
f 10752 9576 8736
f 9576 8744 8736
f 8777 10267 10328
f 10755 8781 8744
f 10328 8771 8777
f 11567 8706 8725
f 12418 8794 8745
f 8725 8744 8794
f 8794 8744 12242
f 8562 8598 8614
f 8610 8562 8614
f 8598 10048 10272
f 10272 8614 8598
f 8701 10048 11167
f 8631 8610 11560
f 8714 8610 11354
f 11354 10512 8714
f 8672 8610 11878
f 8701 11167 11583
f 11583 10340 8701
f 8701 10340 10591
f 10512 8758 8714
f 11527 10591 8758
f 8714 8758 8793
f 8741 8757 8765
f 8758 8772 8793
f 8772 8758 8791
f 8765 8757 8799
f 8781 8777 8827
f 12242 8820 8794
f 11629 8794 8843
f 8820 8781 11794
f 8827 8777 10447
f 8794 8820 8843
f 8831 8768 8843
f 8843 8820 9767
f 10437 8827 8871
f 8831 10471 10627
f 10471 9767 8890
f 10627 8876 8831
f 8827 8845 9266
f 8871 8827 9266
f 8901 8888 12218
f 12218 9833 8901
f 8890 8871 8911
f 8871 9961 11594
f 11594 8911 8871
f 8901 9833 10830
f 10830 8943 8901
f 8922 8901 8943
f 8911 9455 10649
f 10649 8943 8911
f 8922 8943 11182
f 8933 8923 8936
f 8955 8933 11297
f 11297 10697 8955
f 8955 10697 12662
f 8765 8799 10503
f 8822 8791 11115
f 8772 8791 8816
f 8816 8791 8822
f 8822 11115 12377
f 8840 8816 11039
f 8816 8840 8852
f 8822 10619 12613
f 12613 8880 8822
f 11039 8880 8840
f 8860 9761 11177
f 11177 8879 8860
f 8880 8879 8917
f 8933 8917 12816
f 8840 8880 11501
f 12816 8874 8933
f 8880 8917 8930
f 8930 8917 8955
f 8917 8933 8955
f 8980 8959 9916
f 8980 9916 11703
f 8999 8988 9947
f 9947 8969 8999
f 8956 8922 10080
f 10080 9247 8956
f 10565 8988 8991
f 8988 8999 12328
f 12328 8991 8988
f 8999 8969 9009
f 9247 8991 11006
f 10319 9690 9276
f 8991 9009 9020
f 9009 8969 11065
f 11065 9032 9009
f 9020 9009 9032
f 11006 9646 9247
f 9247 9646 9730
f 12523 12158 9040
f 9032 11012 12794
f 9051 9276 9550
f 9550 9039 9051
f 12158 9031 9040
f 5646 5656 6057
f 9039 9040 9049
f 9039 9049 9051
f 9040 9031 10459
f 9067 9049 10303
f 10303 9054 9067
f 9105 9276 9047
f 10381 9047 9006
f 9047 9276 9051
f 9044 9006 9648
f 9648 9065 9044
f 9949 9678 9065
f 11140 9051 9066
f 9066 9051 11257
f 9055 9044 9065
f 9055 9065 9078
f 9065 9678 11301
f 9073 9066 9079
f 9270 9066 9993
f 9993 9067 9270
f 9270 9067 9077
f 11301 9078 9065
f 9078 11605 12393
f 12393 9082 9078
f 9066 9270 9079
f 9082 9079 10252
f 9082 9574 12578
f 8990 9687 10427
f 9025 9021 12716
f 9043 9021 11568
f 9042 9025 9787
f 11568 10785 9043
f 10785 9055 9043
f 9042 9787 10952
f 10952 9050 9042
f 9016 9042 9050
f 9058 9043 12739
f 9050 9058 10100
f 9056 9050 9064
f 9048 9056 9064
f 9050 10100 10739
f 9064 9050 10026
f 9064 10026 10497
f 12739 9072 9058
f 9072 9055 12751
f 12751 9076 9072
f 9076 9078 9082
f 9076 9082 9083
f 9070 9072 9076
f 9070 9076 9083
f 9074 9070 9083
f 9074 9083 10168
f 11703 8986 8980
f 8953 8966 8981
f 8936 8953 8965
f 8965 8953 8981
f 8981 8966 8990
f 8981 8990 9004
f 8997 8981 9004
f 8965 8981 8997
f 8986 8965 11780
f 8980 8986 9001
f 8980 9001 9007
f 11780 9001 8986
f 9007 9001 11344
f 10427 9004 8990
f 8997 9004 9014
f 12084 11585 9001
f 9014 9004 11797
f 8997 9014 9016
f 11797 9042 9014
f 11585 9029 9001
f 9016 9014 9042
f 9029 9016 9056
f 9048 9029 9056
f 9016 9050 9056
f 3028 3202 3277
f 3277 3202 3447
f 3202 3385 3447
f 3202 3261 3385
f 3404 3277 3447
f 3385 3261 3508
f 3200 3029 10898
f 3029 3277 3404
f 3091 3200 3338
f 10898 3423 3200
f 3236 3091 3338
f 3338 3200 3423
f 4088 4075 4176
f 4176 4075 4332
f 4176 4332 4694
f 9416 4176 4694
f 4694 4332 12370
f 9416 4694 5147
f 12370 4860 4694
f 4554 4732 4860
f 4694 4919 5147
f 3936 4088 4176
f 4086 3936 4428
f 3936 4176 9416
f 3936 9416 4428
f 4320 4086 4428
f 4320 10148 10938
f 10938 4656 4320
f 4428 9416 4570
f 10148 4577 4435
f 4428 4570 4577
f 4570 9416 5147
f 4577 4570 4976
f 4889 4570 5147
f 4575 4656 5092
f 4656 4435 5092
f 4570 4889 4976
f 4956 4577 4976
f 4240 3997 4257
f 4182 3997 4240
f 4257 3997 4429
f 3997 4102 4429
f 4182 4240 4292
f 4102 4237 4429
f 4429 4237 9112
f 4240 4257 4371
f 4292 4240 4371
f 4371 4595 4643
f 4371 4257 4595
f 4257 4429 4721
f 4292 4371 4510
f 4595 4257 4721
f 4510 4371 4643
f 4625 4510 4775
f 4292 4510 4625
f 4478 4292 4625
f 4478 4625 4632
f 4510 4643 4775
f 4625 4775 4802
f 4643 4595 4834
f 4721 4429 5170
f 4632 4625 4802
f 4775 4643 4834
f 4595 4721 4834
f 4721 5170 5312
f 4775 4834 4996
f 4775 4996 5064
f 3385 10994 11155
f 3447 3385 3607
f 3404 3447 3607
f 11155 3607 3385
f 3614 3690 9851
f 3614 9851 10679
f 3607 11609 11807
f 10679 3684 3614
f 12855 3594 3684
f 11807 3830 3607
f 3614 3684 3770
f 3777 3607 3830
f 3700 3607 3777
f 3690 3614 3824
f 3781 3690 3824
f 3684 3594 3850
f 3830 3781 4009
f 3781 3824 4009
f 3777 3830 3954
f 3824 3614 4089
f 3684 3850 3997
f 3885 3777 3954
f 3614 3770 4017
f 4017 3770 12746
f 3954 3830 4009
f 3614 4017 4089
f 3885 3954 4074
f 3684 3997 10632
f 12746 10632 4017
f 3997 3850 4102
f 3850 4064 4102
f 3954 4009 4074
f 4089 4017 12087
f 4009 3824 4281
f 4017 4182 4292
f 4074 4009 4177
f 4177 4009 4281
f 4283 4281 10396
f 10396 4089 4283
f 12087 11980 4089
f 11980 4283 4089
f 4074 4177 4458
f 4177 4329 4458
f 4177 4281 4329
f 4329 4281 4470
f 4281 4283 4470
f 4283 4478 4680
f 4458 4329 4842
f 4329 4470 4842
f 4470 4283 4836
f 4470 4537 4842
f 4537 4470 4836
f 4458 4842 5079
f 3338 3423 9853
f 9853 3655 3338
f 3423 3404 3700
f 3321 3338 11811
f 3404 3607 3700
f 11811 3800 3321
f 3655 3700 3724
f 3655 3724 3800
f 3724 3700 3885
f 3800 3724 10576
f 3649 3800 4137
f 3724 3885 4073
f 3724 4073 4264
f 3978 3724 4264
f 4073 3885 4074
f 10576 4137 3800
f 3649 4137 4241
f 4241 4137 4503
f 4073 4074 4458
f 4264 4073 4458
f 12931 4369 4137
f 4137 4369 4503
f 3978 4264 4652
f 4264 4458 4652
f 4369 3978 4765
f 3978 4652 4709
f 3978 4709 4765
f 4503 4369 4765
f 4652 4458 5079
f 4633 4503 4765
f 4465 4503 4633
f 4652 5079 5188
f 4709 4652 4938
f 4938 4652 5188
f 4465 4633 4711
f 4765 4709 4947
f 4633 4765 4947
f 4633 4947 5062
f 4711 4633 5062
f 5147 4919 5218
f 4919 4694 5268
f 4694 4860 5268
f 4860 4732 5433
f 5218 4919 5268
f 4860 5433 12323
f 12323 5268 4860
f 5147 5218 5337
f 5218 5268 5410
f 5268 5430 5570
f 5410 5268 5570
f 5218 5410 11622
f 5410 5570 6099
f 5570 5430 5883
f 5570 5883 6179
f 6031 5570 6179
f 5570 6031 6099
f 5532 5410 6099
f 5883 6132 6179
f 6031 6179 6333
f 6179 6132 6486
f 6333 6179 6486
f 6276 6031 6333
f 6333 6486 6511
f 6099 6031 6276
f 5050 4889 5147
f 4435 4577 4956
f 5074 4575 5092
f 4435 4956 5107
f 5107 4956 5363
f 4956 4976 5048
f 4956 5048 5363
f 5092 4435 5107
f 5048 4976 5226
f 4976 4889 5226
f 5074 5092 5121
f 5092 5107 5121
f 4889 5050 5226
f 5048 5249 5363
f 5048 5226 5249
f 5050 5147 5337
f 5074 5121 5396
f 5162 5074 5396
f 5226 5050 5505
f 5050 5337 5505
f 11622 5337 5218
f 5107 5363 5719
f 5363 5509 5719
f 5121 5107 5511
f 5511 5107 5719
f 5363 5249 5509
f 5249 5226 5546
f 5226 5505 5546
f 5509 5249 5815
f 5249 5546 5751
f 5546 5505 5751
f 5249 5751 5815
f 5505 5337 5532
f 5719 5509 5816
f 5758 5509 5815
f 5509 5758 5816
f 5505 5532 5877
f 5815 5751 6198
f 5751 5505 6198
f 5816 5758 5968
f 5877 5532 6209
f 5532 6099 6209
f 5968 5758 6357
f 6159 5968 6357
f 5505 5877 6198
f 5758 5815 6357
f 5877 6209 6289
f 5815 6198 6263
f 5815 6263 6357
f 6209 6099 6492
f 6099 6276 6492
f 6263 6198 6461
f 6198 5877 6547
f 5877 6289 6719
f 6547 5877 6719
f 6276 6333 6511
f 6492 6276 6511
f 6461 6198 6547
f 6209 6492 6723
f 6289 6209 6723
f 6492 6713 6723
f 6492 6511 6713
f 6461 6547 6756
f 6715 6289 6723
f 6289 6715 6719
f 5396 5121 5511
f 5162 5396 5536
f 5396 5511 5536
f 5536 5511 5799
f 5511 5719 5836
f 5799 5511 5836
f 5743 5536 5799
f 5719 5816 5836
f 5743 5799 6184
f 5799 5836 6161
f 6150 5799 6161
f 5799 6150 6184
f 5836 5816 6152
f 5836 6152 6161
f 5816 6129 6152
f 5816 5968 6129
f 6184 6150 6414
f 6150 6353 6414
f 6184 6303 6422
f 6152 6129 6253
f 6161 6152 6305
f 6152 6253 6305
f 6150 6161 6353
f 6303 6184 6414
f 6305 6253 6391
f 6161 6305 6353
f 6353 6305 6452
f 6414 6353 6452
f 6305 6391 6423
f 6414 6452 6813
f 6452 6305 6675
f 6305 6423 6606
f 6305 6606 6675
f 6423 6472 6606
f 6452 6675 6813
f 6472 6645 6775
f 6606 6472 6775
f 6303 6414 6813
f 6813 6675 6836
f 6775 6645 6843
f 6836 6675 6871
f 9398 6517 6818
f 9218 9398 10983
f 6379 6160 6463
f 4802 4775 4982
f 4982 4775 5064
f 4834 4721 5099
f 4996 4834 5099
f 5099 4721 5312
f 5064 4996 5448
f 4982 5064 5448
f 4996 5099 5243
f 4996 5243 5448
f 4963 4982 5251
f 5251 4982 5448
f 5170 5295 5312
f 5243 5099 5322
f 5099 5312 5322
f 5243 5322 5437
f 5322 5312 5409
f 5409 5312 9387
f 5312 5295 9387
f 5243 5437 5448
f 5251 5448 5464
f 5322 5409 5563
f 5563 5409 9387
f 5437 5322 5613
f 5464 5448 5544
f 5448 5437 5544
f 5464 5544 9285
f 5295 9464 9387
f 5544 5437 5613
f 5613 5322 5881
f 5322 5563 5881
f 5544 5613 5881
f 9285 5544 5854
f 5790 9285 5854
f 5544 5881 5929
f 5854 5544 5929
f 5563 9387 6182
f 5881 5563 6182
f 6052 9387 11733
f 9387 6052 6182
f 6319 5854 12140
f 5790 5854 5992
f 11733 5997 6052
f 5929 5881 6182
f 5992 5854 6319
f 6182 6052 6392
f 6052 5997 6199
f 5929 6182 6493
f 6052 6199 6392
f 6182 6392 6462
f 6160 5992 6463
f 5992 6319 6463
f 12140 6493 6319
f 6182 6462 6493
f 6319 6493 6540
f 6463 6319 6540
f 6392 6199 9221
f 6493 6462 6695
f 6642 6493 6695
f 6540 6493 6642
f 12252 4537 4836
f 4842 4537 5190
f 5422 5079 12267
f 12267 5190 5422
f 4537 5103 5190
f 5188 5079 5422
f 5190 5103 5422
f 5303 5188 5545
f 5188 5422 5545
f 5303 5545 5562
f 5232 5303 5562
f 5288 5232 5562
f 5422 5103 5667
f 5422 5667 5756
f 5545 5422 5756
f 6991 7011 7064
f 5103 5425 5649
f 5576 5400 11777
f 5576 11777 12861
f 5103 5649 5667
f 5288 5562 12471
f 5766 5576 11323
f 11323 5820 5766
f 5562 5545 5820
f 5545 5756 5896
f 5820 5545 5896
f 5667 5649 5889
f 5756 5667 5889
f 5889 5649 5902
f 6376 5773 12876
f 9464 5863 5997
f 12876 5766 6376
f 5756 5889 5896
f 5766 5820 5966
f 6145 5636 11148
f 5997 5636 6145
f 11148 6376 6145
f 5766 5966 6231
f 5896 5889 5966
f 5820 5896 5966
f 5889 5902 6314
f 5966 5889 6314
f 5902 6076 6314
f 5766 6231 6376
f 5966 6314 6375
f 6231 5966 6375
f 6076 6185 6314
f 5997 6145 6199
f 9221 6199 11975
f 6231 6375 6377
f 6376 6231 12400
f 6314 6185 6567
f 6634 9221 11479
f 6375 6314 6668
f 6314 6567 6668
f 11479 9870 6634
f 12400 10119 6376
f 9870 6716 6634
f 6377 6375 6668
f 4709 4938 4947
f 4947 4938 5038
f 4947 5038 5062
f 5038 4938 5303
f 4711 5062 5459
f 4938 5188 5303
f 5062 5038 5232
f 5232 5038 5303
f 5062 5232 5288
f 5062 5288 5459
f 6723 6713 6840
f 6713 6511 6840
f 6756 6547 6906
f 6547 6719 6906
f 6511 6769 6840
f 6715 6723 6840
f 6719 6715 6906
f 6755 6756 6868
f 6756 6906 6942
f 6868 6756 6942
f 6840 6769 6910
f 6906 6715 6939
f 6715 6840 6939
f 6769 6859 6910
f 6975 9346 6976
f 6902 9346 6975
f 6967 6964 7074
f 6803 6964 6967
f 6859 6902 6910
f 6840 6910 6978
f 6906 6939 6942
f 6942 6939 7111
f 6975 6976 7067
f 6964 7043 7074
f 6964 6803 6995
f 6910 6902 6975
f 6910 6975 7012
f 7012 6975 7067
f 6978 6910 7012
f 6868 6942 7059
f 7059 6942 7111
f 6840 6978 7063
f 6978 7012 7063
f 7122 6939 11462
f 11462 7063 7122
f 6976 6967 7067
f 7067 6967 7074
f 7111 6939 7122
f 7063 7012 7067
f 7063 7067 7117
f 7059 7111 7151
f 7115 7059 7151
f 7117 7067 7157
f 7063 7117 7122
f 7117 7157 7167
f 7067 7074 7157
f 7074 7043 7157
f 7122 7117 7167
f 7111 7122 7151
f 7167 7157 7185
f 7157 7043 7185
f 7122 7167 7250
f 7151 7122 7250
f 7196 7151 7219
f 7219 7151 7250
f 7167 7185 7244
f 7167 7244 7250
f 7185 7243 7244
f 7250 7244 7298
f 7219 7250 7298
f 6752 6303 6995
f 6303 6809 6995
f 6809 6303 6813
f 6809 6813 6889
f 6675 6606 6871
f 6645 9345 6843
f 6803 6752 6995
f 6606 6775 6871
f 6836 6871 6996
f 6809 6889 6995
f 6813 6836 6983
f 6889 6813 6983
f 6775 6843 6871
f 6983 6836 6996
f 6996 6871 10594
f 6964 6995 10781
f 10594 7041 6996
f 6843 7005 7041
f 6996 7041 7100
f 6995 6889 7085
f 6889 6983 7085
f 6983 6996 7100
f 7092 6983 7100
f 7043 6964 7077
f 10781 7077 6964
f 7041 7005 7133
f 7077 7085 7147
f 7085 6983 7092
f 7041 7133 7168
f 7043 7077 7185
f 7085 7092 7147
f 7100 7041 7239
f 7041 7168 7239
f 7077 7147 7185
f 7147 7092 7229
f 7092 7100 11313
f 11313 7229 7092
f 7185 7147 7243
f 7147 7229 7243
f 7244 7243 7312
f 7243 7229 7312
f 11877 7308 7229
f 7239 7168 7310
f 7298 7244 7312
f 7229 7308 7312
f 12250 10892 7308
f 7168 7287 7310
f 7298 7312 7317
f 7312 7308 7338
f 7308 7329 7338
f 10892 7329 7308
f 7329 7310 7341
f 7310 7287 7341
f 7317 7312 7338
f 7338 7329 7345
f 7317 7338 7345
f 7345 7329 7366
f 7366 7329 7367
f 7329 7341 7360
f 7329 7360 7367
f 7005 6843 7030
f 7005 7030 7133
f 7168 7133 7300
f 7287 7168 7300
f 6572 6891 7053
f 6891 7044 7053
f 6875 7053 7270
f 7053 7171 7270
f 7053 7044 7171
f 7026 7270 7304
f 9168 7171 12036
f 7171 9168 7384
f 7270 7171 7384
f 9443 9168 11330
f 7270 7384 7426
f 7382 7304 7426
f 7426 7384 7483
f 6891 9218 11795
f 10983 6881 9218
f 6818 6855 6881
f 6818 6517 6855
f 9218 6881 9306
f 6881 6855 7073
f 11795 7044 6891
f 9306 6881 7073
f 7073 6855 9361
f 9306 7073 11058
f 7073 9361 7271
f 11330 9660 9443
f 11058 10277 9306
f 7271 9361 7294
f 9443 11737 12136
f 9301 7271 12811
f 9367 9301 11728
f 9615 9301 9267
f 11728 7422 9367
f 6517 9210 6831
f 6517 6831 6855
f 6831 9210 10969
f 6583 9406 12315
f 10969 10643 6831
f 12315 7093 6583
f 6855 11710 11770
f 11710 10643 7187
f 7093 6825 10550
f 6825 6950 7048
f 6825 7048 9238
f 11770 9361 6855
f 7187 7093 9875
f 9875 9744 7187
f 12909 11584 9361
f 9744 7327 7187
f 7272 9238 7277
f 9361 11584 11798
f 12588 7424 7327
f 11798 7294 9361
f 7327 7424 7425
f 7422 7294 7425
f 7048 6950 7089
f 7048 7089 9382
f 7089 7134 9382
f 7277 9238 12455
f 9403 3288 3405
f 3360 3158 3405
f 3158 9403 3405
f 3168 3239 3433
f 3288 3168 3433
f 3239 3168 3263
f 9403 3168 3288
f 2962 9403 3158
f 3318 9249 9116
f 3039 3360 9116
f 3039 3158 3360
f 3039 2962 3158
f 2981 3039 9116
f 3168 3112 3260
f 9249 2981 9116
f 2889 3112 12668
f 12668 11686 2889
f 11686 2962 2889
f 2889 2953 3112
f 2981 2863 3039
f 2981 9249 11189
f 2839 2889 2962
f 2863 2962 3039
f 2863 2839 2962
f 11189 2863 2981
f 2814 2839 2863
f 3057 3256 3388
f 3057 3084 3256
f 3211 3386 3420
f 3211 3420 11395
f 3259 3211 3262
f 3224 3066 3238
f 11395 3115 3211
f 3129 3214 3283
f 3257 3129 3283
f 3129 3257 3262
f 3214 3270 3286
f 3066 3062 3238
f 3279 3057 3388
f 3062 3115 3238
f 3115 3105 3211
f 3211 3129 3262
f 3105 3129 3211
f 3129 3004 3214
f 3214 3110 3270
f 3004 3110 3214
f 3270 3110 3279
f 3062 3105 3115
f 3105 3004 3129
f 3110 3057 3279
f 3057 3043 3084
f 3062 2990 3105
f 2990 3004 3105
f 3004 2973 3110
f 2973 3057 3110
f 2996 3062 3066
f 3014 2996 3066
f 2990 2973 3004
f 2996 2919 3062
f 2919 2990 3062
f 2973 3043 3057
f 2905 2996 3014
f 2973 2921 3043
f 2921 2918 3043
f 2747 2918 2921
f 2905 2919 2996
f 2840 2973 12338
f 12338 2919 2840
f 2840 2921 2973
f 2905 2840 2919
f 2747 2785 2918
f 2785 2707 2918
f 2840 2747 2921
f 2801 2840 2905
f 2733 2801 2905
f 2801 2706 2840
f 2706 2747 2840
f 2747 2706 2785
f 2733 2652 2801
f 2652 2706 2801
f 2706 2604 2785
f 2544 2604 2706
f 2452 2544 2706
f 2652 2452 2706
f 2140 2452 2652
f 2606 2140 2652
f 2140 2329 2452
f 2452 2329 2544
f 2329 2252 2544
f 2140 2217 2329
f 3118 3224 3325
f 9094 3118 3325
f 3174 2972 3342
f 2972 3285 3342
f 3118 3066 3224
f 3014 3066 3118
f 2972 3021 3285
f 2939 3118 9094
f 2959 2972 3174
f 3027 2939 9094
f 3021 2739 3027
f 2972 2739 3021
f 2739 2719 3027
f 2939 3014 3118
f 2719 2939 3027
f 2959 2847 2972
f 2847 2739 2972
f 2939 2815 3014
f 2815 2733 2905
f 2815 2905 3014
f 2719 2727 2939
f 2727 2815 2939
f 2719 2591 2727
f 2635 2739 2847
f 2586 2591 2719
f 2606 2652 2733
f 2727 2619 2815
f 2619 2733 2815
f 2591 2619 2727
f 2719 2739 10109
f 2635 2556 2739
f 2444 2606 2733
f 2619 2444 2733
f 10109 2586 2719
f 2556 2513 2586
f 2591 2483 2619
f 2591 2586 12539
f 12539 2483 2591
f 2483 2444 2619
f 2304 2513 2556
f 2444 2389 2606
f 2280 2483 2513
f 2343 2444 2483
f 2343 2389 2444
f 2378 2343 2483
f 2304 2308 2513
f 2061 2378 2483
f 2280 2061 2483
f 2389 2140 2606
f 2183 2140 2389
f 2308 2280 2513
f 2226 2343 2378
f 2304 2208 2308
f 2208 2304 2468
f 2343 2183 2389
f 2226 2183 2343
f 2061 2119 2378
f 2119 2226 2378
f 2151 2179 2419
f 2151 1930 2201
f 1930 1985 2201
f 1930 1819 1985
f 1644 1819 1930
f 1738 1606 1930
f 1606 1644 1930
f 1606 1527 10982
f 2128 2113 2321
f 2150 2151 2419
f 2086 2144 2358
f 2321 2113 2358
f 2113 2086 2358
f 2022 2113 2128
f 2144 2001 2150
f 2086 2001 2144
f 2068 2022 2128
f 1947 2086 2113
f 1947 2001 2086
f 2150 1996 2151
f 2001 1996 2150
f 1947 2022 2068
f 2022 1947 2113
f 1996 1930 2151
f 1947 1931 2001
f 1912 1996 2001
f 1931 1912 2001
f 1851 1947 2068
f 1851 1675 1947
f 1608 1912 1931
f 1912 1608 1996
f 1769 1931 1947
f 1803 1930 1996
f 1803 1738 1930
f 1675 1769 1947
f 1674 1608 1931
f 1769 1674 1931
f 1608 1803 1996
f 1702 1674 1769
f 1675 1702 1769
f 1649 1675 1851
f 1608 1738 1803
f 1648 1674 1702
f 1648 1608 1674
f 1675 1648 1702
f 1608 1535 1738
f 1535 1606 1738
f 1535 1527 1606
f 1488 1608 1648
f 1488 1535 1608
f 1441 1648 1675
f 1649 1441 1675
f 1442 1488 1648
f 1441 1442 1648
f 1488 1527 1535
f 1371 1356 1527
f 1488 1371 1527
f 1442 1371 1488
f 1393 1371 1442
f 2217 2046 2329
f 2046 1992 2329
f 2140 2029 2217
f 1682 1992 2046
f 2217 2029 12812
f 12812 2046 2217
f 1682 11138 11211
f 1723 1640 1863
f 11138 1863 1544
f 1640 1544 1863
f 11211 1477 1682
f 1346 1477 1544
f 1415 1346 1544
f 1457 1544 1640
f 1457 1415 1544
f 1472 1457 1640
f 1415 1457 1472
f 1306 1346 1415
f 2119 1911 2226
f 2093 2208 2468
f 2061 2280 2308
f 2061 1911 2119
f 1911 2183 2226
f 2208 2043 2308
f 2029 2140 2183
f 1911 2029 2183
f 1900 2061 12796
f 1900 1935 2061
f 1935 1911 2061
f 2093 1986 2208
f 12796 2043 1900
f 1911 1870 2029
f 1806 2043 2208
f 1986 1806 2208
f 1723 1863 12313
f 1786 1911 1935
f 1786 1870 1911
f 1900 1786 1935
f 1787 1806 1986
f 1870 1693 2029
f 1806 1754 2043
f 1754 1900 2043
f 1786 1693 1870
f 1754 1786 1900
f 12313 1693 1723
f 1689 1754 1806
f 1806 1787 11339
f 11339 1689 1806
f 1754 1614 1786
f 1723 1693 1786
f 1614 1723 1786
f 1577 1614 11669
f 11669 1689 1577
f 1614 1529 1723
f 1529 1640 1723
f 1680 1426 1689
f 9391 1529 1614
f 1577 9391 1614
f 1529 1472 1640
f 1240 1472 1529
f 9391 1240 1529
f 1426 1352 1689
f 1352 1577 1689
f 1342 1240 9391
f 1352 9391 1577
f 1295 1247 1393
f 1272 1356 1371
f 1247 1371 1393
f 1219 1272 1371
f 1247 1219 1371
f 1219 1173 1272
f 1068 1219 1247
f 1068 1173 1219
f 1189 1068 1247
f 1306 1256 1346
f 1238 1415 1472
f 1238 1306 1415
f 1114 1256 1306
f 1238 1162 1306
f 989 1114 11371
f 11371 1162 989
f 993 989 1162
f 826 989 993
f 937 826 993
f 732 826 937
f 916 754 937
f 754 732 937
f 1242 1240 1342
f 1240 1238 1472
f 1342 9391 1352
f 638 564 666
f 1171 1067 1426
f 1079 1240 1242
f 1079 1242 1342
f 1144 1067 1171
f 1167 1162 1238
f 1167 1238 1240
f 1079 1167 1240
f 1050 1342 12736
f 1067 1352 1426
f 12736 1067 1050
f 1031 1162 1167
f 1079 1031 1167
f 1050 1079 1342
f 1033 993 1162
f 1031 1033 1162
f 1027 1031 1079
f 1050 1027 1079
f 990 1050 1067
f 990 1067 1144
f 972 1027 1050
f 990 972 1050
f 953 990 1144
f 937 993 1033
f 1031 926 1033
f 1027 926 1031
f 972 926 1027
f 916 937 1033
f 926 916 1033
f 857 926 972
f 953 807 990
f 807 972 990
f 819 916 926
f 857 819 926
f 672 857 972
f 785 754 916
f 819 785 916
f 807 672 972
f 752 785 819
f 752 819 857
f 752 754 785
f 651 752 857
f 635 672 807
f 752 651 754
f 672 651 857
f 654 732 754
f 651 652 754
f 635 514 672
f 652 654 754
f 532 651 672
f 514 532 672
f 652 508 654
f 651 508 652
f 532 508 651
f 508 537 654
f 411 508 532
f 514 454 532
f 454 411 532
f 411 400 508
f 5514 5797 12949
f 12949 12515 5514
f 5514 5484 5797
f 5477 5501 5645
f 12515 5501 5514
f 5234 5514 12823
f 5313 5484 5514
f 5477 5077 5501
f 5234 5313 5514
f 12823 12656 5234
f 5055 5313 12420
f 5204 5077 5477
f 12656 4929 5234
f 12420 4644 5055
f 4929 4724 5234
f 4724 4644 5234
f 4821 4929 5077
f 4821 5077 5204
f 6498 6394 6510
f 6367 6394 6498
f 6367 6282 6394
f 6312 6346 6498
f 6346 6367 6498
f 6298 6274 6346
f 6346 6274 6367
f 6312 6309 6346
f 6274 6282 6367
f 6309 6298 6346
f 6188 6176 6298
f 6234 6274 6298
f 6176 6234 6298
f 6058 6208 6312
f 6208 6309 6312
f 6282 6119 6394
f 6234 6190 6274
f 6106 6119 6282
f 6208 6188 6309
f 6190 6087 6274
f 6188 6298 6309
f 6118 6176 6188
f 6274 6106 6282
f 6106 6274 11080
f 6176 6108 6234
f 6118 6061 6176
f 5998 6188 6208
f 5749 6087 6190
f 5749 6190 6234
f 5625 6118 6188
f 6058 5843 6208
f 5843 5998 6208
f 11080 5964 6106
f 5937 6108 6176
f 6061 5937 6176
f 5707 6061 12774
f 5998 5625 6188
f 6108 5734 6234
f 5734 5749 6234
f 5782 5964 6087
f 5782 5655 5964
f 5749 5782 6087
f 5937 5734 6108
f 5792 5937 6061
f 5707 5792 6061
f 12774 5797 5707
f 5625 5797 6118
f 5484 5707 5797
f 5645 5501 5670
f 5670 5625 5998
f 5670 5998 11822
f 5734 5512 5749
f 5482 5645 5843
f 11822 5645 5670
f 5749 5427 5782
f 5595 5655 5782
f 5512 5427 5749
f 5482 5477 5645
f 5267 5477 5482
f 5595 5298 5655
f 5298 5412 5655
f 5427 5595 5782
f 5427 5173 5595
f 5298 5030 5412
f 5030 5184 5412
f 5173 5427 5512
f 5187 5173 5512
f 5182 5030 5298
f 5025 5298 5595
f 5173 5025 5595
f 5025 5182 5298
f 4931 5173 5187
f 4931 5025 5173
f 5309 5204 5477
f 4655 5204 5309
f 4734 5030 5182
f 4660 4734 5182
f 5025 4591 5182
f 4591 4847 5182
f 4931 4809 5025
f 4898 4655 5309
f 4809 4688 5025
f 6106 6066 6119
f 5655 5412 6106
f 5412 5609 6106
f 5412 5184 5609
f 5184 4952 5198
f 5030 4952 5184
f 4734 4767 5030
f 4767 4952 5030
f 6611 6655 9476
f 9476 9217 9257
f 6655 9217 9476
f 6619 6615 9476
f 6615 6611 9476
f 9458 9217 6655
f 6601 9458 6655
f 6536 6370 6601
f 6536 6601 6655
f 6611 6536 6655
f 6370 6509 6601
f 6477 6611 6615
f 6471 6536 6611
f 6477 6471 6611
f 6148 6477 6502
f 6370 6306 6388
f 6148 6183 6477
f 6229 6370 6536
f 6229 6536 12065
f 6025 6471 6477
f 6229 6306 6370
f 6229 6094 6306
f 6183 6157 6477
f 6157 6025 6477
f 6229 12065 12867
f 5943 6157 6183
f 5943 6025 6157
f 5833 5837 6183
f 12867 5739 6229
f 5739 5891 6229
f 5837 5943 6183
f 5943 5604 6025
f 5837 5604 5943
f 5739 5608 5891
f 5604 5744 6025
f 5744 5739 6025
f 5833 5611 5837
f 5611 5329 5837
f 5382 5608 5739
f 5604 5392 5744
f 5329 5370 5837
f 5414 5604 5837
f 5414 5392 5604
f 5382 5739 5744
f 5370 5414 5837
f 5191 5392 5414
f 5392 5297 5744
f 5297 5382 5744
f 5329 5291 5370
f 5177 5297 5392
f 5191 5177 5392
f 5297 5174 5382
f 5370 5132 5414
f 5132 5191 5414
f 5058 5119 5291
f 5119 5132 5370
f 5058 4984 5119
f 5132 4610 5191
f 4752 5177 5191
f 4610 4752 5191
f 5024 5174 5297
f 4984 4949 5119
f 5177 5024 5297
f 4980 4984 5058
f 9323 4949 4984
f 5119 4768 5132
f 4949 4768 5119
f 4949 9323 4989
f 4753 4949 4989
f 4750 4753 4989
f 4768 4610 5132
f 6509 6562 6601
f 6601 6562 9458
f 9458 6632 9217
f 6370 6388 6509
f 6509 6374 6562
f 6388 6374 6509
f 6562 6111 9458
f 9458 6111 6632
f 6374 6095 6562
f 6111 6313 6632
f 6095 6111 6562
f 6186 6374 6388
f 6186 6095 6374
f 6306 6113 6388
f 6094 6113 6306
f 6113 6186 6388
f 6113 6094 6135
f 6113 6004 6186
f 6111 6128 6313
f 6111 5779 6128
f 5779 5629 6128
f 5920 5779 11500
f 6004 6014 6186
f 11500 6095 5920
f 5920 6095 6186
f 6014 5676 6186
f 5676 5920 6186
f 5676 5639 5920
f 5798 5676 6014
f 5639 5676 11726
f 5629 5779 9716
f 12132 5920 5176
f 5639 5308 5920
f 11726 5308 5639
f 5523 10375 10891
f 10375 9716 5169
f 5221 5488 5523
f 10891 5221 5523
f 5221 5189 5488
f 5308 5176 5920
f 5011 5308 5441
f 5208 5011 5441
f 5011 5176 5308
f 4953 5169 5176
f 4801 5043 5189
f 4801 5189 5221
f 5011 4953 5176
f 4750 4989 5043
f 4801 4750 5043
f 5169 4804 5221
f 4801 5221 12741
f 4953 4890 5169
f 4890 4804 5169
f 4800 4953 5011
f 4853 5011 5208
f 3627 3905 3910
f 3851 3627 3910
f 3627 3689 3905
f 3689 3691 3905
f 3581 3627 3851
f 3689 3524 3691
f 3627 3379 3689
f 3379 3524 3689
f 3524 3543 3691
f 3524 3400 3543
f 3581 3422 3627
f 3422 3379 3627
f 3400 3426 3543
f 3552 3375 3581
f 3375 3422 3581
f 3379 3400 3524
f 3226 3197 3426
f 3376 3379 3422
f 3379 3303 3400
f 3375 3376 3422
f 3181 3375 3552
f 3400 3226 3426
f 3376 3289 3379
f 3289 3303 3379
f 3905 9172 4046
f 3691 3701 9172
f 3691 3543 3701
f 3543 3472 3701
f 3426 3472 3543
f 3472 3463 3701
f 3318 9116 3472
f 3426 3197 3472
f 3197 3318 3472
f 4602 4821 5204
f 4490 4644 4724
f 4361 4724 4929
f 4490 4327 4644
f 4821 4361 4929
f 4361 4490 4724
f 4361 4327 4490
f 4602 4305 4821
f 4305 4361 4821
f 4260 4327 4361
f 4305 4193 4361
f 4193 4260 4361
f 4193 3994 4260
f 3994 3903 4260
f 4031 4193 4305
f 3924 3928 4031
f 3719 3994 4193
f 3719 3903 3994
f 4031 3719 4193
f 3928 3719 4031
f 4847 4660 5182
f 4688 4591 5025
f 4630 4809 4931
f 4660 4706 4734
f 4623 4688 4809
f 4720 4621 4898
f 4624 4621 4720
f 4621 4655 4898
f 4630 4623 4809
f 4621 4530 4655
f 4660 4594 4706
f 4613 4594 4660
f 4613 4660 4847
f 4560 4613 4847
f 4606 4594 4613
f 4606 4557 4624
f 4557 4621 4624
f 4655 4602 5204
f 4623 4591 4688
f 4451 4560 4847
f 4591 4451 4847
f 4557 4606 4613
f 4560 4557 4613
f 4459 4557 4560
f 4557 4530 4621
f 4459 4530 4557
f 4451 4591 4623
f 4451 4421 4560
f 4530 4602 4655
f 4421 4459 4560
f 4219 4451 4623
f 4219 4623 4630
f 4161 4421 4451
f 4219 4161 4451
f 4459 4419 4530
f 4421 4293 4459
f 4293 4419 4459
f 4161 4293 4421
f 4530 4419 4602
f 4419 4295 4602
f 4295 4305 4602
f 4280 4219 4630
f 4293 4090 4419
f 4161 3888 4293
f 3888 4090 4293
f 4090 4295 4419
f 4100 4219 4280
f 4100 4161 4219
f 4090 4037 4295
f 4037 4031 4305
f 3924 4031 4037
f 4295 4037 4305
f 4100 3897 4161
f 3897 3888 4161
f 3970 4037 4090
f 3888 3970 4090
f 3795 3897 4100
f 3888 3924 3970
f 3970 3924 4037
f 3888 3845 3924
f 3818 3888 3897
f 3818 3845 3888
f 3795 3818 3897
f 3924 3845 3928
f 3818 3548 3845
f 3845 3548 3928
f 3548 3637 3928
f 4753 4768 4949
f 4657 5024 5177
f 4752 4610 12306
f 12306 5177 4752
f 4611 4657 5177
f 4753 4355 4768
f 4355 4610 4768
f 4610 4416 4611
f 4355 4416 4610
f 4431 4355 4753
f 4416 4290 4611
f 4611 4273 4657
f 4355 4232 4416
f 4232 4290 4416
f 4229 4273 4611
f 4290 4229 4611
f 4232 4030 4290
f 4030 4229 4290
f 4030 3772 4229
f 4853 4800 5011
f 4519 4750 4801
f 12741 4519 4801
f 4800 4853 12013
f 12013 4423 4800
f 4800 4473 4953
f 4473 4890 4953
f 4519 4431 4750
f 4750 4431 4753
f 4448 4804 4890
f 4448 4519 4804
f 4473 4448 4890
f 4423 4473 4800
f 4423 4462 4464
f 4448 4431 4519
f 4306 4448 4473
f 4306 4431 4448
f 4423 4180 4473
f 4087 4423 4464
f 4087 4180 4423
f 4163 4087 4464
f 4355 4431 10633
f 4306 4113 4431
f 10633 4232 4355
f 4180 4306 4473
f 4087 4029 4180
f 4180 4055 4306
f 4055 4113 4306
f 4113 4030 4232
f 4055 3863 4113
f 3863 4030 4113
f 4029 3942 4180
f 4055 4180 12841
f 3863 3772 4030
f 3741 3772 3863
f 3784 3863 4055
f 3784 3741 3863
f 12841 3784 4055
f 3920 9271 4066
f 3397 3712 3884
f 3641 3838 3920
f 3796 3625 3920
f 3625 3641 3920
f 3712 3589 3796
f 3641 3601 3838
f 3473 3589 3712
f 3589 3625 3796
f 3625 3479 3641
f 3390 3601 3641
f 3589 3479 3625
f 3384 3479 3589
f 3473 3343 3589
f 3256 3343 3473
f 3343 3384 3589
f 3479 3223 3641
f 3223 3390 3641
f 3384 3223 3479
f 3601 3623 3837
f 3601 3390 3623
f 3623 3389 3731
f 3389 3515 3731
f 3390 3389 3623
f 3389 3333 3515
f 3223 3199 3390
f 2624 2849 12504
f 2716 2535 2975
f 12504 2535 2624
f 2596 2608 2624
f 2458 2596 2624
f 2596 2571 2608
f 2314 2571 2596
f 2535 2405 2624
f 2405 2458 2624
f 2405 2382 2458
f 2218 2314 2596
f 2458 2382 2596
f 2382 2218 2596
f 2334 2220 2405
f 2132 2382 11598
f 11598 2220 2132
f 2129 2220 2334
f 3303 3163 3400
f 3163 3226 3400
f 3181 3154 3375
f 3375 3216 3376
f 3216 3289 3376
f 3289 2994 3303
f 2974 3216 3375
f 3216 2969 3289
f 2975 3154 3181
f 2993 3163 3303
f 2994 2993 3303
f 3022 3197 3226
f 3163 3022 3226
f 3022 3032 3197
f 2974 2969 3216
f 3289 2969 11220
f 11220 2994 3289
f 3154 2974 3375
f 2975 2849 3154
f 2993 3022 3163
f 2993 2868 3022
f 2773 2868 2993
f 3022 2870 3032
f 2868 2870 3022
f 3032 2870 9249
f 2849 2974 3154
f 2805 2753 2969
f 2870 2887 9249
f 2773 2993 2994
f 2969 11706 12225
f 11706 2849 2855
f 2868 2686 2870
f 12225 2805 2969
f 2686 2807 2870
f 2624 2608 2849
f 2849 2608 2855
f 2753 2773 2994
f 2630 2753 2805
f 2675 2630 2805
f 2753 2693 2773
f 2773 2693 2868
f 2498 2805 2855
f 2498 2675 2805
f 2630 2564 2753
f 9493 2686 2868
f 2693 9493 2868
f 2608 2571 2855
f 2571 2498 2855
f 2686 2627 2807
f 2564 2693 2753
f 2564 9493 2693
f 2314 2498 2571
f 2400 9493 2564
f 2441 2630 2675
f 2498 2441 2675
f 9493 2512 2686
f 2341 2564 2630
f 2341 2400 2564
f 2441 2341 2630
f 2396 2441 12316
f 2381 2627 2686
f 2512 2381 2686
f 12316 2314 2396
f 2341 2262 2400
f 2396 2341 2441
f 2184 2512 12358
f 2218 2265 2314
f 2314 2265 2396
f 2136 2381 2512
f 2262 2194 2400
f 9493 2400 10440
f 2263 2341 2396
f 2136 2212 2381
f 12358 10440 2184
f 2218 2231 2265
f 2184 2045 2512
f 2045 2136 2512
f 2263 2262 2341
f 2265 2173 2396
f 2173 2263 2396
f 3197 3032 3318
f 3032 9249 3318
f 3343 3145 3384
f 3256 3084 3343
f 3084 3205 3343
f 3205 3145 3343
f 3136 3223 3384
f 3145 3136 3384
f 3136 2881 3223
f 3084 3043 3205
f 2955 3145 3205
f 2873 3136 3145
f 2955 2873 3145
f 3043 2918 3205
f 2918 2955 3205
f 2873 2881 3136
f 2918 2707 2955
f 2873 2842 2881
f 2713 2873 2955
f 2707 2713 2955
f 2760 2842 2873
f 2713 2545 2873
f 2545 2760 2873
f 2604 2707 2785
f 2545 2534 2760
f 2707 2604 2713
f 2450 2545 2713
f 2604 2450 2713
f 2534 2531 2760
f 2531 2581 2760
f 2252 2367 2544
f 2544 2367 2604
f 2367 2450 2604
f 2427 2531 2534
f 2427 2534 2545
f 2545 2450 12518
f 2367 2267 2450
f 2327 2427 2545
f 12518 2327 2545
f 1992 2252 2329
f 2181 2258 2427
f 2327 2181 2427
f 2252 2267 2367
f 1992 2192 2252
f 2252 2192 2267
f 2267 2192 2327
f 2192 2089 2327
f 2089 2181 2327
f 2881 3199 3223
f 3157 3333 3389
f 3157 3174 3333
f 3148 3389 3390
f 3199 3148 3390
f 3074 3148 3199
f 2960 3157 3389
f 3148 2960 3389
f 2881 3074 3199
f 3074 2964 3148
f 2885 2960 3148
f 2964 2885 3148
f 3157 2959 3174
f 2881 2964 3074
f 2820 2959 3157
f 2960 2820 3157
f 2826 2885 2964
f 2760 2754 2842
f 2842 2754 2881
f 2881 2754 2964
f 2754 2826 2964
f 2820 2771 2959
f 2777 2820 2960
f 2885 2777 2960
f 2771 2847 2959
f 2710 2771 2820
f 2777 2710 2820
f 2771 2635 2847
f 2885 2826 12223
f 2754 2649 2826
f 2588 2777 12803
f 2610 2635 2771
f 2710 2610 2771
f 2581 2754 2760
f 2471 2649 2754
f 2610 2556 2635
f 2468 2556 2610
f 2453 2610 2710
f 2581 2344 2754
f 2344 2471 2754
f 2531 2344 2581
f 2588 2710 2777
f 12803 2469 2588
f 12223 2469 2885
f 2453 2468 2610
f 2588 2453 2710
f 2427 2258 2531
f 2258 2344 2531
f 2468 2304 2556
f 2471 2279 2649
f 2469 2342 2588
f 2453 2244 2468
f 2344 2279 2471
f 2342 2469 2649
f 2279 2342 2649
f 2274 2453 2588
f 2342 2274 2588
f 2244 2093 2468
f 2274 2244 2453
f 2279 2215 2342
f 2127 2279 2344
f 2258 2127 2344
f 2127 2234 2279
f 2234 2215 2279
f 2202 2274 2342
f 2215 2202 2342
f 2102 2218 2382
f 2129 1985 2220
f 2218 1878 2231
f 2071 2102 2382
f 2132 2071 2382
f 1985 2129 2201
f 1985 2035 2220
f 2218 2102 12965
f 2035 2132 2220
f 1985 1819 2035
f 12965 1878 2218
f 2071 1745 2102
f 2035 1724 2132
f 1828 1745 2071
f 1815 2071 2132
f 1815 1828 2071
f 1819 1801 2035
f 1801 1724 2035
f 1644 1801 1819
f 1878 1745 10873
f 10873 1869 1878
f 1676 1815 12547
f 12547 1724 1676
f 12672 1828 1564
f 1815 1676 1828
f 10982 1644 1606
f 1437 1564 1828
f 1539 1724 1801
f 1676 1429 1828
f 1429 1437 1828
f 1522 1676 11932
f 11932 1539 1522
f 1522 1429 1676
f 1801 1644 11830
f 1392 1522 1539
f 1429 1213 1437
f 1319 1429 1522
f 1429 1319 12501
f 1392 1327 1522
f 1329 1392 1539
f 11830 1539 1801
f 9253 1329 1539
f 1527 1356 12612
f 12612 9253 1527
f 2068 2128 2212
f 2015 2045 2184
f 2231 2116 2265
f 1878 2116 2231
f 2116 2173 2265
f 2194 2262 2263
f 2015 2184 2194
f 2028 2015 2194
f 1961 2194 2263
f 1961 2028 2194
f 2045 1979 2136
f 1979 2047 2136
f 2136 2068 2212
f 2047 2068 2136
f 2116 2012 2173
f 2015 1904 2045
f 2009 1961 2263
f 1836 2015 2028
f 1961 1836 2028
f 1904 1979 2045
f 1836 1904 2015
f 2047 1858 2068
f 1979 1858 2047
f 1858 1851 2068
f 1835 1961 2009
f 1836 1961 12770
f 1904 1626 1979
f 1725 1858 1979
f 1626 1725 1979
f 1836 1626 1904
f 1679 1626 1836
f 12770 1679 1836
f 1657 1851 1858
f 1725 1625 1858
f 1657 1649 1851
f 1625 1657 1858
f 1626 1492 1725
f 1492 1625 1725
f 1605 1492 1626
f 1549 1626 1679
f 1549 1605 1626
f 1528 1549 1679
f 1621 1528 1679
f 1657 1625 12456
f 12456 1649 1657
f 1444 1492 1605
f 1441 1393 1442
f 1549 1444 1605
f 1492 1435 1625
f 1435 1397 1649
f 1397 1441 1649
f 1444 1435 1492
f 1390 1528 1621
f 1339 1444 1549
f 1549 1528 12321
f 12321 1339 1549
f 1339 1332 1444
f 1310 1397 1435
f 1310 1435 1444
f 1295 1393 1441
f 1397 1295 1441
f 1992 2026 2192
f 2026 2069 2192
f 2069 2089 2192
f 2181 2089 10935
f 1992 1932 2026
f 1853 1861 2181
f 10935 1853 2181
f 2026 1932 2069
f 1682 1932 1992
f 2089 2069 9971
f 12098 9971 1805
f 2069 1932 10365
f 11677 1682 1820
f 1853 1732 1861
f 1805 1732 1853
f 11043 10365 1695
f 1658 1732 1805
f 1695 1658 1805
f 1682 1477 11227
f 11227 1820 1682
f 1461 1658 1695
f 1560 1524 1732
f 1658 1560 1732
f 1695 1820 12141
f 12141 1461 1695
f 1587 1341 1820
f 1461 1465 1658
f 1458 1524 1560
f 1373 1458 1560
f 1461 1388 1465
f 1341 1388 1461
f 1465 1096 1658
f 1096 1560 1658
f 1096 1373 1560
f 1346 1256 1477
f 1477 1256 1587
f 1256 1341 1587
f 2181 2127 2258
f 2244 2274 11493
f 11493 2093 2244
f 2274 2202 11254
f 2081 2202 2215
f 2127 2075 2234
f 9414 2215 2234
f 2075 9414 2234
f 1861 2127 2181
f 1861 2075 2127
f 2030 2081 2215
f 9414 2030 2215
f 2081 2083 2202
f 2081 2030 2083
f 1919 2030 9414
f 2274 11254 11423
f 11496 11423 1823
f 1823 1787 2093
f 1787 1986 2093
f 1788 1919 9414
f 2030 1919 2083
f 1800 9414 2075
f 1861 1800 2075
f 1800 1788 9414
f 1732 1800 1861
f 1643 1787 1823
f 1643 1823 1909
f 1919 1669 2083
f 1788 1669 1919
f 9432 1788 1800
f 1589 1680 1787
f 1669 1670 2083
f 1643 1572 1787
f 9432 1669 1788
f 1624 1909 12245
f 1624 1643 1909
f 1622 9432 1800
f 1732 1524 1800
f 1524 1622 1800
f 1572 1589 1787
f 12245 1670 1624
f 1624 1572 1643
f 1412 1624 1670
f 1478 9432 1622
f 9432 1418 1669
f 1478 1418 9432
f 1669 1453 1670
f 1418 1453 1669
f 1524 1458 1622
f 1420 1478 1622
f 1589 1200 1680
f 1572 1200 1589
f 1453 1412 1670
f 1418 1379 1453
f 1171 1426 1680
f 1420 1351 1478
f 1373 1420 1458
f 1458 1420 1622
f 1404 1572 1624
f 1404 1200 1572
f 1412 1301 1624
f 1301 1404 1624
f 1351 1418 1478
f 1301 1368 1404
f 1351 1279 1418
f 1279 1379 1418
f 1267 1412 1453
f 1200 1171 1680
f 1327 1319 1522
f 12501 1213 1429
f 1329 1228 1392
f 1272 1239 1356
f 1228 1329 9253
f 1211 1327 1392
f 1277 1319 1327
f 1239 1059 9253
f 1228 1211 1392
f 1181 1228 9253
f 1059 1181 9253
f 1181 959 1228
f 1047 1213 1277
f 1030 1239 1272
f 1030 1059 1239
f 1211 1277 1327
f 1021 1211 12428
f 1211 1051 1277
f 1051 1047 1277
f 1021 1046 1211
f 1046 1051 1211
f 1030 962 1059
f 1059 971 1181
f 971 959 1181
f 1228 959 12085
f 12428 12085 1021
f 962 971 1059
f 905 1047 1051
f 933 959 971
f 1046 905 1051
f 962 913 971
f 959 782 1001
f 933 782 959
f 1001 706 1021
f 1021 864 1046
f 706 864 1021
f 782 643 1001
f 643 706 1001
f 789 905 1046
f 701 789 1046
f 864 701 1046
f 933 971 12221
f 12334 913 773
f 643 782 933
f 706 646 864
f 646 701 864
f 12221 11191 933
f 11191 643 933
f 646 655 701
f 643 646 706
f 9462 584 773
f 646 530 655
f 655 478 701
f 1332 1310 1444
f 1179 1339 1390
f 1216 1295 1397
f 1310 1216 1397
f 1173 1030 1272
f 1189 1247 1295
f 1172 1310 1332
f 1216 1189 1295
f 1216 9880 12344
f 9880 1172 1147
f 1038 1332 1339
f 1038 1172 1332
f 1068 979 1173
f 979 1030 1173
f 979 978 1030
f 1189 10260 10979
f 1179 1038 1339
f 1018 1179 12913
f 1018 1038 1179
f 1024 1147 1172
f 1038 1024 1172
f 10260 1147 780
f 1028 1068 1189
f 10979 1028 1189
f 1028 979 1068
f 897 1024 1038
f 1018 897 1038
f 978 962 1030
f 934 978 979
f 934 979 1028
f 934 962 978
f 934 913 962
f 828 934 1028
f 780 828 1028
f 744 780 1147
f 1024 744 1147
f 828 913 934
f 841 897 1018
f 948 841 1018
f 780 820 828
f 897 736 1024
f 828 773 913
f 736 744 1024
f 841 736 897
f 744 674 780
f 671 736 841
f 736 674 744
f 780 674 820
f 611 773 828
f 820 611 828
f 657 671 841
f 611 9462 773
f 674 624 820
f 465 674 736
f 671 612 736
f 612 465 736
f 682 657 841
f 1341 1198 1388
f 1105 1096 1465
f 1388 1105 1465
f 1304 1202 1341
f 1202 1198 1341
f 1113 1105 1388
f 1256 1304 1341
f 11198 10992 621
f 1217 1351 1420
f 1373 1217 1420
f 1267 1301 1412
f 1301 1226 1368
f 1379 1267 1453
f 1267 1226 1301
f 918 953 1144
f 893 807 953
f 635 807 893
f 530 493 655
f 493 478 655
f 643 530 646
f 505 584 9462
f 584 527 643
f 10992 537 621
f 11424 514 635
f 471 454 514
f 508 297 537
f 400 297 508
f 384 411 454
f 384 339 411
f 339 400 411
f 339 297 400
f 274 297 339
f 227 339 384
f 5484 5704 5707
f 4644 4827 5055
f 5707 5596 5792
f 5704 5596 5707
f 5343 5187 5512
f 6094 5861 6135
f 5891 6094 6229
f 5891 5861 6094
f 5174 5381 5382
f 5382 5381 5608
f 6004 5798 6014
f 5379 5676 5798
f 5379 5441 5676
f 5236 5208 5441
f 4962 4853 5208
f 4644 4672 4827
f 4644 4327 4672
f 3719 3780 3903
f 3637 3719 3928
f 4411 4630 4931
f 4411 4280 4630
f 4223 4100 4280
f 3964 3795 4100
f 3964 4100 4223
f 3795 3624 3818
f 4657 4830 5024
f 4273 4440 4657
f 3772 3950 4229
f 3772 3848 3950
f 4331 4163 4464
f 4462 4331 4464
f 4029 4087 4163
f 3741 3620 3772
f 3645 3784 3942
f 3734 3645 3942
f 3667 3741 3784
f 3645 3667 3784
f 12849 1552 1869
f 1437 1484 1564
f 1437 1213 1484
f 2173 2009 2263
f 2012 2009 2173
f 1776 2012 2116
f 1878 1776 2116
f 1835 2009 2012
f 1869 1776 1878
f 1776 1835 2012
f 1621 1679 1835
f 1541 1621 1835
f 1019 1179 1390
f 12913 11745 1018
f 712 841 948
f 712 682 841
f 12133 10200 8960
f 8960 10200 10347
f 8935 8934 8967
f 10347 10019 8960
f 8934 8916 8967
f 10019 8929 8960
f 8881 8847 8882
f 8882 8805 12283
f 12964 11041 8863
f 8847 8805 8882
f 8805 10061 12986
f 10061 9819 8740
f 12986 8792 8805
f 11955 8915 8937
f 8919 8915 8947
f 8937 9592 9706
f 9429 9982 12079
f 8906 11611 12319
f 8915 8896 10654
f 8887 9592 11361
f 11110 8887 8881
f 11003 10654 9171
f 12319 9651 8906
f 11361 8823 8887
f 8837 8823 9171
f 9152 9171 10972
f 8881 8887 12425
f 8849 8807 8873
f 9152 8837 9171
f 10972 8807 9152
f 8847 8881 10206
f 8823 8837 12912
f 8812 8837 11238
f 10206 8774 8847
f 11238 8755 8812
f 10760 8812 8774
f 8932 8919 8947
f 8924 8932 8939
f 8924 8939 8942
f 8932 8924 12555
f 8904 8924 10042
f 8896 8915 8919
f 8896 8919 12192
f 12192 9796 8896
f 10042 8875 8904
f 8875 8877 8904
f 8896 9796 10259
f 10259 8873 8896
f 10443 8877 8861
f 12793 8849 8873
f 8944 8898 8951
f 8898 8944 11231
f 11535 8912 8942
f 8898 8928 8951
f 8927 8912 8940
f 8927 8940 8951
f 8928 8927 8951
f 10187 8942 8912
f 8907 8898 8921
f 8898 8909 8928
f 8909 8927 8928
f 12097 8895 8875
f 8895 8912 8927
f 8909 8858 8927
f 8898 8907 8909
f 8832 8909 12230
f 8832 8858 8909
f 11231 8921 8898
f 11331 8899 8929
f 8929 8921 8960
f 8916 8934 8935
f 8921 8929 11973
f 8907 8921 11087
f 8884 8899 8916
f 8899 8862 8929
f 8903 8884 11988
f 8884 8825 8899
f 12230 8848 8832
f 8825 8862 8899
f 8841 8884 8903
f 8825 8884 11893
f 8825 8815 8862
f 12238 11087 8848
f 11893 8844 8825
f 8815 8824 8862
f 8824 8848 8862
f 8787 8825 8844
f 8815 8825 11564
f 9340 8775 8815
f 9340 8815 11363
f 8916 8935 10171
f 11988 10171 8903
f 8886 8903 11062
f 8841 8903 12722
f 12722 8826 8841
f 12798 10210 8826
f 8841 8826 8844
f 8826 10210 10489
f 8826 8787 8844
f 8835 8803 8857
f 9819 8737 8740
f 12364 11953 8737
f 8792 8740 11621
f 9492 8740 10394
f 11953 8709 8737
f 8709 8759 11107
f 10394 8685 9492
f 8709 8685 8737
f 8685 8676 9492
f 8633 8685 8709
f 8709 8674 10683
f 10683 8633 8709
f 8647 8676 8685
f 8633 8558 8685
f 8558 8647 8685
f 8676 8608 11327
f 8602 8608 8676
f 8647 8602 8676
f 8633 12076 12235
f 8558 8633 10570
f 8587 8568 8618
f 8558 8602 8647
f 8755 8747 8812
f 8759 8774 8812
f 9855 8755 9152
f 8747 8759 8812
f 8747 8755 9921
f 8747 8710 8759
f 9921 8710 8747
f 10889 8659 8710
f 11107 8674 8709
f 8674 8710 10763
f 8674 10005 11248
f 8590 10005 11283
f 11248 8618 8674
f 11283 10160 8590
f 11363 10248 9340
f 8789 8803 11152
f 10489 9636 8826
f 8789 8751 8803
f 8787 8826 10630
f 11098 9636 8742
f 10850 10630 8727
f 8748 8751 8789
f 10934 10915 8692
f 8720 8751 12115
f 8697 8727 8742
f 10915 8720 8692
f 10248 9762 9340
f 8697 8742 11818
f 10249 9762 8645
f 8637 8692 8720
f 8636 8697 9813
f 8692 8637 10073
f 8636 9813 10629
f 12616 10082 8720
f 8645 8697 12702
f 12702 8603 8645
f 8720 10082 10114
f 10114 8637 8720
f 8566 9457 12870
f 12870 11206 8566
f 8592 8603 8636
f 10570 8500 8558
f 8608 9605 9715
f 9715 8538 8608
f 8602 9869 10113
f 9605 8534 9332
f 8522 8500 8568
f 8568 8587 10415
f 10415 8522 8568
f 8534 9869 10824
f 8500 8522 10913
f 8522 8543 12695
f 9700 8486 8453
f 9332 11123 11931
f 8534 9510 9662
f 11123 9662 8485
f 12915 10797 8455
f 8435 8441 9332
f 11931 8435 9332
f 8435 8370 8441
f 8590 8587 8618
f 8548 8543 8587
f 8486 8543 8548
f 8486 8542 10909
f 8330 8453 10849
f 10849 8375 8330
f 8636 10629 11063
f 8473 8592 12099
f 12099 11063 8473
f 8566 8547 9457
f 8473 8575 8592
f 8560 8566 9277
f 8544 11760 12750
f 8560 8547 8566
f 8547 8560 11610
f 12750 9939 8544
f 11750 11610 9364
f 8532 8501 8560
f 8499 8514 8544
f 9939 8499 8544
f 8514 8473 8544
f 8458 9970 11591
f 8473 8514 12930
f 8499 10812 12591
f 11591 8499 8458
f 12591 11881 8499
f 8458 8499 10777
f 8448 9945 10532
f 8412 8450 12527
f 8494 8448 8501
f 10532 8501 8448
f 8485 8455 12078
f 8435 8485 11853
f 11853 8370 8435
f 10797 8378 8455
f 11251 8330 8378
f 8378 8374 8455
f 8354 8370 8371
f 12078 8371 8485
f 8354 8371 8374
f 8378 10166 10723
f 8264 8354 8374
f 8264 8326 8354
f 8267 8264 10251
f 8378 10723 11376
f 8374 8378 10834
f 10251 8277 8267
f 8264 8267 10346
f 8244 8277 10141
f 8244 8267 8277
f 8235 9329 8267
f 8244 8235 8267
f 10141 8251 8244
f 9223 8330 8375
f 8330 9223 9903
f 10602 8352 9113
f 10166 9903 9216
f 8247 9113 10430
f 10270 9627 8251
f 8251 9627 9830
f 9830 8185 8251
f 8247 10430 11772
f 8292 8293 8337
f 8293 8292 9624
f 9624 8272 8293
f 9908 8239 8272
f 8412 8404 8450
f 8390 8461 11367
f 9364 9945 10309
f 8458 10777 11679
f 11367 8381 8390
f 8342 8404 8412
f 8343 8342 8412
f 12527 10309 8412
f 8390 8381 11274
f 9474 8300 8379
f 12845 10595 8344
f 8344 10595 11184
f 11274 8337 8390
f 8342 8343 9926
f 8322 8342 9772
f 11184 8322 8344
f 8292 8337 8344
f 8322 9772 9871
f 8322 8271 8344
f 8271 8292 8344
f 8322 9596 12155
f 12155 8271 8322
f 9596 8233 8254
f 10744 8222 8233
f 8292 8271 9720
f 9964 8254 8167
f 8379 8343 8406
f 8300 8343 8379
f 8190 8235 8244
f 8156 9329 8235
f 8190 8156 8235
f 8171 8087 11977
f 8190 8244 8251
f 11772 11153 8247
f 8185 8190 8251
f 9984 9621 8185
f 8190 8185 9722
f 8190 9722 12988
f 8185 9621 10466
f 12654 10466 9338
f 12988 10090 8190
f 10289 8133 8157
f 8128 8133 8204
f 8076 8087 8171
f 8133 8100 8157
f 8079 9338 12367
f 8076 8171 12976
f 12367 8100 8079
f 12976 8079 8076
f 8100 10527 12135
f 8076 8069 8087
f 8048 8079 8100
f 12135 8048 8100
f 8050 8079 10562
f 8050 8076 8079
f 8050 8069 8076
f 9905 9585 8221
f 12295 9585 8204
f 10241 8128 8204
f 8142 8155 10798
f 8142 10798 11180
f 11180 8136 8142
f 8128 8155 10879
f 8133 8128 9783
f 8089 8142 11951
f 8081 8136 9618
f 8047 10527 11023
f 8047 9794 11491
f 11951 10890 8089
f 8081 8045 8136
f 8053 8045 8081
f 8089 10890 11821
f 11491 10472 8047
f 12427 11347 8148
f 12460 8148 8094
f 11347 8094 8148
f 8105 8094 8135
f 8081 9618 10524
f 8088 8105 8135
f 8094 8105 11195
f 8074 8105 12495
f 8081 9957 12632
f 12632 8053 8081
f 10829 8207 8239
f 8205 8216 9792
f 8207 8211 8239
f 8197 10208 11253
f 8205 8207 8216
f 11253 9844 8197
f 8151 10054 11159
f 8135 8187 8197
f 8205 8151 10030
f 9844 8141 8197
f 8151 11159 11815
f 8135 8197 12154
f 12254 11815 8141
f 11860 8059 8097
f 8088 8135 11711
f 8059 8055 8097
f 8051 8059 8075
f 8097 8044 8141
f 11711 8044 8088
f 9365 8233 10720
f 8205 9792 11869
f 8254 8233 10564
f 8150 10054 12487
f 10564 9639 8254
f 9639 8167 8254
f 8149 8165 9365
f 11502 10668 8167
f 12487 10668 8150
f 8075 8059 12641
f 12641 8095 8075
f 8049 8095 8165
f 8049 8075 8095
f 10562 7968 8050
f 7959 7968 10896
f 7959 10896 12380
f 9119 7959 11494
f 8047 9366 8048
f 8045 8007 8070
f 9366 8047 9820
f 9820 7908 9366
f 7908 8070 10257
f 10257 10079 7908
f 11494 9780 9119
f 10079 9759 7908
f 7900 7831 7932
f 9119 9780 10135
f 7760 7839 9738
f 7760 9738 10401
f 8007 8045 8053
f 12495 10841 8074
f 12984 8006 8053
f 7955 8007 8053
f 8006 7955 8053
f 10841 8006 8074
f 7955 7932 8007
f 11433 7925 8006
f 7963 7925 8009
f 7925 7955 8006
f 7900 7932 7955
f 7925 7900 7955
f 7925 7963 11775
f 7867 7900 7925
f 7938 7873 7963
f 7873 7886 7963
f 7867 7831 7900
f 11775 7867 7925
f 7873 7809 7886
f 7801 7867 7886
f 8055 8044 8097
f 8051 8020 8059
f 7973 8055 8059
f 8020 7973 8059
f 7948 8044 8055
f 8009 8088 12005
f 7973 7948 8055
f 12005 11286 8009
f 7985 7973 8020
f 11286 7938 8009
f 7938 7963 8009
f 7916 7948 7973
f 7916 7973 7985
f 7876 7938 7948
f 7916 7876 7948
f 7876 7873 7938
f 6842 9346 6902
f 6767 6967 6976
f 9346 6767 6976
f 6834 9346 6842
f 6767 6803 6967
f 6748 6842 6859
f 6767 6727 6803
f 6435 6727 6767
f 6441 6834 6842
f 6748 6441 6842
f 4902 9190 5459
f 4749 4902 12607
f 5636 5699 5773
f 9464 5590 5863
f 5636 5551 5699
f 5540 5576 5699
f 5590 5636 5863
f 5590 5551 5636
f 5551 5540 5699
f 5540 5400 5576
f 5376 5590 9464
f 5393 5376 9464
f 5219 5540 5551
f 5359 5400 5540
f 5351 5551 5590
f 5376 5351 5590
f 5400 5359 5459
f 5240 5359 5540
f 5240 4902 5459
f 5359 5240 5459
f 5219 5130 5540
f 5130 5240 5540
f 5351 5219 5551
f 5018 5376 5393
f 5089 5018 5393
f 5018 4837 5376
f 4970 4902 5240
f 4670 5351 5376
f 4837 4670 5376
f 5130 4970 5240
f 4903 4970 5130
f 4899 5130 12948
f 4671 5219 5351
f 12948 4671 4899
f 4846 4671 5351
f 5295 5170 5393
f 4833 5018 5089
f 5170 5089 5393
f 4833 5089 5170
f 6038 6422 6752
f 6285 6038 10226
f 6038 5743 6184
f 5651 5743 6038
f 5936 5651 6038
f 5651 5434 5743
f 9346 6734 6767
f 6734 9346 6834
f 6441 6734 6834
f 6441 6371 6734
f 6435 6581 6727
f 6734 6435 6767
f 10226 6581 6285
f 6727 6581 6752
f 6435 6269 6581
f 5995 6435 6734
f 6735 6378 6748
f 6378 6441 6748
f 6486 6271 6735
f 6271 6378 6735
f 6378 6156 6441
f 6156 6371 6441
f 6269 6285 6581
f 6371 5995 6734
f 5995 6078 6435
f 6078 6269 6435
f 6156 6007 6371
f 6007 5995 6371
f 6136 6007 6156
f 6269 6078 11209
f 11209 6285 6269
f 5936 6038 6285
f 5510 5718 6285
f 5936 6285 12126
f 6078 5995 11570
f 5901 6007 6136
f 5995 6007 10047
f 12150 5901 5668
f 11570 5510 6078
f 12126 5651 5936
f 10047 5682 5995
f 5668 5566 5682
f 5641 5460 5668
f 5072 5651 5718
f 5510 5682 12309
f 5566 5239 5682
f 5328 5566 5668
f 5510 5073 5718
f 5434 5651 10840
f 12309 5310 5510
f 5328 5239 5566
f 5460 5328 5668
f 5073 5072 5718
f 5310 5073 5510
f 5235 5239 5328
f 5434 10840 11136
f 5162 5434 10908
f 5235 5027 5239
f 5003 5073 5310
f 5239 5003 5310
f 5027 5003 5239
f 4825 5074 5162
f 10908 4825 5162
f 4685 5003 5027
f 4659 5072 5073
f 5072 4793 5093
f 4793 4825 5093
f 4659 4793 5072
f 6132 6271 6486
f 6132 5874 6271
f 6271 6156 6378
f 5883 5874 6132
f 6271 5874 12745
f 6156 6271 10404
f 11558 5752 5858
f 10404 6136 6156
f 5594 5901 6136
f 5858 5594 6136
f 5660 5752 5874
f 5660 5874 5883
f 5594 5641 5901
f 5660 5578 5752
f 5641 5668 5901
f 5541 5594 5858
f 5594 9402 5641
f 5541 9402 5594
f 5752 5443 5858
f 5578 5443 5752
f 5443 5541 5858
f 5157 9402 5541
f 5443 5367 5541
f 5238 5578 5660
f 5433 5238 5660
f 5157 4965 9402
f 5044 5367 5443
f 5044 5443 5578
f 5367 5157 5541
f 5238 4808 5578
f 4808 5044 5578
f 4733 5157 5367
f 4733 4965 5157
f 4808 5238 5433
f 5044 4981 5367
f 4981 4733 5367
f 4732 4808 5433
f 4727 4711 9190
f 12607 4887 4749
f 4515 9190 4902
f 4749 4515 4902
f 4465 4711 4727
f 4527 4727 11060
f 11060 4515 4527
f 4515 4414 4527
f 4328 4749 4887
f 4325 4328 4887
f 4414 4515 4749
f 4186 4465 11884
f 11884 4527 4186
f 4186 4241 4465
f 4325 4103 4328
f 4188 4414 4749
f 4414 4188 4527
f 4188 3986 4527
f 4328 4171 4749
f 4103 4171 4328
f 4171 4188 4749
f 3986 4186 4527
f 4103 3934 4171
f 3986 3858 4186
f 4241 4186 12936
f 3858 3771 4186
f 12936 3649 4241
f 4171 9447 4188
f 9479 3934 4103
f 3901 3986 4188
f 9447 3901 4188
f 3934 9447 4171
f 3775 9447 3934
f 3649 3771 12117
f 3688 3858 3986
f 3688 3771 3858
f 12117 9812 3649
f 3688 3587 3771
f 3587 3698 3771
f 3901 3688 3986
f 3550 9447 3775
f 3476 3775 3934
f 3609 3688 3901
f 3476 3550 3775
f 3587 3482 3698
f 3609 3587 3688
f 3550 3514 9447
f 9447 3514 3901
f 9479 3476 3934
f 3435 3609 10886
f 9812 3321 3649
f 3476 3315 3550
f 10886 3514 3435
f 3482 3587 3609
f 3698 3482 12190
f 12190 3316 3698
f 3435 3362 3609
f 3522 3476 9479
f 3315 9423 3550
f 3186 3315 3476
f 3186 3476 3522
f 3253 3186 3522
f 3252 3253 3522
f 3301 3229 3609
f 3362 3301 3609
f 3229 3482 3609
f 3227 3191 3482
f 3229 3227 3482
f 3315 3164 9423
f 4903 4887 4970
f 4899 4903 5130
f 4670 4774 5351
f 4774 4846 5351
f 4723 4837 5018
f 4833 4723 5018
f 4774 4671 4846
f 4579 4671 4774
f 4670 4561 4774
f 4561 4579 4774
f 4723 4670 4837
f 4671 4586 4899
f 4579 4586 4671
f 4899 4887 4903
f 4561 4670 4723
f 4325 4887 4899
f 4586 4325 4899
f 4255 4561 12996
f 4561 4255 4579
f 12996 12752 4255
f 4238 4325 4586
f 4579 4206 4586
f 4167 4206 4579
f 12752 4168 4255
f 4237 4168 9112
f 4255 4167 4579
f 4206 4238 4586
f 4238 4103 4325
f 4064 4168 4237
f 4167 4128 4206
f 3982 9479 4103
f 3982 4103 4238
f 4206 3982 4238
f 4000 4167 4255
f 4168 4000 4255
f 4000 4128 4167
f 4064 3878 4168
f 3878 4000 4168
f 3878 3753 4000
f 3817 4128 11723
f 4128 3814 4206
f 3817 3814 4128
f 3850 3594 3878
f 3594 3753 3878
f 11723 3677 3817
f 3814 3982 4206
f 3753 3677 4000
f 3814 9479 3982
f 3546 3814 3817
f 3594 3591 3753
f 3591 3677 3753
f 3591 3580 3677
f 3677 3580 3817
f 3521 9479 3814
f 3546 3521 3814
f 3580 3546 3817
f 3521 3522 9479
f 3457 3546 3580
f 3431 3591 3594
f 3323 3457 3580
f 3323 3580 3591
f 3431 3255 3591
f 3255 3323 3591
f 3457 3218 3546
f 3218 3521 3546
f 3521 3165 3522
f 3218 3165 3521
f 3323 3218 3457
f 3261 3255 3431
f 9112 4723 4833
f 9112 4833 5170
f 5003 4659 5073
f 4659 4471 4793
f 4685 4659 5003
f 4378 4575 4825
f 4825 4793 12684
f 4471 4659 4685
f 4685 5027 11575
f 12684 4378 4825
f 4471 4481 4793
f 4471 4139 4481
f 4471 4685 10062
f 10062 4139 4471
f 3999 4378 4481
f 4139 3999 4481
f 3999 4150 4378
f 10143 4545 4069
f 4150 3999 11875
f 11875 4086 4150
f 3916 3999 4139
f 4069 3916 4139
f 3916 3813 3999
f 3813 3862 4086
f 3969 3936 4086
f 3768 3813 3916
f 3768 3916 4069
f 3880 3768 4069
f 3767 3969 4086
f 3813 3767 3862
f 3862 3767 4086
f 3478 3768 3880
f 3768 3707 3813
f 3969 3767 12733
f 3670 3767 3813
f 3707 3670 3813
f 3768 3478 11343
f 11343 3707 3768
f 11467 3458 3707
f 3458 3670 3707
f 3434 3478 3582
f 3434 3251 3478
f 3251 3387 3458
f 9240 5044 10973
f 4732 4638 4808
f 4679 4981 5044
f 9240 4679 5044
f 4554 4638 4732
f 4679 4563 4981
f 4563 4733 4981
f 4342 4563 4679
f 4342 4679 9240
f 9240 10973 11666
f 11666 4352 9240
f 4638 4364 4808
f 4342 4233 4563
f 4554 4140 4638
f 4140 4364 4638
f 4332 4140 4554
f 4081 4352 4364
f 4352 4345 9240
f 4345 4342 9240
f 4140 4081 4364
f 4085 4140 4332
f 3909 4345 4352
f 4081 3987 4352
f 3987 3909 4352
f 3819 4081 4140
f 4085 3819 4140
f 3819 3987 4081
f 4345 3909 11047
f 3819 3909 3987
f 11047 10561 4345
f 3674 3819 4085
f 3674 4085 12973
f 3819 3673 3909
f 3673 3702 3909
f 3702 3574 9442
f 3683 3673 3819
f 3674 3683 3819
f 3670 3507 3767
f 3430 3574 3702
f 4075 3969 11438
f 12973 11438 3674
f 3673 3274 3702
f 3274 3430 3702
f 3458 3387 3670
f 3387 3507 3670
f 3436 3673 3683
f 3436 3274 3673
f 3258 3683 11783
f 11783 10473 3258
f 3258 3436 3683
f 10473 3387 3258
f 3251 3300 3387
f 3278 3367 3430
f 10561 4342 4345
f 3574 3538 9442
f 3430 3367 3538
f 3367 3246 3538
f 3430 3538 3574
f 3246 3401 3538
f 3096 3227 3229
f 3096 3051 3227
f 2950 3229 3301
f 2950 3096 3229
f 2986 2950 3301
f 2901 2950 2986
f 2950 2861 3096
f 2945 3051 3096
f 2861 2945 3096
f 2945 2794 2985
f 2557 2901 2986
f 9343 2557 2986
f 2816 2861 2950
f 2901 2816 2950
f 2734 2794 2945
f 2712 2681 2794
f 2734 2712 2794
f 2861 2626 2945
f 2626 2734 2945
f 2816 2626 2861
f 2737 2816 2901
f 2557 2737 2901
f 2816 2737 11506
f 11165 2737 2557
f 2457 2420 2737
f 9310 2681 2712
f 2626 2712 2734
f 11506 2339 2816
f 2339 2626 2816
f 2712 2626 11262
f 2339 2302 2626
f 2240 2302 2339
f 2368 2420 2457
f 2375 9310 2712
f 11262 2301 2712
f 2301 2375 2712
f 2368 2229 2420
f 2229 2339 2420
f 2339 2229 12734
f 12734 2240 2339
f 2182 2301 2302
f 2222 2182 2302
f 2221 2330 2375
f 2301 2221 2375
f 2240 2222 2302
f 3186 3164 3315
f 3051 3191 3227
f 3076 3362 3435
f 3191 3132 3316
f 2998 3236 3321
f 3316 3132 3321
f 3132 2998 3321
f 3165 3104 3253
f 2986 3301 3362
f 3076 2986 3362
f 3051 3132 3191
f 2998 3091 3236
f 2989 2998 3132
f 3080 3104 3165
f 3086 3186 3253
f 3104 3086 3253
f 3086 3164 3186
f 2985 2989 3132
f 3051 2985 3132
f 2998 2884 3091
f 2893 3086 3104
f 3080 2893 3104
f 2945 2985 3051
f 3028 2941 3114
f 2941 3028 3029
f 2893 2970 3086
f 2970 2961 3086
f 2961 2711 3086
f 2884 2888 3091
f 2888 3005 3091
f 2985 2681 2989
f 2794 2681 2985
f 2911 2831 3080
f 2836 2941 3005
f 2831 2893 3080
f 2941 2836 3114
f 2884 2724 2888
f 2888 2835 3005
f 2989 2724 2998
f 2724 2884 2998
f 2681 2724 2989
f 2822 2831 2911
f 2844 2911 3114
f 2836 2844 3114
f 2835 2836 3005
f 2893 2831 2970
f 2844 2822 2911
f 2835 2703 2836
f 2822 2746 2831
f 2836 2703 2844
f 2746 2822 2844
f 2724 2670 2888
f 2670 2835 2888
f 2670 2703 2835
f 2592 2711 2961
f 2592 2961 2970
f 2831 2667 2970
f 2746 2667 2831
f 2654 2746 2844
f 2703 2601 2844
f 2667 2592 2970
f 2601 2654 2844
f 2670 2616 2703
f 2616 2601 2703
f 2681 9310 2724
f 2486 2667 2746
f 2529 2486 2746
f 2654 2529 2746
f 2670 2724 11173
f 9273 2601 2616
f 2601 2514 2654
f 2514 2529 2654
f 2421 2616 12489
f 12489 11173 2421
f 2375 2330 9310
f 2330 2421 9310
f 2474 10413 10956
f 2486 2482 2667
f 9273 2514 2601
f 2421 9273 2616
f 10956 2159 2474
f 11876 2482 2159
f 2213 2482 2486
f 2213 2486 2529
f 2330 9174 2421
f 2221 9174 2330
f 2514 2272 2529
f 2272 2213 2529
f 2421 2066 9273
f 2288 2066 2421
f 9273 2272 2514
f 2066 2272 9273
f 2085 2159 2482
f 2213 2085 2482
f 9174 2196 2421
f 2196 2288 2421
f 2108 2085 2213
f 2066 2213 2272
f 3165 3252 3522
f 3252 3165 3253
f 3198 3218 3323
f 3255 3202 3323
f 3202 3255 3261
f 3202 3198 3323
f 3114 3198 12124
f 12124 3028 3114
f 3080 3165 3218
f 3198 3080 3218
f 2911 3080 3198
f 3114 2911 3198
f 3274 3278 3430
f 3251 3434 10399
f 3123 3258 3387
f 3278 3167 3367
f 3258 3123 3436
f 10399 3300 3251
f 3274 3167 3278
f 3300 3123 3387
f 3167 3274 3436
f 3017 3167 3436
f 11273 3045 3300
f 3045 3123 3300
f 3123 3017 3436
f 3167 2971 3367
f 3017 2971 3167
f 2971 2784 3367
f 3001 2843 3045
f 2784 2947 3044
f 3045 2843 3123
f 2843 2940 3123
f 2949 3017 3123
f 2940 2949 3123
f 2949 2971 3017
f 2804 2784 2971
f 2949 2804 2971
f 3044 3246 3367
f 3044 3049 3246
f 2784 3044 3367
f 3044 2947 3049
f 2090 2096 2240
f 2180 2090 2229
f 2159 2092 2474
f 2101 2108 2213
f 2066 2101 2213
f 9441 9008 9786
f 9011 8992 10235
f 12283 10871 8882
f 9429 8906 10764
f 9651 8883 8906
f 9492 8676 10474
f 8608 8538 8654
f 9332 8441 12120
f 8494 8501 8532
f 8354 8326 8370
f 8264 10346 10715
f 9290 8300 11221
f 10090 8156 8190
f 8087 8069 8111
f 8114 8149 11981
f 8149 8049 8165
f 8114 8049 8149
f 7800 7756 7831
f 10401 7756 7760
f 7801 7831 7867
f 7801 7800 7831
f 7755 7801 12639
f 12639 7773 7755
f 7809 7873 7876
f 6727 6752 6803
f 6859 6842 6902
f 6769 6748 6859
f 6735 6748 6769
f 6511 6735 6769
f 9190 4711 5459
f 5863 5636 5997
f 5699 5576 5773
f 5295 5393 9464
f 6422 6303 6752
f 6038 6184 6422
f 5434 5536 5743
f 5434 5162 5536
f 6511 6486 6735
f 4825 4575 5074
f 5430 5660 5883
f 5430 5433 5660
f 4465 4241 4503
f 3649 3321 3800
f 3321 3236 3338
f 3850 3878 4064
f 3261 3431 3508
f 4429 9112 5170
f 4102 4064 4237
f 4575 4378 4656
f 4150 4320 4378
f 4378 4320 4656
f 4150 4086 4320
f 4075 4085 4332
f 3969 4075 4088
f 3936 3969 4088
f 3091 3005 3200
f 3029 3028 3277
f 3005 2941 3029
f 3005 3029 3200
f 2761 2804 2949
f 2940 2761 2949
f 2672 2761 2940
f 2755 2672 2940
f 2761 2583 2804
f 2583 2540 2804
f 2672 2583 2761
f 2687 2784 2804
f 2540 2687 2804
f 9336 9382 7354
f 9435 7354 7450
f 9336 7354 9435
f 9121 6614 6764
f 9121 7023 7068
f 7234 7068 11495
f 6973 6956 6986
f 6991 7035 7052
f 6986 6991 7052
f 7052 7035 7108
f 7013 7052 7108
f 7013 7108 7148
f 7029 7148 7205
f 7382 7426 9312
f 9312 7426 7479
f 11643 7479 7524
f 7524 7479 7550
f 7550 7479 7560
f 7560 7523 11691
f 7585 7669 11800
f 11800 7547 7585
f 11691 7550 7560
f 7585 7650 7669
f 7547 7571 7585
f 7585 7630 7651
f 7585 7571 7601
f 7585 7601 7630
f 7571 7598 7601
f 7598 7561 7621
f 7561 7598 10392
f 7621 7561 7626
f 7630 7601 7634
f 7630 7634 7642
f 7598 7621 7654
f 7651 7630 7667
f 7552 7569 7613
f 7553 7602 7620
f 7620 7602 7628
f 7628 7602 7631
f 7602 7552 7603
f 7602 7603 7631
f 7603 7552 7631
f 7631 7613 7649
f 7643 7649 9436
f 7643 7631 7649
f 7628 7645 9446
f 9435 7450 12782
f 12782 9652 9435
f 7698 9302 7720
f 7702 7720 7737
f 7670 7697 9241
f 9436 7670 9241
f 7772 7746 7774
f 7772 7774 7823
f 12962 7823 7810
f 8106 8073 8121
f 8184 8227 12688
f 8415 8364 11516
f 8227 8249 8290
f 8226 8227 8290
f 11516 8427 8415
f 8490 8484 11056
f 8484 8524 8525
f 8525 8549 8570
f 8554 8563 8577
f 8471 8480 8509
f 8623 8570 10987
f 10228 8658 8671
f 11560 8577 8631
f 8752 8714 8793
f 10447 8845 8827
f 8793 8772 8816
f 8840 11229 12910
f 9067 9054 9077
f 9075 9270 9077
f 9270 9075 12431
f 9081 9574 10865
f 9424 10174 10314
f 10174 9074 9062
f 12578 10205 9082
f 10168 9086 9074
f 9424 9048 9064
f 6379 6463 6692
f 6614 6379 6692
f 6462 6392 6643
f 6462 6643 6695
f 6643 6392 9221
f 6540 6642 6805
f 6463 6540 6805
f 6634 6643 9221
f 6642 6695 6833
f 6668 6567 6685
f 6685 6567 6794
f 6377 6668 6716
f 6716 6668 6773
f 7272 7277 7448
f 7048 9382 9336
f 12455 9336 7277
f 7277 9336 9213
f 9213 9336 9435
f 6692 6463 6782
f 6614 6692 6764
f 6764 6692 6921
f 6692 6782 6921
f 6764 6921 7023
f 6921 6782 6989
f 6921 6989 7029
f 7023 6921 7075
f 6921 7029 7075
f 11495 7075 7234
f 7075 7029 7205
f 6797 6642 6833
f 6642 6797 6805
f 6782 6463 6805
f 6695 6643 6828
f 6828 6643 10460
f 6695 6828 6833
f 6797 6833 6923
f 10460 6884 6828
f 6634 6776 6884
f 6797 6923 7003
f 6797 6782 6805
f 6912 6776 6973
f 6776 6773 6973
f 6833 6828 6923
f 6884 6776 6912
f 6884 6912 6971
f 6828 6884 6971
f 6923 6828 6971
f 6782 6797 7003
f 6773 6839 6973
f 6989 6782 7003
f 6898 6956 6973
f 6839 6898 6973
f 6923 6999 7003
f 6923 6971 6999
f 6999 6971 7013
f 6971 6912 7052
f 7013 6971 7052
f 6912 6973 6986
f 6989 7003 7029
f 6912 6986 7052
f 7029 7003 7148
f 7003 6999 7148
f 6999 7013 7148
f 6668 6685 6773
f 6634 6716 6776
f 6716 6773 6776
f 6685 6794 6898
f 6773 6685 6839
f 6839 6685 6898
f 7384 9168 7483
f 9168 9443 7483
f 7479 7426 7483
f 7483 9443 7497
f 7483 7497 12292
f 12292 7523 7483
f 7479 7483 7523
f 7497 7543 7547
f 7479 7523 7560
f 9367 7422 7482
f 9267 9301 7461
f 7461 9301 9367
f 9267 7461 7543
f 9367 7482 7498
f 12136 7497 9443
f 7497 9267 7543
f 7509 7461 11161
f 9367 7498 7517
f 7461 7509 7543
f 7517 7498 12950
f 11161 7517 7509
f 7543 7509 7547
f 7547 7509 7571
f 7571 7509 12479
f 12950 7561 7517
f 10392 7517 7561
f 7561 7553 7620
f 7561 7620 7626
f 7621 7624 7654
f 7624 7621 7626
f 7624 7626 7639
f 7601 7598 7634
f 7634 7598 7654
f 7626 7628 7639
f 7626 7620 7628
f 7638 7624 7639
f 7638 7639 7655
f 7639 7653 7655
f 7642 7634 7654
f 7624 7638 7654
f 7653 7639 7656
f 7639 7628 7656
f 7654 7638 7661
f 7638 7655 7661
f 7661 7655 7683
f 7642 7654 7661
f 7642 7661 7682
f 7682 7661 7683
f 7682 7683 9302
f 7655 7680 7683
f 7655 7653 7680
f 7656 10142 10673
f 10673 7653 7656
f 7642 7682 9302
f 7422 7425 7482
f 7424 7272 7464
f 7272 7448 7464
f 7277 9213 7448
f 7424 7464 11559
f 7464 7448 7515
f 9452 7464 7515
f 7425 7424 10195
f 7482 7425 9828
f 9828 7528 7482
f 7448 7501 7515
f 7498 7482 7528
f 7528 9452 7552
f 7498 7528 7553
f 9888 7515 9288
f 7515 7501 9288
f 9452 7515 7569
f 7552 9452 7569
f 7553 7528 7602
f 7528 7552 7602
f 7628 7631 7645
f 7631 7643 7645
f 7628 9446 7656
f 7656 9446 7704
f 7645 7643 9436
f 7645 9436 9446
f 7448 9213 7501
f 7501 9213 9288
f 7958 7933 12512
f 12512 12100 7958
f 7958 7937 8064
f 7965 7937 11197
f 7986 7965 9999
f 7937 7965 11623
f 11623 8064 7937
f 7965 7986 8043
f 11171 9561 8073
f 12452 8098 8073
f 8098 9546 10933
f 7986 8020 8051
f 7986 8051 12956
f 12956 8043 7986
f 8049 8051 8075
f 8043 8049 8103
f 7720 7718 7741
f 9302 7718 7720
f 7718 7728 7741
f 7737 7720 7741
f 7737 7741 7770
f 7741 7728 7786
f 7718 7709 7728
f 7829 7728 12303
f 7786 7728 7829
f 7770 7741 7834
f 7741 7786 7834
f 7828 7770 7834
f 7829 7769 7876
f 7769 7809 7876
f 7849 7786 12359
f 7834 7786 7849
f 7829 7876 11582
f 7834 10083 11007
f 11007 7828 7834
f 12359 11582 7849
f 7887 7849 7916
f 11883 7866 7828
f 7887 7916 7985
f 10083 7937 7958
f 12202 11406 7887
f 7986 9999 11513
f 11513 8020 7986
f 7680 10142 11114
f 9302 7683 7718
f 7709 7683 11662
f 7683 7709 7718
f 11114 7733 7680
f 7680 7733 11531
f 11531 7713 7680
f 11662 7713 7709
f 12808 7773 7713
f 7709 7713 7773
f 7755 7733 11987
f 7733 7729 7756
f 12303 7773 7829
f 7773 7769 7829
f 7755 11987 12035
f 12035 7801 7755
f 7769 7773 7886
f 7809 7769 7886
f 9446 9436 7699
f 9446 7699 7704
f 7699 9436 7719
f 9436 9241 7719
f 7704 7699 7723
f 7729 7704 11362
f 7699 7719 7723
f 7723 7719 7745
f 7719 9241 7745
f 7723 7745 7805
f 11362 10682 7729
f 10682 7756 7729
f 7745 9241 7772
f 9241 7746 7772
f 7760 7723 12196
f 12196 7822 7760
f 7745 7772 11528
f 7805 7745 10170
f 7822 10371 10870
f 7760 7822 7839
f 10870 10135 7822
f 10371 7847 9119
f 7836 7772 7838
f 7772 7823 7838
f 10852 10170 7847
f 7823 7857 7880
f 7838 7823 7880
f 7836 7838 7877
f 7877 7838 7880
f 7907 7847 11126
f 7907 11126 12993
f 7959 9119 11979
f 7880 7857 7931
f 7959 11979 12971
f 7880 7931 7992
f 7877 11529 12499
f 12993 12499 7907
f 7946 7907 7976
f 12971 11914 7959
f 7968 7959 11268
f 7946 7976 7984
f 11529 10323 7976
f 11268 8050 7968
f 7976 10323 11972
f 7946 7984 8050
f 7984 7976 8027
f 8027 7976 10731
f 8021 7992 8029
f 8050 7984 8069
f 7984 8027 8069
f 8021 8029 8082
f 8082 8029 8099
f 8255 8191 9704
f 8228 8191 8255
f 8064 8043 11963
f 8098 10933 12039
f 8073 8098 8121
f 8121 8098 12289
f 12039 8116 8098
f 8103 8049 8114
f 8116 8103 11521
f 12289 8160 8121
f 8131 8121 8160
f 11521 10236 8116
f 8178 10405 10690
f 8116 10236 10993
f 10993 8160 8116
f 10414 10383 8191
f 10690 8222 8178
f 8199 9410 11819
f 10207 8160 9410
f 8225 8199 11372
f 11372 8222 8225
f 8069 8027 8111
f 8087 8111 8125
f 10731 8090 8027
f 8090 11562 11620
f 8027 8090 8111
f 11620 8115 8090
f 8082 8099 8115
f 8090 8115 8129
f 8111 8090 9868
f 8090 8129 8144
f 9868 8125 8111
f 8129 8115 8143
f 12592 8143 8115
f 8129 8143 8144
f 10608 10569 8156
f 8220 8144 11891
f 8200 8143 12271
f 11891 8200 8220
f 12271 11549 8200
f 9329 8156 9676
f 8200 8218 8220
f 9329 9676 11507
f 11549 8226 8200
f 8218 8200 8226
f 9704 8261 8255
f 9810 8199 8261
f 8199 8225 11369
f 11369 8261 8199
f 8255 8261 10925
f 8228 8255 10224
f 8323 8261 8345
f 8288 8228 10122
f 8345 9885 12543
f 10122 8306 8288
f 8306 8323 8360
f 8333 8306 8360
f 8323 8345 8394
f 8360 8323 12852
f 8349 8333 8360
f 8333 8349 8364
f 12543 8394 8345
f 9474 8379 10741
f 12852 12022 8360
f 10741 8394 9474
f 12022 8349 8360
f 8392 8379 12982
f 12982 8448 8392
f 8225 8222 11812
f 11221 9885 9290
f 12980 11468 8291
f 11468 8218 8291
f 8218 8226 8280
f 8280 8226 8290
f 8218 8280 8296
f 8291 8218 8296
f 8280 8290 8307
f 8321 8296 11712
f 11712 8307 8321
f 8264 10715 11279
f 8291 8296 8331
f 11279 8326 8264
f 8296 8321 8331
f 8321 8307 8356
f 8331 8321 8361
f 8356 8307 8373
f 8326 8331 8361
f 8356 8373 8407
f 8463 8370 10522
f 10522 8361 8463
f 8361 9742 11068
f 8321 8356 8408
f 9742 8408 8444
f 8356 8407 8408
f 8408 8407 9097
f 8392 8382 8394
f 8427 8382 10024
f 12119 8382 8427
f 8427 10024 10887
f 10887 8465 8427
f 8392 8448 8494
f 8454 8392 8494
f 11056 8427 8490
f 8454 8494 8502
f 8427 8465 8490
f 8454 8502 11653
f 8484 8490 8524
f 8490 9625 10102
f 10102 8524 8490
f 8502 8494 8532
f 12631 11653 8465
f 8549 9625 11055
f 9417 8502 8553
f 8502 8532 8553
f 8525 8524 8549
f 8612 8553 11154
f 11154 8560 8612
f 8578 8549 10092
f 8560 9277 8612
f 9417 8553 10216
f 8553 8612 8638
f 8408 9097 10540
f 10540 8444 8408
f 11068 8463 8361
f 8441 8370 8463
f 8463 8444 12804
f 12120 9543 9332
f 8444 9212 8533
f 12029 9694 8538
f 9637 8639 8609
f 10412 8533 8639
f 8533 9212 12442
f 9212 8554 8601
f 9212 8520 8554
f 12442 8639 8533
f 8554 8577 8601
f 8538 8609 8654
f 9097 8407 8446
f 9097 8446 8471
f 9097 8471 8509
f 9212 9097 8509
f 9212 8509 8520
f 8554 8520 8563
f 8570 8549 8578
f 8642 8578 9854
f 9854 8638 8642
f 8612 9277 8684
f 11508 8578 8658
f 8578 8642 8658
f 8638 8612 8684
f 8657 8638 8684
f 8642 9686 12446
f 8656 9686 10400
f 12446 8658 8642
f 8658 8656 8671
f 10400 8705 8656
f 8696 8657 10931
f 8657 8696 8705
f 8671 8656 8723
f 8739 8656 11537
f 8723 8656 8739
f 11537 9849 8739
f 8739 9849 11305
f 11305 8764 8739
f 8723 8739 12253
f 12253 8771 8723
f 10931 9994 8696
f 12848 11352 8731
f 11352 10897 8731
f 8810 8731 10012
f 8601 8577 8672
f 8639 8601 10023
f 8609 10815 11966
f 11966 8654 8609
f 8704 8687 9641
f 9641 8672 8704
f 8761 9492 9606
f 8761 9606 11089
f 10131 8687 8707
f 11878 8704 8672
f 8687 8704 8707
f 11089 8767 8761
f 12183 8752 8704
f 8707 8704 8743
f 8743 8704 8752
f 11093 8743 8767
f 11621 8761 8792
f 8792 8761 12239
f 8743 8752 8811
f 8752 8793 8811
f 8767 8743 8811
f 8792 12239 12901
f 8764 8731 8829
f 8731 8810 8829
f 10012 9931 8810
f 8771 8764 11934
f 10579 10256 8845
f 8845 10256 11759
f 8810 9931 10183
f 10517 10097 8864
f 8855 8835 8857
f 10183 9753 8810
f 10097 9753 8864
f 9266 8845 11716
f 8855 8857 8878
f 8870 8855 8878
f 8878 8857 8886
f 11062 8878 8886
f 11716 8925 9266
f 8864 8870 8925
f 8870 8878 8913
f 11613 8913 8878
f 9961 9591 9455
f 8925 8870 9904
f 10470 8913 8961
f 8918 8935 11715
f 9455 9591 11695
f 8913 12264 12502
f 12264 11715 8993
f 12502 8961 8913
f 8767 8811 11601
f 11601 8806 8767
f 8811 8793 8816
f 11041 8806 8863
f 8806 8798 8865
f 8811 8816 8852
f 8798 8811 8852
f 8863 8806 8865
f 8798 8852 12244
f 8863 8865 8883
f 8883 8865 8885
f 8865 8798 8889
f 12244 8889 8798
f 8885 8865 8889
f 8883 8885 8906
f 8908 8889 11045
f 8906 8885 8931
f 8885 8889 8908
f 8885 8908 8931
f 11045 10442 8908
f 10442 8957 8908
f 8931 8908 8950
f 8950 8908 8957
f 12042 9593 8969
f 11861 11125 8978
f 8978 8961 8993
f 8978 8993 9005
f 9593 8998 8969
f 8978 9005 10907
f 10018 9019 8998
f 8935 8967 8984
f 8984 8967 12586
f 12586 9017 8984
f 8993 8984 11638
f 8992 9011 9017
f 11638 9005 8993
f 9005 9017 11488
f 11673 10165 9019
f 10235 9786 9011
f 9017 9011 9027
f 11012 10790 9031
f 10165 9698 9019
f 9019 9698 12413
f 9027 9011 9046
f 9011 9030 9046
f 10790 9041 9031
f 9030 9045 9061
f 10448 9045 9030
f 9046 9030 9061
f 9057 9046 9061
f 11924 9057 9041
f 9031 9041 9054
f 9054 9041 9057
f 9054 10105 11017
f 9057 9061 9071
f 10105 9071 9075
f 9008 9023 9910
f 9034 9037 9052
f 9026 9035 9037
f 9910 9063 9008
f 9045 9008 9063
f 9037 9035 9052
f 9061 9045 9063
f 10581 9733 9063
f 9060 9052 12068
f 9063 9733 10055
f 9061 9063 9613
f 9613 9071 9061
f 11017 9077 9054
f 9071 9069 9075
f 11181 9085 9069
f 9060 9080 9085
f 9084 9069 9085
f 9086 9081 10133
f 9086 10133 10548
f 9075 9069 9084
f 10548 9080 9086
f 10227 9729 9038
f 9038 9729 12056
f 9424 9053 10169
f 12056 9033 9038
f 12103 10178 9035
f 9033 9053 11923
f 11923 9059 9033
f 9068 9053 10387
f 12068 10178 9060
f 10387 10314 9068
f 9059 9068 9086
f 9068 9062 9086
f 10557 9080 9060
f 9080 9059 9086
f 9062 9074 9086
f 10764 8972 9429
f 11046 8950 8972
f 8950 8957 8972
f 8957 8959 9801
f 8957 9801 11010
f 8972 8957 8977
f 8983 11637 11771
f 8996 8977 12514
f 12514 11010 8996
f 11771 8989 8983
f 8972 8977 8989
f 8989 8977 12291
f 12768 9012 9000
f 8996 9007 9018
f 12291 11756 8989
f 12885 9018 9028
f 8983 8989 9012
f 9012 8989 9022
f 11756 9022 8989
f 11344 9018 9007
f 9018 9029 9048
f 9028 9018 11398
f 10169 9028 9424
f 11398 9424 9028
f 20 60 80
f 60 70 80
f 24 20 115
f 115 20 155
f 20 80 155
f 80 70 137
f 70 118 137
f 115 155 223
f 80 137 186
f 137 118 160
f 137 160 186
f 223 155 317
f 155 80 254
f 155 254 317
f 80 186 269
f 186 160 241
f 186 241 269
f 241 160 294
f 254 80 269
f 223 317 335
f 254 269 292
f 241 294 361
f 254 292 317
f 269 241 359
f 292 269 357
f 357 269 359
f 359 241 361
f 361 294 393
f 317 292 523
f 335 317 523
f 357 359 414
f 359 407 414
f 359 361 456
f 407 359 456
f 292 357 523
f 361 393 450
f 393 445 450
f 361 450 456
f 407 456 504
f 450 445 569
f 357 414 689
f 414 407 689
f 456 450 504
f 407 504 689
f 450 569 642
f 523 357 580
f 580 357 689
f 504 450 689
f 450 642 689
f 523 580 721
f 639 523 721
f 667 580 689
f 119 115 202
f 202 115 223
f 202 223 335
f 239 202 395
f 395 202 405
f 202 335 405
f 406 335 523
f 405 335 406
f 395 405 486
f 486 405 558
f 405 406 558
f 406 523 639
f 558 406 589
f 589 406 639
f 431 9438 521
f 431 521 615
f 521 515 665
f 615 521 665
f 6 37 41
f 37 6 81
f 41 37 92
f 37 81 100
f 92 37 100
f 6 9383 81
f 78 41 83
f 83 41 92
f 81 9383 233
f 83 92 205
f 100 81 334
f 233 9383 9438
f 83 132 169
f 219 100 334
f 92 100 205
f 132 83 9409
f 9409 83 205
f 229 81 233
f 81 229 334
f 100 219 325
f 208 100 325
f 205 100 208
f 132 9409 9262
f 276 132 9262
f 205 208 408
f 9409 205 408
f 233 9438 431
f 229 233 431
f 299 219 334
f 219 299 325
f 334 229 346
f 229 431 568
f 346 229 568
f 325 299 474
f 208 325 494
f 325 474 494
f 299 334 346
f 408 208 494
f 568 431 615
f 299 346 573
f 474 299 573
f 9409 408 634
f 408 494 634
f 346 568 573
f 9262 9409 634
f 494 474 575
f 474 573 575
f 576 9262 9261
f 568 562 573
f 494 575 633
f 494 633 634
f 573 562 719
f 562 568 770
f 568 615 770
f 575 573 647
f 647 573 719
f 642 685 689
f 642 569 685
f 720 639 721
f 667 689 756
f 580 667 762
f 721 580 762
f 689 685 756
f 685 723 803
f 762 667 797
f 667 756 797
f 721 762 844
f 720 721 844
f 797 756 985
f 756 685 803
f 844 762 966
f 756 803 985
f 762 909 966
f 762 797 909
f 803 723 868
f 909 797 1062
f 797 985 1160
f 985 803 1084
f 803 868 1084
f 909 1062 1234
f 966 909 1234
f 1062 797 1160
f 1084 868 1214
f 985 1084 1160
f 1187 1084 1214
f 1160 1084 1187
f 1234 1062 1260
f 1062 1160 1260
f 1160 1187 1262
f 1187 1214 1293
f 1262 1187 1293
f 1293 1214 1407
f 1160 1262 1320
f 1260 1160 1317
f 1317 1160 1320
f 1262 1293 1320
f 1317 1320 1509
f 1320 1293 1509
f 1234 1260 1322
f 11050 558 949
f 589 639 814
f 558 910 949
f 558 589 810
f 558 810 910
f 639 720 814
f 810 589 814
f 814 720 844
f 810 814 855
f 814 844 855
f 910 12285 12356
f 855 844 966
f 12285 855 1177
f 11763 1177 1140
f 855 966 1234
f 855 1083 1177
f 1083 855 1234
f 1177 1083 1203
f 1083 1234 1322
f 1335 1140 12807
f 12807 1203 1335
f 1328 1140 1335
f 1203 1083 1322
f 1328 1335 1350
f 1203 1322 1489
f 665 515 699
f 615 665 696
f 696 665 787
f 615 696 770
f 787 665 876
f 665 699 876
f 770 696 787
f 770 787 12447
f 787 876 981
f 1065 787 1104
f 876 936 981
f 787 967 1104
f 967 787 981
f 981 936 1037
f 967 981 1045
f 981 1037 1045
f 1037 936 1102
f 1104 967 1159
f 967 1045 1159
f 1065 1104 1159
f 1065 1159 1276
f 1037 1102 1145
f 1045 12557 12934
f 12557 1145 1334
f 1276 1159 1337
f 1127 1065 1276
f 1159 1045 1345
f 1337 1159 9418
f 12934 1366 1045
f 1345 1045 1366
f 1145 1288 1334
f 1159 1345 9418
f 1334 1288 1401
f 1366 1334 1493
f 1276 1337 1514
f 634 633 715
f 633 575 716
f 715 633 716
f 575 647 716
f 647 719 755
f 9262 634 9261
f 719 562 817
f 562 770 817
f 755 719 817
f 647 755 878
f 716 647 878
f 755 817 927
f 9261 634 921
f 12447 817 770
f 878 755 927
f 634 715 921
f 742 9261 871
f 9261 921 1006
f 878 927 928
f 716 878 928
f 715 716 1157
f 716 928 986
f 716 986 1157
f 921 715 1157
f 927 817 977
f 977 817 1065
f 871 9261 1006
f 1006 921 1157
f 986 928 1197
f 928 927 1197
f 927 977 1197
f 1048 1006 1157
f 871 1006 1143
f 1006 1048 1143
f 1098 871 1143
f 1056 986 1197
f 986 1056 1157
f 977 1065 1127
f 1193 1056 1197
f 1157 1056 1193
f 1169 1098 1305
f 1098 1143 1305
f 977 1127 1326
f 1127 1276 1326
f 1143 1048 1305
f 1193 1197 1389
f 1048 1157 1336
f 1331 1336 12067
f 12067 1193 1331
f 1389 1197 12916
f 12916 1326 1389
f 1048 1336 1406
f 1048 1406 1425
f 1305 1048 1425
f 1331 1193 1389
f 1326 1276 1514
f 1455 1312 12340
f 1389 1326 1514
f 1260 1317 1448
f 1448 1317 1563
f 1500 1293 1555
f 1293 1500 1509
f 1317 1509 1563
f 1520 1448 1563
f 1509 1500 1734
f 1500 1555 1734
f 1563 1509 1761
f 1520 1563 1636
f 1509 1734 1761
f 1636 1563 1761
f 1734 1671 1761
f 1763 1636 1871
f 1636 1761 1871
f 1761 1671 1949
f 1763 1871 1905
f 1671 1734 1830
f 1871 1761 1949
f 1671 1830 1949
f 1905 1871 2040
f 1871 1949 2219
f 2040 1871 2219
f 1949 1848 1998
f 1949 1998 2219
f 1998 1848 2149
f 1998 2149 2219
f 2040 2219 2227
f 2227 2219 2297
f 1322 1260 1489
f 1260 1448 1489
f 1684 1335 11169
f 1350 1335 1659
f 1659 1335 1684
f 1203 1489 10750
f 1489 1571 1576
f 11169 10750 1684
f 1489 1448 1520
f 1489 1520 1571
f 1571 1520 1636
f 1571 1636 1763
f 1576 1571 1736
f 1736 1571 1763
f 1814 1688 10069
f 1814 10069 12407
f 1736 1763 1905
f 12407 1736 1814
f 1736 1905 2040
f 1688 1814 2331
f 1943 1688 2331
f 1814 1736 2040
f 1814 2040 2227
f 2135 1943 2331
f 1814 2209 2331
f 2209 1814 2227
f 1345 1366 1423
f 1423 1366 1493
f 1334 1401 1499
f 1493 1334 1499
f 1337 9418 1556
f 1514 1337 1556
f 1476 1423 1493
f 1345 1423 9418
f 1514 1556 1690
f 9418 1423 1573
f 1423 1476 1573
f 1493 1499 1744
f 1700 1493 1744
f 1556 9418 1752
f 1641 1476 12637
f 1573 1476 1641
f 12637 1700 1641
f 9418 1573 1752
f 1690 1556 1859
f 1556 1752 1859
f 1641 1700 1737
f 1573 1641 12836
f 12836 1752 1573
f 1737 1700 2013
f 1700 1798 2013
f 1700 1744 1798
f 1690 1859 11134
f 1798 1744 1802
f 2101 1811 10717
f 10717 1737 2101
f 1752 1811 2017
f 2196 1859 11693
f 11693 2017 2196
f 2041 10828 12424
f 10828 2196 9174
f 1737 2013 11632
f 11632 2101 1737
f 2066 1811 2101
f 2017 1811 2066
f 1798 1976 2092
f 12424 2221 2041
f 2196 2017 2288
f 2017 2066 2288
f 2013 1798 2085
f 2013 2085 2108
f 1798 2092 2159
f 2085 1798 2159
f 1331 1389 1403
f 1331 1403 1430
f 1336 1331 1559
f 1331 1430 1559
f 1406 1336 1559
f 12340 1425 1455
f 1312 1455 1558
f 1403 1389 1468
f 1468 1389 1514
f 1455 1425 1562
f 1425 1406 1562
f 1430 1403 1569
f 1403 1468 1569
f 1406 1559 1562
f 1455 1554 1558
f 1559 1430 1569
f 1468 1514 1596
f 1596 1514 1690
f 1562 1559 1821
f 1569 1468 1596
f 1554 1455 1562
f 1562 1821 1879
f 1559 1569 1821
f 1685 1596 1690
f 1569 1755 1821
f 1554 1562 1860
f 1860 1562 1879
f 1569 1596 1685
f 1569 1685 1755
f 1692 1554 1860
f 1692 1860 1980
f 11134 1685 1690
f 1755 1685 1847
f 1847 1685 1977
f 1821 1755 11921
f 11921 1879 1821
f 1860 1879 1984
f 1755 1847 1966
f 1980 1860 1984
f 1977 1685 2041
f 1879 1966 2096
f 1984 1879 2096
f 1990 1980 2090
f 1990 2090 2180
f 1980 1984 2090
f 2090 1984 2096
f 1966 1847 2222
f 1847 1977 2182
f 1966 2222 2240
f 2096 1966 2240
f 1847 2182 2222
f 1977 2041 2221
f 2182 1977 2301
f 1977 2221 2301
f 2219 2149 2297
f 2227 2297 2460
f 2297 2149 11309
f 11309 2520 2297
f 2460 2297 2520
f 2426 2227 2460
f 2426 2460 2620
f 2460 2520 2687
f 2520 2561 10476
f 10476 2687 2520
f 2620 2460 2687
f 2687 2732 2784
f 2784 2732 2947
f 2385 2209 11324
f 11324 2426 2385
f 2135 2331 2511
f 2331 2209 12385
f 12385 2511 2331
f 2385 2426 2540
f 2511 2385 2672
f 2385 2583 2672
f 2540 2426 2620
f 2385 2540 2583
f 2540 2620 2687
f 9128 10159 12168
f 7615 9623 11525
f 12708 9876 7666
f 7615 9846 9963
f 9962 9876 9229
f 9229 9622 9962
f 10280 9901 9128
f 9283 10770 12411
f 9656 9506 7439
f 7554 9623 10158
f 10281 9622 9229
f 9229 10144 10281
f 9243 10076 12480
f 9298 10032 10336
f 11577 10553 7664
f 10809 10553 7666
f 10824 10706 8534
f 10913 10706 8500
f 9289 10666 12972
f 7435 9511 10010
f 10912 9700 8453
f 8453 9973 10912
f 9569 9513 6876
f 5993 9513 9692
f 11109 8906 9429
f 12079 11109 9429
f 2537 10384 11486
f 3113 9515 9946
f 11388 4227 5124
f 5124 10246 12247
f 11519 11035 8359
f 8359 9668 11519
f 11534 9673 8648
f 8517 11642 12710
f 9599 9519 8240
f 8312 9519 10058
f 8925 9904 10740
f 11125 8961 8978
f 10175 9521 8411
f 12677 11842 9278
f 9483 9586 10747
f 3094 9522 9923
f 8969 11166 12042
f 9455 11695 11862
f 9404 11864 12565
f 8542 9524 9555
f 11937 7065 6651
f 7125 9525 10560
f 12012 10172 4514
f 4514 3600 12012
f 8937 9706 11511
f 8887 11965 12080
f 12161 9873 9395
f 9395 9587 12161
f 12167 10282 9502
f 9502 10157 12167
f 12215 9802 7179
f 7179 7280 12215
f 12263 9581 2914
f 3346 9531 9850
f 12318 11110 8881
f 8881 8882 12318
f 12270 9533 8335
f 8377 8301 12324
f 12412 10144 9229
f 9229 10957 12412
f 9107 12525 12863
f 11542 9836 9006
f 12564 11579 8587
f 8630 9536 10160
f 12579 8868 9194
f 12724 11412 9194
f 4388 11499 11547
f 3956 9538 10106
f 12665 3568 4344
f 9325 11295 11546
f 9669 9540 8389
f 8492 10648 12676
f 12709 11534 8648
f 8557 9541 9567
f 10695 9542 8561
f 10376 9751 8604
f 12805 9637 8609
f 9332 9543 9694
f 12862 11057 8963
f 8963 9245 12862
f 9935 9545 2383
f 2088 9545 9712
f 8073 9561 12452
f 8064 9546 7958
f 10866 9547 8734
f 12269 9547 9163
f 8094 9548 12460
f 10524 9957 8081
f 11546 9549 9325
f 9721 9549 4344
f 9690 9550 9276
f 9730 9550 9247
f 9360 9551 11389
f 3930 9551 9360
f 6628 9552 9771
f 9397 9552 9649
f 10088 9553 7911
f 12210 9553 9185
f 9159 9554 3193
f 2644 9554 10482
f 9404 9555 11864
f 8572 9555 9404
f 8842 9556 9675
f 8818 9556 8842
f 3801 10031 10802
f 11615 9557 3895
f 10624 9558 5118
f 10928 10022 3896
f 9654 9559 4390
f 10492 9559 9368
f 9243 9560 8451
f 12480 9560 9243
f 7958 9561 7933
f 9546 9561 7958
f 8914 9562 11412
f 8905 9562 8914
f 9972 9563 4480
f 11151 10851 9202
f 12386 9564 4202
f 11457 9564 9356
f 6909 9565 7014
f 12839 6909 6820
f 5763 9566 11051
f 9368 9566 5763
f 8648 9567 12709
f 8650 9567 12516
f 10832 9568 5129
f 10074 9568 4227
f 6820 9569 12839
f 11005 9569 6820
f 9289 9570 6954
f 12972 9570 9289
f 9632 9571 7846
f 9616 9571 7815
f 9609 9572 3271
f 3841 9572 3600
f 7775 11113 11435
f 11838 7775 7803
f 10252 9574 9082
f 12431 9574 9270
f 1838 9575 11530
f 1767 9575 1838
f 8777 9576 10267
f 8744 9576 10755
f 11624 9577 7262
f 7208 9577 7251
f 9325 9578 11295
f 9708 9578 9325
f 9191 9579 9661
f 9398 9579 9191
f 9890 9580 7457
f 7305 9580 7454
f 2750 9581 10580
f 9907 9581 2750
f 2521 10555 12437
f 11486 9582 2537
f 11518 9583 8688
f 10877 9583 9401
f 10238 9584 4098
f 3716 9584 9294
f 8155 9585 8224
f 8204 9585 10241
f 9198 9586 11898
f 11856 9586 9198
f 8607 9587 8632
f 12703 9587 8607
f 10386 9588 4585
f 11547 9588 4388
f 7803 9589 11838
f 10491 9589 7803
f 3640 9590 3207
f 10339 9590 3640
f 8925 9591 9266
f 10740 9591 8925
f 8915 9592 8937
f 9171 9592 11003
f 8978 9593 11861
f 8998 9593 10018
f 10287 9594 1712
f 10546 9747 1767
f 2965 9595 2694
f 2495 9595 9644
f 9871 9596 8322
f 8233 9596 10744
f 7797 9597 7833
f 7794 9597 10096
f 7852 9598 9573
f 7865 9598 10332
f 9393 9599 12048
f 11566 9599 9393
f 2574 9726 10692
f 10670 9600 2492
f 8853 9601 8846
f 8868 9601 8853
f 3208 9602 3101
f 12954 9647 3685
f 7646 9603 7691
f 9425 9603 11847
f 4513 9604 4502
f 3912 9604 12057
f 8602 9605 8608
f 10113 9605 8602
f 10474 9606 9492
f 8707 9606 10131
f 9208 9607 10271
f 7542 9607 9208
f 7378 9608 9128
f 7284 9608 7378
f 10036 9609 9360
f 9572 9609 3600
f 3599 11101 12801
f 3048 9610 3642
f 7280 9611 9530
f 7362 9611 7280
f 6690 9612 6651
f 10817 9612 6690
f 10055 9613 9063
f 9071 9613 9069
f 10202 9614 7727
f 9509 9614 7664
f 9443 9660 11737
f 10277 9615 9306
f 7890 9616 12113
f 9571 9616 7890
f 8854 10842 11720
f 10192 9617 8869
f 9456 9618 8136
f 9548 9618 9456
f 9202 9619 11151
f 3604 9619 9202
f 9386 9620 8148
f 8240 9620 9386
f 11153 9621 8247
f 12979 10289 8157
f 9502 9622 10157
f 9504 9622 9502
f 10221 9623 7615
f 10282 9623 9502
f 8216 9624 10835
f 8272 9624 9908
f 8465 9625 8490
f 9417 9625 8465
f 10265 9626 9169
f 12764 9626 9326
f 9113 9627 9216
f 8247 9627 9113
f 2487 9628 2554
f 2363 9628 9684
f 2752 9829 12932
f 3271 9629 10240
f 8660 9630 8673
f 8718 9630 8660
f 9245 9631 9544
f 10075 9631 9245
f 7815 9632 9978
f 9571 9632 7815
f 7495 9633 7429
f 9449 9633 7495
f 7691 9634 7625
f 9603 9634 7691
f 3225 9635 3175
f 3956 9635 9727
f 8692 9636 10934
f 8742 9636 8692
f 8444 9637 9543
f 8639 9637 10412
f 8497 9638 9508
f 8595 9638 8497
f 8165 9639 9365
f 8167 9639 11502
f 4158 9640 3535
f 3956 9640 4158
f 10815 9641 8687
f 10023 9641 8639
f 2493 9642 2519
f 11886 9642 2493
f 8668 9643 10523
f 8680 9643 12391
f 2965 9644 9595
f 10377 9644 2965
f 9480 9645 10140
f 3113 9645 11888
f 9040 9646 12523
f 9039 9646 9040
f 3208 9647 9602
f 9914 9647 3208
f 9047 9648 9006
f 9065 9648 9949
f 6628 9649 9552
f 6909 9649 11016
f 2740 9650 11223
f 2759 9650 9803
f 8882 9651 9532
f 10871 9651 8882
f 9213 9652 9288
f 9435 9652 9213
f 2914 9968 10424
f 11888 9653 3113
f 5304 9750 10910
f 9559 9654 9368
f 10417 9655 7046
f 6661 9655 10352
f 9449 7554 12827
f 10158 9656 7554
f 9388 9657 12325
f 8269 9657 10881
f 7783 9658 7762
f 10495 9658 7783
f 7753 9659 7859
f 7764 9659 9898
f 12279 9660 7044
f 9615 9660 9306
f 5658 9661 12197
f 5353 9661 10118
f 8455 9662 10705
f 8485 9662 8455
f 2951 9663 2663
f 3054 9663 12214
f 3530 9664 9557
f 3402 9664 3530
f 6482 9665 6110
f 7104 9665 11142
f 9169 9666 11520
f 8428 9666 12045
f 10382 9667 5139
f 4514 9667 4511
f 9326 9668 10428
f 12483 9668 9326
f 8492 9669 10006
f 12676 9669 8492
f 12381 9670 8635
f 12925 9670 8617
f 2871 9671 2622
f 11217 9671 2871
f 7439 9672 9656
f 9353 9672 7439
f 8447 9673 11765
f 8540 9673 8447
f 9491 10051 10869
f 8756 9674 8814
f 8800 9675 9556
f 10264 9675 8800
f 10569 9676 8156
f 8220 9676 8144
f 1176 9677 1142
f 12255 9677 1176
f 9066 9678 11140
f 9073 9678 9066
f 9986 9679 1385
f 10691 9679 1672
f 9232 9680 10445
f 7046 9680 10417
f 9470 9681 9653
f 3295 9681 9470
f 7420 9682 7529
f 7224 9682 7420
f 9275 9683 10599
f 4551 9683 9275
f 2487 9684 9628
f 10156 9684 2487
f 1261 9685 1178
f 9445 9685 10772
f 8638 9686 8642
f 8657 9686 8638
f 9021 9687 8975
f 9025 9687 9021
f 8891 9688 10899
f 8894 9688 8891
f 11948 9689 5470
f 5137 9689 10967
f 9247 9690 8994
f 9550 9690 9247
f 2496 9691 10285
f 2866 9691 2496
f 6820 9692 11005
f 6241 9692 11684
f 3896 9693 10928
f 11078 9693 3896
f 8609 9694 12805
f 8538 9694 8609
f 8952 9695 11370
f 11478 10507 8975
f 10353 9696 7659
f 12402 9696 7562
f 10072 9697 4910
f 10529 9697 6064
f 9046 9698 9027
f 9041 9698 11924
f 12727 9699 2524
f 9663 9699 2663
f 8522 9700 9512
f 12695 9700 8522
f 8973 9701 11636
f 8974 9701 12144
f 3612 9702 3757
f 3525 9702 3612
f 8923 9703 8893
f 12735 9761 8860
f 9410 9704 10207
f 8261 9704 9810
f 7614 9705 7616
f 7569 9705 7614
f 8887 9706 9592
f 12080 9706 8887
f 3166 9707 3011
f 2925 9707 3166
f 3525 9708 9702
f 9578 9708 3525
f 9106 9709 7434
f 10145 9709 9106
f 9264 9710 1796
f 1846 9710 11789
f 9866 9711 6578
f 6922 9711 6954
f 2074 9712 9545
f 1968 9712 2074
f 3170 9713 3410
f 11498 9713 3170
f 3442 9714 3717
f 3469 9714 3442
f 9332 9715 9605
f 8538 9715 12029
f 5176 9716 12132
f 5169 9716 5176
f 9449 9717 9633
f 9672 9717 9449
f 10318 9718 1852
f 1785 9718 12638
f 10001 9719 3314
f 9254 9719 9754
f 8167 9720 9964
f 11869 11602 8205
f 4568 9721 9840
f 9549 9721 4568
f 9338 9722 12654
f 8171 9722 9338
f 7605 9723 9415
f 7618 9723 7605
f 10843 9724 2877
f 11982 9749 9431
f 9182 9725 10481
f 6690 9725 12419
f 2492 9726 2593
f 9600 9726 2492
f 3225 9727 9635
f 9640 9727 3225
f 1726 9728 1672
f 1612 9728 1726
f 9022 9729 9012
f 9053 9729 10439
f 9039 9730 9646
f 9550 9730 9039
f 8682 9731 11976
f 8666 9731 8682
f 11773 9732 8127
f 8195 9732 8230
f 9060 9733 9052
f 12522 11181 9069
f 7797 9734 9553
f 7896 9734 11234
f 10788 9735 7084
f 10953 9756 7433
f 2752 11083 11654
f 11845 11355 3119
f 6922 9737 9711
f 11067 9737 6922
f 11785 9738 7839
f 9759 9738 7908
f 3930 9739 11054
f 3555 9739 3930
f 7563 9740 9823
f 7534 9740 10276
f 9013 9741 12715
f 10098 9741 9013
f 8321 9742 8361
f 8408 9742 8321
f 12007 9743 8119
f 8110 9743 9209
f 7272 9744 9238
f 7327 9744 12588
f 8754 9745 8703
f 8762 9745 8754
f 10664 9746 3685
f 4077 9746 12544
f 1623 9747 9594
f 9575 9747 1623
f 5124 9748 10848
f 4227 9748 5124
f 2748 9749 9724
f 3178 9749 2748
f 9368 9750 9566
f 9654 9750 9368
f 8615 9751 12763
f 8622 9751 12865
f 10786 9752 2237
f 1940 9752 12730
f 8870 9753 8855
f 8864 9753 8870
f 3102 9754 9719
f 2594 9754 11788
f 3764 9755 3644
f 3939 9755 3764
f 7348 9756 9735
f 7453 9756 7348
f 6241 6016 12928
f 5582 9757 9768
f 6663 9758 6707
f 12090 9758 6663
f 7831 9759 7932
f 10861 9759 7831
f 9421 9760 8941
f 8897 9760 9421
f 8923 9761 9703
f 8874 9761 8923
f 8697 9762 8727
f 8645 9762 8697
f 7362 9763 9608
f 7439 9763 7362
f 8745 9764 12038
f 8768 9764 8745
f 8177 9765 8180
f 12009 9765 8177
f 7688 9766 7646
f 10247 9766 7688
f 8871 9767 10437
f 8890 9767 8871
f 6016 9768 9757
f 5492 9768 6016
f 9337 9769 4894
f 5864 9769 9894
f 12609 9770 5185
f 11027 9770 4910
f 6578 9771 10988
f 6255 9771 6578
f 9926 9772 8342
f 9290 9772 8300
f 12669 9773 8796
f 10329 9773 8830
f 8941 9774 9617
f 9760 9774 8941
f 11105 9775 9182
f 5817 9775 10388
f 8783 9776 10039
f 9491 9776 12390
f 8597 9777 8580
f 8653 9777 8597
f 9966 9778 9194
f 8964 9778 8954
f 9494 9779 1953
f 1880 9779 9826
f 7908 9780 9366
f 7839 9780 11785
f 8851 9781 9319
f 8891 9781 11472
f 12970 9782 8575
f 10914 9782 8474
f 10879 9783 8128
f 11023 9794 8047
f 8119 9784 8138
f 10506 9784 8119
f 7967 9785 9497
f 7843 9785 11379
f 9030 9786 10448
f 9011 9786 9030
f 12716 9787 9025
f 9058 9787 9043
f 9922 9788 3769
f 10572 9788 3949
f 9790 9789 2251
f 2005 9789 2087
f 2087 9790 10857
f 9789 9790 2087
f 12653 9791 4334
f 4192 9791 4439
f 10835 9792 8216
f 9720 9792 8292
f 12478 9793 9292
f 1958 9793 11480
f 8142 9794 9783
f 8089 9794 8142
f 9469 9795 7311
f 6946 9795 11427
f 12555 9796 8932
f 11943 10443 8861
f 3553 9797 3826
f 12047 9797 3553
f 11698 9798 7453
f 9995 9798 7435
f 11353 9799 5432
f 12194 9799 5385
f 9471 9800 7611
f 7565 9800 9917
f 8980 9801 8959
f 9007 9801 8980
f 7169 9802 9530
f 7045 9802 7169
f 2740 9803 9650
f 2554 9803 11350
f 7439 9804 9763
f 9506 9804 7439
f 7750 9805 10014
f 7711 9805 11290
f 8580 9806 8586
f 9777 9806 8580
f 10013 9807 7500
f 11403 9807 7359
f 9230 9808 9283
f 7494 9808 9230
f 2176 9809 2006
f 2261 9809 2176
f 9410 9810 9704
f 8199 9810 9410
f 8127 9811 8118
f 10229 9811 8127
f 3316 9812 3698
f 3321 9812 3316
f 11818 9813 8697
f 10073 9813 8692
f 7725 9814 7676
f 7730 9814 7725
f 9496 9815 12756
f 11626 9815 9496
f 1570 9816 9309
f 12559 9816 1570
f 8318 9817 8336
f 11278 9817 8318
f 9401 9818 8634
f 8688 9818 11518
f 8774 9819 8847
f 8737 9819 12364
f 10472 9820 8047
f 7908 9820 8070
f 7730 9821 7799
f 7792 9821 7730
f 8971 9822 8970
f 11034 9822 8971
f 9284 9823 10612
f 12025 9996 7493
f 1767 9824 10546
f 9494 9824 1767
f 3000 9825 3225
f 12298 9825 3000
f 9494 9826 9779
f 1838 9826 10598
f 10732 9827 8700
f 9745 9827 8703
f 10195 9828 7425
f 7528 9828 9452
f 9377 9829 9736
f 9629 9829 9377
f 8247 9830 9627
f 8185 9830 9984
f 12459 9831 8183
f 9599 9831 9205
f 3119 9832 11845
f 3120 9832 11954
f 11329 9833 8876
f 8911 9833 8890
f 12830 9834 2575
f 9980 9834 2751
f 10509 9835 8186
f 12960 9835 8092
f 9107 9836 12525
f 9003 9836 9107
f 9501 9837 8072
f 8162 9837 9501
f 8317 9838 8252
f 8302 9838 8317
f 9358 9839 1579
f 1550 9839 11989
f 4126 9840 9721
f 4805 9840 10609
f 12978 9841 8834
f 10614 9841 8801
f 1796 9842 10552
f 9710 9842 1796
f 7017 9843 7125
f 7429 9843 11863
f 8205 9844 8207
f 10030 9844 8205
f 11784 9845 8646
f 8732 9845 12277
f 9877 9846 9192
f 9504 9846 9503
f 6017 9847 5947
f 11108 10457 5864
f 8673 9848 9674
f 9630 9848 8673
f 8696 9849 8705
f 8731 9849 12848
f 2914 9850 12263
f 3295 9850 10278
f 10994 9851 3690
f 3431 9851 3508
f 1741 9852 1796
f 1839 9852 1741
f 3700 9853 3423
f 3655 9853 3700
f 10092 9854 8578
f 10216 9854 9417
f 8729 11909 12470
f 8755 9855 8668
f 9468 9856 7351
f 12732 10081 7429
f 7114 9857 11736
f 7124 9857 7114
f 9308 9858 10286
f 9231 9858 11741
f 8366 9859 8302
f 8385 9859 8366
f 7888 9860 7879
f 7911 9860 7888
f 11186 9861 9205
f 10588 9861 8224
f 9006 9862 11542
f 9044 9862 9006
f 10041 9863 7707
f 7622 9863 7686
f 11030 9864 5993
f 12928 9864 6241
f 7224 9865 9682
f 7170 9865 7224
f 9289 6954 12473
f 9711 9866 6954
f 6578 9867 9866
f 10988 9867 6578
f 8144 9868 8090
f 8125 9868 8144
f 8558 9869 8602
f 8500 9869 8558
f 6376 9870 6145
f 10119 9870 6376
f 9290 9871 9772
f 9596 9871 9290
f 9244 9872 7324
f 7082 9872 10510
f 8722 9873 9528
f 8719 9873 8722
f 3178 9874 9749
f 10028 9874 3178
f 10550 9875 7093
f 9744 9875 9238
f 9503 9876 9504
f 7666 9876 10809
f 9503 9877 9509
f 9846 9877 9503
f 3716 9878 9584
f 9480 9878 3716
f 7190 9879 10566
f 7197 9879 10283
f 1310 9880 1216
f 1172 9880 1310
f 9893 9881 3178
f 2568 9881 2656
f 8784 9882 12441
f 9556 9882 8784
f 8756 9883 10966
f 8757 9883 8756
f 11933 9884 7305
f 7281 9884 7321
f 12535 9885 8345
f 11812 9885 8225
f 7820 9886 7863
f 7793 9886 7820
f 7200 9887 9397
f 7313 9887 7200
f 7569 9888 9705
f 7515 9888 7569
f 11779 9889 1414
f 10729 9889 1537
f 11239 9890 7472
f 9580 9890 7454
f 11176 9891 8605
f 10263 9891 9405
f 9421 9892 8897
f 8948 9892 12775
f 2656 9893 2748
f 9881 9893 2656
f 9337 9894 9769
f 9847 9894 9337
f 1872 9895 1934
f 1770 9895 1872
f 8975 9896 11478
f 9687 9896 8975
f 7611 9897 7677
f 7597 9897 7611
f 7753 9898 9659
f 7727 9898 11994
f 9037 9899 8995
f 9034 9899 9037
f 10978 9900 8778
f 8850 9900 8836
f 9505 9901 9507
f 9106 9901 10145
f 9374 9902 7453
f 10233 9902 9374
f 9113 9903 10602
f 9216 9903 9113
f 8961 9904 10470
f 11694 9904 8961
f 8224 9905 10588
f 9585 9905 8224
f 9449 9906 7554
f 10403 9906 9449
f 2521 9907 9292
f 11205 9907 2521
f 8216 9908 9624
f 8239 9908 10829
f 12461 9909 1812
f 1665 9909 1715
f 12353 9910 9023
f 9063 9910 10581
f 10117 9911 2997
f 3329 9911 2875
f 5713 9912 5618
f 5110 9912 5713
f 5237 9913 10115
f 5047 9913 5237
f 3841 9914 9572
f 11957 9914 3841
f 2521 9915 11205
f 12437 9915 2521
f 8930 9916 8959
f 8955 9916 8930
f 9471 9917 9800
f 7521 9917 9471
f 12317 9918 9354
f 9633 9918 7429
f 7997 9919 7991
f 10300 9919 7997
f 8112 9920 9501
f 8179 9920 12771
f 8668 9921 8755
f 8710 9921 10889
f 12772 9922 9197
f 9788 9922 3949
f 9198 9923 11856
f 3193 9923 9198
f 7570 9924 7531
f 9607 9924 7570
f 7795 9925 7743
f 9723 9925 7795
f 8300 9926 8343
f 9772 9926 8300
f 2407 9927 10044
f 2033 9927 12707
f 11442 9928 7794
f 7632 9928 7758
f 3599 9929 3643
f 12801 9929 3599
f 7675 9930 7619
f 7589 9930 12201
f 8789 11152 11887
f 8855 9931 8835
f 7435 11641 12093
f 9808 9932 7431
f 7584 9933 9534
f 9230 9933 7584
f 12658 9934 8923
f 8948 9934 8900
f 12721 9935 2387
f 9545 9935 2074
f 4819 9936 10762
f 5012 9936 10820
f 7228 9937 7114
f 10997 9937 7228
f 10408 9938 3535
f 3512 9938 9431
f 9364 9939 11750
f 8499 9939 10812
f 10342 9940 8362
f 8421 9940 9095
f 8987 9941 9015
f 9899 9941 8987
f 10044 9942 2407
f 2409 9942 2138
f 6191 9943 12463
f 5772 9943 6191
f 11018 9944 8462
f 11765 9944 8447
f 8406 9945 8448
f 8343 9945 8406
f 2674 9946 11360
f 2908 9946 2674
f 9455 9947 8988
f 8969 9947 11166
f 7578 9948 7500
f 7545 9948 7578
f 9047 9949 9648
f 12327 9949 9047
f 7297 9950 12526
f 7351 9950 7297
f 8056 9951 8054
f 10571 9951 8056
f 1759 9952 1842
f 1711 9952 1759
f 7486 9953 7505
f 9948 9953 7486
f 9466 9954 2440
f 11768 9954 9466
f 2073 9955 1965
f 1970 9955 2073
f 12051 9956 5738
f 5118 9956 5452
f 8094 9957 9548
f 11195 9957 8094
f 5946 9958 5962
f 5617 9958 12828
f 9445 9959 1176
f 10772 9959 9445
f 2070 9960 2054
f 9789 9960 2070
f 9266 9961 8871
f 9591 9961 9266
f 9504 9962 9622
f 9876 9962 9504
f 9504 9963 9846
f 9502 9963 9504
f 8271 9964 9720
f 8254 9964 8271
f 7449 9965 7512
f 7396 9965 12509
f 10838 9966 8842
f 9778 9966 8954
f 2060 9967 12170
f 2167 9967 12598
f 3113 9968 9515
f 9653 9968 3113
f 2237 9969 9642
f 2120 9969 10586
f 8575 9970 12970
f 8473 9970 8575
f 1695 9971 11043
f 1805 9971 1695
f 3932 9972 4798
f 9563 9972 3932
f 8455 10705 12915
f 9512 9973 9510
f 7435 9974 9511
f 7348 9974 7435
f 1721 9975 1656
f 1467 9975 12940
f 10799 9976 7541
f 9965 9976 7512
f 11202 9977 3716
f 9653 9977 9470
f 7813 9978 9632
f 7750 9978 7813
f 1920 9979 12606
f 1968 9979 1920
f 2574 9980 2764
f 9834 9980 2574
f 9489 9981 8583
f 9731 9981 9489
f 8937 9982 10479
f 11511 9982 8937
f 11269 9983 7724
f 7648 9983 7695
f 8247 9984 9830
f 9621 9984 8247
f 2574 9985 2392
f 10692 9985 2574
f 1672 9986 1467
f 9679 9986 1672
f 10536 9987 2892
f 3034 9987 3177
f 8237 9988 8256
f 11649 10217 8206
f 7758 9989 10123
f 12179 11442 7794
f 8138 9990 8127
f 9784 9990 8138
f 824 9991 852
f 894 9991 11778
f 7084 9992 9115
f 7004 9992 7084
f 11257 9993 9066
f 9067 9993 9049
f 8720 12115 12616
f 8696 9994 8748
f 7494 9995 9932
f 9798 9995 7494
f 9284 9996 9823
f 7532 9996 9284
f 8711 9997 9670
f 9156 9997 8711
f 3736 9998 10468
f 3906 9998 3736
f 11197 9999 7965
f 7985 9999 7887
f 8894 10000 11465
f 8926 10000 8894
f 3102 10001 3228
f 9719 10001 3102
f 9358 10002 9104
f 1151 10002 9358
f 3248 10003 11857
f 3593 10003 3248
f 8729 10004 8807
f 12470 10004 8729
f 10763 10005 8674
f 8630 10005 8659
f 8468 10006 12831
f 11696 10006 8468
f 12062 10007 7595
f 10612 10007 9284
f 8301 10008 9533
f 8248 10008 11291
f 7534 10009 11970
f 7546 10009 7534
f 7353 10010 10726
f 7431 10010 7353
f 8671 10011 10228
f 8713 10011 8671
f 10897 10012 8731
f 11887 10012 8789
f 7359 10013 7388
f 9807 10013 7359
f 7777 10014 9805
f 12783 10014 7777
f 10212 10015 4194
f 9702 10015 3757
f 7313 10016 9887
f 7358 10016 7313
f 11139 10017 3102
f 2634 10017 3048
f 8978 10018 9593
f 10907 10018 8978
f 8916 10019 8967
f 8929 10019 11331
f 9148 10020 11375
f 5369 10020 9148
f 8833 10021 8788
f 8851 10021 8833
f 4585 10022 9558
f 4158 10022 4585
f 8672 10023 8601
f 9641 10023 8672
f 8392 10024 8382
f 8454 10024 8392
f 7065 10025 7179
f 9525 10025 7065
f 10739 10026 9050
f 9074 10026 9070
f 10139 10027 8314
f 8206 10027 8212
f 3662 10028 3398
f 11655 10028 3662
f 7859 10029 7776
f 7858 10029 7859
f 8141 10030 12254
f 9844 10030 8141
f 10631 10031 3868
f 9557 10031 3895
f 8497 10032 9151
f 9508 10032 8497
f 10583 10033 7573
f 9652 10033 9288
f 8110 10034 9951
f 9209 10034 8110
f 8856 10035 8868
f 8842 10035 8856
f 3600 10036 9526
f 9609 10036 3600
f 3193 10037 9923
f 11072 10037 3193
f 3678 10038 12757
f 3786 10038 10215
f 9496 10039 9776
f 8821 10039 11263
f 11593 10040 7104
f 7273 10040 12073
f 7686 10041 7734
f 9863 10041 7686
f 8912 10042 10187
f 8875 10042 12097
f 6916 10043 9665
f 12375 10043 6916
f 2138 10044 9927
f 9942 10044 2138
f 9404 10045 8627
f 9643 10045 9404
f 3060 10046 2925
f 2492 10046 10642
f 5668 10047 12150
f 5682 10047 5668
f 8611 10048 8598
f 8649 10048 8611
f 11236 10049 2346
f 9793 10049 9292
f 5575 10050 12493
f 5705 10050 5575
f 8814 10051 10223
f 9674 10051 8814
f 10063 10052 5033
f 4798 10052 4717
f 7566 10053 7597
f 10086 10053 7566
f 8205 10054 8151
f 11602 10054 8205
f 9069 10055 12522
f 9613 10055 9069
f 7208 10056 9577
f 7206 10056 7208
f 4891 10057 11904
f 5340 10057 4891
f 9393 10058 11566
f 8329 10058 11111
f 10749 10059 8722
f 8788 10059 8726
f 8776 10060 8766
f 8832 10060 10219
f 8847 10061 8805
f 9819 10061 8847
f 4069 10062 10143
f 4139 10062 4069
f 12111 10063 5658
f 10052 10063 4717
f 8846 10064 11840
f 9601 10064 8846
f 3985 10065 3798
f 4382 10065 12957
f 1595 10066 1487
f 1421 10066 1595
f 7545 10067 7526
f 7600 10067 10301
f 7722 10068 9658
f 7710 10068 7722
f 1684 10069 1688
f 1576 10069 1684
f 571 10070 843
f 617 10070 571
f 8769 10071 12070
f 8830 10071 8769
f 6064 10072 5593
f 9697 10072 6064
f 9457 10073 8637
f 11781 10073 9457
f 3930 10074 9551
f 11054 10074 3930
f 8964 10075 8938
f 9631 10075 8964
f 9298 10076 12369
f 10336 10076 9298
f 9357 10077 8229
f 8212 10077 9357
f 5118 10628 12310
f 4891 10078 5340
f 7932 10079 8007
f 9759 10079 7932
f 8991 10080 10565
f 9247 10080 8991
f 9468 10081 9856
f 12842 11817 7493
f 8684 10082 9994
f 9277 10082 8684
f 7849 10083 7834
f 7937 10083 11406
f 3791 11455 12776
f 3352 10084 10954
f 1968 10085 9979
f 2074 10085 1968
f 7612 10086 7533
f 10921 10086 7612
f 8414 10087 8461
f 9231 10087 8414
f 9185 10088 7888
f 9553 10088 9185
f 4987 10089 5635
f 5584 10089 10653
f 11977 10090 8171
f 8156 10090 10608
f 2125 10091 11820
f 11650 10091 2125
f 11055 10092 8549
f 9854 10092 9417
f 10736 10093 9431
f 3977 10093 3662
f 8634 10094 8629
f 9818 10094 8634
f 11212 10095 5845
f 5840 10095 5657
f 7797 10096 9597
f 9989 10096 7797
f 8810 10097 8829
f 9753 10097 8810
f 12144 10098 8974
f 9741 10098 8973
f 8169 10099 8147
f 12687 10099 8169
f 9072 10100 9058
f 9070 10100 9072
f 1965 10101 1728
f 9955 10101 1965
f 8549 10102 9625
f 8524 10102 8549
f 2757 10103 2552
f 2913 10103 2757
f 3119 10104 12262
f 11355 10104 3119
f 9057 10105 9054
f 9071 10105 9057
f 4098 10106 12620
f 3826 10106 11476
f 1302 10107 9816
f 1354 10107 1302
f 8868 10108 9601
f 9537 10108 8868
f 2556 10109 2739
f 2586 10109 2556
f 12485 10110 9161
f 9539 10110 3568
f 8148 10111 12427
f 9620 10111 8148
f 2655 10112 2866
f 9911 10112 2655
f 8534 10113 9869
f 9605 10113 8534
f 9277 10114 10082
f 8637 10114 11206
f 5475 10115 9913
f 12864 10115 5475
f 4195 10116 9148
f 4234 10116 4195
f 2875 10117 3060
f 9911 10117 2875
f 5658 10118 9661
f 5033 10118 10266
f 6716 10119 6377
f 9870 10119 6716
f 6854 10120 7178
f 6653 10120 11337
f 2313 10960 12698
f 2058 10121 11990
f 10224 10122 8228
f 8306 10122 8323
f 7779 10123 11119
f 11950 10787 7687
f 2005 10124 9960
f 9264 10124 2005
f 6109 10125 12987
f 12887 10125 6109
f 3868 10126 9564
f 9586 10126 3868
f 8966 10127 9934
f 8953 10127 8966
f 1479 10128 1436
f 1697 10128 1479
f 5941 10129 6822
f 5987 10129 12779
f 3798 10130 9714
f 4002 10130 3798
f 8654 10131 9606
f 12294 10131 8654
f 5421 10132 5361
f 5702 10132 5421
f 10865 10133 9081
f 9085 10133 9084
f 5947 10134 12694
f 9847 10134 5947
f 7839 10135 9780
f 7822 10135 7839
f 9179 10136 9821
f 7803 10136 10894
f 2058 10137 1959
f 11042 10137 2058
f 12072 10138 7641
f 9814 10138 7676
f 8212 10139 8289
f 10027 10139 8212
f 3443 10140 9645
f 3553 10140 12047
f 12859 10141 8277
f 8251 10141 10270
f 7704 10142 7656
f 7729 10142 7704
f 4685 10143 10062
f 11575 10143 4685
f 9505 10144 9534
f 9507 10144 9505
f 9505 10145 9901
f 12410 10145 9505
f 3989 10146 4313
f 4187 10146 3989
f 952 10147 980
f 874 10147 952
f 4428 10148 4320
f 4577 10148 4428
f 8288 10149 8228
f 9342 10149 11890
f 10857 10150 2087
f 2162 10150 2147
f 3798 10151 4489
f 10065 10151 3798
f 7612 10152 10921
f 7641 10152 7612
f 2176 10153 2317
f 2117 10153 11241
f 3101 10154 2966
f 9486 10154 10331
f 8768 10155 9764
f 8836 10155 8768
f 11820 10156 2125
f 9684 10156 2257
f 9507 10157 12165
f 9529 10157 9507
f 9506 10158 12166
f 9656 10158 9506
f 9506 10159 9804
f 9529 10159 9506
f 8587 10160 12564
f 8590 10160 8587
f 7574 10161 7648
f 12765 10161 7574
f 3228 10162 3499
f 3314 10162 10360
f 8223 10163 8257
f 8202 10163 8223
f 8542 10164 8482
f 9555 10164 8542
f 11488 10165 9005
f 9698 10165 9027
f 8330 10166 8378
f 9903 10166 8330
f 11370 10167 8952
f 12775 10167 8948
f 9082 10168 9083
f 10205 10168 9082
f 10439 10169 9053
f 9028 10169 9022
f 11528 10170 7745
f 7847 10170 7836
f 8918 10171 8935
f 8903 10171 12259
f 9516 10172 9526
f 12247 11388 5124
f 10421 10173 8926
f 8979 10173 10438
f 9064 10174 9424
f 10497 10174 9064
f 9278 10175 8369
f 11842 10175 9278
f 3048 10176 9610
f 3102 10176 11139
f 7325 10177 9682
f 7326 10177 7325
f 9059 10178 9033
f 9060 10178 10557
f 1273 10179 1252
f 11306 10179 1273
f 1842 10180 1832
f 10825 10180 1842
f 7686 10181 7629
f 11170 10181 7686
f 6255 10182 9771
f 6003 10182 6255
f 8855 10183 9931
f 9753 10183 8855
f 11443 10184 8318
f 8350 10184 8308
f 2593 10185 9707
f 2764 10185 12333
f 1883 10186 1915
f 1789 10186 1883
f 8924 10187 10042
f 8942 10187 8924
f 3065 10188 3069
f 9460 10188 3065
f 10194 10189 1959
f 10124 10189 2054
f 1395 10190 10066
f 1321 10190 1395
f 8201 10191 8181
f 8231 10191 11688
f 8905 10192 9562
f 9617 10192 8905
f 5962 10193 6123
f 9958 10193 5962
f 2054 10194 10137
f 10189 10194 2054
f 11559 10195 7424
f 9828 10195 9452
f 7513 10196 7544
f 7473 10196 10791
f 1178 10197 866
f 9685 10197 1178
f 3788 10198 3828
f 11894 10198 3788
f 8515 10199 12689
f 8567 10199 10436
f 8992 10200 11052
f 8967 10200 8992
f 9203 10201 7255
f 7251 10201 9203
f 7664 10202 7753
f 9614 10202 7664
f 8266 10203 8208
f 8283 10203 8266
f 8779 10204 8754
f 8780 10204 11322
f 9086 10205 9081
f 10168 10205 9086
f 12425 10206 8881
f 8774 10206 10760
f 8191 10207 9704
f 10383 10207 8191
f 8211 10208 8198
f 8207 10208 8211
f 5332 10209 5385
f 5023 10209 12790
f 8857 10210 8886
f 8803 10210 8857
f 4185 10211 12647
f 12680 10211 4185
f 3757 10212 3835
f 10015 10212 3757
f 4006 10213 4015
f 3470 10213 10214
f 4006 10214 10213
f 11962 10214 4006
f 3678 10215 10038
f 3648 10215 3678
f 8638 10216 8553
f 9854 10216 8638
f 8237 10217 9988
f 10027 10217 8237
f 8240 10218 9620
f 8232 10218 8240
f 8776 10219 10060
f 8834 10219 8776
f 9013 10220 8976
f 12785 10220 9013
f 9502 10221 9963
f 9623 10221 9502
f 2527 10222 2634
f 2488 10222 2527
f 8783 10223 10051
f 8819 10223 12767
f 10925 10224 8255
f 10122 10224 8323
f 5543 10225 11873
f 5452 10225 10718
f 6752 10226 6038
f 6581 10226 6752
f 9012 10227 9010
f 9729 10227 9012
f 8623 10228 10011
f 10987 10228 8623
f 8170 10229 9732
f 9811 10229 8170
f 6109 10753 11969
f 11608 10230 5652
f 2603 10231 2673
f 2599 10231 2603
f 6106 10232 6066
f 5609 10232 6106
f 7506 10233 7587
f 9902 10233 7506
f 3963 10234 4027
f 3915 10234 3963
f 11052 10235 8992
f 9786 10235 9441
f 8178 10236 10405
f 9410 10236 8178
f 7533 10237 7487
f 10086 10237 7533
f 11315 10238 4333
f 9584 10238 9294
f 10502 10239 4654
f 4521 10239 4964
f 9377 10240 9629
f 3511 10240 9377
f 8155 10241 9585
f 8128 10241 8155
f 1929 10242 1958
f 9108 10242 1929
f 7797 10243 9989
f 9185 10243 12210
f 12604 10244 5397
f 4999 10244 12923
f 10761 10245 2259
f 2042 10245 11392
f 4514 10246 9667
f 10172 10246 4514
f 7617 10247 7622
f 12566 10247 7617
f 8727 10248 10850
f 9762 10248 8727
f 9340 10249 8746
f 9762 10249 9340
f 7362 10250 9611
f 9608 10250 7362
f 8374 10251 8264
f 10834 10251 8374
f 9270 10252 9079
f 9574 10252 9270
f 8669 10253 8670
f 8726 10253 12014
f 4891 10254 10078
f 11998 10254 4891
f 4583 10255 4141
f 4443 10255 4583
f 11934 10256 8771
f 8864 10256 10517
f 8007 10257 8070
f 10079 10257 8007
f 10344 10258 4551
f 10910 10258 5304
f 8861 10259 11943
f 8873 10259 12793
f 1216 10260 1189
f 12344 10260 1216
f 11835 10261 5865
f 12508 10261 9157
f 8246 10262 11984
f 8287 10262 10810
f 8617 10263 8591
f 9891 10263 8617
f 8894 10264 9688
f 11465 10264 8894
f 9326 10265 12483
f 9626 10265 9326
f 5658 10266 10118
f 10063 10266 5658
f 8724 10267 9576
f 8723 10267 8724
f 8995 10268 11261
f 9899 10268 8995
f 10776 10269 1915
f 12466 10269 2060
f 9216 10270 10141
f 9627 10270 9216
f 7604 10271 9607
f 7590 10271 7604
f 8701 10272 10048
f 8614 10272 8701
f 11244 10273 7625
f 7575 10273 11804
f 11885 10274 8209
f 8298 10274 11373
f 10504 10275 7732
f 10068 10275 7762
f 7563 10276 9740
f 7484 10276 7563
f 9301 10277 7271
f 9615 10277 9301
f 2914 10278 9850
f 9681 10278 2914
f 7648 10279 9983
f 7678 10279 7648
f 9507 10280 9529
f 9901 10280 9507
f 9507 10281 10144
f 12165 10281 9507
f 9506 10282 9529
f 12166 10282 9506
f 7190 10283 9879
f 9950 10283 7190
f 1885 10284 10526
f 1876 10284 1885
f 2819 10285 9691
f 2790 10285 2819
f 8456 10286 9858
f 8496 10286 8456
f 1623 10287 1666
f 9594 10287 1623
f 7493 10288 12842
f 7495 10288 7493
f 8204 10289 9621
f 8133 10289 8204
f 7104 10290 9665
f 7190 10290 11630
f 11517 10291 8461
f 9970 10291 8474
f 2147 10292 2348
f 12575 10292 2147
f 7784 10293 7840
f 7828 10293 12468
f 9355 10294 10188
f 3529 10294 9355
f 12747 10295 1950
f 1841 10295 1951
f 9439 10296 8305
f 8355 10296 12018
f 8368 10297 8338
f 8420 10297 8368
f 7747 10298 7744
f 11714 10298 7747
f 2997 10299 10117
f 2492 10299 2997
f 7967 10300 10484
f 9919 10300 7967
f 7545 10301 10067
f 7623 10301 7545
f 4960 10302 5113
f 5567 10302 4960
f 9040 10303 9049
f 10459 10303 9040
f 12227 10304 8266
f 8241 10304 8164
f 12696 10305 3212
f 2976 10305 3072
f 10345 10306 8113
f 8163 10306 8162
f 9147 10307 8900
f 9892 10307 9147
f 3637 10308 3719
f 3280 10308 11001
f 8343 10309 9945
f 8412 10309 8343
f 8460 10310 8409
f 8493 10310 8460
f 9401 10311 9806
f 8594 10311 11449
f 7273 10312 10040
f 7332 10312 7273
f 2742 10313 9595
f 2793 10313 2742
f 9062 10314 10174
f 9068 10314 9062
f 5348 10315 11586
f 5558 10315 5348
f 1840 10316 10186
f 1957 10316 1840
f 8338 10317 8329
f 10297 10317 8338
f 1770 10318 9895
f 9718 10318 1770
f 8994 10319 8971
f 9690 10319 8994
f 7622 10320 9863
f 10247 10320 7622
f 2472 10321 2074
f 2117 10321 2472
f 12663 10322 7629
f 7557 10322 7567
f 7992 10323 7880
f 8021 10323 7992
f 7281 10324 9884
f 7010 10324 7281
f 7758 10325 10932
f 10123 10325 7758
f 4239 10326 4022
f 4020 10326 4239
f 2519 10327 12883
f 2656 10327 10700
f 8723 10328 10267
f 8771 10328 8723
f 8869 10329 8809
f 12753 10329 8869
f 7047 10330 7224
f 6943 10330 12186
f 3101 10331 10154
f 9602 10331 3101
f 7852 10332 9598
f 7894 10332 7852
f 2431 10333 2487
f 2175 10333 2431
f 12730 10334 1940
f 1890 10334 1939
f 4020 10335 4356
f 4301 10335 4020
f 9508 10336 10032
f 10076 10336 9508
f 9508 10337 9560
f 9638 10337 9508
f 9433 10338 9597
f 10684 10338 9433
f 3939 10339 9755
f 9590 10339 3939
f 8765 10340 8741
f 8791 10340 8765
f 2126 10341 2171
f 2114 10341 2126
f 9095 10342 8351
f 9940 10342 9095
f 3923 10343 3949
f 9275 10343 3923
f 5304 10344 4564
f 10258 10344 5304
f 8162 10345 9837
f 10306 10345 8162
f 9329 10346 8267
f 8291 10346 12980
f 8967 10347 10200
f 10019 10347 8967
f 661 10348 800
f 768 10348 661
f 11036 10349 3676
f 2913 10349 3350
f 10378 10350 7180
f 7009 10350 7160
f 10446 10351 7636
f 11525 10351 7615
f 9232 10352 9655
f 6515 10352 9232
f 7562 10353 7663
f 9696 10353 7562
f 3880 10354 3582
f 3815 10354 11384
f 8974 10355 8976
f 10098 10355 8974
f 10700 10356 2656
f 2271 10356 2519
f 7982 10357 7961
f 8034 10357 7982
f 2111 10358 2169
f 9320 10358 10962
f 8729 10359 8733
f 8782 10359 8729
f 3228 10360 10162
f 10001 10360 3228
f 7537 10361 7541
f 10751 10361 7537
f 6200 10525 11667
f 5285 10362 6464
f 8528 10363 8551
f 8561 10363 11077
f 11678 10364 1833
f 1772 10364 12914
f 1820 10365 11677
f 1695 10365 1820
f 8314 10366 10139
f 8308 10366 8314
f 3642 10367 10385
f 3599 10367 11101
f 10767 10368 9441
f 9023 10368 10645
f 4542 10369 4933
f 4335 10369 4542
f 1939 10804 12302
f 9149 10370 2351
f 7805 10371 7822
f 7847 10371 10852
f 11810 10372 8193
f 11947 10372 8214
f 1673 10373 1616
f 1452 10373 1673
f 3554 10374 3766
f 3610 10374 3554
f 5629 10375 5523
f 9716 10375 5629
f 9542 10376 9626
f 9751 10376 9542
f 2633 10377 2857
f 9644 10377 2633
f 10486 10378 7247
f 10350 10378 7160
f 8695 10379 8652
f 8734 10379 8695
f 1916 10380 1735
f 1661 10380 1916
f 9105 10381 9003
f 9047 10381 9105
f 11122 10382 5575
f 9667 10382 4511
f 8160 10383 8131
f 10207 10383 8160
f 2674 10384 10833
f 11360 10384 2674
f 3791 10385 10367
f 12776 10385 3791
f 4388 10386 12969
f 9588 10386 4388
f 9424 10387 9053
f 10314 10387 9424
f 5993 10388 9775
f 5672 10388 5993
f 7617 10389 10361
f 7581 10389 7617
f 8505 10390 8569
f 8535 10390 8505
f 10801 10391 9369
f 7503 10391 11464
f 7571 10392 7598
f 12479 10392 7571
f 8451 10393 8519
f 9560 10393 8451
f 8737 10394 8740
f 8685 10394 8737
f 4493 10395 4878
f 4189 10395 4493
f 3824 10396 4281
f 4089 10396 3824
f 11538 10397 2594
f 2352 10397 12519
f 1660 10398 1551
f 1464 10398 1660
f 3099 10399 3434
f 3300 10399 11273
f 8657 10400 9686
f 8705 10400 8657
f 7831 10401 10861
f 7756 10401 7831
f 11997 10402 1897
f 9320 10402 2118
f 10677 10403 7495
f 9906 10403 7532
f 5858 10404 11558
f 6136 10404 5858
f 8114 10405 12625
f 11981 10405 8114
f 5041 10406 5129
f 9748 10406 5041
f 1850 10407 1797
f 1975 10407 10573
f 9431 10408 9825
f 9938 10408 9431
f 5118 10409 9956
f 9484 10409 12556
f 5449 10410 12075
f 11687 10538 5041
f 8628 10411 8550
f 8652 10411 8628
f 8444 10412 9637
f 8533 10412 8444
f 2592 10413 2404
f 2667 10413 2592
f 12322 10414 8192
f 10383 10414 8131
f 8543 10415 8587
f 8522 10415 8543
f 1975 10416 1897
f 2246 10416 11532
f 9232 10417 9680
f 9655 10417 9232
f 8175 10418 8110
f 9357 10418 8175
f 9456 10419 9548
f 8183 10419 12583
f 7401 10420 7297
f 7563 10420 12603
f 12256 10421 8894
f 10173 10421 8949
f 12493 10422 5575
f 11969 10422 6109
f 9415 10423 7752
f 9723 10423 9415
f 9653 10424 9968
f 9681 10424 9653
f 5411 10425 5146
f 4852 10425 5411
f 7305 10426 9580
f 6936 10426 7305
f 9025 10427 9687
f 9004 10427 9025
f 8367 10428 9668
f 9173 10428 8367
f 7652 10429 7580
f 7610 10429 7652
f 10463 10430 9113
f 8221 10430 9439
f 9038 10431 10227
f 9741 10431 9038
f 9220 10432 8077
f 8120 10432 11121
f 11459 10433 8139
f 8152 10433 8122
f 10922 10434 4739
f 11667 10434 6200
f 9219 10435 10203
f 8253 10435 9219
f 8515 10436 10199
f 11334 10436 8515
f 8820 10437 9767
f 11794 10437 8820
f 8949 10438 10173
f 9822 10438 8949
f 9022 10439 9729
f 10169 10439 9022
f 2194 10440 2400
f 2184 10440 2194
f 7909 10441 7969
f 7858 10441 7909
f 8959 10442 8930
f 8957 10442 8959
f 8904 10443 9796
f 8877 10443 8904
f 1951 10444 2059
f 2111 10444 1951
f 7125 10445 9680
f 10560 10445 7125
f 11792 10446 9399
f 10351 10446 7615
f 8771 10447 8777
f 8845 10447 10579
f 9008 10448 9786
f 9045 10448 9008
f 8655 10449 8584
f 8643 10449 8655
f 853 10450 9348
f 969 10450 853
f 5426 10451 4702
f 4805 10451 5426
f 1258 10452 1191
f 1261 10452 1258
f 2764 10453 2966
f 9980 10453 2764
f 9223 10454 8397
f 8482 10454 10986
f 8489 10455 8498
f 8545 10455 8489
f 8551 10456 8481
f 10363 10456 8551
f 6017 10457 9847
f 6204 10457 6017
f 8635 10458 8664
f 9997 10458 8635
f 9054 10459 9031
f 10303 10459 9054
f 6634 10460 6643
f 6884 10460 6634
f 10601 10461 8215
f 10163 10461 8257
f 8673 10462 8661
f 8716 10462 8673
f 9439 10463 11823
f 10430 10463 9439
f 7607 10464 10480
f 9930 10464 7607
f 5492 10465 9768
f 5203 10465 5492
f 8157 10466 12979
f 9338 10466 8157
f 8065 10467 10357
f 8029 10467 8065
f 3453 10468 9998
f 3450 10468 3453
f 5041 10469 11687
f 5470 10469 11948
f 8870 10470 9904
f 8913 10470 8870
f 8843 10471 8831
f 9767 10471 8843
f 11821 10472 8089
f 9820 10472 8070
f 3507 10473 3674
f 3387 10473 3507
f 11327 10474 8676
f 9606 10474 8654
f 4469 10475 11346
f 4333 10475 4469
f 2732 10476 2561
f 2687 10476 2732
f 7577 10477 7544
f 7546 10477 7577
f 6401 10478 6240
f 6354 10478 6401
f 8985 10479 9982
f 8968 10479 8985
f 7556 10480 10464
f 7536 10480 7556
f 7045 10481 9725
f 6876 10481 7045
f 9159 10482 9554
f 12749 10482 9159
f 1136 10483 1318
f 1108 10483 1136
f 7969 10484 10300
f 10441 10484 7969
f 6494 10485 10261
f 6674 10485 10759
f 7160 10486 7240
f 10378 10486 7160
f 3719 10487 3780
f 10308 10487 3719
f 11249 10488 7285
f 9735 10488 7328
f 8803 10489 10210
f 9636 10489 8803
f 3079 10490 2778
f 3210 10490 3079
f 9141 10491 9179
f 9589 10491 9141
f 11292 10492 5417
f 9559 10492 5222
f 8982 10493 8944
f 9015 10493 8982
f 8206 10494 11649
f 8177 10494 8206
f 7763 10495 7798
f 9658 10495 7763
f 8046 10496 8080
f 8102 10496 8046
f 9074 10497 10026
f 10174 10497 9074
f 1000 10498 793
f 10070 10498 1000
f 854 10499 869
f 10348 10499 854
f 11325 10500 7457
f 12114 10500 9260
f 8289 10501 11732
f 10366 10501 8289
f 4964 10502 4771
f 10239 10502 4964
f 8860 10503 8799
f 12377 10619 8822
f 7762 10504 7775
f 10275 10504 7762
f 9425 10505 9603
f 12433 10505 9425
f 8193 10506 8137
f 9784 10506 8193
f 8952 10507 9695
f 8945 10507 12363
f 8228 10508 8191
f 10149 10508 8228
f 11512 10509 8115
f 9835 10509 8092
f 9244 10510 9872
f 6981 10510 11907
f 8557 10511 8663
f 9567 10511 8557
f 8701 10512 8614
f 8758 10512 11527
f 11099 10513 5494
f 4863 10513 4857
f 10782 10514 7868
f 10883 10514 7853
f 9288 10515 9705
f 7573 10515 10583
f 1089 10516 12430
f 1040 10516 1089
f 8829 10517 10256
f 10097 10517 8829
f 1140 10518 11763
f 1095 10518 1140
f 673 10519 645
f 622 10519 673
f 11201 10520 2502
f 2251 10520 11600
f 3823 10521 3576
f 3749 10521 3823
f 8326 10522 8370
f 8361 10522 8326
f 8630 10523 9643
f 8659 10523 8630
f 9548 10524 9618
f 9957 10524 9548
f 6043 11029 12368
f 10362 10525 6464
f 1940 10526 10284
f 10334 10526 1940
f 8133 10527 8100
f 9783 10527 8133
f 9441 10528 10493
f 8960 10528 12133
f 10638 10529 6114
f 9697 10529 5558
f 7747 10530 11714
f 7665 10530 7747
f 7045 10531 9802
f 7065 10531 12311
f 9364 10532 9945
f 8501 10532 9364
f 9297 10533 11218
f 4994 10533 9297
f 8665 10534 8645
f 10724 10534 8665
f 7563 10535 10420
f 7493 10535 11156
f 3177 10536 3155
f 9987 10536 3177
f 7794 10537 9433
f 7666 10537 12257
f 5449 10538 10410
f 9748 10538 5449
f 3034 10539 9987
f 2851 10539 3034
f 9212 10540 9097
f 8444 10540 9212
f 3095 10541 2937
f 3215 10541 3095
f 2856 10542 2751
f 3101 10542 2856
f 5321 10543 5004
f 5294 10543 5321
f 8690 10544 9845
f 8682 10544 8690
f 10593 10545 3488
f 9714 10545 3798
f 9594 10546 9824
f 9747 10546 9594
f 8159 10547 9920
f 8162 10547 8159
f 9085 10548 10133
f 9080 10548 9085
f 6779 10549 6729
f 7124 10549 12006
f 9238 10550 6825
f 9875 10550 9238
f 12906 10551 2853
f 12472 10551 2684
f 1793 10552 9842
f 1758 10552 1793
f 9509 10553 9503
f 7664 10553 9509
f 9509 10554 9614
f 9877 10554 9509
f 2537 10555 2268
f 9582 10555 2537
f 9491 10556 8702
f 9630 10556 9491
f 9059 10557 10178
f 9080 10557 9059
f 5368 10558 5350
f 5185 10558 5368
f 6127 10559 6459
f 6116 10559 10940
f 6651 10560 11937
f 11910 10560 6651
f 9442 10561 3702
f 12850 10561 9442
f 8048 10562 8079
f 7968 10562 8048
f 8263 10563 8285
f 8257 10563 8263
f 9365 10564 8233
f 9639 10564 9365
f 8922 10565 10080
f 11182 10565 8922
f 6916 10566 9879
f 10290 10566 6916
f 4762 10567 4990
f 4729 10567 4762
f 8180 10568 9988
f 8210 10568 8180
f 8144 10569 8125
f 9676 10569 8144
f 12235 10570 8633
f 8500 10570 8568
f 8117 10571 8120
f 9951 10571 8117
f 3711 10572 10343
f 9788 10572 3711
f 1850 10573 10407
f 10694 10573 1850
f 12299 10574 7269
f 7359 10574 7172
f 9342 10575 8173
f 8327 10575 9342
f 3978 10576 3724
f 4137 10576 12931
f 12101 10577 6796
f 12186 10577 6943
f 8762 10578 8721
f 8750 10578 8762
f 8771 10579 10447
f 10256 10579 8771
f 9531 10580 9581
f 10104 10580 9531
f 9052 10581 9910
f 9733 10581 9052
f 3977 10582 10093
f 4020 10582 3977
f 9288 10583 10515
f 10033 10583 9288
f 1665 10584 10587
f 1639 10584 1665
f 8675 10585 8622
f 8698 10585 8675
f 2237 10586 9969
f 9752 10586 2237
f 1770 10587 10584
f 9909 10587 1770
f 8246 10588 9905
f 11984 10588 8246
f 9372 10589 9906
f 10351 10589 9372
f 9485 10590 11079
f 3898 10590 9485
f 8791 10591 10340
f 8758 10591 8791
f 9408 10592 4521
f 4357 10592 9408
f 3798 10593 3744
f 10545 10593 3798
f 6843 10594 6871
f 7041 10594 6843
f 8404 10595 8381
f 8342 10595 8404
f 6674 10596 6085
f 6532 10596 11266
f 12030 10597 7736
f 7636 10597 9399
f 9494 10598 9826
f 1767 10598 9494
f 3789 10599 9683
f 12343 10599 3789
f 7593 10600 11260
f 7549 10600 7593
f 11774 10601 8270
f 10461 10601 8257
f 9223 10602 9903
f 8352 10602 9223
f 9450 10603 5785
f 5717 10603 12207
f 5425 10604 5902
f 5155 10604 5425
f 8073 10605 11171
f 8058 10605 11447
f 5056 10606 11168
f 5339 10606 5056
f 2006 10607 2176
f 12693 10825 1842
f 8125 10608 10090
f 10569 10608 8125
f 4126 10609 9840
f 4146 10609 4126
f 9199 10610 3319
f 2886 10610 9199
f 8109 10611 8158
f 8168 10611 8109
f 9740 10612 9823
f 10007 10612 9740
f 4440 10613 4439
f 3938 10613 4440
f 8895 10614 8838
f 9841 10614 8895
f 1958 10615 9793
f 1953 10615 1958
f 4828 10616 12511
f 5071 10616 4828
f 4381 10617 10882
f 10395 10617 4381
f 2313 10618 9292
f 12698 10618 2313
f 8860 10619 10503
f 8879 10619 8860
f 6464 10620 5285
f 6337 10620 6464
f 6053 10621 6796
f 5640 10621 12953
f 826 10622 989
f 984 10622 826
f 3704 10623 3467
f 3147 10623 3704
f 4585 10624 10078
f 9558 10624 4585
f 7771 10625 7804
f 7707 10625 11897
f 9173 10626 9326
f 11554 10626 9173
f 8890 10627 10471
f 8876 10627 11329
f 11024 10628 5452
f 10078 10628 5340
f 9457 10629 11781
f 8544 10629 11760
f 8742 10630 11098
f 8727 10630 8742
f 12488 10631 9356
f 10031 10631 3895
f 4182 10632 3997
f 4017 10632 4182
f 4113 10633 4431
f 4232 10633 4113
f 8414 10634 8372
f 8386 10634 12787
f 3410 10635 3460
f 9713 10635 3410
f 8595 10636 9638
f 9731 10636 8595
f 7989 10637 8016
f 10796 10637 7989
f 5558 10638 11085
f 10529 10638 5558
f 1846 10639 1850
f 2087 10639 1846
f 8535 10640 10390
f 10449 10640 8535
f 954 10641 903
f 822 10641 954
f 3060 10642 10046
f 10299 10642 3060
f 7093 10643 6583
f 7187 10643 7093
f 8693 10644 8677
f 8715 10644 8693
f 9015 10645 10368
f 12050 10645 9015
f 8333 10646 8306
f 8364 10646 8333
f 3992 10647 4277
f 3745 10647 10709
f 11843 10648 8508
f 9540 10648 9521
f 8988 10649 9455
f 8943 10649 8988
f 1716 10650 1663
f 1783 10650 1716
f 6043 10651 9758
f 12106 10693 6200
f 8630 10652 9536
f 9643 10652 8630
f 4987 10653 10089
f 5444 10653 12890
f 8873 10654 8896
f 9171 10654 8873
f 1691 10655 1864
f 1551 10655 1691
f 9461 10656 5405
f 6002 10656 9461
f 8176 10657 10831
f 11440 10657 8176
f 7859 10658 10754
f 9659 10658 7859
f 1325 10659 10398
f 9195 10659 1325
f 8689 10660 8667
f 9401 10660 8689
f 9397 10661 7200
f 9649 10661 9397
f 11682 10662 8817
f 8875 10662 8877
f 6651 10663 11910
f 6310 10663 11200
f 3841 10664 11957
f 9746 10664 3841
f 11048 10665 7743
f 7627 10665 12661
f 12184 10666 9397
f 10726 10666 7353
f 11874 10667 2371
f 10888 10667 2499
f 8095 10668 8165
f 8150 10668 8095
f 6063 10669 6247
f 5927 10669 6063
f 2320 10670 2508
f 9600 10670 2320
f 2377 10671 11917
f 2508 10671 2377
f 6811 10672 10120
f 6729 10672 6811
f 7680 10673 10142
f 7653 10673 7680
f 5139 10674 5775
f 5124 10674 5139
f 8196 10675 8210
f 8202 10675 8196
f 1579 10676 10655
f 9839 10676 1579
f 7532 10677 12634
f 10403 10677 7532
f 2165 10678 11536
f 2158 10678 2165
f 3431 10679 9851
f 3684 10679 12855
f 8698 10680 10585
f 8712 10680 8698
f 2936 10681 3055
f 2798 10681 2936
f 7760 10682 7723
f 7756 10682 7760
f 8618 10683 8674
f 8633 10683 12076
f 11120 10684 7858
f 10338 10684 7896
f 8478 10685 8537
f 8562 10685 11964
f 2798 10686 12398
f 12361 10686 2798
f 3329 10687 3195
f 3308 10687 3329
f 7466 10688 7402
f 10974 10688 7466
f 11735 10689 626
f 710 10689 815
f 9365 10690 10405
f 10720 10690 9365
f 1557 10691 9728
f 9679 10691 1557
f 9600 10692 9726
f 9985 10692 9600
f 6043 10693 10651
f 12368 10693 6043
f 1888 10694 10639
f 10573 10694 1888
f 8615 10695 8550
f 12763 10695 8615
f 2077 10696 2080
f 1739 10696 2077
f 8965 10697 8936
f 8986 10697 8965
f 963 10698 677
f 751 10698 963
f 11207 10699 7558
f 10237 10699 7487
f 2519 10700 10327
f 10356 10700 2519
f 7913 10701 11082
f 7950 10701 7913
f 2750 10702 2625
f 10104 10702 2750
f 6607 10703 6597
f 6596 10703 6607
f 6703 10704 6774
f 9327 10704 10944
f 9510 10705 9662
f 9973 10705 9510
f 9510 10706 9512
f 8534 10706 9510
f 8191 10707 8192
f 10508 10707 8191
f 8242 10708 9861
f 9393 10708 8242
f 3992 10709 10647
f 12797 10709 3992
f 3535 10710 9825
f 9640 10710 3535
f 1926 10711 10370
f 1880 10711 1926
f 677 10712 707
f 653 10712 677
f 2528 10713 10551
f 2491 10713 10818
f 9354 10714 7280
f 9353 10714 9354
f 8291 10715 10346
f 8331 10715 8291
f 4489 10716 4971
f 4130 10716 4489
f 1641 10717 1811
f 1737 10717 1641
f 5543 10718 10225
f 5340 10718 5543
f 8481 10719 8452
f 10456 10719 8481
f 8222 10720 8233
f 10690 10720 8222
f 4173 10721 4337
f 4247 10721 4173
f 3511 10722 10240
f 9360 10722 3511
f 9216 10723 10166
f 8277 10723 12859
f 8728 10724 9307
f 10534 10724 8728
f 9511 10725 9570
f 9974 10725 9511
f 9511 10726 10010
f 10666 10726 9511
f 8359 10727 8278
f 12866 10727 8359
f 1131 10728 1112
f 12995 10728 1131
f 1271 10729 11256
f 9889 10729 1271
f 2524 10730 2432
f 9699 10730 2524
f 11972 10731 7976
f 8090 10731 11562
f 11705 10732 8663
f 9827 10732 8703
f 4157 10733 4154
f 11188 10733 4157
f 9376 10734 11829
f 9619 10734 9376
f 8535 10735 8491
f 8505 10735 8535
f 3662 10736 11655
f 10093 10736 3662
f 5428 10737 5228
f 5533 10737 5428
f 12568 10738 7982
f 11163 10738 7930
f 9070 10739 10100
f 10026 10739 9070
f 9520 10740 9904
f 9591 10740 9520
f 8392 10741 8379
f 8394 10741 8392
f 11832 10742 1652
f 2010 10742 1954
f 4276 10743 9269
f 4691 10743 12596
f 9290 10744 9596
f 8222 10744 9290
f 8015 10745 11826
f 7996 10745 8015
f 2442 10746 11086
f 2323 10746 2442
f 9522 10747 9586
f 10003 10747 9522
f 1504 10748 1565
f 1452 10748 1504
f 8726 10749 10253
f 10059 10749 8726
f 1576 10750 1489
f 1684 10750 1576
f 9425 10751 7522
f 12439 10751 9425
f 8724 10752 8713
f 9576 10752 8724
f 5652 10753 6046
f 10230 10753 5652
f 7843 10754 10658
f 7898 10754 7843
f 8777 10755 9576
f 8781 10755 8777
f 2481 10756 2377
f 10758 10756 2481
f 8274 10757 8219
f 8302 10757 8274
f 2316 10758 11307
f 10756 10758 2316
f 6494 10759 10485
f 9115 10759 6494
f 8823 10760 10206
f 12912 10760 8823
f 12286 10761 2347
f 10245 10761 9235
f 5500 10762 9936
f 5067 10762 5500
f 8659 10763 8710
f 10005 10763 8659
f 8931 10764 8906
f 8972 10764 11046
f 11640 10765 4798
f 9568 10765 5129
f 8260 10766 10304
f 8299 10766 11802
f 9015 10767 10493
f 10368 10767 9015
f 7336 10768 7314
f 7201 10768 7336
f 2316 10769 2236
f 11307 10769 2316
f 9505 10770 12410
f 9534 10770 9505
f 8173 10771 10099
f 8152 10771 8173
f 1261 10772 9685
f 9959 10772 1261
f 8565 10773 8555
f 8607 10773 8565
f 9244 10774 6829
f 7339 10774 9244
f 7548 10775 7586
f 7478 10775 7548
f 12417 10776 2051
f 10269 10776 2060
f 11881 10777 8499
f 8381 10777 8404
f 3271 10778 12226
f 3208 10778 3271
f 7592 10779 7605
f 7588 10779 7592
f 7583 10780 7665
f 7593 10780 10948
f 7085 10781 6995
f 7077 10781 7085
f 11725 10782 7904
f 10514 10782 7853
f 1945 10783 1923
f 10284 10783 1945
f 10901 10784 8268
f 9859 10784 8302
f 9044 10785 9024
f 9055 10785 9044
f 1939 10786 10804
f 9752 10786 1939
f 7779 10787 10123
f 10530 10787 7779
f 7348 10788 7299
f 9735 10788 7348
f 5231 10789 10335
f 9484 10789 5231
f 9019 10790 8998
f 12413 10790 9019
f 7513 10791 10196
f 7446 10791 7513
f 7591 10792 11397
f 7572 10792 7591
f 7450 10793 7420
f 7096 10793 11859
f 6882 10794 6844
f 6743 10794 6882
f 5429 10795 5619
f 5150 10795 11410
f 8058 10796 8010
f 12587 10796 8058
f 8453 10797 9973
f 8378 10797 11251
f 8224 10798 8155
f 12705 10798 8224
f 7512 10799 7535
f 9976 10799 7512
f 3593 10800 10003
f 3870 10800 3593
f 7544 10801 9696
f 10391 10801 7544
f 9557 10802 10031
f 9664 10802 9557
f 11338 10803 9098
f 7379 10803 7142
f 2351 10804 10786
f 10370 10804 2351
f 9463 10805 9590
f 12860 10805 9463
f 9169 10806 9151
f 12457 10806 9169
f 9101 10807 5006
f 4580 10807 9101
f 5004 10808 4687
f 10543 10808 5004
f 9503 10809 9876
f 10553 10809 9503
f 8246 10810 10262
f 8305 10810 8246
f 6903 10811 6946
f 6851 10811 6903
f 9364 10812 9939
f 8450 10812 9364
f 4551 10813 9683
f 4390 10813 4551
f 5426 10814 10422
f 4893 10814 5426
f 8639 10815 8609
f 9641 10815 8639
f 9467 10816 6054
f 5903 10816 9467
f 6191 10817 11663
f 12463 10817 6191
f 2528 10818 10713
f 2369 10818 2528
f 1250 10819 10998
f 1460 10819 1250
f 4819 10820 9936
f 4855 10820 4819
f 5723 10821 5227
f 5791 10821 5723
f 7178 10822 6936
f 10672 10822 7178
f 1717 10823 1716
f 1774 10823 1717
f 8500 10824 9869
f 10706 10824 8500
f 2006 10825 10607
f 10180 10825 2006
f 4011 10826 3951
f 11147 10826 4011
f 11758 10827 8640
f 9751 10827 8604
f 1859 10828 2041
f 2196 10828 1859
f 8216 10829 9908
f 8207 10829 8216
f 8911 10830 9833
f 8943 10830 8911
f 9388 10831 10657
f 8194 10831 9388
f 4227 10832 10406
f 9568 10832 4227
f 2432 10833 10384
f 10730 10833 2432
f 11376 10834 8378
f 10251 10834 8277
f 8292 10835 9624
f 9792 10835 8292
f 4245 10836 4861
f 4208 10836 4245
f 3595 10837 10521
f 3424 10837 3595
f 8954 10838 12755
f 9966 10838 8954
f 1100 10839 1097
f 12074 10839 1100
f 5072 10840 5651
f 5093 10840 5072
f 8009 10841 8088
f 8006 10841 11433
f 8869 10842 12753
f 9617 10842 8869
f 2748 10843 2910
f 9724 10843 2748
f 12999 10844 8093
f 8138 10844 8086
f 5353 10845 11246
f 5334 10845 11614
f 7844 10846 7791
f 10911 10846 7844
f 11260 10847 7593
f 7632 10847 12422
f 5449 10848 9748
f 10674 10848 5449
f 8486 10849 8453
f 10909 10849 8486
f 8787 10850 10248
f 10630 10850 8787
f 3932 10851 9563
f 11192 10851 3932
f 7805 10852 10371
f 10170 10852 7805
f 10932 10853 7758
f 10847 10853 9265
f 3517 10854 10487
f 3519 10854 3517
f 9337 10855 4467
f 4894 10855 9337
f 2568 10856 11066
f 2633 10856 2568
f 2147 10857 12575
f 10150 10857 2147
f 852 10858 930
f 9991 10858 852
f 3402 10859 9664
f 3320 10859 3402
f 7617 10860 12566
f 10361 10860 7617
f 9738 10861 10401
f 9759 10861 9738
f 1796 10862 1741
f 1758 10862 1796
f 8209 10863 8211
f 10274 10863 8209
f 6856 10864 7021
f 9498 10864 6856
f 9084 10865 9574
f 10133 10865 9084
f 9163 10866 8715
f 9547 10866 9163
f 9195 10867 1281
f 12351 10867 9195
f 6609 10868 6877
f 6468 10868 6609
f 9674 10869 10051
f 9848 10869 9674
f 9119 10870 10371
f 10135 10870 9119
f 8883 10871 8863
f 9651 10871 8883
f 1122 10872 1052
f 1078 10872 1122
f 1564 10873 12672
f 1869 10873 12849
f 6032 10874 6070
f 12281 10874 6032
f 7303 10875 7346
f 7295 10875 7303
f 12189 10876 9139
f 8640 10876 11758
f 8745 10877 8689
f 12038 10877 8745
f 6445 10878 6339
f 6434 10878 6445
f 8142 10879 8155
f 9783 10879 8142
f 1570 10880 1917
f 1694 10880 1570
f 9388 10881 9657
f 8253 10881 9388
f 3835 10882 10617
f 4194 10882 11144
f 7796 10883 7843
f 10514 10883 7796
f 6770 10884 6677
f 6531 10884 6770
f 8467 10885 8468
f 8512 10885 8467
f 3901 10886 3609
f 3514 10886 3901
f 8454 10887 10024
f 8465 10887 12631
f 2211 10888 2438
f 10667 10888 2211
f 8668 10889 9921
f 8659 10889 8668
f 8045 10890 8136
f 8070 10890 8045
f 5169 10891 10375
f 5221 10891 5169
f 7310 10892 7239
f 7329 10892 7310
f 6200 10893 12106
f 10057 10893 6200
f 9179 10894 10136
f 10491 10894 9179
f 8828 10895 12395
f 8784 10895 8828
f 8048 10896 7968
f 9366 10896 8048
f 8789 10897 8748
f 10012 10897 8789
f 3404 10898 3029
f 3423 10898 3404
f 8828 10899 9688
f 9781 10899 8828
f 7125 10900 9525
f 9843 10900 7125
f 8302 10901 10757
f 10784 10901 8302
f 9117 10902 9671
f 12131 10902 9117
f 12651 10903 3662
f 9683 10903 3789
f 7854 10904 7899
f 7865 10904 7854
f 9395 10905 9587
f 8694 10905 9395
f 8517 10906 8496
f 8559 10906 8517
f 9019 10907 11673
f 10018 10907 9019
f 11136 10908 5434
f 4825 10908 5093
f 12615 10909 8542
f 10849 10909 8375
f 9654 10910 9750
f 10258 10910 9654
f 7815 10911 7861
f 10846 10911 7815
f 9512 10912 9973
f 9700 10912 9512
f 9512 10913 8522
f 10706 10913 9512
f 8556 10914 8530
f 9782 10914 8556
f 8751 10915 8803
f 8720 10915 8751
f 6572 10916 6891
f 6294 10916 6572
f 6851 10917 10811
f 6711 10917 6851
f 2010 10918 10742
f 1907 10918 2010
f 6814 10919 9389
f 6708 10919 6814
f 8680 10920 8699
f 8729 10920 8680
f 10053 10921 10152
f 10086 10921 10053
f 11904 10922 4891
f 10434 10922 6200
f 2002 10923 10321
f 10085 10923 2002
f 8842 10924 10035
f 9966 10924 8842
f 8323 10925 8261
f 10224 10925 8323
f 9368 10926 5830
f 5763 10926 9368
f 4146 10927 10609
f 10451 10927 4146
f 9558 10928 9693
f 10022 10928 9558
f 8505 10929 8477
f 8569 10929 8505
f 2114 10930 10341
f 1956 10930 2114
f 8684 10931 8657
f 9994 10931 8684
f 9265 10932 10325
f 10853 10932 9265
f 8064 10933 9546
f 11963 10933 8064
f 8803 10934 9636
f 10915 10934 8803
f 1805 10935 12098
f 1853 10935 1805
f 2162 10936 12169
f 2246 10936 2162
f 11112 10937 7182
f 10864 10937 7021
f 4435 10938 10148
f 4656 10938 4435
f 8110 10939 9743
f 10418 10939 8110
f 6127 10940 10559
f 5935 10940 6127
f 8170 10941 8108
f 8161 10941 8170
f 6567 10942 6801
f 6301 10942 6567
f 8364 10943 10646
f 8365 10943 12498
f 6703 10944 10704
f 6227 10944 6703
f 969 10945 10450
f 1040 10945 969
f 8289 10946 10077
f 8284 10946 8289
f 3669 10947 4014
f 3578 10947 3669
f 7583 10948 10780
f 11858 10948 7583
f 8287 10949 8242
f 9287 10949 8287
f 6594 10950 6625
f 6459 10950 6594
f 7418 10951 12908
f 7437 10951 7418
f 9058 10952 9787
f 9050 10952 9058
f 9735 10953 10488
f 9756 10953 9735
f 3644 10954 10084
f 3355 10954 12494
f 1318 10955 10373
f 1300 10955 1318
f 2667 10956 10413
f 2159 10956 11876
f 12422 10957 7632
f 9534 10957 7584
f 8347 10958 8315
f 8363 10958 11995
f 5439 10959 5724
f 5416 10959 5439
f 2214 10960 2371
f 10121 10960 2214
f 8298 10961 8293
f 10634 10961 8298
f 2111 10962 10358
f 1950 10962 2111
f 5548 10963 5543
f 10057 10963 5548
f 6708 10964 10919
f 6385 10964 6708
f 7858 10965 10441
f 7898 10965 7858
f 8673 10966 9883
f 9674 10966 8673
f 5041 10967 9689
f 5129 10967 5041
f 8646 10968 8595
f 10544 10968 8646
f 12211 10969 9210
f 10643 10969 6583
f 1498 10970 2021
f 1943 10970 1498
f 9376 10971 3912
f 11829 10971 9376
f 8873 10972 9171
f 8807 10972 8873
f 4808 10973 5044
f 4364 10973 4808
f 7390 10974 7443
f 10688 10974 7390
f 9374 10975 10233
f 12857 10975 9374
f 12293 10976 7724
f 7662 10976 7716
f 7542 10977 9924
f 7511 10977 7542
f 8836 10978 10155
f 9900 10978 8836
f 780 10979 10260
f 1028 10979 780
f 4382 10980 4195
f 3744 10980 12278
f 11131 10981 7988
f 7909 10981 11158
f 9253 10982 1527
f 1644 10982 11942
f 6818 10983 9398
f 6881 10983 6818
f 9298 10984 8428
f 10184 10984 9298
f 7662 10985 10976
f 7608 10985 7662
f 9223 10986 10454
f 8375 10986 9223
f 8658 10987 11508
f 10228 10987 8658
f 9552 10988 9771
f 9867 10988 9552
f 5229 10989 4894
f 5211 10989 5229
f 813 10990 816
f 757 10990 813
f 3350 10991 3487
f 3676 10991 11036
f 654 10992 732
f 537 10992 654
f 9410 10993 10236
f 8160 10993 9410
f 3508 10994 3385
f 9851 10994 3508
f 2937 10995 3401
f 3237 10995 2937
f 8180 10996 8196
f 12125 10996 8180
f 7285 10997 11249
f 9937 10997 7285
f 1161 10998 10819
f 1358 10998 1161
f 3640 10999 3355
f 3207 10999 3640
f 7119 11000 7195
f 7060 11000 7119
f 3637 11001 10308
f 9427 11001 3637
f 8702 11002 8666
f 10556 11002 8702
f 8915 11003 9592
f 10654 11003 8915
f 9513 11004 6876
f 5993 11004 9513
f 9513 11005 9692
f 9569 11005 9513
f 9020 11006 8991
f 9646 11006 9020
f 7958 11007 10083
f 7828 11007 11883
f 6337 11008 5648
f 9210 11008 11867
f 563 11009 767
f 692 11009 563
f 9007 11010 9801
f 8996 11010 9007
f 5548 11011 9758
f 6053 11011 11408
f 8998 11012 9032
f 10790 11012 8998
f 6003 11013 10182
f 6402 11013 6003
f 7520 11014 11709
f 7506 11014 7520
f 1417 11015 1470
f 1421 11015 1417
f 6628 11016 9649
f 6820 11016 6628
f 9075 11017 10105
f 9077 11017 9075
f 8447 11018 8436
f 9944 11018 8447
f 3175 11019 11761
f 9797 11019 3175
f 7530 11020 7519
f 7455 11020 7530
f 11203 11021 4469
f 9604 11021 4502
f 7821 11022 9185
f 10298 11022 7821
f 9783 11023 10527
f 9794 11023 9783
f 5340 11024 10718
f 10628 11024 5340
f 3861 11025 9557
f 11746 11025 3861
f 5617 11026 5573
f 5063 11026 11215
f 4759 11027 4907
f 9770 11027 4759
f 8910 11028 11617
f 8892 11028 11187
f 6464 11029 9122
f 10525 11029 6464
f 6241 11030 9692
f 9864 11030 6241
f 9148 11031 4748
f 10116 11031 9148
f 2751 11032 11776
f 2575 11032 12830
f 12336 11033 8920
f 9822 11033 8970
f 8979 11034 9105
f 9822 11034 8979
f 8350 11035 9517
f 8309 11035 12041
f 3350 11036 10991
f 10349 11036 3350
f 8839 11037 8783
f 9147 11037 8839
f 5231 11038 4816
f 10335 11038 5231
f 8822 11039 8816
f 8880 11039 8822
f 2526 11040 2349
f 2401 11040 2526
f 8792 11041 8805
f 12901 11041 8792
f 2211 11042 2214
f 10137 11042 2211
f 2069 11043 9971
f 10365 11043 2069
f 4301 11044 11038
f 5222 11044 4301
f 11229 11045 8889
f 10442 11045 8930
f 8931 11046 10764
f 8950 11046 8931
f 3702 11047 3909
f 10561 11047 3702
f 7618 11048 9925
f 10665 11048 7618
f 8492 11049 10648
f 8565 11049 8492
f 12822 11050 714
f 558 11050 486
f 5845 11051 9566
f 5949 11051 5845
f 9441 11052 10200
f 10235 11052 9441
f 7637 11053 7658
f 9897 11053 7637
f 9568 11054 9739
f 10074 11054 9568
f 9417 11055 9625
f 10092 11055 9417
f 8415 11056 8484
f 8427 11056 8415
f 9535 11057 9544
f 9024 11057 12524
f 7271 11058 7073
f 10277 11058 7271
f 4866 11059 4363
f 4181 11059 4866
f 9190 11060 4727
f 4515 11060 9190
f 11160 11061 8046
f 8101 11061 8058
f 12259 11062 8903
f 8878 11062 11613
f 8544 11063 10629
f 8473 11063 8544
f 8477 11064 8438
f 10929 11064 8477
f 8998 11065 8969
f 9032 11065 8998
f 9400 11066 10856
f 9881 11066 9400
f 11293 11067 9115
f 9737 11067 6170
f 8444 11068 9742
f 8463 11068 8444
f 3346 11069 9531
f 3273 11069 3346
f 2750 11070 9907
f 2313 11070 2750
f 4647 11071 4937
f 4256 11071 4647
f 2938 11072 9554
f 10037 11072 2938
f 12053 11073 9317
f 9124 11073 9178
f 5582 11074 5672
f 5179 11074 5582
f 2433 11075 2516
f 2799 11075 2433
f 7875 11076 7915
f 7840 11076 7875
f 8528 11077 10363
f 8550 11077 8528
f 4356 11078 3512
f 9693 11078 4356
f 4203 11079 10590
f 3638 11079 4203
f 6087 11080 6274
f 5964 11080 6087
f 4460 11081 4052
f 9271 11081 4460
f 7928 11082 10701
f 7923 11082 7928
f 2799 11083 2651
f 9736 11083 2799
f 12519 11084 2352
f 2115 11084 2488
f 9327 11085 10638
f 9125 11085 9327
f 2633 11086 10746
f 2568 11086 2633
f 11973 11087 8921
f 8848 11087 8862
f 9260 11088 9937
f 7124 11088 9260
f 8707 11089 9606
f 8767 11089 11093
f 7339 11090 10774
f 7391 11090 7339
f 7473 11091 7503
f 7416 11091 12795
f 2751 11092 10453
f 10542 11092 2751
f 8707 11093 11089
f 8743 11093 8707
f 3658 11094 3911
f 3448 11094 3658
f 8567 11095 8565
f 12228 11095 8567
f 1231 11096 11837
f 1210 11096 1231
f 6943 11097 7034
f 6796 11097 12101
f 8826 11098 10630
f 9636 11098 8826
f 4857 11099 5085
f 10513 11099 4857
f 5741 11100 5274
f 5838 11100 5741
f 3642 11101 10367
f 9610 11101 3642
f 7014 11102 7230
f 12037 11102 7014
f 8715 11103 8695
f 10866 11103 8715
f 1880 11104 10711
f 1890 11104 1880
f 5993 11105 11004
f 9775 11105 5993
f 8942 11106 11535
f 8958 11106 8942
f 8710 11107 8759
f 8674 11107 8710
f 9847 11108 9894
f 10457 11108 9847
f 9514 11109 9527
f 8906 11109 11611
f 9514 11110 9532
f 8887 11110 11965
f 9393 11111 10058
f 8338 11111 9393
f 7021 11112 7099
f 10937 11112 7021
f 9573 11113 7775
f 9598 11113 9573
f 7729 11114 10142
f 7733 11114 7729
f 8765 11115 8791
f 10503 11115 8765
f 8968 11116 12077
f 8973 11116 8968
f 3087 11117 3231
f 3103 11117 3087
f 1638 11118 9434
f 1634 11118 1638
f 9989 11119 10123
f 10243 11119 9989
f 7896 11120 7909
f 10684 11120 7896
f 9220 11121 10432
f 8140 11121 9220
f 4511 11122 4893
f 10382 11122 4511
f 8534 11123 9332
f 9662 11123 8534
f 4739 11124 10922
f 4388 11124 4739
f 9520 11125 9523
f 8961 11125 11694
f 7836 11126 7847
f 7877 11126 7836
f 7463 11127 7131
f 12826 11127 7463
f 8438 11128 8417
f 11064 11128 8438
f 3801 11129 10031
f 9198 11129 3801
f 5405 11130 5205
f 10656 11130 5405
f 7951 11131 12027
f 10981 11131 7951
f 8688 11132 8726
f 9583 11132 8688
f 8518 11133 8546
f 8579 11133 8518
f 2041 11134 1859
f 1685 11134 2041
f 2470 11135 2890
f 2612 11135 2470
f 5093 11136 10840
f 10908 11136 5093
f 4083 11137 3717
f 4063 11137 4083
f 2046 11138 1682
f 1863 11138 2046
f 3048 11139 10176
f 10017 11139 3048
f 9047 11140 12327
f 9051 11140 9047
f 9129 11141 6455
f 10125 11141 9129
f 6482 11142 9665
f 6958 11142 6482
f 12945 11143 8424
f 8507 11143 8508
f 3835 11144 10882
f 10212 11144 3835
f 4189 11145 11572
f 12576 11145 4189
f 9369 11146 7659
f 7611 11146 11555
f 3575 11147 3802
f 10826 11147 3575
f 5773 11148 5636
f 6376 11148 5773
f 7230 11149 11722
f 7284 11149 7230
f 1967 11150 2057
f 1916 11150 1967
f 9563 11151 9619
f 10851 11151 9563
f 8835 11152 8803
f 9931 11152 8835
f 8204 11153 12295
f 9621 11153 8204
f 8532 11154 8553
f 8560 11154 8532
f 3690 11155 10994
f 3607 11155 11609
f 7563 11156 10535
f 9823 11156 7563
f 6197 11225 12961
f 5290 11157 5565
f 7951 11158 10981
f 7896 11158 12178
f 8150 11159 10054
f 8097 11159 11860
f 8058 11160 12587
f 11061 11160 8058
f 9367 11161 7461
f 7517 11161 9367
f 1797 11162 1822
f 10407 11162 1797
f 8032 11163 12469
f 10738 11163 8032
f 6294 11164 6126
f 5354 11164 6294
f 2457 11165 2638
f 2737 11165 2457
f 9455 11166 9947
f 11862 11166 9455
f 8649 11167 10048
f 12147 11167 8649
f 5691 11168 10606
f 5146 11168 5691
f 1203 11169 1335
f 10750 11169 1203
f 7685 11170 7705
f 10181 11170 7685
f 7933 11171 10605
f 9561 11171 7933
f 3330 11172 9199
f 12297 11172 3330
f 9310 11173 2724
f 2421 11173 9310
f 7764 11174 7796
f 7736 11174 7764
f 2177 11175 2118
f 2316 11175 2177
f 9405 11176 8540
f 9891 11176 9405
f 8874 11177 9761
f 8879 11177 8874
f 2006 11178 1844
f 9809 11178 2006
f 12406 11179 8728
f 8775 11179 8738
f 9456 11180 10798
f 8136 11180 9456
f 9060 11181 9733
f 9085 11181 9060
f 8988 11182 8943
f 10565 11182 8988
f 7695 11183 7648
f 7595 11183 7695
f 8342 11184 10595
f 8322 11184 8342
f 1907 11185 10918
f 1645 11185 1907
f 8224 11186 12705
f 9861 11186 8224
f 8910 11187 11028
f 8920 11187 8910
f 4683 11188 4404
f 10733 11188 4683
f 2887 11189 9249
f 2863 11189 2887
f 7457 11190 9890
f 7478 11190 7457
f 584 11191 773
f 643 11191 584
f 3540 11192 3555
f 10851 11192 3540
f 9497 11193 9919
f 7987 11193 9497
f 1481 11194 11872
f 1504 11194 1481
f 8074 11195 8105
f 9957 11195 8074
f 1842 11196 12693
f 1887 11196 1842
f 7887 11197 12202
f 9999 11197 7887
f 732 11198 670
f 10992 11198 732
f 12432 11199 7536
f 7420 11199 7450
f 6651 11200 10663
f 9612 11200 6651
f 2575 11201 11032
f 10520 11201 2575
f 9470 11202 12016
f 9977 11202 9470
f 4502 11203 4897
f 11021 11203 4502
f 3175 11204 9797
f 9635 11204 3175
f 9581 11205 9915
f 9907 11205 9581
f 9277 11206 10114
f 8566 11206 9277
f 7487 11207 7467
f 10699 11207 7487
f 5785 11208 6226
f 10603 11208 5785
f 5510 11209 6078
f 6285 11209 5510
f 8239 11210 8272
f 10274 11210 8239
f 1544 11211 11138
f 1477 11211 1544
f 5657 11212 5476
f 10095 11212 5657
f 790 11213 1003
f 1095 11213 790
f 8677 11214 8628
f 8695 11214 8677
f 5617 11215 11026
f 5171 11215 5617
f 1841 11216 10295
f 1777 11216 1841
f 9117 11217 11228
f 9671 11217 9117
f 5350 11218 10533
f 10558 11218 5350
f 6100 11219 5735
f 6482 11219 6100
f 2753 11220 2969
f 2994 11220 2753
f 9474 11221 8300
f 9885 11221 9474
f 8154 11222 8172
f 8145 11222 8154
f 3170 11223 11498
f 2898 11223 3170
f 5265 11224 4568
f 5711 11224 5265
f 5565 11225 5817
f 11157 11225 5565
f 1663 11226 1654
f 10650 11226 1663
f 1587 11227 1477
f 1820 11227 1587
f 2745 11228 11217
f 2837 11228 2745
f 11501 11229 8840
f 11045 11229 8930
f 6325 11230 10478
f 6164 11230 6325
f 12652 11231 8944
f 8921 11231 8960
f 2622 11232 2326
f 2533 11232 12008
f 8945 11233 8975
f 8963 11233 8945
f 7797 11234 9734
f 7833 11234 7797
f 3939 11235 9590
f 3975 11235 3939
f 9292 11236 2521
f 10049 11236 9292
f 7316 11237 7340
f 7248 11237 7316
f 9152 11238 8837
f 8755 11238 9152
f 7454 11239 7519
f 9890 11239 7454
f 7536 11240 10480
f 7529 11240 13000
f 2176 11241 10153
f 2053 11241 2176
f 9325 11242 12148
f 9549 11242 9325
f 7487 11243 7470
f 7430 11243 7487
f 7587 11244 12991
f 10273 11244 7587
f 8268 11245 8219
f 8282 11245 8268
f 9191 11246 10845
f 9661 11246 9191
f 7529 11247 11240
f 7525 11247 7529
f 8590 11248 10005
f 8618 11248 8590
f 7328 11249 10997
f 10488 11249 7328
f 7172 11250 9096
f 7189 11250 7172
f 8453 11251 10797
f 8330 11251 8453
f 3355 11252 3016
f 10999 11252 3355
f 8207 11253 10208
f 9844 11253 8207
f 2083 11254 2202
f 1909 11254 2083
f 11755 11255 4803
f 4278 11255 4303
f 1518 11256 10729
f 1394 11256 1518
f 9049 11257 9051
f 9993 11257 9049
f 7351 11258 7197
f 7017 11258 12476
f 6774 11259 6480
f 10704 11259 6774
f 7584 11260 10600
f 10847 11260 7584
f 8958 11261 10268
f 10220 11261 8958
f 2302 11262 2626
f 2301 11262 2302
f 9496 11263 10039
f 12756 11263 9496
f 9108 11264 10242
f 9824 11264 9108
f 1720 11265 1715
f 1711 11265 1720
f 6674 11266 10596
f 7002 11266 12357
f 8195 11267 9732
f 8201 11267 8195
f 11914 11268 7959
f 8050 11268 7946
f 7695 11269 10976
f 9983 11269 7695
f 7607 11270 7619
f 7564 11270 7607
f 4787 11271 5413
f 4867 11271 4787
f 11901 11272 4246
f 3993 11272 4310
f 3099 11273 10399
f 3045 11273 3099
f 8344 11274 12845
f 8337 11274 8344
f 9115 11275 10759
f 9992 11275 9115
f 2323 11276 2376
f 2154 11276 2323
f 2176 11277 2261
f 2317 11277 2176
f 9298 11278 10184
f 12369 11278 9298
f 8331 11279 10715
f 8326 11279 8331
f 7799 11280 7748
f 7803 11280 7799
f 6918 11281 6877
f 6850 11281 6918
f 577 11282 409
f 11752 11282 577
f 8630 11283 10005
f 10160 11283 8630
f 11350 11284 2554
f 2431 11284 2740
f 7879 11285 7888
f 7882 11285 7879
f 7948 11286 8044
f 7938 11286 7948
f 4545 11287 4053
f 4972 11287 4545
f 6464 11288 6337
f 9406 11288 11311
f 7453 11289 9756
f 9902 11289 7453
f 7750 11290 9805
f 7789 11290 7750
f 8301 11291 10008
f 8270 11291 8301
f 5222 11292 4816
f 10492 11292 5222
f 6170 11293 6494
f 11067 11293 6170
f 656 11294 11310
f 794 11294 656
f 9539 11295 9578
f 4344 11295 12665
f 8174 11296 9990
f 8230 11296 8174
f 8936 11297 8933
f 10697 11297 8936
f 11463 11298 2789
f 10222 11298 2634
f 2205 11299 2294
f 2223 11299 2205
f 2694 11300 11700
f 3047 11300 2694
f 9073 11301 9678
f 9078 11301 11605
f 5031 11302 5290
f 5273 11302 12172
f 3169 11303 3801
f 9159 11303 3169
f 5290 11304 11157
f 11302 11304 5290
f 8731 11305 9849
f 8764 11305 8731
f 911 11306 1192
f 10179 11306 911
f 2440 11307 10758
f 10769 11307 2440
f 5432 11308 5610
f 5010 11308 5432
f 12219 11309 2149
f 2520 11309 2561
f 784 11310 11294
f 695 11310 784
f 6464 11311 11288
f 9122 11311 6464
f 6936 11312 10426
f 12236 11312 6936
f 7239 11313 7100
f 7229 11313 11877
f 8596 11314 8515
f 8593 11314 8596
f 9294 11315 4469
f 10238 11315 9294
f 12800 11316 1054
f 12840 11316 1096
f 8479 11317 8516
f 8569 11317 8479
f 2775 11318 2809
f 12719 11318 2775
f 8468 11319 8419
f 12831 11319 8468
f 8363 11320 10958
f 8339 11320 8363
f 11431 11321 2125
f 2243 11321 2175
f 8779 11322 10204
f 8801 11322 8779
f 12861 11323 5576
f 12471 11323 5288
f 2227 11324 2209
f 2426 11324 2227
f 9260 11325 9580
f 10500 11325 9260
f 6197 11326 6191
f 12961 11326 6197
f 8654 11327 8608
f 10474 11327 8654
f 8665 11328 9782
f 8603 11328 8665
f 8890 11329 10627
f 9833 11329 8890
f 12036 11330 9168
f 9660 11330 7044
f 8916 11331 10019
f 8899 11331 8916
f 3464 11332 3629
f 3416 11332 3464
f 4141 11333 3975
f 10255 11333 4141
f 8574 11334 11314
f 10436 11334 8574
f 3047 11335 2845
f 2694 11335 3047
f 7748 11336 7731
f 7732 11336 7748
f 6854 11337 10120
f 6032 11337 12660
f 7142 11338 7163
f 10803 11338 7142
f 1680 11339 1787
f 1689 11339 1680
f 4937 11340 4820
f 11071 11340 4937
f 8491 11341 8464
f 10735 11341 8491
f 9096 11342 6890
f 6934 11342 9096
f 3251 11343 3478
f 3707 11343 11467
f 9029 11344 9001
f 9018 11344 9029
f 8722 11345 12697
f 9528 11345 8722
f 5131 11346 10475
f 11381 11346 5131
f 8135 11347 8187
f 8094 11347 8135
f 6663 11348 7134
f 7047 11348 6663
f 3710 11349 3714
f 9998 11349 3710
f 2740 11350 9803
f 11284 11350 2740
f 2769 11351 2401
f 2530 11351 2769
f 8748 11352 8696
f 10897 11352 8748
f 5385 11353 5634
f 9799 11353 5385
f 8614 11354 8610
f 10512 11354 8614
f 2799 11355 9736
f 10104 11355 2799
f 8641 11356 8600
f 8649 11356 8641
f 9006 11357 10381
f 9836 11357 9006
f 8391 11358 9293
f 8341 11358 8391
f 9515 11359 9582
f 9968 11359 9515
f 9515 11360 9946
f 10384 11360 9515
f 9171 11361 9592
f 8823 11361 9171
f 7723 11362 7704
f 10682 11362 7723
f 11564 11363 8815
f 10248 11363 8787
f 11375 11364 9148
f 4876 11364 4987
f 8691 11365 8643
f 8667 11365 12802
f 6322 11366 9373
f 6362 11366 6322
f 8458 11367 8461
f 11679 11367 8458
f 677 11368 963
f 935 11368 677
f 8345 11369 12535
f 8261 11369 8345
f 8948 11370 9695
f 10167 11370 8948
f 1306 11371 1114
f 1162 11371 1306
f 11819 11372 8199
f 8222 11372 8178
f 8250 11373 10274
f 8358 11373 8250
f 1901 11374 10696
f 1917 11374 12287
f 4987 11375 10020
f 11364 11375 4987
f 8277 11376 10723
f 10834 11376 8277
f 1970 11377 11444
f 1802 11377 1970
f 2275 11378 2269
f 11915 11378 2275
f 7967 11379 9785
f 7898 11379 7967
f 7730 11380 9814
f 7799 11380 7730
f 4897 11381 5334
f 11346 11381 4897
f 3555 11382 9739
f 11192 11382 3555
f 539 11383 811
f 694 11383 539
f 3880 11384 10354
f 3790 11384 3880
f 4020 11385 10582
f 4356 11385 4020
f 3693 11386 10687
f 3444 11386 3693
f 4155 11387 3906
f 4207 11387 4155
f 9516 11388 10172
f 4227 11388 9516
f 9516 11389 9551
f 9526 11389 9516
f 5028 11390 5145
f 5049 11390 5028
f 8512 11391 10885
f 8552 11391 8512
f 9235 11392 10245
f 1953 11392 9235
f 7882 11393 7863
f 7844 11393 7882
f 1491 11394 1744
f 11377 11394 1491
f 3238 11395 3420
f 3115 11395 3238
f 9359 11396 8287
f 8398 11396 9359
f 7627 11397 10792
f 12661 11397 7627
f 9048 11398 9018
f 9424 11398 9048
f 7757 11399 7771
f 7734 11399 7757
f 1486 11400 1480
f 1446 11400 1486
f 5618 11401 5759
f 9912 11401 5618
f 5967 11402 6317
f 5783 11402 5967
f 7527 11403 7469
f 9807 11403 7527
f 3937 11404 10234
f 3699 11404 3937
f 5156 11405 12365
f 5316 11405 5156
f 7849 11406 10083
f 7887 11406 7849
f 2225 11407 2312
f 2340 11407 2225
f 5548 11408 11011
f 5543 11408 5548
f 8702 11409 9496
f 8682 11409 8702
f 5429 11410 10795
f 5076 11410 5429
f 7489 11411 11612
f 7484 11411 7489
f 9537 11412 9562
f 9194 11412 12579
f 6649 11413 6334
f 6682 11413 6649
f 738 11414 827
f 10519 11414 738
f 1545 11415 1730
f 1629 11415 1545
f 3912 11416 9604
f 3716 11416 12213
f 12998 11417 5104
f 4513 11417 5033
f 12043 11418 870
f 732 11418 826
f 4480 11419 4513
f 9563 11419 4480
f 8108 11420 9811
f 8032 11420 8108
f 12023 11421 7988
f 10745 11421 7999
f 7575 11422 10948
f 7549 11422 7575
f 1909 11423 11254
f 1823 11423 1909
f 471 11424 613
f 514 11424 471
f 1071 11425 1207
f 1064 11425 1071
f 9275 11426 3711
f 10599 11426 9275
f 9469 11427 9795
f 6903 11427 9469
f 2415 11428 2572
f 2321 11428 2415
f 4715 11429 4957
f 4990 11429 4715
f 9433 11430 10684
f 10029 11430 9433
f 2175 11431 10333
f 11321 11431 2175
f 5697 11432 5694
f 5468 11432 5697
f 8009 11433 10841
f 7925 11433 8009
f 6707 11434 6654
f 11011 11434 6707
f 7783 11435 11113
f 7762 11435 7783
f 5955 11436 6425
f 5831 11436 5955
f 2508 11437 2563
f 10670 11437 2508
f 12733 11438 3969
f 3674 11438 3507
f 2349 11439 2031
f 2146 11439 11590
f 8163 11440 8132
f 10657 11440 8163
f 7193 11441 11870
f 7018 11441 11473
f 7758 11442 9989
f 9928 11442 7758
f 8308 11443 10501
f 10184 11443 8308
f 1740 11444 11377
f 9955 11444 1740
f 1612 11445 9728
f 1291 11445 1612
f 686 11446 495
f 439 11446 686
f 8073 11447 10605
f 8106 11447 8073
f 1837 11448 1716
f 1794 11448 1837
f 9401 11449 10311
f 8634 11449 9401
f 8652 11450 8698
f 10379 11450 8652
f 3927 11451 4010
f 3742 11451 12891
f 5823 11452 10193
f 5888 11452 5823
f 5426 11453 4805
f 10230 11453 5426
f 1790 11454 1852
f 1841 11454 1790
f 3644 11455 3792
f 10084 11455 3644
f 6966 11456 9228
f 6962 11456 6966
f 3868 11457 10631
f 9564 11457 3868
f 4149 11458 4002
f 4209 11458 4149
f 8122 11459 8102
f 10433 11459 8122
f 8552 11460 11391
f 8571 11460 8552
f 1483 11461 1710
f 1398 11461 1483
f 6840 11462 6939
f 7063 11462 6840
f 2634 11463 10017
f 11298 11463 2634
f 7544 11464 10391
f 10196 11464 7544
f 9675 11465 10000
f 10264 11465 9675
f 8782 11466 8786
f 8861 11466 8782
f 3251 11467 11343
f 3458 11467 3251
f 11507 11468 9329
f 8218 11468 8220
f 1221 11469 1180
f 1134 11469 1221
f 3269 11470 3187
f 3112 11470 3269
f 1107 11471 998
f 917 11471 1107
f 8851 11472 9781
f 8892 11472 8851
f 7193 11473 11441
f 7057 11473 7193
f 2261 11474 9809
f 2115 11474 12538
f 2866 11475 9487
f 10112 11475 2866
f 4098 11476 10106
f 3553 11476 4098
f 4310 11477 4637
f 4246 11477 11901
f 9695 11478 9896
f 10507 11478 9695
f 11975 11479 9221
f 9870 11479 6145
f 2004 11480 9793
f 1929 11480 2004
f 7644 11481 7691
f 7747 11481 7644
f 7507 11482 7470
f 7533 11482 7507
f 3792 11483 12550
f 3791 11483 12955
f 6066 11484 6081
f 10232 11484 6066
f 4818 11485 5102
f 4777 11485 4818
f 9515 11486 10384
f 9582 11486 9515
f 9383 11487 433
f 353 11487 9383
f 9027 11488 9017
f 10165 11488 9027
f 9153 11489 11971
f 8452 11489 9153
f 5888 11490 5683
f 5823 11490 5888
f 8089 11491 9794
f 10472 11491 8089
f 12787 11492 8386
f 8461 11492 8414
f 1823 11493 11496
f 2093 11493 1823
f 12380 11494 7959
f 9780 11494 9366
f 7023 11495 7068
f 7075 11495 7023
f 2274 11496 11493
f 11423 11496 2274
f 11727 11497 1451
f 11681 11497 1530
f 9650 11498 11223
f 9713 11498 9650
f 4098 11499 4333
f 12620 11499 4098
f 6111 11500 5779
f 6095 11500 6111
f 8930 11501 8880
f 11229 11501 8930
f 8165 11502 9639
f 10668 11502 8165
f 1078 11503 10872
f 774 11503 1078
f 5575 11504 5705
f 10382 11504 5575
f 2527 11505 2488
f 2319 11505 2527
f 2420 11506 2737
f 2339 11506 2420
f 8220 11507 9676
f 11468 11507 8220
f 8570 11508 10987
f 8578 11508 8570
f 9202 11509 3192
f 3540 11509 9202
f 4885 11510 5476
f 5070 11510 4885
f 9527 11511 9706
f 9982 11511 9527
f 8092 11512 8099
f 10509 11512 8092
f 7985 11513 9999
f 8020 11513 7985
f 4195 11514 4234
f 10980 11514 4195
f 7911 11515 7971
f 9553 11515 7911
f 8349 11516 8364
f 8427 11516 12119
f 8474 11517 10087
f 10291 11517 8474
f 9401 11518 9818
f 9583 11518 9401
f 9517 11519 9668
f 11035 11519 9517
f 9517 11520 9666
f 10265 11520 9517
f 8114 11521 8103
f 12625 11521 8114
f 5087 11522 5086
f 4636 11522 5087
f 3344 11523 3141
f 3311 11523 3344
f 7136 11524 6851
f 7030 11524 7136
f 7554 11525 9623
f 12951 11525 7554
f 3016 11526 2600
f 11252 11526 3016
f 8701 11527 10512
f 10591 11527 8701
f 7836 11528 7772
f 10170 11528 7836
f 7880 11529 7877
f 10323 11529 7880
f 1783 11530 9575
f 12231 11530 1783
f 7755 11531 7733
f 7713 11531 12808
f 1975 11532 10416
f 10936 11532 1975
f 9518 11533 9944
f 8517 11533 11642
f 9518 11534 9541
f 9673 11534 9518
f 8940 11535 11106
f 8912 11535 8940
f 2476 11536 10678
f 2416 11536 2476
f 8705 11537 8656
f 9849 11537 8705
f 2488 11538 10222
f 10397 11538 2488
f 7705 11539 7734
f 11170 11539 7705
f 9151 11540 8428
f 10032 11540 9151
f 9254 11541 2791
f 2532 11541 9254
f 9535 11542 9862
f 9836 11542 9535
f 956 11543 903
f 1111 11543 956
f 2011 11544 11618
f 1678 11544 2011
f 4117 11545 4449
f 4043 11545 4117
f 4344 11546 11295
f 9549 11546 4344
f 9538 11547 11499
f 9588 11547 9538
f 1783 11548 10650
f 9575 11548 1783
f 8184 11549 8186
f 12688 11549 8184
f 12904 11550 2465
f 2074 11550 2472
f 6711 11551 6631
f 6554 11551 6711
f 2235 11552 2369
f 2393 11552 2235
f 8561 11553 10626
f 9542 11553 8561
f 8510 11554 11489
f 10626 11554 8510
f 9369 11555 11146
f 9471 11555 9369
f 8161 11556 8166
f 8181 11556 8161
f 7726 11557 7725
f 7752 11557 7726
f 6271 11558 10404
f 12745 11558 6271
f 9452 11559 7464
f 10195 11559 9452
f 8672 11560 8610
f 8577 11560 8672
f 1753 11561 1974
f 1993 11561 1753
f 8021 11562 10731
f 8082 11562 8021
f 1681 11563 1663
f 1717 11563 1681
f 8787 11564 8825
f 11363 11564 8787
f 9519 11565 8240
f 8312 11565 9519
f 9519 11566 10058
f 9599 11566 9519
f 8689 11567 8745
f 8706 11567 8689
f 9024 11568 9021
f 10785 11568 9024
f 7742 11569 7744
f 11481 11569 7742
f 5682 11570 5995
f 5510 11570 5682
f 8796 11571 11263
f 8854 11571 8796
f 3720 11572 11145
f 3835 11572 11854
f 5255 11573 5122
f 10567 11573 5255
f 2446 11574 9254
f 2317 11574 2446
f 4545 11575 5027
f 10143 11575 4545
f 2456 11576 2091
f 2303 11576 2456
f 7666 11577 10537
f 10553 11577 7666
f 1166 11578 1479
f 1462 11578 1166
f 9524 11579 9536
f 8548 11579 11865
f 6882 11580 12554
f 7026 11580 6882
f 958 11581 829
f 768 11581 958
f 7916 11582 7876
f 7849 11582 7916
f 8741 11583 11167
f 10340 11583 8741
f 7327 11584 7187
f 7425 11584 7327
f 9016 11585 8997
f 9029 11585 9016
f 5200 11586 10315
f 4813 11586 5200
f 7793 11587 9886
f 7744 11587 12355
f 4839 11588 4823
f 5278 11588 4839
f 2410 11589 2416
f 2307 11589 2410
f 2349 11590 11439
f 11040 11590 2349
f 8473 11591 9970
f 12930 11591 8473
f 9411 11592 7416
f 7242 11592 9411
f 12585 11593 6852
f 10040 11593 7283
f 9455 11594 9961
f 8911 11594 9455
f 2246 11595 10416
f 2143 11595 2246
f 1597 11596 1733
f 1582 11596 1597
f 4972 11597 11287
f 9144 11597 4972
f 2405 11598 2382
f 2220 11598 2405
f 2898 11599 2715
f 3094 11599 2898
f 2575 11600 10520
f 2348 11600 2575
f 8798 11601 8811
f 8806 11601 8798
f 8167 11602 9720
f 10054 11602 8167
f 12707 11603 2033
f 2509 11603 2407
f 9197 11604 4379
f 3917 11604 9197
f 9073 11605 11301
f 9079 11605 9073
f 3849 11606 3827
f 3590 11606 3849
f 4296 11607 4294
f 4214 11607 4296
f 5265 11608 5711
f 10230 11608 5265
f 3690 11609 11155
f 3781 11609 3690
f 8501 11610 8560
f 9364 11610 8501
f 9514 11611 11109
f 9532 11611 9514
f 7273 11612 11411
f 7412 11612 7273
f 8918 11613 11062
f 8913 11613 8918
f 5353 11614 10845
f 5104 11614 5353
f 3861 11615 4324
f 9557 11615 3861
f 800 11616 957
f 10348 11616 800
f 8872 11617 11028
f 8902 11617 8872
f 1729 11618 11544
f 1990 11618 1729
f 1722 11619 9478
f 1857 11619 1722
f 8082 11620 11562
f 8115 11620 8082
f 9492 11621 8740
f 8761 11621 9492
f 5532 11622 5410
f 5337 11622 5532
f 8043 11623 7965
f 8064 11623 8043
f 7251 11624 10201
f 9577 11624 7251
f 6091 11625 5674
f 5945 11625 6091
f 8732 11626 8690
f 9815 11626 8732
f 7505 11627 7508
f 9953 11627 7505
f 4359 11628 4531
f 9311 11628 4359
f 8745 11629 8768
f 8794 11629 8745
f 7104 11630 10290
f 10040 11630 7104
f 6400 11631 6888
f 6489 11631 12537
f 2108 11632 2013
f 2101 11632 2108
f 8652 11633 10411
f 8675 11633 8652
f 7724 11634 12293
f 7841 11634 7724
f 5949 11635 11051
f 6929 11635 5949
f 8947 11636 9701
f 11116 11636 8947
f 9429 11637 11668
f 8972 11637 9429
f 9017 11638 8984
f 9005 11638 9017
f 8336 11639 8275
f 8383 11639 8336
f 5129 11640 5137
f 10765 11640 5129
f 7431 11641 10010
f 9932 11641 7431
f 9518 11642 11533
f 9541 11642 9518
f 9312 11643 7510
f 7479 11643 9312
f 5569 11644 5884
f 5415 11644 5569
f 8958 11645 11106
f 10268 11645 8958
f 4880 11646 5165
f 5181 11646 12879
f 2837 11647 11228
f 3059 11647 2837
f 4744 11648 4340
f 4516 11648 4744
f 9988 11649 10494
f 10217 11649 9988
f 1995 11650 9177
f 10091 11650 1995
f 658 11651 883
f 832 11651 658
f 11796 11652 8327
f 8353 11652 8348
f 9417 11653 8502
f 8465 11653 9417
f 9736 11654 11083
f 9829 11654 9736
f 9874 11655 10736
f 10028 11655 9874
f 713 11656 516
f 490 11656 713
f 4894 11657 5229
f 9769 11657 4894
f 8956 11658 8910
f 8970 11658 8956
f 2845 11659 3047
f 2684 11659 2845
f 7324 11660 9411
f 9872 11660 7324
f 3749 11661 3595
f 3450 11661 3749
f 7680 11662 7683
f 7713 11662 7680
f 9182 11663 10817
f 6197 11663 9182
f 6702 11664 6708
f 6232 11664 6702
f 796 11665 1080
f 948 11665 796
f 4364 11666 10973
f 4352 11666 4364
f 10362 11667 10525
f 10434 11667 10362
f 8985 11668 11637
f 9982 11668 8985
f 1754 11669 1614
f 1689 11669 1754
f 9256 11670 6381
f 9142 11670 11913
f 8329 11671 8310
f 8351 11671 8329
f 12875 11672 4349
f 9483 11672 4362
f 9005 11673 10907
f 10165 11673 9005
f 7526 11674 7539
f 10067 11674 7526
f 2440 11675 10769
f 9954 11675 2440
f 6508 11676 6449
f 6039 11676 6508
f 1932 11677 10365
f 1682 11677 1932
f 1837 11678 1876
f 10364 11678 1837
f 8381 11679 10777
f 11367 11679 8381
f 7476 11680 7475
f 7451 11680 7476
f 1440 11681 1494
f 11497 11681 1440
f 8877 11682 12577
f 10662 11682 8877
f 1775 11683 1944
f 1792 11683 1775
f 6820 11684 9692
f 6628 11684 6820
f 7573 11685 7596
f 7556 11685 7573
f 9403 11686 3168
f 2962 11686 9403
f 10410 11687 10469
f 10538 11687 10410
f 8201 11688 10191
f 8258 11688 8201
f 11734 11689 7605
f 7555 11689 7568
f 3124 11690 2790
f 3150 11690 3124
f 7669 11691 12044
f 7550 11691 7669
f 2976 11692 10305
f 2865 11692 2976
f 1752 11693 1859
f 2017 11693 1752
f 9520 11694 11125
f 9904 11694 9520
f 9520 11695 9591
f 9523 11695 9520
f 8515 11696 8513
f 12689 11696 8515
f 5824 11697 6344
f 5829 11697 5824
f 7435 11698 7348
f 9798 11698 7435
f 8670 11699 8624
f 10253 11699 8670
f 3242 11700 11300
f 2965 11700 3242
f 5010 11701 11308
f 5091 11701 5010
f 6232 11702 11664
f 6088 11702 6232
f 8955 11703 9916
f 12662 11703 8955
f 4568 11704 4467
f 11224 11704 4568
f 8703 11705 8650
f 10732 11705 8703
f 2974 11706 2969
f 2849 11706 2974
f 7690 11707 7678
f 7763 11707 7690
f 12127 11708 8583
f 11002 11708 8666
f 7586 11709 11014
f 10775 11709 7586
f 6831 11710 6855
f 10643 11710 6831
f 12154 11711 8135
f 8044 11711 8141
f 8280 11712 8296
f 8307 11712 8280
f 4022 11713 4239
f 10813 11713 4022
f 7779 11714 10530
f 10298 11714 7779
f 8984 11715 8935
f 8993 11715 8984
f 11759 11716 8845
f 8925 11716 8864
f 3308 11717 3586
f 2875 11717 3308
f 1304 11718 1119
f 10622 11718 1304
f 4926 11719 4712
f 11903 11719 4926
f 9617 11720 10842
f 9774 11720 9617
f 5195 11721 5339
f 5156 11721 5195
f 7159 11722 11149
f 7014 11722 7159
f 4000 11723 4128
f 3677 11723 4000
f 3996 11724 3820
f 3659 11724 3996
f 7853 11725 7923
f 10782 11725 7853
f 5441 11726 5676
f 5308 11726 5441
f 1530 11727 1781
f 11497 11727 1530
f 12811 11728 9301
f 7422 11728 7294
f 11896 11729 8582
f 10164 11729 8482
f 2977 11730 2948
f 2865 11730 2977
f 5721 11731 5850
f 5155 11731 5721
f 8318 11732 10501
f 8297 11732 8318
f 9464 11733 9387
f 5997 11733 9464
f 7568 11734 10779
f 11689 11734 7568
f 815 11735 709
f 10689 11735 815
f 6798 11736 9857
f 7002 11736 6798
f 9615 11737 9660
f 9267 11737 9615
f 12717 11738 2578
f 2434 11738 2742
f 3906 11739 3714
f 11387 11739 3906
f 7358 11740 10016
f 7434 11740 7358
f 9308 11741 9858
f 8530 11741 9308
f 2532 11742 2862
f 2617 11742 2532
f 1898 11743 1701
f 1632 11743 1898
f 1844 11744 1840
f 11178 11744 1844
f 948 11745 11665
f 1018 11745 948
f 3646 11746 3867
f 11025 11746 3646
f 2088 11747 1812
f 9712 11747 2088
f 7500 11748 7388
f 7486 11748 7500
f 2496 11749 2866
f 10671 11749 2496
f 8547 11750 9939
f 11610 11750 8547
f 2585 11751 2539
f 10678 11751 2585
f 305 11752 446
f 11282 11752 305
f 7372 11753 7321
f 7319 11753 7372
f 7715 11754 7675
f 7767 11754 7715
f 4303 11755 4729
f 11255 11755 4303
f 9028 11756 12885
f 9022 11756 9028
f 7039 11757 6934
f 6925 11757 7039
f 8604 11758 10876
f 10827 11758 8604
f 8864 11759 10256
f 11716 11759 8864
f 9457 11760 10629
f 8547 11760 9457
f 3054 11761 11019
f 3121 11761 3054
f 6243 11762 12590
f 6214 11762 6243
f 910 11763 10518
f 12356 11763 910
f 3069 11764 2782
f 2838 11764 3069
f 9518 11765 9673
f 9944 11765 9518
f 5012 11766 5262
f 4600 11766 5012
f 5640 11767 6296
f 5738 11767 11940
f 2871 11768 2745
f 9954 11768 2871
f 1876 11769 1923
f 1833 11769 1876
f 7187 11770 11710
f 9361 11770 12909
f 8972 11771 11637
f 8989 11771 8972
f 8221 11772 10430
f 11153 11772 8221
f 8230 11773 11296
f 9732 11773 8230
f 8257 11774 8279
f 10601 11774 8257
f 7886 11775 7963
f 7867 11775 7886
f 2752 11776 11032
f 2856 11776 12031
f 5459 11777 5400
f 5288 11777 5459
f 824 11778 9991
f 548 11778 824
f 1537 11779 1536
f 9889 11779 1537
f 8997 11780 8965
f 9001 11780 12084
f 9813 11781 10629
f 10073 11781 9813
f 3853 11782 3983
f 3959 11782 3853
f 3674 11783 3683
f 10473 11783 3674
f 8686 11784 8640
f 9845 11784 8686
f 7908 11785 9780
f 9738 11785 7908
f 161 11786 232
f 284 11786 161
f 8054 11787 8040
f 10034 11787 8054
f 3102 11788 9754
f 2789 11788 3102
f 9264 11789 9710
f 2005 11789 9264
f 3822 11790 3877
f 3666 11790 3822
f 4629 11791 4866
f 4286 11791 4629
f 7615 11792 9192
f 10446 11792 7615
f 7394 11793 7337
f 7374 11793 7394
f 8827 11794 8781
f 10437 11794 8827
f 9306 11795 9218
f 7044 11795 12279
f 8348 11796 8303
f 11652 11796 8348
f 9025 11797 9004
f 9042 11797 9025
f 7425 11798 11584
f 7294 11798 7425
f 6661 11799 9655
f 6577 11799 6661
f 12044 11800 7669
f 7547 11800 7523
f 5468 11801 5277
f 5247 11801 5468
f 8260 11802 10766
f 8339 11802 12301
f 7799 11803 11380
f 7748 11803 7799
f 7587 11804 10273
f 10975 11804 7587
f 8460 11805 8493
f 8527 11805 8460
f 2406 11806 2284
f 2198 11806 2406
f 3781 11807 11609
f 3830 11807 3781
f 6075 11808 6382
f 6125 11808 6075
f 6988 11809 12326
f 6882 11809 6988
f 8214 11810 8229
f 10372 11810 8214
f 3655 11811 3338
f 3800 11811 3655
f 9290 11812 8222
f 9885 11812 9290
f 4040 11813 4169
f 4049 11813 4040
f 6073 11814 6107
f 5969 11814 6073
f 8097 11815 11159
f 8141 11815 8097
f 8411 11816 8424
f 9521 11816 8411
f 9468 11817 10081
f 10535 11817 9468
f 8692 11818 8742
f 9813 11818 8692
f 8178 11819 9410
f 11372 11819 8178
f 2257 11820 10091
f 10156 11820 2257
f 8070 11821 10890
f 10472 11821 8070
f 5843 11822 5998
f 5645 11822 5843
f 8352 11823 10463
f 8397 11823 8352
f 7451 11824 7417
f 7458 11824 7451
f 1124 11825 1129
f 952 11825 1124
f 8014 11826 10745
f 8022 11826 8014
f 5005 11827 5483
f 5394 11827 5005
f 7299 11828 6922
f 7084 11828 7299
f 9465 11829 10734
f 10971 11829 9465
f 11942 11830 1644
f 1539 11830 9253
f 3355 11831 3352
f 3016 11831 3355
f 1954 11832 1784
f 10742 11832 1954
f 1777 11833 11216
f 1791 11833 1777
f 2736 11834 2924
f 2698 11834 2736
f 9157 11835 5621
f 10261 11835 9157
f 8565 11836 11049
f 8555 11836 8565
f 1443 11837 11096
f 1252 11837 1443
f 9573 11838 9589
f 7775 11838 9573
f 1978 11839 2257
f 1951 11839 1978
f 8809 11840 10064
f 12052 11840 8809
f 6101 11841 6009
f 6490 11841 6101
f 9521 11842 9540
f 10175 11842 9521
f 9521 11843 11816
f 10648 11843 9521
f 8375 11844 10986
f 8542 11844 12615
f 9736 11845 9832
f 11355 11845 9736
f 4389 11846 4608
f 4357 11846 4389
f 7646 11847 9603
f 9766 11847 7646
f 6185 11848 5721
f 10604 11848 6185
f 3059 11849 11647
f 3276 11849 3059
f 12893 11850 4358
f 4117 11850 3981
f 1616 11851 1611
f 1361 11851 12683
f 1466 11852 1578
f 1413 11852 1466
f 8371 11853 8485
f 8370 11853 8371
f 3720 11854 11572
f 3757 11854 11968
f 4894 11855 4381
f 10989 11855 4894
f 9522 11856 9923
f 9586 11856 9522
f 9522 11857 10003
f 3094 11857 9522
f 7575 11858 10273
f 10948 11858 7575
f 7450 11859 10793
f 7354 11859 7450
f 8150 11860 11159
f 8059 11860 12659
f 9523 11861 9593
f 11125 11861 9523
f 9523 11862 11695
f 11166 11862 9523
f 7017 11863 9843
f 9856 11863 7017
f 9524 11864 9555
f 9536 11864 9524
f 9524 11865 11579
f 8542 11865 9524
f 8066 11866 8092
f 10941 11866 8066
f 6337 11867 11008
f 6583 11867 6337
f 4504 11868 3600
f 4077 11868 4504
f 9720 11869 9792
f 11602 11869 9720
f 7209 11870 11441
f 7232 11870 7209
f 5791 11871 10821
f 5631 11871 5791
f 9318 11872 11194
f 1482 11872 9318
f 6053 11873 10225
f 11408 11873 6053
f 2499 11874 2516
f 10667 11874 2499
f 3813 11875 3999
f 4086 11875 3813
f 2667 11876 10956
f 2482 11876 2667
f 7239 11877 11313
f 7308 11877 12250
f 8714 11878 8610
f 8704 11878 12183
f 5672 11879 10388
f 11074 11879 5672
f 5793 11880 6033
f 5913 11880 5793
f 8404 11881 8450
f 10777 11881 8404
f 829 11882 9155
f 865 11882 11928
f 7958 11883 11007
f 12100 11883 7958
f 4727 11884 4465
f 4527 11884 4727
f 8250 11885 12232
f 10274 11885 8250
f 2237 11886 2374
f 9642 11886 2237
f 9931 11887 11152
f 10012 11887 9931
f 9480 11888 9645
f 9653 11888 9480
f 8550 11889 11077
f 10695 11889 8550
f 8288 11890 10149
f 8294 11890 8288
f 8143 11891 8144
f 8200 11891 8143
f 3294 11892 3789
f 3209 11892 3294
f 8841 11893 8884
f 8844 11893 8841
f 3694 11894 4218
f 10198 11894 3694
f 8962 11895 8939
f 8958 11895 8962
f 8482 11896 8476
f 11729 11896 8482
f 7771 11897 10625
f 11399 11897 7771
f 3868 11898 9586
f 11129 11898 3868
f 739 11899 1002
f 917 11899 739
f 3744 11900 3839
f 3488 11900 3744
f 4310 11901 11477
f 11272 11901 4310
f 8230 11902 8195
f 8274 11902 8230
f 4319 11903 4582
f 11719 11903 4319
f 6200 11904 10057
f 10922 11904 6200
f 2485 11905 2355
f 2600 11905 2485
f 7600 11906 7606
f 7692 11906 7600
f 9244 11907 10510
f 6829 11907 9244
f 9434 11908 1654
f 1639 11908 12191
f 12391 11909 8680
f 9855 11909 8668
f 10445 11910 10663
f 10560 11910 10445
f 4175 11911 3798
f 4149 11911 4175
f 8034 11912 10357
f 8066 11912 8034
f 9256 11913 11670
f 6537 11913 9256
f 7946 11914 7907
f 11268 11914 7946
f 2618 11915 2336
f 11378 11915 2618
f 12071 11916 7578
f 7629 11916 12663
f 2496 11917 10671
f 2481 11917 2496
f 8627 11918 8617
f 10045 11918 8627
f 6703 11919 12926
f 6774 11919 6703
f 1950 11920 10962
f 10402 11920 1950
f 1966 11921 1755
f 1879 11921 1966
f 4534 11922 4529
f 4242 11922 4534
f 9068 11923 9053
f 9059 11923 9068
f 9046 11924 9698
f 9057 11924 9046
f 1681 11925 1664
f 1663 11925 1681
f 3980 11926 3891
f 3869 11926 3980
f 2333 11927 2135
f 2379 11927 2333
f 829 11928 11882
f 831 11928 829
f 3143 11929 3326
f 3331 11929 3143
f 8579 11930 11133
f 8599 11930 8579
f 8485 11931 11123
f 8435 11931 8485
f 1724 11932 1676
f 1539 11932 1724
f 7321 11933 7370
f 9884 11933 7321
f 8829 11934 8764
f 10256 11934 8829
f 9497 11935 7987
f 12977 11935 9497
f 8367 11936 8320
f 9668 11936 8367
f 9525 11937 10560
f 7065 11937 9525
f 9525 11938 10025
f 10900 11938 9525
f 3000 11939 2877
f 3121 11939 3000
f 5640 11940 11767
f 5452 11940 5640
f 7235 11941 12829
f 7253 11941 7235
f 9253 11942 10982
f 11830 11942 9253
f 9796 11943 10259
f 10443 11943 9796
f 9303 11944 10575
f 8153 11944 9303
f 8161 11945 11866
f 8166 11945 8161
f 3794 11946 3752
f 3518 11946 3794
f 8317 11947 8275
f 10372 11947 8317
f 5041 11948 10469
f 9689 11948 5041
f 4461 11949 4460
f 4066 11949 4461
f 10123 11950 10325
f 10787 11950 10123
f 8136 11951 8142
f 10890 11951 8136
f 851 11952 889
f 802 11952 851
f 8759 11953 8774
f 8709 11953 8759
f 3119 11954 9832
f 3192 11954 3119
f 8947 11955 11116
f 8915 11955 8947
f 4080 11956 3843
f 3839 11956 4080
f 9647 11957 10664
f 9914 11957 9647
f 2461 11958 2254
f 2393 11958 2461
f 7237 11959 7276
f 7236 11959 7237
f 6343 11960 12551
f 6272 11960 6343
f 8858 11961 8927
f 9841 11961 8858
f 3825 11962 3951
f 10214 11962 3825
f 8103 11963 8043
f 10933 11963 8103
f 8478 11964 10685
f 8598 11964 8478
f 9514 11965 11110
f 9527 11965 9514
f 8687 11966 10815
f 8654 11966 12294
f 6955 11967 6993
f 12629 11967 6955
f 3720 11968 11854
f 3586 11968 3720
f 10230 11969 10753
f 10422 11969 10230
f 7574 11970 12765
f 9740 11970 7574
f 9173 11971 11489
f 8367 11971 9173
f 8021 11972 10323
f 10731 11972 8021
f 8862 11973 8929
f 11087 11973 8862
f 9501 11974 8085
f 8057 11974 9501
f 6145 11975 6199
f 11479 11975 6145
f 8595 11976 9731
f 10968 11976 8595
f 8125 11977 8087
f 10090 11977 8125
f 9400 11978 3178
f 3294 11978 9400
f 7847 11979 9119
f 7907 11979 7847
f 4478 11980 4292
f 4283 11980 4478
f 9365 11981 8149
f 10405 11981 9365
f 9724 11982 3000
f 9749 11982 9724
f 6962 11983 11456
f 6832 11983 6962
f 9861 11984 10262
f 10588 11984 9861
f 8593 11985 8574
f 8669 11985 12884
f 6143 11986 6522
f 6360 11986 12104
f 7756 11987 7733
f 7800 11987 7756
f 8916 11988 8884
f 10171 11988 8916
f 9358 11989 9839
f 1526 11989 9358
f 2214 11990 10121
f 11042 11990 2214
f 7154 11991 9411
f 7087 11991 7154
f 768 11992 10499
f 958 11992 768
f 7437 11993 12241
f 7438 11993 7437
f 7753 11994 9898
f 10202 11994 7753
f 8347 11995 10958
f 8425 11995 8347
f 1427 11996 1502
f 1807 11996 1427
f 2118 11997 10416
f 10402 11997 2118
f 4388 11998 11124
f 12969 11998 4388
f 2432 11999 2259
f 10384 11999 2432
f 2224 12000 1970
f 2210 12000 2224
f 5876 12001 5631
f 5728 12001 5876
f 12019 12002 8184
f 8203 12002 8166
f 2594 12003 9754
f 2446 12003 2594
f 9193 12004 209
f 9281 12004 9193
f 8044 12005 8088
f 11286 12005 8044
f 6779 12006 10549
f 9857 12006 6779
f 9209 12007 8086
f 9743 12007 9209
f 2622 12008 11232
f 10686 12008 2622
f 8120 12009 8117
f 9765 12009 8120
f 12655 12010 7343
f 11809 12010 6932
f 9526 12011 11389
f 10036 12011 9526
f 9526 12012 3600
f 10172 12012 9526
f 4462 12013 4853
f 4423 12013 4462
f 8669 12014 10253
f 8688 12014 8669
f 4300 12015 10733
f 4185 12015 12680
f 3912 12016 11202
f 10971 12016 3912
f 585 12017 727
f 473 12017 585
f 9439 12018 10296
f 8397 12018 9439
f 8166 12019 9835
f 12002 12019 8166
f 8897 12020 8839
f 9892 12020 8897
f 7471 12021 7538
f 7521 12021 7471
f 8382 12022 8394
f 8349 12022 8382
f 7999 12023 7997
f 11421 12023 7999
f 232 12024 12095
f 11786 12024 232
f 9823 12025 11156
f 9996 12025 9823
f 3011 12026 2966
f 10185 12026 3011
f 7990 12027 11131
f 7971 12027 7990
f 1865 12028 1810
f 1673 12028 1865
f 9332 12029 9715
f 9694 12029 9332
f 9399 12030 7764
f 10597 12030 9399
f 2752 12031 11776
f 12932 12031 2752
f 7164 12032 7184
f 7058 12032 7164
f 7248 12033 11237
f 7196 12033 7248
f 12350 12034 8238
f 10435 12034 8208
f 7800 12035 11987
f 7801 12035 7800
f 7044 12036 7171
f 11330 12036 7044
f 6876 12037 9565
f 11102 12037 6876
f 9583 12038 9764
f 10877 12038 9583
f 8103 12039 10933
f 8116 12039 8103
f 5852 12040 10874
f 5872 12040 5852
f 8350 12041 11035
f 8314 12041 8350
f 9523 12042 11166
f 9593 12042 9523
f 826 12043 984
f 11418 12043 826
f 7523 12044 11691
f 11800 12044 7523
f 9169 12045 9666
f 9151 12045 9169
f 3332 12046 3194
f 3902 12046 3332
f 3443 12047 10140
f 9797 12047 3443
f 9205 12048 9599
f 10708 12048 9205
f 7821 12049 12671
f 9185 12049 7821
f 9034 12050 9941
f 10645 12050 9034
f 5452 12051 11940
f 9956 12051 5452
f 8795 12052 8769
f 11840 12052 8795
f 9178 12053 248
f 11073 12053 9178
f 1987 12054 1963
f 1895 12054 1987
f 8510 12055 10626
f 10363 12055 8510
f 9053 12056 9729
f 9033 12056 9053
f 4513 12057 9604
f 9376 12057 4513
f 7423 12058 7514
f 7385 12058 7423
f 753 12059 783
f 838 12059 753
f 2565 12060 2402
f 2099 12060 2565
f 9451 12061 5948
f 6267 12061 9451
f 9284 12062 7608
f 10007 12062 9284
f 2600 12063 11905
f 2705 12063 2600
f 9096 12064 6934
f 11250 12064 9096
f 6471 12065 6536
f 6025 12065 6471
f 902 12066 12492
f 1041 12066 902
f 1157 12067 1336
f 1193 12067 1157
f 9035 12068 9052
f 10178 12068 9035
f 799 12069 809
f 713 12069 799
f 9444 12070 10071
f 8712 12070 9444
f 7567 12071 7540
f 11916 12071 7567
f 7676 12072 7609
f 10138 12072 7676
f 7283 12073 10040
f 7391 12073 7283
f 1348 12074 1215
f 10839 12074 1348
f 6743 12075 10410
f 5987 12075 6743
f 8618 12076 10683
f 8568 12076 8618
f 8937 12077 11116
f 10479 12077 8937
f 8374 12078 8455
f 8371 12078 8374
f 9527 12079 9982
f 11109 12079 9527
f 9527 12080 11965
f 9706 12080 9527
f 8643 12081 10390
f 8597 12081 8643
f 5475 12082 5373
f 5598 12082 5475
f 1163 12083 1251
f 10819 12083 1163
f 8997 12084 11780
f 11585 12084 8997
f 1001 12085 959
f 1021 12085 1001
f 3731 12086 3837
f 3738 12086 3731
f 4292 12087 4017
f 11980 12087 4292
f 7879 12088 7962
f 9860 12088 7879
f 7227 12089 7421
f 7343 12089 7227
f 6043 12090 6963
f 9758 12090 6043
f 6870 12091 7082
f 6853 12091 6870
f 7868 12092 10782
f 7841 12092 7868
f 9932 12093 11641
f 9995 12093 9932
f 8173 12094 8152
f 11944 12094 8173
f 495 12095 12024
f 251 12095 495
f 8005 12096 7971
f 8013 12096 8005
f 8912 12097 10042
f 8895 12097 8912
f 2089 12098 10935
f 9971 12098 2089
f 8636 12099 8592
f 11063 12099 8636
f 7866 12100 7940
f 11883 12100 7866
f 6943 12101 11097
f 10577 12101 6943
f 1995 12102 1978
f 1841 12102 1995
f 9033 12103 9036
f 10178 12103 9033
f 6143 12104 11986
f 9490 12104 6143
f 7863 12105 11285
f 12049 12105 7863
f 10651 12106 10893
f 10693 12106 10651
f 3639 12107 3804
f 3706 12107 3639
f 6240 12108 6443
f 6235 12108 6240
f 856 12109 839
f 1117 12109 856
f 4277 12110 4573
f 4007 12110 12272
f 4717 12111 5354
f 10063 12111 4717
f 4044 12112 4276
f 4169 12112 4044
f 7861 12113 9616
f 7882 12113 7861
f 7285 12114 9937
f 10500 12114 7285
f 8748 12115 8751
f 9994 12115 8748
f 4049 12116 4346
f 3979 12116 4049
f 3698 12117 3771
f 9812 12117 3698
f 1557 12118 1066
f 1133 12118 1557
f 8349 12119 11516
f 8382 12119 8349
f 8463 12120 8441
f 12804 12120 8463
f 572 12121 851
f 713 12121 572
f 6654 12122 10577
f 6053 12122 6654
f 5940 12123 5930
f 5602 12123 5940
f 3202 12124 3198
f 3028 12124 3202
f 8140 12125 9765
f 10996 12125 8140
f 5718 12126 6285
f 5651 12126 5718
f 8666 12127 9981
f 11708 12127 8666
f 3714 12128 3660
f 11739 12128 3714
f 8861 12129 11466
f 8877 12129 8861
f 5231 12130 9956
f 4886 12130 5231
f 3138 12131 3306
f 10902 12131 3138
f 5779 12132 9716
f 5920 12132 5779
f 9441 12133 10528
f 10200 12133 9441
f 1897 12134 11162
f 1950 12134 1897
f 8047 12135 10527
f 8048 12135 8047
f 9267 12136 11737
f 7497 12136 9267
f 6030 12137 6003
f 5851 12137 6030
f 3498 12138 3680
f 3365 12138 3498
f 8236 12139 8215
f 8176 12139 12820
f 5929 12140 5854
f 6493 12140 5929
f 1341 12141 1820
f 1461 12141 1341
f 9264 12142 1959
f 9852 12142 9264
f 2655 12143 2563
f 10671 12143 2655
f 8973 12144 9701
f 10098 12144 8973
f 2466 12145 2497
f 11407 12145 2466
f 7046 12146 9680
f 11258 12146 7046
f 8741 12147 8716
f 11167 12147 8741
f 4194 12148 11242
f 10015 12148 4194
f 4046 12149 4261
f 9172 12149 4046
f 6007 12150 10047
f 5901 12150 6007
f 3421 12151 3672
f 3428 12151 12384
f 3699 12152 11404
f 3696 12152 3699
f 4104 12153 4302
f 4288 12153 4104
f 8141 12154 8197
f 11711 12154 8141
f 8254 12155 9596
f 8271 12155 8254
f 5474 12156 5361
f 4948 12156 5474
f 3319 12157 3312
f 10610 12157 3319
f 9032 12158 9020
f 12794 12158 9032
f 7846 12159 9632
f 7871 12159 7846
f 1656 12160 1516
f 9975 12160 1656
f 9528 12161 9587
f 9873 12161 9528
f 9528 12162 11345
f 8607 12162 12703
f 2665 12163 2726
f 2570 12163 2665
f 9125 12164 11085
f 10315 12164 9125
f 9622 12165 10157
f 10281 12165 9622
f 9623 12166 10158
f 10282 12166 9623
f 9529 12167 10157
f 10282 12167 9529
f 9529 12168 10159
f 10280 12168 9529
f 1888 12169 10936
f 10150 12169 1888
f 2171 12170 9967
f 10341 12170 2171
f 7562 12171 12759
f 7663 12171 7562
f 5031 12172 11302
f 5078 12172 5031
f 2554 12173 2759
f 9628 12173 2554
f 6605 12174 6576
f 6318 12174 6605
f 3752 12175 3794
f 3755 12175 3752
f 892 12176 1117
f 982 12176 892
f 3778 12177 3629
f 3617 12177 3778
f 7951 12178 11158
f 9734 12178 7951
f 9989 12179 10096
f 11442 12179 9989
f 2369 12180 10818
f 11552 12180 2369
f 5235 12181 4972
f 5245 12181 5235
f 6310 12182 9232
f 6167 12182 6310
f 8714 12183 11878
f 8752 12183 8714
f 7353 12184 9887
f 10666 12184 7353
f 5203 12185 5378
f 4550 12185 5203
f 7047 12186 10330
f 10577 12186 7047
f 9400 12187 3294
f 2857 12187 9400
f 3821 12188 3750
f 3598 12188 3821
f 8604 12189 10806
f 10876 12189 8604
f 3191 12190 3482
f 3316 12190 3191
f 9434 12191 11908
f 11118 12191 9434
f 8932 12192 8919
f 9796 12192 8932
f 6945 12193 6998
f 10868 12193 6945
f 5115 12194 10209
f 9799 12194 5115
f 6569 12195 6571
f 6765 12195 6569
f 7805 12196 7723
f 7822 12196 7805
f 9579 12197 9661
f 6126 12197 9579
f 3581 12198 3785
f 3851 12198 3581
f 2507 12199 2691
f 2609 12199 2507
f 8367 12200 11971
f 8319 12200 8367
f 7675 12201 9930
f 7635 12201 7675
f 7937 12202 11197
f 11406 12202 7937
f 4893 12203 10814
f 11122 12203 4893
f 8223 12204 10675
f 8265 12204 8223
f 9309 12205 1447
f 10107 12205 9309
f 802 12206 799
f 12121 12206 802
f 9450 12207 10603
f 5524 12207 9450
f 7586 12208 9634
f 11244 12208 7586
f 7084 12209 7004
f 9735 12209 7084
f 7797 12210 10243
f 9553 12210 7797
f 6583 12211 11867
f 10969 12211 6583
f 8229 12212 8137
f 11810 12212 8229
f 3912 12213 11416
f 11202 12213 3912
f 2951 12214 9663
f 3121 12214 2951
f 9530 12215 7280
f 9802 12215 9530
f 9530 12216 7169
f 9611 12216 9530
f 3542 12217 3776
f 3406 12217 3542
f 8876 12218 8888
f 9833 12218 8876
f 2561 12219 2646
f 11309 12219 2561
f 7632 12220 9928
f 9229 12220 7632
f 773 12221 12334
f 11191 12221 773
f 4070 12222 9378
f 12853 12222 4070
f 2649 12223 2826
f 2469 12223 2649
f 448 12224 571
f 428 12224 448
f 2855 12225 11706
f 2805 12225 2855
f 2856 12226 10778
f 9629 12226 2856
f 8164 12227 8188
f 10304 12227 8164
f 9258 12228 8574
f 11095 12228 9258
f 7596 12229 7703
f 7589 12229 12974
f 8907 12230 8909
f 8848 12230 12238
f 1794 12231 11448
f 11530 12231 1794
f 8232 12232 11885
f 8273 12232 8232
f 6977 12233 7057
f 6787 12233 6977
f 5802 12234 6005
f 5895 12234 5802
f 8568 12235 12076
f 10570 12235 8568
f 7124 12236 10549
f 11312 12236 7124
f 1910 12237 1991
f 1892 12237 1910
f 8907 12238 12230
f 11087 12238 8907
f 8767 12239 8761
f 8806 12239 8767
f 2323 12240 10746
f 2376 12240 2323
f 7465 12241 11993
f 10951 12241 7465
f 8781 12242 8744
f 8820 12242 8781
f 7390 12243 7410
f 7336 12243 7390
f 8840 12244 8852
f 12910 12244 8840
f 2083 12245 1909
f 1670 12245 2083
f 9291 12246 7427
f 11993 12246 9291
f 10172 12247 10246
f 11388 12247 10172
f 8442 12248 8504
f 8529 12248 8442
f 7262 12249 10201
f 7259 12249 7262
f 7239 12250 11877
f 10892 12250 7239
f 4199 12251 4215
f 3976 12251 4199
f 5103 12252 4955
f 4537 12252 5103
f 8764 12253 8739
f 8771 12253 8764
f 8151 12254 10030
f 11815 12254 8151
f 1347 12255 9959
f 9677 12255 1347
f 8949 12256 8891
f 10421 12256 8949
f 7794 12257 10537
f 9928 12257 7794
f 1020 12258 1057
f 1166 12258 1020
f 8918 12259 10171
f 11062 12259 8918
f 7378 12260 7218
f 9106 12260 7378
f 5658 12261 11164
f 12197 12261 5658
f 9531 12262 10104
f 11069 12262 9531
f 9531 12263 9850
f 9581 12263 9531
f 8918 12264 8913
f 11715 12264 8918
f 7580 12265 10181
f 11916 12265 7580
f 1447 12266 1588
f 1245 12266 1447
f 4842 12267 5079
f 5190 12267 4842
f 1540 12268 1610
f 1662 12268 12481
f 12441 12269 8784
f 9547 12269 8773
f 8377 12270 8411
f 12324 12270 8377
f 8186 12271 8143
f 11549 12271 8186
f 4277 12272 12110
f 10647 12272 4277
f 3536 12273 3884
f 3665 12273 3536
f 645 12274 729
f 738 12274 645
f 3427 12275 3162
f 3250 12275 3427
f 6934 12276 6196
f 11757 12276 6934
f 8686 12277 9845
f 9444 12277 8686
f 4382 12278 10980
f 12957 12278 4382
f 9306 12279 11795
f 9660 12279 9306
f 3067 12280 3064
f 2916 12280 3067
f 9239 12281 6037
f 10874 12281 9239
f 5338 12282 5252
f 9913 12282 5338
f 8863 12283 12964
f 10871 12283 8863
f 4077 12284 4146
f 4504 12284 4077
f 810 12285 910
f 855 12285 810
f 9235 12286 2268
f 10761 12286 9235
f 1901 12287 11374
f 1570 12287 1901
f 5201 12288 5294
f 10533 12288 5201
f 8116 12289 8098
f 8160 12289 8116
f 3583 12290 3570
f 3446 12290 12602
f 8996 12291 8977
f 11756 12291 8996
f 7547 12292 7497
f 7523 12292 7547
f 7716 12293 11634
f 10976 12293 7716
f 8687 12294 11966
f 10131 12294 8687
f 8221 12295 11153
f 9585 12295 8221
f 7430 12296 7385
f 7487 12296 7430
f 2917 12297 2915
f 11172 12297 2917
f 9431 12298 11982
f 9825 12298 9431
f 7172 12299 7189
f 10574 12299 7172
f 8513 12300 10885
f 11696 12300 8513
f 8260 12301 11802
f 11320 12301 8260
f 10370 12302 10804
f 10711 12302 10370
f 7709 12303 7728
f 7773 12303 7709
f 7707 12304 7754
f 7688 12304 7707
f 7659 12305 7722
f 11146 12305 7659
f 4611 12306 4610
f 5177 12306 4611
f 8773 12307 9547
f 8802 12307 8773
f 6998 12308 7024
f 7021 12308 6998
f 5239 12309 5682
f 5310 12309 5239
f 10078 12310 10628
f 10624 12310 10078
f 7045 12311 10531
f 9725 12311 7045
f 5898 12312 6214
f 5671 12312 5898
f 2029 12313 1863
f 1693 12313 2029
f 8312 12314 11565
f 8310 12314 8312
f 6825 12315 9406
f 7093 12315 6825
f 2498 12316 2441
f 2314 12316 2498
f 7429 12317 9843
f 9918 12317 7429
f 9532 12318 8882
f 11110 12318 9532
f 9532 12319 11611
f 9651 12319 9532
f 7047 12320 10577
f 6707 12320 7047
f 1390 12321 1528
f 1339 12321 1390
f 8131 12322 8169
f 10414 12322 8131
f 5430 12323 5433
f 5268 12323 5430
f 9533 12324 8301
f 12270 12324 9533
f 9533 12325 9657
f 10008 12325 9533
f 6932 12326 11809
f 6822 12326 6932
f 9678 12327 11140
f 9949 12327 9678
f 9009 12328 8999
f 8991 12328 9009
f 7971 12329 12027
f 11515 12329 7971
f 9497 12330 12977
f 9785 12330 9497
f 1479 12331 12258
f 1175 12331 1479
f 4792 12332 4658
f 4597 12332 4792
f 2593 12333 10185
f 2574 12333 2593
f 971 12334 12221
f 913 12334 971
f 8383 12335 11639
f 8366 12335 8383
f 8970 12336 11658
f 11033 12336 8970
f 1003 12337 1266
f 1074 12337 1003
f 2990 12338 2973
f 2919 12338 2990
f 8832 12339 8858
f 10219 12339 8832
f 1305 12340 1312
f 1425 12340 1305
f 8270 12341 11291
f 8215 12341 8270
f 4550 12342 12185
f 4420 12342 4550
f 3354 12343 11892
f 10599 12343 3354
f 1147 12344 9880
f 10260 12344 1147
f 8358 12345 11373
f 8372 12345 8358
f 8778 12346 8726
f 8808 12346 8778
f 2915 12347 12426
f 12297 12347 2915
f 3083 12348 3299
f 3015 12348 3083
f 7311 12349 7301
f 9795 12349 7311
f 8208 12350 8159
f 12034 12350 8208
f 1091 12351 1154
f 10867 12351 1091
f 12896 12352 7406
f 12985 12352 7471
f 9052 12353 9034
f 9910 12353 9052
f 5503 12354 5497
f 4937 12354 5503
f 7793 12355 11587
f 7754 12355 7793
f 1177 12356 12285
f 11763 12356 1177
f 6674 12357 11266
f 7004 12357 6674
f 9493 12358 2512
f 10440 12358 9493
f 7829 12359 7786
f 11582 12359 7829
f 3540 12360 3120
f 3555 12360 3540
f 2757 12361 2936
f 10686 12361 2757
f 1402 12362 1451
f 1236 12362 1402
f 8952 12363 10507
f 8941 12363 8952
f 8774 12364 9819
f 11953 12364 8774
f 5506 12365 11405
f 11721 12365 5506
f 3210 12366 2933
f 3139 12366 3210
f 8157 12367 9338
f 8100 12367 8157
f 10525 12368 11029
f 10693 12368 10525
f 9817 12369 10076
f 11278 12369 9817
f 4554 12370 4332
f 4860 12370 4554
f 7640 12371 7582
f 7572 12371 7640
f 2370 12372 9985
f 2147 12372 2370
f 2039 12373 1989
f 1864 12373 2039
f 3801 12374 9198
f 11303 12374 3801
f 6225 12375 12491
f 10043 12375 6225
f 1654 12376 9434
f 11226 12376 1654
f 10503 12377 11115
f 10619 12377 10503
f 6235 12378 6328
f 5899 12378 6235
f 5123 12379 5349
f 4667 12379 5123
f 9366 12380 10896
f 11494 12380 9366
f 8617 12381 9891
f 9670 12381 8617
f 7722 12382 7710
f 12305 12382 7722
f 6526 12383 6710
f 6332 12383 6526
f 3421 12384 12151
f 3357 12384 3421
f 2385 12385 2209
f 2511 12385 2385
f 9356 12386 4849
f 9564 12386 9356
f 1774 12387 10823
f 1772 12387 1774
f 7629 12388 7594
f 10322 12388 7629
f 8123 12389 8124
f 8146 12389 8123
f 8783 12390 9776
f 10051 12390 8783
f 8668 12391 9643
f 11909 12391 8668
f 1639 12392 1785
f 1706 12392 1639
f 9079 12393 11605
f 9082 12393 9079
f 4063 12394 11137
f 3805 12394 4063
f 8763 12395 10895
f 9319 12395 8763
f 6318 12396 6347
f 6086 12396 6318
f 4963 12397 5346
f 5251 12397 4963
f 2622 12398 10686
f 9671 12398 2622
f 8072 12399 8071
f 9837 12399 8072
f 6377 12400 6231
f 10119 12400 6377
f 1673 12401 12028
f 1616 12401 1673
f 7544 12402 7577
f 9696 12402 7544
f 2318 12403 2059
f 2435 12403 2318
f 2798 12404 10681
f 10902 12404 2798
f 1582 12405 1547
f 1363 12405 1582
f 8738 12406 8708
f 11179 12406 8738
f 1576 12407 10069
f 1736 12407 1576
f 8746 12408 10534
f 10249 12408 8746
f 12435 12409 6325
f 9467 12409 6035
f 9709 12410 10770
f 10145 12410 9709
f 9534 12411 10770
f 9933 12411 9534
f 9534 12412 10957
f 10144 12412 9534
f 9041 12413 9698
f 10790 12413 9041
f 2858 12414 2872
f 2682 12414 2858
f 8102 12415 8109
f 11459 12415 8102
f 7767 12416 7735
f 7814 12416 7767
f 12598 12417 2167
f 10776 12417 2060
f 8725 12418 11567
f 8794 12418 8725
f 9182 12419 9725
f 10817 12419 9182
f 5234 12420 5313
f 4644 12420 5234
f 8540 12421 9673
f 8605 12421 8540
f 7584 12422 10847
f 10957 12422 7584
f 1122 12423 1307
f 1130 12423 12619
f 9174 12424 10828
f 2221 12424 9174
f 8823 12425 8887
f 10206 12425 8823
f 3187 12426 12347
f 3024 12426 3187
f 8187 12427 10111
f 11347 12427 8187
f 1228 12428 1211
f 12085 12428 1228
f 9187 12429 11744
f 1933 12429 9187
f 818 12430 10516
f 1005 12430 818
f 9084 12431 9075
f 9574 12431 9084
f 7450 12432 7480
f 11199 12432 7450
f 7548 12433 7522
f 10505 12433 7548
f 786 12434 733
f 763 12434 786
f 6035 12435 6207
f 12409 12435 6035
f 1359 12436 1289
f 12423 12436 1359
f 9582 12437 10555
f 9915 12437 9582
f 12465 12438 3373
f 11137 12438 3717
f 10361 12439 10860
f 10751 12439 10361
f 9148 12440 5369
f 4748 12440 9148
f 8773 12441 9882
f 12269 12441 8773
f 8601 12442 9212
f 8639 12442 8601
f 5167 12443 5266
f 4832 12443 5167
f 6334 12444 6442
f 11413 12444 6334
f 9460 12445 9355
f 3737 12445 9460
f 8656 12446 9686
f 8658 12446 8656
f 1065 12447 787
f 817 12447 1065
f 9185 12448 10243
f 11022 12448 9185
f 7564 12449 7579
f 7525 12449 7564
f 12627 12450 4549
f 4439 12450 4641
f 9201 12451 4003
f 3697 12451 9201
f 9546 12452 9561
f 8098 12452 9546
f 7510 12453 7463
f 7485 12453 7510
f 688 12454 749
f 791 12454 688
f 7048 12455 9238
f 9336 12455 7048
f 1435 12456 1625
f 1649 12456 1435
f 8604 12457 9626
f 10806 12457 8604
f 881 12458 1090
f 945 12458 881
f 9205 12459 9456
f 9831 12459 9205
f 9386 12460 9548
f 8148 12460 9386
f 1715 12461 1920
f 9909 12461 1715
f 8670 12462 11985
f 8624 12462 8670
f 9612 12463 9943
f 10817 12463 9612
f 9305 12464 4159
f 3808 12464 9305
f 3717 12465 3247
f 12438 12465 3717
f 1923 12466 1956
f 10269 12466 1923
f 2137 12467 11619
f 2031 12467 2137
f 7784 12468 10293
f 7770 12468 7784
f 8000 12469 11163
f 8083 12469 8000
f 9855 12470 11909
f 10004 12470 9855
f 5820 12471 5562
f 11323 12471 5820
f 2528 12472 2578
f 10551 12472 2528
f 9866 12473 6954
f 9867 12473 9866
f 4978 12474 4994
f 10543 12474 4978
f 7562 12475 7577
f 10009 12475 7562
f 7351 12476 11258
f 9856 12476 7351
f 2323 12477 2154
f 2271 12477 2323
f 2004 12478 10618
f 9793 12478 2004
f 7517 12479 7509
f 10392 12479 7517
f 9508 12480 10076
f 9560 12480 9508
f 1540 12481 12268
f 1747 12481 1540
f 7494 12482 9374
f 7549 12482 7494
f 9517 12483 10265
f 9668 12483 9517
f 7636 12484 10597
f 7599 12484 7636
f 3568 12485 9486
f 10110 12485 3568
f 9373 12486 6399
f 6585 12486 9373
f 8167 12487 10054
f 10668 12487 8167
f 3895 12488 4420
f 10631 12488 3895
f 2670 12489 2616
f 11173 12489 2670
f 6468 12490 12193
f 6827 12490 6468
f 6577 12491 12375
f 6062 12491 12605
f 1118 12492 12066
f 982 12492 1118
f 6109 12493 12887
f 10422 12493 6109
f 3644 12494 10954
f 3640 12494 3644
f 8088 12495 8105
f 10841 12495 8088
f 8452 12496 11489
f 10719 12496 8452
f 766 12497 627
f 577 12497 766
f 8364 12498 10943
f 8395 12498 8364
f 7976 12499 11529
f 7907 12499 7976
f 12511 12500 4828
f 9197 12500 4365
f 1277 12501 1319
f 1213 12501 1277
f 8993 12502 12264
f 8961 12502 8993
f 8850 12503 8808
f 8872 12503 8850
f 2975 12504 2849
f 2535 12504 2975
f 8531 12505 8536
f 8546 12505 8531
f 12640 12506 6104
f 6020 12506 6120
f 4114 12507 4404
f 4488 12507 4114
f 6494 12508 5727
f 10261 12508 6494
f 7449 12509 9965
f 7397 12509 7449
f 7641 12510 10152
f 7731 12510 7641
f 4365 12511 10616
f 12500 12511 4365
f 7940 12512 7933
f 12100 12512 7940
f 2387 12513 2542
f 2383 12513 2387
f 8957 12514 8977
f 11010 12514 8957
f 5670 12515 5625
f 5501 12515 5670
f 8648 12516 9567
f 12832 12516 8648
f 3926 12517 4398
f 3857 12517 3926
f 2267 12518 2450
f 2327 12518 2267
f 2488 12519 10397
f 11084 12519 2488
f 4026 12520 4021
f 4115 12520 4026
f 5757 12521 5580
f 6011 12521 5757
f 9733 12522 10055
f 11181 12522 9733
f 9020 12523 9646
f 12158 12523 9020
f 9535 12524 11057
f 9862 12524 9535
f 9535 12525 9836
f 9544 12525 9535
f 7190 12526 9950
f 7332 12526 7190
f 9364 12527 8450
f 10309 12527 9364
f 1661 12528 1490
f 1501 12528 1661
f 8436 12529 8420
f 11018 12529 8436
f 6943 12530 7325
f 7034 12530 6943
f 2877 12531 2614
f 11939 12531 2877
f 9437 12532 3509
f 3250 12532 9437
f 8941 12533 12363
f 8905 12533 12675
f 8762 12534 8776
f 10204 12534 8762
f 8225 12535 11369
f 9885 12535 8225
f 7711 12536 7675
f 7789 12536 7711
f 6400 12537 11631
f 6245 12537 6400
f 2261 12538 11474
f 11084 12538 2261
f 2513 12539 2586
f 2483 12539 2513
f 7775 12540 7748
f 10504 12540 7775
f 3820 12541 3783
f 3635 12541 3820
f 5110 12542 9912
f 5365 12542 5110
f 9474 12543 9885
f 8394 12543 9474
f 3841 12544 9746
f 11868 12544 3841
f 1601 12545 1464
f 1547 12545 1601
f 9439 12546 8221
f 8305 12546 9439
f 2132 12547 1815
f 1724 12547 2132
f 4432 12548 4597
f 4275 12548 4432
f 3958 12549 3747
f 3788 12549 3958
f 9090 12550 11483
f 3764 12550 9090
f 6870 12551 11960
f 6806 12551 6870
f 6698 12552 6541
f 6484 12552 6698
f 9128 12553 7378
f 9901 12553 9128
f 7223 12554 11580
f 11809 12554 7223
f 8904 12555 8924
f 9796 12555 8904
f 5118 12556 10409
f 9558 12556 5118
f 1037 12557 1045
f 1145 12557 1037
f 1852 12558 1934
f 9177 12558 12635
f 9330 12559 1901
f 9816 12559 9330
f 880 12560 711
f 709 12560 880
f 8101 12561 11061
f 8122 12561 8101
f 8622 12562 8640
f 10585 12562 8622
f 6457 12563 11551
f 6440 12563 6457
f 9536 12564 10160
f 11579 12564 9536
f 9536 12565 11864
f 10652 12565 9536
f 9766 12566 10860
f 10247 12566 9766
f 6323 12567 6215
f 5939 12567 6323
f 7930 12568 7919
f 10738 12568 7930
f 7750 12569 9978
f 10014 12569 7750
f 1922 12570 1617
f 1816 12570 1922
f 2524 12571 2374
f 2432 12571 2524
f 1902 12572 1899
f 1862 12572 1902
f 7090 12573 7032
f 7007 12573 7090
f 6262 12574 6487
f 6090 12574 6262
f 9790 12575 10857
f 10292 12575 9790
f 4084 12576 4493
f 11145 12576 4084
f 8804 12577 11682
f 12129 12577 8804
f 9081 12578 9574
f 10205 12578 9081
f 9537 12579 11412
f 8868 12579 9537
f 9537 12580 10108
f 9562 12580 9537
f 1618 12581 1751
f 1898 12581 1618
f 2021 12582 2242
f 2157 12582 2021
f 9456 12583 10419
f 12459 12583 9456
f 5033 12584 10118
f 5104 12584 12998
f 7283 12585 6829
f 11593 12585 7283
f 8992 12586 8967
f 9017 12586 8992
f 10637 12587 11160
f 10796 12587 10637
f 7272 12588 9744
f 7424 12588 7272
f 6459 12589 6608
f 10559 12589 6459
f 6576 12590 11762
f 6347 12590 6576
f 8450 12591 10812
f 11881 12591 8450
f 8186 12592 10509
f 8143 12592 8186
f 8922 12593 8902
f 8956 12593 8922
f 7421 12594 7485
f 12089 12594 7421
f 6126 12595 10916
f 9218 12595 6126
f 4276 12596 10743
f 4501 12596 4276
f 5884 12597 5935
f 5622 12597 12674
f 2060 12598 9967
f 12417 12598 2060
f 5280 12599 5439
f 4877 12599 5280
f 7004 12600 12357
f 7114 12600 12720
f 1548 12601 1628
f 1760 12601 1548
f 3583 12602 12290
f 3630 12602 3583
f 7401 12603 10420
f 7484 12603 7401
f 4993 12604 5300
f 10244 12604 4993
f 6577 12605 12491
f 12685 12605 6577
f 1887 12606 9979
f 1720 12606 1887
f 4970 12607 4902
f 4887 12607 4970
f 7991 12608 8003
f 11193 12608 7991
f 4910 12609 5368
f 9770 12609 4910
f 9401 12610 10660
f 9777 12610 9401
f 772 12611 982
f 467 12611 772
f 1239 12612 1356
f 9253 12612 1239
f 8879 12613 10619
f 8880 12613 8879
f 8091 12614 8084
f 8085 12614 8091
f 8375 12615 11844
f 10909 12615 8375
f 9994 12616 12115
f 10082 12616 9994
f 4877 12617 12599
f 5060 12617 4877
f 8063 12618 8093
f 8067 12618 8063
f 1122 12619 12423
f 1052 12619 1122
f 9538 12620 10106
f 11499 12620 9538
f 9538 12621 9588
f 3956 12621 9538
f 5165 12622 5390
f 11646 12622 5165
f 839 12623 940
f 12109 12623 839
f 9279 12624 9319
f 10021 12624 9279
f 10236 12625 10405
f 11521 12625 10236
f 2790 12626 9466
f 2837 12626 2790
f 4641 12627 4852
f 12450 12627 4641
f 2644 12628 9554
f 2459 12628 2644
f 6739 12629 6883
f 11967 12629 6739
f 1694 12630 1592
f 9309 12630 1694
f 8454 12631 10887
f 11653 12631 8454
f 8074 12632 9957
f 8053 12632 12984
f 5128 12633 5194
f 5135 12633 5128
f 7493 12634 10677
f 9996 12634 7493
f 1852 12635 12558
f 1995 12635 1852
f 9398 12636 9579
f 9218 12636 9398
f 1493 12637 1476
f 1700 12637 1493
f 1770 12638 9718
f 10584 12638 1770
f 7886 12639 7801
f 7773 12639 7886
f 6120 12640 5991
f 12506 12640 6120
f 12659 12641 8059
f 8095 12641 8150
f 2007 12642 2232
f 2243 12642 2007
f 7261 12643 7259
f 7143 12643 7261
f 8788 12644 10059
f 9279 12644 8788
f 9192 12645 7727
f 9399 12645 9192
f 4636 12646 11522
f 4858 12646 4636
f 4563 12647 10211
f 4233 12647 4563
f 3327 12648 3730
f 3302 12648 3327
f 3643 12649 3490
f 9929 12649 3643
f 1321 12650 10190
f 1482 12650 1321
f 3789 12651 3398
f 10903 12651 3789
f 8960 12652 10528
f 11231 12652 8960
f 4439 12653 12450
f 9791 12653 4439
f 8185 12654 9722
f 10466 12654 8185
f 6932 12655 12992
f 12010 12655 6932
f 5077 12656 5501
f 4929 12656 5077
f 7247 12657 7214
f 7180 12657 7247
f 8900 12658 8893
f 9934 12658 8900
f 8150 12659 11860
f 12641 12659 8150
f 6854 12660 11337
f 6546 12660 6854
f 7618 12661 10665
f 11397 12661 7618
f 8986 12662 10697
f 11703 12662 8986
f 7567 12663 11916
f 10322 12663 7567
f 6929 12664 11635
f 6648 12664 6929
f 9539 12665 11295
f 3568 12665 9539
f 9539 12666 10110
f 9578 12666 9539
f 8556 12667 9782
f 9307 12667 8556
f 3168 12668 3112
f 11686 12668 3168
f 8830 12669 9815
f 9773 12669 8830
f 1953 12670 2042
f 9779 12670 1953
f 7863 12671 12049
f 9886 12671 7863
f 1745 12672 10873
f 1828 12672 1745
f 1764 12673 1762
f 1771 12673 1764
f 5884 12674 12597
f 11644 12674 5884
f 8941 12675 12533
f 9617 12675 8941
f 9540 12676 10648
f 9669 12676 9540
f 9540 12677 8389
f 11842 12677 9540
f 5857 12678 5804
f 5584 12678 5857
f 5203 12679 10465
f 5378 12679 5203
f 4300 12680 12015
f 10211 12680 4300
f 1409 12681 1523
f 1291 12681 1409
f 7687 12682 9265
f 10780 12682 7687
f 1616 12683 11851
f 1300 12683 1616
f 4481 12684 4793
f 4378 12684 4481
f 6131 12685 6661
f 12605 12685 6131
f 2933 12686 10490
f 2763 12686 2933
f 8192 12687 12322
f 10099 12687 8192
f 8226 12688 8227
f 11549 12688 8226
f 10006 12689 10199
f 11696 12689 10006
f 5061 12690 5250
f 4751 12690 5061
f 3983 12691 4132
f 11782 12691 3983
f 9204 12692 7551
f 7395 12692 9204
f 10607 12693 11196
f 10825 12693 10607
f 5711 12694 10134
f 5860 12694 5711
f 8486 12695 8543
f 9700 12695 8486
f 3072 12696 3339
f 10305 12696 3072
f 8624 12697 11345
f 11699 12697 8624
f 10121 12698 10960
f 10618 12698 10121
f 6595 12699 6408
f 6499 12699 6595
f 8854 12700 11571
f 8839 12700 8854
f 2401 12701 2146
f 2456 12701 12868
f 8636 12702 8697
f 8603 12702 8636
f 9528 12703 12162
f 9587 12703 9528
f 9337 12704 10134
f 11224 12704 9337
f 9456 12705 11186
f 10798 12705 9456
f 8202 12706 10163
f 8172 12706 8202
f 2407 12707 9927
f 11603 12707 2407
f 9229 12708 12220
f 9876 12708 9229
f 9541 12709 9567
f 11534 12709 9541
f 9541 12710 11642
f 8557 12710 9541
f 3287 12711 3412
f 3131 12711 3287
f 2913 12712 9314
f 2757 12712 2913
f 8836 12713 8850
f 8876 12713 8836
f 2171 12714 2277
f 9967 12714 2171
f 9038 12715 9741
f 9036 12715 9038
f 9043 12716 9021
f 9787 12716 9043
f 2742 12717 2793
f 11738 12717 2742
f 4761 12718 4538
f 4983 12718 4761
f 2730 12719 3087
f 11318 12719 2730
f 7004 12720 12600
f 7228 12720 7004
f 2074 12721 11550
f 9935 12721 2074
f 8886 12722 8903
f 8826 12722 12798
f 5757 12723 6011
f 6178 12723 5757
f 8914 12724 8946
f 11412 12724 8914
f 5805 12725 6133
f 5810 12725 5805
f 4234 12726 10116
f 4254 12726 4234
f 2663 12727 2480
f 9699 12727 2663
f 6402 12728 6628
f 6016 12728 6402
f 7287 12729 7341
f 7300 12729 7287
f 1939 12730 9752
f 10334 12730 1939
f 7545 12731 11627
f 7526 12731 7545
f 9856 12732 11863
f 10081 12732 9856
f 3507 12733 3767
f 11438 12733 3507
f 2090 12734 2229
f 2240 12734 2090
f 9703 12735 8859
f 9761 12735 9703
f 1352 12736 1342
f 1067 12736 1352
f 8457 12737 8436
f 8475 12737 8457
f 7868 12738 11634
f 7824 12738 7868
f 9055 12739 9043
f 9072 12739 9055
f 8974 12740 8932
f 8962 12740 8974
f 4804 12741 5221
f 4519 12741 4804
f 5923 12742 5871
f 5429 12742 5923
f 8693 12743 8694
f 8620 12743 8693
f 1510 12744 1391
f 1511 12744 1510
f 5752 12745 5874
f 11558 12745 5752
f 3684 12746 3770
f 10632 12746 3684
f 1951 12747 2111
f 10295 12747 1951
f 2791 12748 9719
f 2862 12748 2791
f 9248 12749 2696
f 10482 12749 9248
f 8547 12750 11760
f 9939 12750 8547
f 9078 12751 9055
f 9076 12751 9078
f 9112 12752 4723
f 4168 12752 9112
f 9773 12753 10842
f 10329 12753 9773
f 8145 12754 11222
f 8176 12754 8145
f 8926 12755 10838
f 10173 12755 8926
f 8796 12756 9815
f 11263 12756 8796
f 3959 12757 10038
f 3853 12757 3959
f 2614 12758 2877
f 10327 12758 2614
f 7648 12759 12171
f 10161 12759 7648
f 1790 12760 1766
f 9718 12760 1790
f 8750 12761 10578
f 8766 12761 8750
f 2533 12762 2435
f 10686 12762 2533
f 9542 12763 9751
f 10695 12763 9542
f 9542 12764 11553
f 9626 12764 9542
f 10009 12765 11970
f 10161 12765 10009
f 2729 12766 2407
f 2589 12766 2729
f 8783 12767 10223
f 11037 12767 8783
f 8983 12768 8985
f 9012 12768 8983
f 12881 12769 7181
f 6865 12769 6930
f 1835 12770 1961
f 1679 12770 1835
f 8112 12771 9920
f 8134 12771 8112
f 3949 12772 4365
f 9922 12772 3949
f 2348 12773 11600
f 10292 12773 2348
f 6118 12774 6061
f 5797 12774 6118
f 9421 12775 9892
f 10167 12775 9421
f 10084 12776 11455
f 10385 12776 10084
f 4380 12777 4832
f 4424 12777 4380
f 8252 12778 8174
f 8274 12778 8252
f 5941 12779 10129
f 5775 12779 5941
f 4866 12780 5010
f 5032 12780 4866
f 8398 12781 9287
f 8410 12781 8398
f 7480 12782 7450
f 9652 12782 7480
f 7815 12783 12806
f 10014 12783 7815
f 3317 12784 3602
f 3548 12784 3317
f 8995 12785 9026
f 10220 12785 8995
f 7490 12786 7514
f 7406 12786 7490
f 8414 12787 10634
f 11492 12787 8414
f 2459 12788 2938
f 2522 12788 2459
f 1035 12789 954
f 920 12789 1035
f 5332 12790 10209
f 4603 12790 5332
f 7580 12791 7652
f 10181 12791 7580
f 7379 12792 7385
f 7387 12792 7379
f 8861 12793 10259
f 8849 12793 8861
f 9031 12794 11012
f 12158 12794 9031
f 7473 12795 11091
f 7371 12795 7473
f 2308 12796 2061
f 2043 12796 2308
f 3827 12797 3889
f 10709 12797 3827
f 8886 12798 12722
f 10210 12798 8886
f 3406 12799 12217
f 3325 12799 3406
f 1096 12800 1373
f 11316 12800 1096
f 9610 12801 11101
f 9929 12801 9610
f 8691 12802 11365
f 8706 12802 8691
f 2885 12803 2777
f 2469 12803 2885
f 9543 12804 8444
f 12120 12804 9543
f 9543 12805 9694
f 9637 12805 9543
f 7780 12806 12783
f 10846 12806 7780
f 1177 12807 1140
f 1203 12807 1177
f 7755 12808 11531
f 7773 12808 7755
f 4005 12809 3806
f 3960 12809 4005
f 2828 12810 2904
f 2912 12810 2828
f 7294 12811 7271
f 11728 12811 7294
f 1863 12812 2029
f 2046 12812 1863
f 1517 12813 1633
f 1756 12813 1517
f 9445 12814 12873
f 741 12814 9445
f 4091 12815 3823
f 4023 12815 4091
f 8879 12816 8917
f 8874 12816 8879
f 3596 12817 3317
f 3483 12817 3596
f 7276 12818 7258
f 7251 12818 12878
f 5648 12819 10845
f 11008 12819 5648
f 8236 12820 12139
f 12754 12820 8236
f 1117 12821 892
f 856 12821 1117
f 486 12822 518
f 11050 12822 486
f 5501 12823 5514
f 12656 12823 5501
f 6385 12824 6261
f 11702 12824 6385
f 4810 12825 5148
f 9101 12825 4810
f 7343 12826 7413
f 11127 12826 7343
f 9656 12827 7554
f 9672 12827 9656
f 5946 12828 9958
f 5380 12828 5946
f 7231 12829 11941
f 7164 12829 7231
f 2751 12830 11032
f 9834 12830 2751
f 9669 12831 10006
f 11319 12831 9669
f 8664 12832 8635
f 12516 12832 8664
f 9314 12833 3676
f 9485 12833 9314
f 1232 12834 931
f 1123 12834 1232
f 9090 12835 4823
f 4422 12835 9090
f 1811 12836 1641
f 1752 12836 1811
f 8385 12837 9859
f 8409 12837 8385
f 2200 12838 2299
f 2203 12838 2200
f 9565 12839 9569
f 6909 12839 9565
f 1152 12840 1105
f 11316 12840 1152
f 3942 12841 4180
f 3784 12841 3942
f 10081 12842 10288
f 11817 12842 10081
f 7950 12843 7942
f 7913 12843 7950
f 8336 12844 8383
f 9817 12844 8336
f 8381 12845 11274
f 10595 12845 8381
f 9203 12846 12818
f 7226 12846 9203
f 5194 12847 5612
f 12633 12847 5194
f 8696 12848 9849
f 11352 12848 8696
f 1564 12849 10873
f 1552 12849 1564
f 4342 12850 3904
f 10561 12850 4342
f 1991 12851 2099
f 12237 12851 1991
f 8394 12852 8323
f 12022 12852 8394
f 3571 12853 3664
f 12222 12853 3571
f 3747 12854 3958
f 3740 12854 3747
f 3431 12855 10679
f 3594 12855 3431
f 9175 12856 6056
f 5513 12856 9175
f 7575 12857 12482
f 10975 12857 7575
f 4014 12858 4170
f 10947 12858 4014
f 9216 12859 10723
f 10141 12859 9216
f 3139 12860 3332
f 10805 12860 3139
f 5288 12861 11777
f 11323 12861 5288
f 9544 12862 9245
f 11057 12862 9544
f 9544 12863 12525
f 9631 12863 9544
f 5269 12864 5091
f 10115 12864 5269
f 8615 12865 9751
f 8675 12865 8615
f 8256 12866 8309
f 10727 12866 8256
f 6025 12867 12065
f 5739 12867 6025
f 2401 12868 12701
f 11351 12868 2401
f 8193 12869 8174
f 10372 12869 8193
f 8637 12870 9457
f 11206 12870 8637
f 4614 12871 4909
f 4906 12871 4614
f 5262 12872 5217
f 11766 12872 5262
f 620 12873 12814
f 983 12873 620
f 4743 12874 4518
f 9473 12874 4743
f 4362 12875 4547
f 11672 12875 4362
f 5576 12876 5773
f 5766 12876 5576
f 7798 12877 7827
f 10495 12877 7798
f 7276 12878 12818
f 11959 12878 7276
f 4880 12879 11646
f 4841 12879 4880
f 8971 12880 9105
f 10319 12880 8971
f 6930 12881 7025
f 12769 12881 6930
f 1816 12882 1627
f 2025 12882 1816
f 2614 12883 10327
f 2493 12883 2614
f 8593 12884 11985
f 8629 12884 8593
f 8996 12885 11756
f 9018 12885 8996
f 5791 12886 5876
f 6072 12886 5791
f 10050 12887 12493
f 10125 12887 10050
f 8640 12888 10876
f 11784 12888 8640
f 4316 12889 4348
f 3892 12889 4316
f 4987 12890 10653
f 10020 12890 4987
f 3927 12891 11451
f 3579 12891 3927
f 5483 12892 5783
f 11827 12892 5483
f 3981 12893 4628
f 11850 12893 3981
f 2833 12894 3007
f 3033 12894 2833
f 7066 12895 7101
f 6917 12895 7066
f 7471 12896 7490
f 12352 12896 7471
f 5354 12897 4717
f 9689 12897 5354
f 8335 12898 9165
f 9657 12898 8335
f 4259 12899 9101
f 4336 12899 4259
f 3809 12900 4062
f 3448 12900 3809
f 8806 12901 12239
f 11041 12901 8806
f 7091 12902 7234
f 6914 12902 7091
f 6005 12903 6526
f 12234 12903 6005
f 2472 12904 2696
f 11550 12904 2472
f 6128 12905 6313
f 5940 12905 6128
f 2684 12906 2851
f 10551 12906 2684
f 5404 12907 9450
f 5006 12907 5404
f 7451 12908 10951
f 7399 12908 7451
f 7187 12909 11770
f 11584 12909 7187
f 8889 12910 11229
f 12244 12910 8889
f 2491 12911 2629
f 2778 12911 2491
f 8812 12912 8837
f 10760 12912 8812
f 1019 12913 1179
f 11745 12913 1019
f 1837 12914 10364
f 12387 12914 1837
f 9973 12915 10705
f 10797 12915 9973
f 977 12916 1197
f 1326 12916 977
f 8120 12917 8096
f 10571 12917 8120
f 6821 12918 6894
f 6455 12918 6821
f 7703 12919 7657
f 7735 12919 7703
f 2358 12920 2572
f 2422 12920 2358
f 7711 12921 11906
f 7619 12921 7711
f 313 12922 282
f 492 12922 313
f 4993 12923 10244
f 4861 12923 4993
f 5584 12924 12678
f 10653 12924 5584
f 8699 12925 8680
f 9670 12925 8699
f 6987 12926 11919
f 6791 12926 6987
f 1551 12927 10655
f 9195 12927 1551
f 9757 12928 6016
f 9864 12928 9757
f 9358 12929 1151
f 1281 12929 9358
f 8499 12930 8514
f 11591 12930 8499
f 3978 12931 10576
f 4369 12931 3978
f 9629 12932 9829
f 12031 12932 9629
f 7609 12933 7576
f 7641 12933 7609
f 1334 12934 12557
f 1366 12934 1334
f 1893 12935 1857
f 2033 12935 1893
f 3771 12936 4186
f 3649 12936 3771
f 1822 12937 10295
f 12134 12937 1822
f 3556 12938 3564
f 3605 12938 3556
f 3548 12939 3637
f 3317 12939 3548
f 1721 12940 9975
f 1672 12940 1721
f 949 12941 790
f 10518 12941 949
f 9307 12942 12667
f 10724 12942 9307
f 6203 12943 6267
f 6573 12943 6203
f 2355 12944 2123
f 11905 12944 2355
f 8508 12945 11816
f 11143 12945 8508
f 9357 12946 10418
f 8229 12946 9357
f 1200 12947 1171
f 1141 12947 1200
f 5219 12948 5130
f 4671 12948 5219
f 5625 12949 5797
f 12515 12949 5625
f 7553 12950 7498
f 7561 12950 7553
f 10351 12951 10589
f 11525 12951 10351
f 9159 12952 12749
f 2788 12952 9159
f 6053 12953 10621
f 10225 12953 6053
f 9602 12954 9486
f 9647 12954 9602
f 3792 12955 11483
f 11455 12955 3792
f 8049 12956 8051
f 8043 12956 8049
f 3985 12957 10065
f 12278 12957 3985
f 5572 12958 6001
f 5818 12958 5572
f 8749 12959 9340
f 11179 12959 8749
f 8166 12960 11945
f 9835 12960 8166
f 11157 12961 11225
f 11326 12961 11157
f 7857 12962 7889
f 7823 12962 7857
f 7778 12963 7787
f 7708 12963 7778
f 8805 12964 12283
f 11041 12964 8805
f 1745 12965 2102
f 1878 12965 1745
f 6656 12966 6728
f 6478 12966 6656
f 595 12967 656
f 597 12967 595
f 759 12968 829
f 605 12968 759
f 10254 12969 10386
f 11998 12969 10254
f 8474 12970 9970
f 9782 12970 8474
f 7907 12971 11979
f 11914 12971 7907
f 9511 12972 10666
f 9570 12972 9511
f 4075 12973 4085
f 11438 12973 4075
f 7596 12974 12229
f 11685 12974 7596
f 4849 12975 4843
f 12386 12975 4849
f 9338 12976 8171
f 8079 12976 9338
f 7928 12977 12330
f 11935 12977 7928
f 8801 12978 8780
f 9841 12978 8801
f 9621 12979 10466
f 10289 12979 9621
f 9329 12980 10346
f 11468 12980 9329
f 8694 12981 8693
f 9395 12981 8694
f 8406 12982 8379
f 8448 12982 8406
f 2432 12983 2351
f 2259 12983 2432
f 8074 12984 12632
f 8006 12984 8074
f 7416 12985 11091
f 12352 12985 7416
f 8740 12986 10061
f 8792 12986 8740
f 9129 12987 10125
f 6046 12987 9129
f 8171 12988 9722
f 10090 12988 8171
f 9487 12989 3195
f 11475 12989 9487
f 5961 12990 6049
f 5976 12990 5961
f 7586 12991 11244
f 11014 12991 7586
f 7227 12992 12655
f 6894 12992 7227
f 7877 12993 11126
f 12499 12993 7877
f 5871 12994 5689
f 5619 12994 5871
f 877 12995 1108
f 10728 12995 877
f 4723 12996 4561
f 12752 12996 4723
f 7372 12997 7455
f 7321 12997 7372
f 5033 12998 12584
f 11417 12998 5033
f 8086 12999 12618
f 10844 12999 8086
f 7536 13000 11240
f 7462 13000 7536
